timestamp_ms,p0_n,p1_n,p2_n,p3_n,accel_x_mg,accel_y_mg,accel_z_mg,gyro_x_dps,gyro_y_dps,gyro_z_dps,temp_c
0,79.26,22.05,3.71,0.68,69.9,145.9,988.2,4.13,27.37,1.19,28.59
20,70.62,38.68,16.7,1.55,54.1,75.1,948.0,4.4,17.14,2.48,28.74
40,53.67,44.44,17.56,1.13,54.7,145.6,899.6,20.21,10.12,5.42,28.31
60,36.89,52.31,28.96,0,36.8,43.9,877.6,18.05,13.07,3.34,29.29
80,20.5,56.7,41.02,1.11,-37.5,86.5,859.6,22.64,19.79,-0.35,29.14
100,7.66,57.94,58.26,2.34,47.5,34.5,829.6,25.1,-2.78,-1.3,29.54
120,3.6,45.55,71.0,0,18.0,40.9,831.4,34.27,1.81,-1.01,29.78
140,0,30.99,84.74,2.39,163.0,-135.9,825.5,31.69,3.48,-1.65,30.04
160,0.12,27.11,87.04,4.86,130.7,-70.1,827.5,33.04,-2.92,-3.61,30.54
180,0,13.33,88.12,23.45,7.1,-42.5,853.5,33.87,-19.84,-3.57,30.69
200,0,0.38,74.34,28.94,109.0,-61.1,858.4,20.94,-10.58,-3.98,30.71
220,2.29,2.93,59.89,43.96,31.4,-74.1,867.4,17.27,-15.58,-6.17,31.17
240,0.03,3.65,49.46,62.03,74.3,-152.8,945.4,10.37,-18.56,-1.74,31.0
260,0,1.47,31.33,63.83,38.3,-64.6,937.6,1.57,-22.55,-2.19,31.28
280,0,2.47,21.31,63.58,-73.5,-191.1,950.3,-0.59,-12.53,1.9,30.65
300,0.47,0.58,11.01,56.1,-10.8,-50.4,1016.6,-9.14,-20.94,3.48,30.87
320,0,0,10.32,49.32,-119.8,-161.5,1017.6,-18.83,-14.94,8.19,30.53
340,0,0,0,32.96,-85.0,-55.6,998.3,-19.18,-8.35,3.37,30.77
360,0,0,1.12,19.78,-136.8,-122.3,966.4,-28.21,-12.25,5.86,30.47
380,2.42,1.9,0.18,13.72,-24.9,-11.8,990.4,-24.81,-3.93,4.16,30.65
400,0,0,0,9.56,-91.1,21.5,1026.0,-32.25,-2.73,1.03,30.22
420,0.72,0,0,5.69,-113.9,91.9,972.8,-31.72,-3.14,-2.47,30.19
440,7.81,4.46,1.46,1.36,-178.7,-7.3,997.6,-31.46,9.66,-4.03,29.83
460,0,1.76,0.18,7.06,-122.5,36.6,1039.5,-21.69,6.1,-5.42,29.39
480,3.69,2.14,1.45,4.1,-62.1,65.0,986.4,-23.85,6.26,-5.39,29.6
500,0.71,0,0,2.34,-77.9,115.2,1003.4,-12.61,14.29,-3.07,28.73
520,3.97,0,2.57,1.37,-61.9,187.2,1020.4,-12.52,25.13,-2.67,28.56
540,2.85,2.82,4.94,0,-17.6,202.7,992.1,-0.62,24.64,-1.42,28.16
560,71.33,30.92,10.27,0,-27.0,141.4,994.0,3.5,16.65,1.57,28.12
580,60.04,44.21,15.46,4.16,4.3,73.3,901.8,8.45,14.37,3.12,28.58
600,41.18,52.65,26.73,2.95,14.6,83.5,906.5,20.65,10.11,4.8,28.97
620,13.93,56.98,39.41,2.94,-6.4,97.6,883.3,18.7,18.77,7.39,29.85
640,10.41,55.32,51.11,0,110.9,-35.4,810.7,25.9,10.37,4.49,29.56
660,0.63,53.51,66.38,6.2,74.7,40.5,830.6,27.7,11.51,2.17,29.75
680,0,35.41,78.71,3.71,80.8,45.0,820.0,26.05,7.17,2.78,30.31
700,3.06,24.55,89.69,9.93,38.1,1.8,772.1,27.21,-1.01,-3.05,29.93
720,0,18.33,85.87,15.75,157.3,-14.4,804.1,29.26,-7.85,-2.67,30.42
740,3.47,11.56,80.28,26.32,106.7,-21.5,843.0,26.22,-15.44,-3.24,30.75
760,0.26,2.19,70.25,36.95,117.2,-98.6,854.2,18.08,-13.09,-6.24,31.0
780,0.88,0.01,47.93,57.11,-44.0,-241.0,932.9,9.27,-12.42,-5.79,30.87
800,3.36,3.79,36.24,65.13,-1.8,-209.8,1021.9,6.11,-16.59,-2.02,31.2
820,0,1.81,25.51,65.42,7.0,-185.5,1036.3,-0.44,-17.97,1.24,31.04
840,0.76,6.4,16.15,59.84,-15.8,-144.7,1008.6,-7.58,-17.19,2.04,30.96
860,0,0,8.09,42.78,-171.3,-144.0,999.6,-14.49,-14.25,4.77,31.19
880,0,3.82,1.11,36.92,-41.3,-88.9,996.5,-20.59,-10.07,3.59,31.09
900,0.41,0,1.49,17.48,-141.2,-140.5,997.8,-26.19,-8.53,1.35,30.57
920,0.65,0.18,5.34,11.66,-178.3,-38.8,998.4,-28.64,-5.84,0.05,30.24
940,4.34,0,2.8,10.34,-183.2,-85.6,1015.7,-25.25,-2.53,0.16,30.44
960,0,0,0,3.02,-120.9,15.7,995.9,-31.96,0.28,1.17,30.08
980,5.3,3.82,0,0,22.2,112.0,970.5,-26.5,3.74,-2.29,29.92
1000,0.22,6.08,0,1.97,-117.7,144.8,1022.1,-29.35,19.44,-5.13,29.32
1020,0,5.28,0,1.35,-74.5,142.2,968.6,-20.46,17.41,-7.12,29.37
1040,6.26,0,0,0,29.4,85.2,1049.2,-17.76,15.88,-7.35,28.66
1060,0,2.95,0,0,-38.6,137.9,1018.5,-8.27,15.83,-4.96,28.64
1080,0,0,1.28,0,-22.5,189.0,1031.0,-2.53,17.67,-2.08,28.34
1100,74.91,28.0,8.72,0,86.4,151.2,966.2,7.03,24.22,2.07,28.36
1120,66.67,38.41,13.54,0,123.0,181.6,930.2,8.44,10.07,3.81,28.15
1140,44.36,47.45,17.88,0,12.1,51.2,863.2,17.55,22.34,4.64,28.85
1160,21.97,61.4,33.28,0,137.1,100.4,833.8,20.46,12.75,6.29,29.53
1180,14.15,60.34,49.03,0.12,96.6,47.4,796.6,25.48,13.76,-0.24,29.34
1200,3.35,55.08,66.36,5.85,221.1,42.9,834.3,29.09,-0.61,3.72,29.72
1220,0.01,40.95,76.28,1.83,50.8,66.5,797.6,29.02,1.98,-1.68,30.28
1240,0,30.65,85.16,1.94,122.5,-97.5,855.3,23.05,0.29,-1.54,30.04
1260,0,21.33,91.68,14.19,24.9,-93.9,796.6,29.47,-9.05,-4.56,30.15
1280,0.16,11.82,77.34,26.21,91.2,-33.6,800.9,21.49,-8.93,-5.98,30.49
1300,0,0.32,66.91,38.78,55.3,-14.6,856.5,19.67,-11.31,-0.98,30.96
1320,0,2.43,54.48,47.17,73.3,-89.2,869.3,17.39,-18.63,-3.72,31.15
1340,0,4.91,43.93,59.54,96.4,-154.4,965.4,6.28,-10.49,-3.92,30.99
1360,0,0,25.24,65.73,116.3,-181.9,1009.3,11.01,-20.79,-2.0,30.84
1380,0,1.61,12.25,67.67,-70.8,-147.2,971.9,-6.28,-24.02,1.92,30.99
1400,0.88,1.32,10.71,60.74,-117.5,-186.5,972.0,-10.07,-16.09,3.57,30.73
1420,6.7,3.7,9.72,39.05,-78.2,-166.5,987.6,-14.9,-13.32,7.57,31.2
1440,1.02,4.19,2.88,30.8,-133.8,-90.5,974.2,-20.05,-14.54,3.07,30.56
1460,0,0,1.54,17.54,-177.5,-77.2,992.7,-29.82,-8.3,7.25,30.76
1480,0,0,3.92,5.04,-15.0,-20.4,984.1,-31.22,-6.8,0.88,30.21
1500,1.29,2.25,3.83,3.65,-88.1,-51.2,1040.4,-31.62,3.82,1.44,30.23
1520,1.39,3.43,1.37,0,-139.6,27.4,1036.3,-27.09,6.73,-1.58,29.88
1540,3.07,6.06,0.71,0,33.5,-12.4,1001.9,-22.63,5.42,-4.14,29.33
1560,0,3.24,0,0,-60.0,176.9,966.5,-21.41,24.22,-8.46,29.11
1580,0.2,1.95,0.93,4.47,-65.6,132.8,1018.1,-17.14,10.75,-5.44,29.04
1600,0,0,0,0.55,-43.4,241.8,1006.8,-15.32,18.02,-2.65,28.47
1620,0,0,3.49,3.09,-25.1,102.6,1002.5,-12.3,20.95,-1.23,28.57
1640,81.75,21.25,4.13,0,-15.3,136.2,912.4,1.87,23.67,-2.3,28.25
1660,68.48,33.01,7.54,2.83,-40.4,105.9,997.5,6.88,23.62,3.29,28.4
1680,52.07,45.24,20.26,5.04,67.7,96.7,938.5,15.44,29.82,7.66,29.09
1700,26.7,57.1,33.72,0.82,149.9,84.4,820.5,19.17,6.72,3.05,29.32
1720,17.07,59.36,43.53,3.63,40.8,78.6,837.7,20.93,22.23,2.67,29.73
1740,5.34,52.76,61.83,0,89.7,26.5,827.4,25.22,11.19,0.72,29.75
1760,1.96,49.23,72.23,3.57,96.3,91.5,762.3,26.87,11.2,-0.25,29.92
1780,3.19,30.29,80.2,2.76,115.7,-50.7,833.4,31.4,-2.64,2.24,30.23
1800,0,24.07,87.79,8.67,132.0,-128.4,773.8,29.78,-4.89,-4.15,30.3
1820,0,9.04,87.55,22.34,-51.4,-96.0,828.1,25.63,-10.54,-3.35,30.95
1840,0,8.79,74.74,35.72,45.6,-125.6,868.0,24.42,-17.61,-4.91,30.71
1860,1.52,1.41,62.25,45.83,81.3,-193.6,949.7,16.2,-15.37,-8.89,30.88
1880,5.1,2.16,41.53,57.32,17.6,-143.3,913.5,12.9,-16.36,-1.85,30.96
1900,0,0,33.01,65.92,27.5,-140.3,991.2,3.56,-18.2,-0.56,31.11
1920,0,1.49,15.71,67.55,-37.3,-97.2,927.1,-4.39,-17.43,-0.86,30.88
1940,4.61,0,8.73,60.36,-37.6,-229.9,988.5,-6.04,-22.01,6.32,31.04
1960,0,0,4.55,41.13,-27.3,-131.1,987.5,-17.28,-18.01,8.22,31.04
1980,2.04,0.44,0,30.48,-52.4,-148.1,997.0,-22.25,-20.26,2.69,30.65
2000,3.75,0,0,17.89,-151.3,10.5,1011.7,-23.45,-6.87,7.21,30.41
2020,0,0,4.72,11.15,-87.5,-95.2,954.9,-28.29,-5.15,0.56,30.26
2040,2.11,0.08,0,0,-151.7,1.7,999.6,-28.83,-10.05,1.66,30.65
2060,0,1.69,0,0,-95.7,20.7,983.2,-27.23,-1.54,-2.69,29.88
2080,0,1.02,0,4.64,-101.9,47.1,1009.4,-27.17,-0.69,-4.73,29.62
2100,2.54,1.53,3.95,0,-140.3,115.4,979.6,-26.07,4.23,-6.19,29.0
2120,1.9,2.29,0,1.22,-100.0,61.6,1065.0,-18.03,29.36,-7.07,29.02
2140,4.01,1.74,0,0.46,-125.2,136.1,1007.1,-16.86,15.27,-4.31,28.81
2160,4.09,0,0,0,-68.4,127.4,1004.7,-7.7,20.35,-2.27,28.36
2180,2.36,0.47,0,0.16,-64.5,103.8,1017.0,-6.94,24.1,-1.11,27.85
2200,73.16,25.61,8.39,0,2.7,188.1,951.1,0.03,19.03,1.12,28.35
2220,52.3,44.66,15.92,0,87.7,92.3,936.2,8.35,16.22,0.68,28.95
2240,31.16,47.39,27.38,1.22,0.9,108.7,844.9,22.99,11.73,7.99,28.88
2260,18.98,59.74,36.79,0,29.6,50.4,808.8,19.15,15.02,2.84,29.39
2280,9.58,58.5,58.43,1.14,-18.4,136.0,766.0,23.47,13.42,4.55,29.61
2300,2.86,48.63,70.89,0,4.5,81.9,808.2,33.94,3.75,1.49,29.92
2320,0,37.03,74.81,8.54,41.0,-5.6,799.9,35.97,1.07,-0.03,29.78
2340,0.35,21.72,82.45,8.14,126.3,17.3,848.2,25.96,-6.48,0.88,30.26
2360,1.58,17.55,85.24,22.87,76.0,-27.9,837.8,21.9,-9.08,-5.65,30.37
2380,0,14.18,77.09,22.72,126.7,-109.5,846.8,22.9,-7.59,-8.26,31.06
2400,0,6.56,70.76,46.11,18.1,-82.9,881.1,14.39,-13.97,-5.2,31.2
2420,0,0,49.51,50.77,88.4,-146.6,911.1,12.14,-20.02,-3.61,31.0
2440,1.91,0,34.37,61.22,86.2,-219.1,931.7,2.31,-21.13,-0.27,30.94
2460,3.95,0.66,23.22,62.71,64.7,-157.6,986.7,2.49,-23.21,-0.35,30.95
2480,2.11,0,12.82,60.83,-133.9,-91.8,985.3,-5.85,-20.17,1.42,30.83
2500,2.25,5.56,10.71,46.76,-61.2,-180.6,987.0,-15.56,-11.39,5.79,31.09
2520,0,6.08,0.85,30.92,59.3,-181.0,983.0,-26.13,-13.5,6.06,30.81
2540,0.74,0,0,17.77,-99.7,1.3,968.5,-22.72,-3.8,6.57,30.79
2560,0,0,3.0,15.91,-106.4,-84.2,1001.2,-30.34,-5.49,2.76,30.37
2580,2.05,1.92,0,6.91,-158.6,-42.6,944.9,-27.6,2.76,-0.42,30.48
2600,1.53,0,0.71,1.1,-81.9,35.7,1043.5,-26.56,-7.9,1.53,30.26
2620,0,0,3.25,3.12,-207.6,75.2,1029.9,-29.81,-4.34,-0.34,29.65
2640,0,0.61,0,0,-226.7,35.6,996.0,-27.01,-1.55,-7.94,29.48
2660,0,1.79,0,1.52,-156.4,129.3,1001.2,-20.09,16.78,-5.56,29.04
2680,0,0.64,0.59,0,-43.9,114.0,1046.8,-21.1,16.86,-1.97,28.84
2700,0,0,0,0,-64.2,95.8,1000.6,-9.15,15.89,-5.14,28.39
2720,1.85,0,0,0,42.2,313.1,1022.3,-1.85,18.19,-1.79,28.0
2740,78.11,32.3,9.07,0,155.9,181.9,980.7,1.44,18.51,1.1,28.64
2760,58.86,41.61,14.83,0,50.9,62.2,929.6,12.34,11.71,4.11,28.61
2780,44.74,49.92,23.34,0,48.7,156.3,855.1,20.52,33.1,5.96,29.47
2800,23.96,57.08,37.3,0,42.5,254.9,858.3,25.56,19.26,4.14,29.14
2820,3.16,57.22,51.56,1.79,68.9,155.5,787.5,21.11,11.73,7.5,29.75
2840,4.32,50.27,65.95,3.18,128.0,13.2,885.9,34.11,4.03,3.2,29.66
2860,0,41.57,75.59,3.75,119.2,68.3,849.0,32.8,5.16,0.57,29.62
2880,0,27.29,86.54,13.22,167.6,-19.2,753.2,29.5,-1.63,-1.52,30.05
2900,2.18,12.09,79.56,12.42,133.2,-53.5,820.1,28.24,-8.42,-2.19,30.38
2920,0,9.11,73.22,24.82,92.6,-51.9,851.0,22.06,-16.24,-3.23,30.56
2940,0,2.73,72.09,37.93,95.5,-170.1,889.7,14.81,-10.85,-6.49,31.1
2960,1.15,1.19,50.7,47.47,126.5,-93.8,902.7,17.04,-25.86,-5.49,30.98
2980,0,0,39.85,60.91,18.2,-101.9,977.2,7.26,-18.82,-6.64,31.13
3000,0,1.1,27.96,65.9,68.9,-113.0,967.6,3.99,-23.04,2.78,30.86
3020,0.77,0.57,9.03,69.34,-83.9,-181.2,965.1,-6.72,-20.45,5.17,31.01
3040,0,3.42,13.11,53.75,-12.7,-147.7,993.1,-12.29,-18.53,2.82,31.0
3060,0,0,0.4,38.07,-149.2,-161.4,974.8,-16.43,-18.3,8.54,30.86
3080,0.32,0,0.15,28.68,-87.9,-68.0,998.3,-22.91,-12.66,5.66,30.97
3100,0,2.97,0.53,15.62,-87.1,-98.0,990.9,-24.18,-4.09,5.99,30.53
3120,0.7,1.98,0.64,9.56,-153.4,-16.9,998.0,-24.24,-6.71,1.75,30.62
3140,3.53,0,2.22,7.64,-214.5,-49.0,990.4,-28.22,5.96,-1.32,30.26
3160,0,5.74,0.51,0,-145.2,71.2,966.3,-26.88,13.21,-3.15,29.85
3180,0.33,0.07,0,0,-27.1,66.8,996.3,-23.36,11.71,-4.35,29.2
3200,0,4.65,0,2.48,-97.6,204.4,996.0,-22.19,16.08,-6.49,29.48
3220,0,0,1.82,3.31,54.2,94.9,1026.3,-12.14,15.16,-8.61,28.9
3240,2.44,0,0,0,13.9,177.6,1011.6,-11.17,19.55,-2.87,28.54
3260,0,1.13,0.57,1.22,62.7,163.6,986.0,-3.24,18.36,0.36,28.32
3280,75.63,26.98,12.2,0.38,-9.1,142.6,967.4,-0.93,19.2,-0.09,28.46
3300,68.43,39.26,5.89,1.61,95.6,176.8,984.9,10.44,22.23,5.45,28.36
3320,42.64,47.11,22.82,3.18,39.2,42.9,898.1,15.85,11.45,2.22,28.86
3340,21.88,53.29,39.08,0,25.6,68.4,873.0,20.15,8.92,4.65,28.76
3360,12.43,57.7,54.16,0,49.6,-12.4,750.9,21.74,2.07,7.13,29.43
3380,4.57,52.2,62.08,0,73.4,31.5,865.2,31.07,1.75,2.94,29.78
3400,0,38.56,74.7,3.16,118.3,-31.5,803.4,30.15,5.19,0.59,29.95
3420,3.49,32.61,82.84,0.81,113.9,2.0,840.8,31.94,-6.05,-4.48,30.31
3440,0.77,21.73,85.88,17.12,62.2,-118.5,807.9,25.5,3.41,-3.62,30.48
3460,3.71,15.07,82.44,23.08,72.4,-129.5,860.4,21.71,-9.8,-5.32,30.76
3480,2.64,1.78,68.9,31.42,71.7,-37.7,848.7,23.15,-16.79,-8.34,30.87
3500,0.51,2.26,57.96,51.65,43.3,-202.0,907.5,22.03,-20.77,-7.01,30.83
3520,0,6.84,36.5,61.56,61.5,-59.6,987.7,5.17,-13.8,-3.37,30.72
3540,0,0,30.34,63.4,-85.7,-143.1,999.7,4.34,-11.38,-4.78,30.83
3560,3.83,0.94,18.08,62.63,-106.6,-101.3,914.9,-7.67,-22.6,-0.65,30.83
3580,0.71,0,11.22,62.99,-2.0,-93.4,1040.2,-15.04,-20.33,0.72,30.98
3600,1.84,1.5,1.81,48.32,-109.0,-46.9,989.2,-19.52,-12.85,4.08,30.8
3620,5.2,2.79,1.48,27.12,-78.5,-134.3,978.5,-20.5,-12.54,4.67,30.4
3640,0,0,3.28,22.52,-166.3,-46.4,1009.9,-28.1,-13.28,2.27,30.69
3660,0,1.45,0,12.47,-64.6,-54.9,1040.0,-26.94,-7.57,3.61,30.33
3680,0,3.5,2.9,5.19,-141.0,-29.4,993.3,-27.08,5.98,0.66,30.07
3700,0,0,0,6.11,-116.9,-74.8,1002.1,-28.23,5.06,-1.99,30.19
3720,2.91,0,1.58,3.84,-149.4,67.2,1008.1,-22.79,11.29,-4.66,29.57
3740,2.99,0,4.02,1.79,-141.1,174.6,999.7,-29.62,13.85,-0.69,29.34
3760,0,1.96,1.59,0,-111.8,131.1,982.3,-26.97,13.79,-7.67,28.96
3780,0.3,2.9,4.05,0,-57.3,197.2,973.2,-16.11,13.55,-5.64,28.6
3800,3.72,1.31,3.22,0,-19.9,65.7,950.4,-8.07,21.02,1.49,28.82
3820,79.86,18.85,0.14,0,42.3,227.6,967.5,3.57,18.43,-0.02,28.15
3840,73.58,31.28,7.0,0,18.4,148.1,975.0,10.26,19.1,2.14,28.71
3860,49.36,46.64,18.96,0,175.0,113.9,906.5,14.72,11.23,5.91,28.72
3880,30.89,56.08,27.11,0,11.8,59.5,832.6,18.92,16.98,5.67,29.18
3900,15.48,50.31,43.11,2.67,56.4,79.1,880.7,28.83,13.46,4.55,29.27
3920,9.12,57.84,58.72,2.76,176.7,27.0,767.2,27.11,11.75,0.51,29.62
3940,10.59,40.36,68.8,3.01,53.3,7.9,787.3,35.02,7.24,2.89,30.11
3960,3.52,37.99,83.78,5.13,160.9,31.7,817.2,30.33,8.01,0.62,30.54
3980,0.93,25.49,87.43,10.82,107.6,-64.7,718.7,25.21,-5.04,-3.95,30.3
4000,2.0,9.48,79.97,18.67,140.6,-1.8,811.9,24.22,-7.82,-6.2,30.77
4019,1.57,4.88,74.14,32.62,72.4,-139.6,825.4,21.65,-14.76,-4.55,30.64
4040,4.76,0,59.93,48.23,30.9,-172.7,928.0,17.08,-17.83,-5.62,31.06
4059,4.1,0,48.24,59.24,31.7,-191.1,902.0,14.08,-20.35,-3.83,31.07
4080,0,3.09,31.33,74.69,-61.1,-122.0,954.2,3.47,-8.09,-3.5,30.81
4100,0,1.37,18.07,67.78,-37.0,-116.9,1019.7,-3.7,-22.11,1.99,31.18
4120,5.74,0,15.33,58.11,65.8,-234.5,1004.9,-4.98,-18.48,0.73,30.86
4140,0,7.91,4.68,49.87,-128.5,-57.5,1001.0,-13.06,-10.85,9.13,30.6
4160,0.3,0.03,0.88,30.15,-82.3,49.4,1009.5,-25.04,-14.03,2.96,30.66
4180,0.26,0,3.56,20.69,-95.4,-62.7,1036.3,-26.2,-9.99,-0.23,30.7
4200,2.94,0,2.08,10.5,-135.2,-91.9,1018.8,-25.2,-4.46,4.09,30.34
4220,0,3.47,0,6.68,-173.6,18.6,986.9,-28.99,-0.43,2.6,30.36
4240,0,0,1.06,2.95,-77.8,-102.4,1071.2,-32.41,1.34,-2.74,29.72
4260,4.2,1.57,0,4.42,-119.2,32.9,968.5,-27.39,11.23,-0.22,29.89
4280,1.56,3.63,0,0.75,-87.1,63.5,990.2,-23.2,5.13,-4.59,29.44
4300,2.08,6.96,0,0,-89.2,72.3,1008.5,-18.09,12.9,-7.21,28.78
4320,2.97,1.61,4.53,1.73,-133.1,43.9,981.2,-16.28,18.65,-6.86,29.1
4340,3.85,0,0,0,-41.2,106.9,989.7,-10.31,17.04,-2.55,28.25
4360,1.13,9.83,2.94,2.23,-35.1,150.7,1023.2,-3.01,14.86,-0.24,27.81
4380,79.84,31.57,4.33,1.07,92.4,127.9,964.8,3.74,15.42,-1.08,28.59
4400,55.37,38.56,13.45,0,130.7,201.5,905.2,16.73,9.24,0.63,28.8
4420,38.66,56.57,26.23,0,35.8,153.0,868.7,17.12,17.07,-0.61,28.64
4440,17.38,58.07,33.64,1.3,74.1,28.1,820.7,21.31,29.39,4.76,29.53
4460,10.65,55.66,54.53,0,135.8,92.7,856.4,20.49,3.92,4.25,29.44
4480,2.38,49.54,67.16,3.56,189.7,32.1,794.5,24.39,1.73,3.95,29.83
4500,0,37.92,82.02,0,78.3,94.6,813.1,29.75,0.72,0.46,29.97
4520,0,21.24,90.64,13.09,118.7,-128.0,753.4,30.59,2.45,-1.96,30.12
4540,4.97,13.5,87.23,19.07,170.3,-16.3,802.8,27.87,-11.17,-4.97,30.36
4560,1.41,5.73,74.11,27.26,34.5,-131.1,832.4,22.05,-23.82,-4.93,30.5
4580,0,0.27,63.88,42.84,44.1,-28.3,922.6,16.25,-12.66,-4.31,30.84
4600,0,5.46,45.74,52.41,54.1,-71.6,912.9,11.12,-26.81,-3.39,30.84
4620,0,1.99,31.51,69.03,51.9,-133.6,940.6,6.65,-23.29,-1.44,30.83
4640,0.77,1.06,29.72,67.12,34.5,-131.9,1005.5,-1.82,-17.76,1.42,30.84
4660,0,0,13.96,61.58,-1.0,-135.3,984.7,-11.75,-17.9,4.61,30.79
4680,0,0.2,10.51,51.74,-51.6,-97.2,1011.7,-19.9,-10.9,6.22,31.08
4700,0,0.83,5.91,32.31,-57.9,-181.5,964.3,-16.78,-17.08,5.16,31.04
4720,0,0.6,1.44,26.81,-50.9,-140.3,1009.7,-21.92,-11.23,3.26,30.57
4740,0,0,0,13.33,-117.8,-72.2,1007.3,-28.78,-7.64,4.45,30.4
4760,0,0,0,7.41,-97.5,-13.9,989.4,-30.12,7.87,2.39,30.2
4780,6.96,3.62,0,5.71,-48.7,39.5,1009.8,-30.51,2.74,2.83,30.05
4800,2.7,0.81,0.65,4.08,-112.4,43.0,975.0,-32.55,15.58,-1.88,29.33
4820,0,1.29,2.04,0,-40.3,114.3,1015.8,-26.6,18.6,-3.31,29.73
4840,0,0,2.31,0,-3.1,125.5,1005.8,-21.42,15.36,-4.08,29.13
4860,0.57,3.49,2.83,0,-34.0,163.8,949.7,-14.8,14.21,-1.7,29.09
4880,0,2.57,0,0.17,-16.9,112.3,1007.1,-12.15,13.08,-0.38,28.49
4900,0,4.31,3.59,3.95,33.2,119.7,996.3,-5.44,25.81,-2.55,28.1
4920,75.8,26.76,10.07,0,-59.6,190.3,986.4,-0.09,28.96,4.13,28.07
4940,62.37,40.74,10.09,0.99,-47.7,55.2,921.7,13.97,18.45,5.56,28.01
4960,44.51,49.3,20.44,0,11.9,235.4,908.4,11.2,15.69,4.68,28.9
4980,16.58,53.88,32.56,5.25,70.8,88.2,888.1,23.33,12.95,5.67,29.14
5000,11.23,57.13,51.54,5.93,91.9,94.3,868.7,28.72,10.61,3.83,29.9
5020,0,51.22,65.65,1.56,51.0,65.1,813.4,25.84,3.06,0.14,30.16
5040,0,37.3,76.57,4.71,144.2,-24.1,808.4,27.2,1.42,0.22,29.74
5060,3.72,28.17,82.12,6.68,124.2,-19.5,800.2,28.25,1.35,-2.98,30.2
5080,1.73,21.2,83.13,11.88,108.0,-105.3,853.5,24.5,-17.22,-1.35,30.53
5100,0,10.75,79.91,26.34,101.7,-11.0,824.6,25.72,-6.7,-5.95,30.68
5120,0,1.53,67.82,34.88,49.7,-202.8,864.9,19.14,-11.77,-3.97,30.64
5140,2.55,5.6,55.94,52.86,57.5,-38.9,948.9,18.24,-13.03,-4.29,30.49
5160,0,4.53,32.6,63.88,-60.5,-202.1,972.4,5.65,-16.45,-3.1,30.87
5180,0,0,27.82,64.36,-45.1,-205.0,1027.6,3.1,-9.95,-2.66,30.64
5200,0.78,0,17.4,68.07,-28.7,-252.4,1015.9,-3.45,-21.19,2.98,31.26
5220,0.03,0,12.12,53.11,-25.0,-125.5,987.6,-13.24,-17.28,2.57,31.13
5240,0,6.96,0,40.67,-86.7,-30.3,1002.0,-21.66,-10.1,6.62,30.86
5260,0,0,7.67,23.9,-82.9,-65.7,925.1,-19.54,-11.62,2.9,30.48
5280,0,0,2.02,15.44,-205.7,-46.3,972.0,-24.04,-4.56,2.57,30.7
5300,0,2.51,0,11.28,-166.8,-36.7,950.2,-27.23,1.26,4.25,30.14
5320,1.63,2.53,0.4,7.96,-83.2,49.4,965.9,-31.46,3.25,-0.53,30.34
5340,0,0,0,4.26,-158.0,-15.0,979.0,-29.53,7.55,-3.77,29.63
5360,0,0,0,5.75,-88.4,-7.5,923.5,-26.97,17.42,-5.13,29.4
5380,0.87,0,3.99,6.4,-102.3,193.8,982.2,-28.62,16.41,-1.36,29.26
5400,1.72,0,2.03,0.2,-46.7,46.4,960.9,-18.14,8.61,-10.28,28.93
5420,0.72,0,2.6,0,-77.1,238.8,965.7,-15.99,21.73,-5.3,28.7
5440,5.21,7.42,0,0,38.5,73.7,956.0,-6.17,22.15,-2.34,28.34
5460,78.26,23.59,2.98,0,-63.8,126.8,996.9,-0.47,19.41,-0.47,28.06
5480,63.6,29.39,8.23,1.32,83.9,194.1,977.8,11.34,13.94,3.31,28.68
5500,44.17,54.16,14.14,4.28,-17.0,145.7,940.3,13.04,10.47,9.36,28.37
5520,27.83,61.38,30.32,0,63.6,120.3,874.0,25.79,25.05,4.46,29.01
5540,12.28,54.96,44.06,5.99,48.0,116.8,868.6,23.79,3.11,8.03,29.53
5560,4.42,56.19,60.09,0,86.5,24.3,825.2,30.93,12.01,3.06,29.65
5580,3.46,39.56,70.76,2.18,86.0,20.5,804.6,25.29,13.34,-0.8,30.31
5600,4.29,37.24,87.43,4.9,21.7,-7.3,804.1,30.56,0.2,-0.28,30.21
5620,0,16.44,76.62,4.04,43.5,-29.4,742.3,22.53,-6.84,-3.97,30.39
5640,1.21,9.51,81.24,21.29,28.4,-141.1,839.3,27.21,-5.19,-5.29,30.24
5660,0.45,8.57,71.58,35.43,-75.8,-39.6,849.5,18.68,-17.67,-3.16,30.83
5680,2.91,1.54,53.79,46.27,68.0,-118.1,894.6,13.42,-15.07,-4.06,30.8
5700,2.28,3.38,41.26,59.22,51.5,-91.7,916.8,10.66,-12.24,-1.45,31.15
5720,5.21,0.13,28.18,65.49,33.0,-149.2,1005.9,11.74,-24.13,-1.44,30.8
5740,0,2.51,18.55,62.69,81.5,-105.4,987.4,-5.7,-19.47,4.58,30.84
5760,1.72,0,13.37,54.8,7.4,-202.9,964.6,-11.13,-17.05,0.2,30.59
5780,3.34,2.15,3.81,42.89,-91.6,-264.6,981.2,-17.24,-8.04,7.51,30.32
5800,3.92,0.95,5.39,32.56,-109.7,-147.9,1008.8,-24.55,-9.05,6.93,30.75
5820,0.57,1.29,5.8,22.43,-147.6,-33.0,1000.9,-24.85,-5.73,2.68,30.87
5840,0,9.54,1.1,10.46,-172.7,-3.0,990.2,-29.56,-16.48,2.49,30.23
5860,0,0,0,0,-38.3,-124.9,985.6,-27.08,2.36,0.29,30.17
5880,0.32,6.59,0.23,7.48,-156.2,-75.6,964.6,-33.17,5.42,-1.32,30.16
5900,2.33,0,3.08,4.67,-59.4,74.1,1022.8,-28.48,15.24,-5.49,29.49
5920,0,5.99,0,0,58.0,67.6,946.6,-19.27,20.4,-5.81,29.37
5940,0,0,4.39,3.72,-183.9,137.7,999.5,-21.11,25.42,-3.87,28.61
5960,0,0.3,0,1.35,-70.0,73.0,904.4,-14.4,18.79,-4.25,28.39
5980,3.85,0,2.59,0.93,-65.2,124.4,987.8,-10.39,16.56,-2.74,28.5
6000,75.96,17.24,6.51,0,-8.2,124.0,985.8,0.54,24.25,0.48,28.18
6020,67.35,31.47,13.96,1.04,84.4,71.3,945.2,5.42,21.76,3.47,28.27
6040,50.57,40.33,17.52,0,31.6,73.7,883.3,12.21,12.81,3.96,28.68
6060,31.98,54.62,27.11,0,65.7,27.0,906.5,21.01,14.38,6.85,28.9
6080,20.01,57.3,40.45,0,106.6,35.8,829.2,23.64,11.52,4.77,29.36
6100,5.71,53.44,53.38,2.79,50.9,0.6,814.5,23.41,5.95,2.82,29.34
6120,4.58,53.95,69.98,3.32,132.4,86.6,776.5,21.73,5.86,4.21,30.08
6140,0.9,34.81,83.25,0.48,68.8,-18.6,794.2,28.16,0.39,-1.07,30.36
6160,0,24.79,86.04,6.6,185.3,-9.2,784.7,30.49,-4.93,-0.1,30.19
6180,5.84,5.55,81.67,17.31,49.7,22.0,816.8,29.43,-16.22,-6.04,30.73
6200,3.3,9.84,70.74,24.67,92.1,-69.2,828.3,16.23,-12.38,-7.63,30.39
6220,3.64,2.12,64.93,47.45,27.4,-125.2,919.1,15.68,-9.61,-3.34,30.65
6240,0,2.44,46.66,56.42,73.1,-166.3,936.2,8.17,-20.47,-2.45,30.76
6260,0,0,31.8,63.44,-55.0,-227.3,975.0,4.41,-16.75,-2.24,30.48
6280,4.2,0,20.11,67.62,-124.4,-154.7,1031.0,-9.28,-24.57,2.26,30.68
6300,0.74,1.32,11.88,57.76,9.0,-114.9,1036.9,-8.44,-19.52,1.58,31.04
6320,0,0,5.61,49.96,-73.7,-123.2,1043.7,-12.16,-22.06,0.68,31.04
6340,6.79,1.34,0,30.11,6.9,-94.5,982.1,-17.79,-16.66,2.82,30.59
6360,0.37,2.43,3.93,19.42,-84.6,-165.4,991.1,-23.36,-6.81,2.01,30.71
6380,2.84,0,1.73,8.11,-32.8,-29.6,1043.1,-30.46,-5.07,4.81,30.43
6400,1.45,0,0,4.82,-69.6,-92.9,1019.1,-33.88,-7.14,-3.13,30.11
6420,2.08,0,0.74,4.57,-59.2,36.6,994.1,-34.97,0.0,-4.44,30.0
6440,5.01,3.05,0,3.09,-87.7,48.2,978.9,-34.54,6.88,-5.62,29.97
6460,1.31,0,0,0,-96.2,79.9,1022.3,-30.48,7.68,-7.45,29.31
6480,0,0,0.61,0,-46.9,184.9,973.7,-22.38,19.88,-6.0,29.37
6500,3.34,0,0,0.76,-5.7,150.7,956.4,-11.6,14.36,-5.85,28.73
6520,2.61,0,2.02,0,27.5,156.9,940.9,-7.14,13.45,-1.28,28.5
6540,0.2,3.24,7.26,0,2.8,119.9,993.7,-1.92,12.91,-3.6,27.86
6560,73.94,26.73,9.52,0,34.1,131.2,905.3,4.03,26.15,1.75,27.7
6580,53.47,41.35,15.65,3.86,68.7,145.9,894.8,11.25,21.45,3.17,28.38
6600,39.8,53.28,29.8,5.04,60.8,3.7,859.0,16.12,15.79,8.41,28.89
6620,17.8,57.99,35.49,4.73,102.8,53.8,859.3,27.05,14.24,2.78,29.13
6640,10.52,56.73,53.66,3.33,76.5,139.3,843.5,24.72,18.33,3.66,29.7
6660,2.17,49.15,72.84,0,31.5,-26.2,785.2,29.53,3.05,1.87,29.7
6680,0.12,40.97,77.26,4.87,76.5,26.0,813.9,25.19,4.51,0.41,30.17
6700,0,23.76,88.85,14.69,112.7,-43.8,810.6,29.94,-2.84,-3.47,30.42
6720,0,16.41,89.59,11.3,151.4,-72.6,822.7,24.35,-8.35,-7.89,30.41
6740,0,8.3,80.94,29.6,31.4,-17.6,841.0,20.31,0.39,-4.99,30.6
6760,0,5.67,68.16,40.64,56.7,-79.1,850.6,16.04,-11.63,-6.02,30.82
6780,0,7.17,47.57,50.65,50.9,-130.0,884.0,16.91,-22.51,-3.74,30.79
6800,0,0,37.27,60.69,-6.0,-102.8,933.5,2.63,-25.7,-2.43,31.0
6820,1.55,0,24.46,66.76,-143.0,-156.1,982.3,-1.58,-21.73,-1.39,31.01
6840,0,5.98,10.74,66.86,-5.9,-100.6,1023.1,-8.38,-13.16,2.12,31.17
6860,0,0,8.82,57.0,-166.8,-104.2,986.5,-11.52,-16.61,1.38,31.15
6880,0,0,3.1,37.48,-89.7,-50.3,954.3,-18.85,-14.09,3.73,30.61
6900,0.12,1.28,0,29.2,-46.5,-143.7,969.9,-26.91,-11.1,2.98,30.56
6920,0,1.24,1.71,13.89,-115.6,-28.3,1009.7,-27.65,-1.86,-0.38,30.66
6940,2.26,0,2.56,5.27,-53.3,-10.9,981.8,-24.83,-1.12,0.45,30.29
6960,0,0,0,0,-173.4,61.5,1010.2,-32.39,2.22,0.26,30.08
6980,1.78,0,3.8,0,-151.5,63.6,981.0,-27.58,2.55,-2.64,29.72
7000,0,0,1.48,2.08,-43.5,56.8,1024.3,-22.88,10.64,-5.66,29.45
7020,1.41,3.25,3.46,0,-41.7,58.5,1030.8,-17.76,15.43,-5.12,29.07
7040,0.46,0.49,4.86,0,-91.3,12.5,1032.0,-18.61,17.24,-4.28,28.68
7060,0.66,0,0,0,-42.0,181.7,1057.7,-11.07,21.31,0.11,28.34
7080,0,5.27,2.18,1.3,0.6,187.1,956.0,-8.34,11.16,1.33,28.15
7100,78.8,29.15,8.84,0.57,47.1,157.5,950.1,6.43,23.8,-0.35,28.19
7120,68.37,40.06,16.24,0.27,112.3,57.3,921.2,6.69,21.72,-1.69,28.67
7140,46.68,47.36,23.92,0,46.6,104.7,905.7,18.07,20.38,5.26,28.94
7160,28.8,52.77,33.47,3.25,85.1,123.1,898.0,17.08,6.01,4.75,29.47
7180,10.53,60.32,44.13,0,67.6,40.5,825.4,20.45,8.85,8.11,29.57
7200,6.44,50.06,60.71,3.51,127.1,74.4,798.9,27.39,10.39,5.17,29.46
7220,4.23,42.21,75.15,3.51,72.5,70.0,822.5,28.65,16.29,3.0,30.13
7240,0,24.18,83.61,5.22,105.3,-2.5,809.3,35.39,-11.24,-0.34,29.64
7260,0,17.99,93.03,15.86,72.5,-54.2,857.4,26.38,-10.19,-1.15,30.68
7280,3.12,9.28,80.65,21.42,72.6,-125.2,876.4,22.19,-13.43,-5.85,30.43
7300,0,4.5,69.88,32.83,89.6,-7.2,893.7,22.16,-8.19,-4.75,30.75
7320,2.08,3.51,57.13,53.41,55.9,-135.3,911.3,17.62,-17.93,-2.87,30.5
7340,0,0,40.97,61.99,72.9,-149.0,892.6,5.98,-20.01,0.07,30.98
7360,2.03,5.28,27.65,69.12,44.2,-157.3,1002.4,0.27,-23.62,-3.37,31.02
7380,1.97,0,16.86,63.25,-7.7,-204.5,951.9,-7.69,-21.54,4.84,30.86
7400,0,1.8,9.96,55.23,-82.6,-100.8,960.2,-14.11,-25.93,2.51,30.49
7420,1.82,1.23,9.49,43.06,84.6,-105.5,1036.3,-17.93,-16.9,6.32,30.63
7440,0,0,1.77,33.8,-110.0,-62.9,1047.1,-25.76,-18.89,4.39,30.62
7460,0,0,4.65,19.67,-115.0,-96.0,1027.8,-22.62,-5.72,3.32,30.29
7480,2.56,1.2,3.99,0.43,-104.2,2.2,1016.0,-31.29,-6.49,-0.24,30.33
7500,0,0.4,0,5.21,-53.3,-8.1,971.6,-31.4,-0.29,0.68,30.06
7520,0,0,0,4.5,-32.6,50.1,970.0,-31.89,4.77,-4.32,29.5
7540,0,1.32,1.91,0,-84.7,3.5,979.7,-24.9,11.83,-5.78,30.01
7560,6.11,2.08,3.68,0,7.5,140.8,1010.3,-21.66,9.51,-8.32,29.11
7580,0,5.46,0,0.22,-118.5,165.7,1028.9,-14.4,14.64,-7.48,29.28
7600,0.08,0.71,0.44,1.23,-119.5,131.0,970.6,-13.35,16.67,-4.77,28.31
7620,0,2.69,2.51,3.58,-52.5,125.4,970.8,-1.41,20.15,-1.02,27.94
7640,77.98,26.39,3.05,1.57,-12.6,275.4,1009.0,2.38,17.36,-3.67,28.21
7660,70.68,33.98,10.61,0,129.2,145.7,903.8,7.96,15.41,3.37,28.71
7680,46.72,42.02,14.91,0.98,-30.4,89.1,922.0,11.29,21.02,4.78,28.9
7700,29.36,55.95,33.56,2.35,101.5,48.8,836.9,14.79,11.82,6.65,29.11
7720,12.54,58.62,39.79,0,60.4,113.2,859.6,19.3,13.06,4.77,29.73
7740,5.13,52.07,57.96,0.59,-0.7,74.9,824.9,22.33,6.76,1.04,29.73
7760,4.75,43.93,75.85,0,43.9,-9.1,808.2,29.44,5.0,3.09,29.83
7780,0.45,29.66,83.88,5.64,71.6,-57.3,797.5,33.48,3.52,-0.25,29.9
7800,0,21.41,83.25,15.69,106.6,-28.7,841.7,28.53,3.94,-3.66,30.47
7820,5.53,10.05,78.98,18.76,138.9,-79.1,892.6,27.27,-10.1,-6.33,30.66
7840,0,8.05,74.83,35.36,155.1,-141.7,883.0,18.97,-17.32,-6.74,30.69
7860,0,0.68,60.79,44.52,-28.2,-216.5,841.6,17.49,-12.99,-5.42,30.74
7880,0,0,44.7,56.94,57.9,-112.6,976.4,14.14,-30.42,-2.03,31.06
7900,0.22,1.46,27.58,67.24,-49.5,-151.4,955.9,2.43,-18.15,-0.64,31.48
7920,2.71,0,16.48,66.82,29.2,-195.1,1015.4,-4.36,-16.86,-1.65,30.91
7940,0,0,13.68,58.43,-12.6,-217.9,992.7,-8.15,-18.64,1.63,31.1
7960,0,1.52,3.52,48.74,-62.3,-139.3,946.2,-19.14,-15.36,6.28,30.92
7980,0,0,3.59,32.73,-69.9,-102.6,1003.9,-17.03,-14.87,4.76,31.0
8000,0,6.05,0,20.37,-47.4,-123.8,949.6,-27.54,-3.48,0.39,30.44
8020,6.64,0,1.9,9.89,-121.2,62.6,968.7,-23.87,1.4,3.1,29.92
8039,3.42,1.31,0,10.02,-60.3,22.0,980.0,-31.99,1.57,-0.04,30.15
8060,0,1.31,0.86,0.99,-41.0,-103.1,937.8,-29.12,6.66,-2.96,29.89
8080,0,0,0,2.92,-99.5,27.4,947.5,-20.93,9.85,-2.04,29.65
8100,0.73,0,0,0,-162.0,149.7,998.0,-23.98,6.45,-3.28,29.54
8119,0,0.94,0.75,0,-96.0,93.2,1009.9,-19.86,20.97,-7.53,29.39
8140,7.01,0,0,0,-95.0,129.6,951.0,-10.36,15.28,-4.83,28.6
8160,3.53,0.87,1.35,0,-61.2,153.7,1020.4,-0.89,19.17,-3.85,28.6
8180,0.35,4.43,0,2.47,17.2,80.6,997.8,0.39,13.57,0.3,27.89
8200,70.69,30.73,5.46,0,-18.3,112.5,912.7,6.89,22.49,2.77,28.25
8220,50.79,47.24,12.95,3.74,75.1,57.6,881.9,11.89,18.34,4.81,28.62
8240,33.62,54.48,25.14,0,40.7,115.8,851.7,19.95,18.77,5.23,28.97
8260,22.55,59.87,42.13,0.07,50.1,120.2,889.0,15.71,2.57,0.1,29.43
8280,7.02,54.36,49.69,0,122.2,133.2,771.8,27.78,11.29,3.43,29.7
8300,3.32,46.83,69.98,2.6,113.8,56.2,837.9,22.7,8.69,1.27,29.98
8320,0.72,36.33,84.55,0.23,36.8,45.0,833.7,30.9,2.88,0.09,30.14
8340,0.93,21.95,86.81,8.32,113.6,-84.3,785.2,28.51,-5.55,-4.72,30.18
8360,0.3,15.92,83.29,22.6,116.9,-145.4,752.3,24.47,-15.47,0.16,30.85
8380,3.75,9.09,79.2,29.98,80.3,-123.4,902.1,22.6,-16.42,-7.56,30.74
8400,0,0,67.77,38.08,40.7,-169.0,861.6,13.19,-16.31,-6.39,30.87
8420,0.8,1.13,47.79,53.26,126.5,-216.5,907.7,12.97,-23.74,-5.45,31.05
8440,1.39,0,35.11,63.52,-11.4,-145.2,934.0,4.32,-15.55,-2.45,31.08
8460,0.03,1.19,20.15,61.82,-35.1,-189.9,1033.2,-1.98,-25.62,-3.22,31.17
8480,0,0.17,15.17,53.12,-25.0,-106.6,1019.7,-16.14,-18.34,3.15,30.94
8500,3.49,0,2.57,46.82,-80.2,-82.2,974.8,-16.54,-15.48,4.07,30.93
8520,0,0,2.33,34.24,-103.5,-70.5,997.9,-21.31,-21.84,4.26,30.53
8540,6.1,1.61,1.05,20.59,-124.3,-107.3,995.4,-25.07,-13.99,4.95,30.86
8560,0,0,0.13,8.92,-126.1,31.3,1009.6,-30.3,-8.35,4.53,30.61
8580,1.56,4.24,4.85,1.81,-29.1,-72.9,1028.4,-30.75,-3.42,0.54,30.18
8600,0,0,0,1.31,-61.2,75.6,1034.4,-29.6,1.86,0.06,30.19
8620,1.03,4.22,2.08,2.84,-104.5,40.3,993.7,-28.7,9.96,-3.67,29.17
8640,0.99,2.57,0,3.23,-73.7,38.7,956.3,-24.52,9.38,-0.97,29.43
8660,3.04,2.39,0,1.26,-94.9,147.5,965.5,-15.69,8.82,-2.15,29.41
8680,0,1.61,2.39,0,-19.1,150.6,1011.4,-14.47,18.63,-5.64,28.64
8700,0,0,0,8.25,1.2,129.9,988.9,-16.21,14.66,-4.54,28.27
8720,0,0,1.32,0,36.3,172.5,1014.9,-2.29,26.4,3.19,28.18
8740,69.92,22.4,1.8,2.28,12.6,117.6,999.0,5.02,15.87,3.07,28.05
8760,59.58,42.77,9.68,3.2,-86.4,157.4,891.4,12.51,18.53,6.01,28.73
8780,38.09,49.49,23.13,0,84.1,133.6,876.9,16.34,16.29,0.35,29.06
8800,22.7,55.7,38.28,3.23,129.3,145.2,834.0,24.59,16.6,2.53,29.55
8820,8.91,59.26,50.52,0,123.7,71.6,877.4,30.79,6.54,4.33,29.74
8840,4.59,45.85,67.96,0,44.8,-24.5,839.2,24.13,-1.14,2.61,29.53
8860,4.08,40.8,81.07,5.92,213.5,-10.4,808.3,32.49,1.03,2.9,30.09
8880,0,29.7,81.05,7.73,44.1,-98.8,758.4,26.92,-9.2,-0.98,30.25
8900,0,17.67,86.37,11.56,111.6,-123.7,814.3,22.88,-12.22,-5.11,30.29
8920,0,10.93,82.28,27.73,110.6,-139.3,832.3,22.46,-11.23,-4.75,30.96
8940,0,6.32,63.07,38.52,44.7,-93.8,933.6,23.79,-18.37,-6.58,30.46
8960,1.77,2.83,54.35,50.21,70.0,-154.1,892.9,10.83,-10.73,0.05,30.76
8980,3.67,2.19,38.34,60.7,96.5,-17.1,964.9,6.39,-14.69,-0.39,30.66
9000,0,3.93,28.53,69.79,-0.7,-189.5,1011.0,-1.85,-20.05,-2.26,30.64
9020,3.15,4.82,10.11,68.48,-65.1,-172.5,1010.4,-5.79,-22.84,-1.42,31.25
9040,0,0.82,3.99,56.93,-28.6,-189.0,984.5,-8.07,-14.49,5.13,30.71
9060,0,3.28,7.12,38.41,-188.4,-198.6,971.8,-16.11,-9.44,9.68,31.01
9080,0,0,0,29.37,-162.2,-44.3,1014.4,-29.11,-13.11,8.74,30.77
9100,2.73,2.25,1.41,13.67,-107.7,-80.7,962.1,-28.58,-5.62,0.14,30.7
9120,1.77,2.75,0,7.58,-179.6,41.9,949.0,-31.61,-7.44,2.73,30.23
9140,4.8,0,0,1.91,-151.1,-52.9,1000.8,-30.84,0.66,0.87,29.86
9160,4.86,0,2.27,0,-120.2,-4.3,1032.6,-22.44,3.61,1.84,29.8
9180,0,0,3.41,0,-39.9,96.5,1014.3,-26.99,8.16,-4.52,29.36
9200,0,0,1.06,1.69,-51.0,149.8,992.4,-14.07,13.49,-5.81,29.25
9220,2.06,0,0.92,0,-26.7,158.5,971.2,-15.37,13.04,-5.8,28.99
9240,0,0.29,4.32,2.36,-43.3,146.6,1026.9,-12.27,7.7,-8.85,28.28
9260,0,0,4.33,0,-89.3,235.2,993.8,0.92,15.26,1.38,28.08
9280,79.94,28.38,6.41,0.85,65.2,18.5,940.3,-3.02,20.56,-0.96,28.51
9300,60.08,42.08,13.58,0,33.6,116.3,870.6,4.63,20.61,1.38,28.15
9320,46.89,45.68,17.64,0.52,97.4,103.7,922.2,18.73,21.99,5.21,29.3
9340,24.53,56.56,33.88,0,126.5,65.1,923.1,26.51,6.54,7.25,28.6
9360,14.06,57.15,43.46,3.13,97.0,86.3,886.1,25.59,4.45,3.81,29.45
9380,2.25,48.47,58.01,2.07,204.9,-11.3,798.1,25.12,7.65,3.45,29.53
9400,0.97,44.97,74.65,10.39,91.1,-58.1,802.9,28.77,17.83,4.45,30.1
9420,3.36,32.59,79.8,5.34,123.5,-52.8,793.4,29.33,-0.28,-3.31,30.51
9440,0,21.8,92.55,12.77,88.1,-43.2,827.7,31.95,-14.22,-2.52,30.32
9460,0,12.33,79.72,24.96,91.3,-126.2,786.0,29.66,-2.87,-4.63,30.67
9480,2.62,4.3,70.23,33.05,136.8,-113.4,864.2,22.8,-15.87,-4.87,30.96
9500,0.45,0,56.59,47.06,6.2,-29.6,887.1,13.95,-18.92,-6.04,30.94
9520,1.83,3.18,38.55,59.25,-87.3,-100.3,927.4,6.01,-14.88,2.4,30.61
9540,0,0.08,23.39,72.03,33.7,-176.8,958.5,-0.4,-19.46,-2.96,30.88
9560,4.26,0,20.37,64.9,-21.3,-173.1,1075.6,-2.41,-32.85,4.41,30.92
9580,3.22,0.04,12.57,56.17,-121.1,-201.9,1011.9,-12.31,-19.79,2.08,31.13
9600,0,0,3.52,47.25,-1.7,-94.4,995.3,-20.21,-18.76,7.58,30.67
9620,3.89,0,5.56,32.33,-59.5,-59.5,1013.7,-23.94,-12.41,4.3,30.56
9640,4.02,0,0.03,18.69,-35.1,-11.1,994.3,-31.12,-8.35,10.11,30.78
9660,0,0,2.58,11.93,-66.2,-109.8,1040.4,-28.89,-8.32,3.9,30.17
9680,0,1.8,0,10.21,-35.7,81.8,992.2,-34.61,-0.26,1.19,29.85
9700,1.94,0,0,2.4,-130.6,9.3,996.1,-30.55,8.93,-1.28,30.09
9720,0,0,0,6.56,-135.6,21.3,999.7,-22.68,5.77,-3.53,29.78
9740,1.68,1.16,0,1.78,-22.7,110.4,996.8,-26.31,6.63,-3.13,29.2
9760,0,3.8,0,0,-70.7,137.5,1018.7,-18.71,15.49,-6.98,28.95
9780,0,0,0,0,-121.5,172.1,1010.5,-10.22,14.93,-3.92,28.48
9800,4.73,0,0,0,-33.6,229.7,1004.1,-3.38,15.03,-4.37,28.7
9820,82.76,23.37,3.94,0,5.6,182.0,998.8,5.77,17.01,-2.56,28.15
9840,69.18,32.71,13.97,1.51,33.3,18.4,847.4,4.56,21.36,-0.07,28.47
9860,51.79,45.68,19.16,0.01,90.5,136.5,873.6,14.61,17.84,4.17,29.03
9880,30.78,52.17,30.94,0,55.5,132.3,896.7,19.76,10.75,3.08,29.28
9900,17.92,59.19,41.71,0,114.4,92.7,826.7,23.12,11.75,6.33,29.03
9920,6.03,51.1,58.48,0,159.3,2.5,819.3,32.17,13.04,6.46,29.57
9940,4.98,52.04,71.27,0,142.6,23.9,787.4,30.22,10.5,5.03,29.96
9960,0,35.53,80.18,0.02,79.0,117.2,782.7,25.95,-2.23,0.08,30.08
9980,3.21,16.9,82.93,9.7,24.1,-30.5,816.3,23.26,-6.66,-0.34,30.54
10000,2.11,16.75,85.8,20.83,-23.4,-75.0,830.3,22.19,-7.31,-3.5,30.22
10020,0,3.94,72.49,33.99,21.2,-54.5,853.4,28.86,-16.48,-0.62,30.55
10040,0,2.63,60.61,46.09,59.0,-61.1,929.5,14.56,-11.65,-2.57,30.69
10060,2.82,4.45,42.66,60.1,130.7,-112.2,932.7,14.87,-23.86,-0.97,31.22
10080,0,9.44,34.37,58.79,6.1,-192.3,1018.0,4.25,-16.3,1.56,30.9
10100,0.83,0,21.0,57.73,-12.6,-160.8,1018.6,0.76,-19.8,-1.32,30.91
10120,2.42,2.29,12.99,60.42,4.0,-109.8,1034.0,-9.96,-9.68,5.62,31.12
10140,1.07,0,9.18,47.39,-105.7,-235.7,998.0,-16.87,-10.17,4.57,30.97
10160,0,0.5,0,28.75,13.8,-33.9,967.0,-18.19,-13.61,4.32,30.72
10180,0,5.52,4.72,20.62,-152.2,-89.1,969.5,-22.34,-6.13,5.85,30.42
10200,0,3.94,0,13.58,-51.5,-83.5,991.1,-26.83,6.13,2.07,30.42
10220,3.03,0,0.61,3.45,-158.4,-37.3,985.4,-33.38,2.57,-0.37,30.61
10240,0,0,4.02,0.08,-151.1,-55.9,977.5,-31.53,2.35,-2.24,29.75
10260,2.57,3.17,0,0,0.9,8.5,952.5,-29.76,7.49,-1.65,29.8
10280,0,4.81,0.57,1.52,-120.7,64.7,974.6,-26.71,8.6,-4.44,29.51
10300,1.65,1.59,0.01,5.31,-123.0,116.5,978.4,-22.53,8.27,-4.98,29.35
10320,0.36,7.99,0,0,18.6,138.9,982.9,-13.86,17.64,-4.65,28.97
10340,0,0,0,0,-29.8,153.7,958.4,-13.77,20.2,0.08,28.2
10360,0,1.12,0,6.58,58.0,107.0,992.0,3.76,23.61,1.05,28.18
10380,74.7,28.04,7.42,3.0,64.9,141.9,926.4,9.31,20.05,4.5,28.22
10400,56.23,38.07,11.5,0.74,109.0,78.0,943.1,8.62,10.92,2.19,28.98
10420,32.77,47.2,33.7,0,43.9,102.0,912.6,19.35,11.04,5.8,28.84
10440,13.65,60.08,39.48,1.87,100.7,47.0,822.0,17.73,7.09,6.68,29.59
10460,12.74,53.74,53.8,0,86.9,-36.7,784.2,25.33,11.66,5.81,29.59
10480,3.64,55.72,70.15,0.79,141.2,-42.5,831.2,27.34,7.29,1.45,30.19
10500,0.92,39.38,78.02,5.26,76.1,-54.2,860.3,34.88,3.05,1.57,30.03
10520,1.44,18.09,85.37,6.53,89.8,-115.5,809.6,30.38,-8.79,-4.07,30.34
10540,0,16.72,80.57,19.22,42.0,-106.8,822.2,23.9,-3.24,-6.7,30.46
10560,0.68,5.89,78.2,22.62,18.7,-235.6,831.6,24.01,-10.94,-8.42,30.48
10580,0,0.16,54.07,47.95,77.9,-146.5,870.7,21.32,-22.1,-8.42,30.63
10600,4.54,5.21,51.49,55.09,87.6,-158.0,925.7,17.06,-20.97,-6.0,31.08
10620,1.24,0,33.99,63.63,15.4,-212.5,999.2,8.72,-22.25,3.22,31.17
10640,0,2.69,24.65,63.37,8.5,-145.6,989.1,-0.81,-18.1,1.22,31.19
10660,6.19,0.25,15.09,62.46,11.1,-37.3,1019.3,-9.09,-21.42,3.01,31.4
10680,0,0,5.59,51.43,20.3,-181.0,1027.3,-13.16,-17.59,6.15,31.06
10700,0,0.75,8.89,33.68,-132.0,-137.0,1029.5,-22.62,-20.43,1.97,30.48
10720,0,9.23,0,19.19,88.9,-32.6,1008.5,-25.69,-11.24,4.71,30.41
10740,0,0,0,19.27,-85.7,-132.9,940.6,-34.64,-6.57,1.36,30.38
10760,0.15,4.04,0,5.32,-140.3,42.8,981.0,-27.85,-0.86,4.86,30.36
10780,5.44,1.2,2.26,0.72,-153.8,-110.2,992.9,-28.05,-7.48,2.06,30.27
10800,0,0.12,0,6.11,-161.9,-23.5,1002.5,-29.43,6.04,-0.01,29.45
10820,4.98,0,2.09,3.56,-87.7,57.3,1013.1,-28.16,6.77,-2.93,29.32
10840,1.47,0,4.37,1.99,-56.2,125.6,962.6,-22.85,13.62,-5.32,29.14
10860,0,2.78,0,2.28,-41.7,150.5,963.8,-15.98,9.88,-2.43,28.8
10880,0,4.69,0,0,-95.8,139.1,967.3,-15.73,23.98,-3.76,28.38
10900,0,0,0,0,76.3,128.7,1018.0,-4.44,21.05,-1.44,27.9
10920,76.79,28.69,9.5,0,-16.8,138.3,982.0,2.4,21.54,0.9,28.34
10940,58.73,34.79,13.5,0,27.0,90.2,983.5,13.32,19.05,5.59,28.69
10960,39.35,51.07,22.93,0.92,165.3,194.9,890.2,18.74,21.59,1.59,28.62
10980,23.28,56.32,37.82,4.43,130.6,133.2,865.6,25.19,12.12,6.13,29.52
11000,14.63,52.7,50.48,0,101.7,123.4,799.4,31.15,5.61,4.52,29.51
11020,6.23,48.16,62.0,1.07,49.7,15.3,835.0,30.91,7.3,3.21,29.7
11040,5.95,41.79,71.77,4.35,52.0,40.5,775.6,29.15,4.54,1.07,30.1
11060,0.53,32.79,83.5,5.77,142.0,-63.4,789.8,26.54,1.03,3.04,30.13
11080,0.1,16.19,85.9,15.22,122.7,-117.0,855.1,23.38,-7.06,-5.33,30.54
11100,2.38,14.78,76.52,22.18,-0.1,-104.0,861.0,20.83,-11.52,-8.38,30.79
11120,0,1.01,64.34,38.7,96.8,-109.0,862.7,20.48,-26.5,-7.46,31.12
11140,3.15,0,50.59,52.21,130.1,-109.8,919.8,13.06,-17.73,-6.12,30.83
11160,0,2.08,37.28,60.99,29.3,-207.6,945.5,5.68,-35.96,-0.62,30.63
11180,1.6,0.39,29.53,62.26,30.2,-93.2,990.7,4.26,-23.41,-1.03,30.66
11200,0,1.92,13.84,68.49,54.5,-97.9,970.9,-10.84,-22.88,4.17,30.95
11220,0,0,13.98,53.94,-153.0,-61.0,946.8,-16.18,-30.21,6.06,30.82
11240,3.22,0,1.4,39.2,-44.7,-215.5,987.3,-22.04,-16.0,2.86,30.84
11260,0,2.19,0,24.09,-29.2,-106.7,1024.3,-21.59,-13.12,6.53,30.61
11280,0,0,0.92,11.02,-152.6,-80.3,1029.8,-32.47,-7.93,6.89,30.33
11300,0,0.74,5.9,9.74,-94.6,10.7,1000.5,-34.03,3.43,3.1,30.54
11320,0,0,0,5.7,-112.2,10.1,992.5,-26.8,6.8,-0.06,30.08
11340,3.96,2.09,0,0.86,-95.0,41.8,972.3,-25.68,-1.46,0.4,29.31
11360,2.31,0,1.77,0,-44.5,71.3,1007.1,-25.42,11.36,-6.34,29.72
11380,0,0,3.38,8.49,-85.6,108.1,1066.9,-23.46,10.2,-4.13,28.9
11400,1.22,0.83,0.59,3.34,14.5,63.5,1002.4,-20.5,21.15,-4.98,29.15
11420,0,7.49,0,0.02,-14.1,184.1,997.5,-12.34,17.82,-3.55,28.56
11440,0,1.58,1.28,0.49,-48.8,118.5,952.2,-6.21,24.83,-3.01,28.34
11460,76.09,20.5,6.28,3.98,-2.7,132.3,951.3,-0.14,28.82,-0.9,27.46
11480,65.74,40.66,10.78,0,43.1,140.3,986.6,2.56,22.08,2.92,28.42
11500,51.68,50.76,18.13,0.63,76.8,43.2,898.1,10.68,17.95,3.67,28.78
11520,19.48,60.73,32.17,0,91.3,-32.6,872.9,18.18,3.73,3.02,29.18
11540,13.3,59.2,44.86,0,76.6,121.6,890.4,24.04,9.83,5.35,29.37
11560,0.73,52.1,65.97,0,28.0,35.0,877.5,29.1,9.31,4.99,29.47
11580,0.35,40.57,76.11,3.77,136.5,-51.5,790.3,32.04,3.04,3.53,30.06
11600,0,32.86,86.2,7.99,176.5,-154.4,781.9,28.24,4.43,-1.8,30.1
11620,0,15.36,86.43,15.23,136.3,-117.0,768.5,28.98,-5.35,-1.37,30.54
11640,0,8.8,85.14,19.51,135.0,-84.6,834.3,25.61,-11.78,-3.1,30.56
11660,0,0,69.88,32.93,115.0,-100.4,867.8,17.2,-26.98,-1.69,30.73
11680,2.27,4.64,50.99,50.99,-15.9,-106.1,902.5,16.31,-17.42,-6.16,30.77
11700,2.31,4.52,42.67,60.42,109.2,-134.4,955.8,6.8,-15.6,-1.66,31.09
11720,8.98,1.25,29.62,63.6,64.9,-171.8,966.6,4.95,-22.52,-0.89,30.98
11740,3.43,0,16.81,62.57,38.5,-166.0,1005.3,-8.52,-20.47,-1.07,30.8
11760,1.96,4.7,10.92,58.37,-32.3,-93.5,1031.7,-14.69,-15.24,1.61,30.74
11780,0,1.06,1.18,44.73,-70.1,-51.3,984.0,-17.27,-22.31,7.24,30.87
11800,4.96,6.15,5.21,29.88,-144.9,-109.1,999.0,-20.77,-18.58,7.59,30.85
11820,4.45,0,5.27,20.39,-153.8,-57.5,1067.6,-25.38,-9.18,6.12,30.72
11840,2.0,0,0,10.44,-170.5,48.2,973.7,-27.56,-2.72,4.09,30.36
11860,0,0.75,3.42,8.99,-12.2,23.4,974.9,-32.7,0.55,-2.3,30.12
11880,1.41,0,1.25,5.65,-120.9,9.9,933.7,-27.0,3.15,2.4,29.57
11900,0,1.07,0,2.59,-36.7,39.0,1044.2,-29.68,9.02,-5.75,29.62
11920,0,0,0,3.57,-124.7,-22.6,1048.5,-24.35,14.13,-2.88,29.3
11940,0,0,3.43,3.32,-78.1,124.1,999.1,-21.13,14.86,-1.62,29.16
11960,0.42,0.34,0,4.86,-104.9,167.9,993.3,-9.42,10.81,-6.47,28.95
11980,2.05,0.44,2.23,0,67.0,148.9,950.6,-9.19,17.1,-1.21,28.19
12000,76.79,17.49,4.87,0,-3.0,148.0,964.4,4.13,17.46,-0.83,27.9
12020,70.58,27.51,7.68,0.26,8.4,178.4,958.4,10.35,25.26,5.58,28.41
12040,52.61,42.6,14.73,0,50.2,98.1,933.0,15.94,14.22,0.93,28.82
12060,38.0,50.73,29.37,0,87.6,113.3,866.2,15.98,13.99,4.3,28.79
12080,21.18,56.15,34.79,0.76,80.2,88.4,834.0,26.58,11.27,5.03,29.49
12100,3.56,57.0,60.72,2.07,-12.5,38.2,765.7,27.91,5.12,0.44,29.65
12120,0,50.27,76.85,3.77,50.7,7.8,794.3,30.41,-2.99,7.22,29.86
12140,0,33.38,78.39,4.06,113.3,-87.0,758.3,25.47,5.9,1.82,30.08
12160,0,20.34,84.24,6.17,156.4,-35.3,811.0,37.09,-5.06,-4.98,30.32
12180,0.15,11.67,84.24,17.35,86.4,-25.8,801.5,31.75,-6.77,-3.58,30.07
12200,0,4.22,75.39,26.43,-22.3,-119.4,774.1,20.66,-11.92,-4.66,30.87
12220,1.44,0,61.35,44.18,29.1,-129.6,899.5,15.5,-14.9,-3.63,31.07
12240,0,4.13,47.52,56.07,80.0,-114.0,932.8,14.34,-13.29,-4.22,30.82
12260,0,2.52,36.49,63.48,56.5,-142.9,1020.5,6.85,-15.83,-5.9,31.05
12280,0,3.98,19.2,62.41,-37.9,-94.8,1031.8,3.48,-21.02,3.72,30.88
12300,0,1.94,13.34,56.83,10.4,-154.4,991.0,-6.4,-11.95,5.12,30.97
12320,6.04,0,9.13,48.43,-107.2,-134.6,981.0,-15.39,-7.01,4.75,30.92
12340,0,1.05,7.08,33.29,-125.6,-170.3,1021.5,-20.37,-19.82,7.34,31.05
12360,0,1.7,0.06,21.78,-30.5,-56.8,945.6,-22.7,-6.57,6.68,30.83
12380,0,0,0.18,16.86,-112.4,-75.7,1003.2,-33.96,-8.56,3.47,30.31
12400,2.84,2.03,0,4.29,-94.4,-68.9,971.8,-31.34,8.84,1.87,30.68
12420,1.02,3.69,1.39,3.29,-83.4,49.5,992.2,-32.03,-6.94,1.0,30.01
12440,2.3,0.69,0,0.04,-88.5,4.5,1005.6,-31.16,11.35,-3.77,29.42
12460,3.32,0,0,0.27,-31.6,92.9,997.6,-27.9,4.54,-8.95,29.35
12480,1.14,4.79,0.8,0,-82.2,95.6,974.8,-21.19,11.87,-6.86,29.2
12500,0,3.63,1.38,3.0,-80.8,136.1,977.2,-16.12,15.84,-2.89,28.76
12520,0,1.04,0,0,29.8,179.1,949.4,-6.52,26.66,-3.2,28.52
12540,0,0,5.22,0,23.7,216.9,1030.6,-2.05,27.35,-0.19,28.19
12560,71.54,29.62,10.6,1.13,-30.1,145.7,994.5,8.04,26.6,5.01,28.24
12580,58.32,44.19,16.56,8.02,40.9,158.9,945.6,8.76,22.77,3.43,28.76
12600,35.34,55.57,30.99,1.5,42.7,197.1,834.7,14.15,8.94,3.74,28.79
12620,20.93,58.51,35.17,0.15,-15.4,145.1,859.7,24.42,13.6,5.0,29.38
12640,7.13,56.42,51.41,0,158.8,13.5,826.0,27.37,8.96,1.21,29.24
12660,3.4,47.31,66.34,2.08,120.4,55.5,707.8,28.0,0.34,1.49,29.96
12680,8.62,37.6,79.83,6.76,186.4,-93.3,806.2,26.23,3.2,-0.09,29.94
12700,2.44,22.42,86.25,5.06,41.4,-83.6,785.1,34.29,-3.39,-3.7,30.07
12720,0,11.17,83.2,14.95,73.3,-22.6,813.3,23.12,-4.39,-2.86,30.77
12740,0,4.03,77.31,29.26,12.8,-84.8,847.5,26.63,-3.52,-6.54,30.8
12760,3.47,6.7,67.67,40.51,76.2,-90.0,895.1,16.33,-16.91,-5.77,30.42
12780,1.43,1.07,50.05,46.62,72.4,-118.1,952.0,16.15,-15.04,-5.08,30.66
12800,0,0.43,38.4,56.28,-15.3,-142.4,950.9,5.29,-19.41,-5.64,31.37
12820,0,4.02,17.86,67.38,69.4,-160.6,967.1,5.69,-28.03,2.88,31.08
12840,0.38,4.46,14.13,60.84,-7.8,-31.1,1005.5,-13.03,-24.17,-0.51,31.46
12860,1.83,3.99,6.67,50.36,-52.5,-176.3,945.8,-11.08,-15.06,6.0,31.25
12880,2.7,0,1.24,37.68,-98.6,-119.4,1007.3,-18.58,-13.61,4.23,30.84
12900,2.39,0,0,28.52,-188.1,-65.9,958.0,-25.61,-16.38,3.74,30.45
12920,0,1.28,0,11.05,-80.6,-14.1,1034.4,-26.56,-9.4,4.75,30.4
12940,0,1.81,0,4.88,-60.6,-50.2,1073.8,-35.28,-1.41,-2.15,30.2
12960,0,0.11,2.81,0,-73.1,-9.0,1024.1,-32.89,3.37,1.79,29.87
12980,0,0,5.3,1.13,-249.3,51.3,995.6,-20.04,8.19,-2.91,29.62
13000,3.87,4.04,0.31,1.52,-101.7,23.3,940.7,-29.53,0.65,-4.2,29.3
13020,0.27,0,1.51,2.25,-41.0,72.4,973.5,-22.81,17.3,-7.12,29.22
13040,0.55,3.87,0.67,0,-135.4,92.9,940.9,-13.79,15.29,-5.41,28.46
13060,0,1.0,1.08,4.08,42.0,73.7,1008.0,-8.95,17.7,-4.21,28.53
13080,0,0,0.54,0,-40.6,109.6,1021.7,-2.26,14.64,-1.67,28.15
13100,79.05,26.18,6.79,0,6.0,166.9,1029.3,7.42,16.01,-0.26,28.3
13120,64.42,37.91,15.23,0,20.9,182.1,943.2,3.13,24.57,2.25,28.27
13140,40.13,45.46,22.79,3.31,28.8,58.5,903.5,15.43,16.6,3.51,29.13
13160,21.74,59.27,32.33,0.56,91.8,31.4,875.0,25.28,16.65,4.21,28.62
13180,12.96,71.49,53.04,0,47.7,101.2,789.3,29.8,21.94,6.08,29.35
13200,1.24,49.95,62.05,0.13,3.1,58.6,838.7,26.57,5.87,2.82,30.13
13220,1.65,41.61,76.35,5.37,145.7,-65.2,764.3,27.76,-0.98,-0.07,30.4
13240,0,28.93,84.61,2.96,119.0,11.9,845.9,31.8,-8.56,-1.18,30.3
13260,0,14.41,85.67,19.13,69.5,-94.2,765.5,26.35,-6.94,-3.0,30.51
13280,4.84,11.79,77.31,24.5,51.8,-103.3,835.5,28.8,-14.92,-6.53,30.9
13300,1.62,6.09,69.21,35.07,113.3,-155.4,858.8,20.82,-17.38,-6.57,30.84
13320,0,4.11,51.39,51.67,100.6,-142.7,870.2,16.89,-8.87,-3.63,31.61
13340,1.09,1.24,41.44,67.89,-4.7,-142.4,944.6,7.94,-15.33,-3.97,31.01
13360,2.36,3.75,26.91,63.69,72.4,-115.3,973.0,0.07,-31.12,0.67,30.87
13380,0,1.24,17.88,64.48,-68.4,-130.7,998.3,-0.26,-29.78,0.66,31.06
13400,4.12,4.77,8.57,47.78,-67.8,-125.1,1040.2,-13.62,-11.51,5.52,31.08
13420,3.76,0,0.89,47.86,-53.8,-78.4,982.9,-14.25,-27.29,5.44,31.12
13440,0,2.12,5.39,25.62,-114.4,-161.0,979.9,-25.37,-16.77,6.71,30.65
13460,0,0,0.7,10.49,-114.9,-49.4,998.0,-24.3,-8.94,3.41,30.39
13480,0,0,2.32,8.28,-106.0,-69.4,1019.4,-27.3,-6.25,2.41,30.65
13500,1.58,0,0,4.23,-116.7,1.6,1023.2,-33.06,0.33,1.46,29.99
13520,0,0,0.91,3.14,-59.9,3.1,1007.0,-31.02,8.97,-4.36,29.94
13540,0.25,0.22,3.97,1.81,-32.6,83.9,1004.2,-27.32,15.38,-5.37,29.3
13560,0.13,4.16,0,2.01,-121.4,74.2,988.8,-20.66,11.62,-4.98,29.3
13580,1.19,0,0,0,-133.0,50.0,1023.7,-20.65,9.84,-7.59,29.01
13600,0,2.02,0,0,70.3,230.7,1011.4,-9.28,27.93,-5.75,28.95
13620,0,4.12,0,1.79,-58.4,114.1,954.6,-4.19,24.02,-1.7,28.57
13640,79.13,22.81,4.43,1.59,57.5,100.9,1009.2,7.04,23.19,1.02,28.18
13660,72.76,37.98,12.69,0,118.2,53.5,914.7,11.62,19.4,2.76,28.28
13680,50.91,48.66,21.28,0,35.3,111.5,943.0,8.68,12.54,3.5,28.63
13700,31.6,54.41,27.73,0,15.9,167.3,855.3,24.62,12.28,5.38,28.82
13720,15.98,57.11,47.93,1.32,-77.1,81.1,849.4,22.73,9.62,7.04,29.34
13740,7.2,53.83,59.14,1.13,-0.6,-22.2,838.1,33.71,9.77,2.44,29.79
13760,0,41.91,67.45,0,71.2,30.1,797.1,27.84,-0.33,3.99,29.83
13780,0,38.41,81.29,2.94,46.3,1.8,755.4,27.53,-6.96,-1.91,30.15
13800,0,18.83,82.69,17.05,116.9,-15.1,828.5,25.46,2.62,-2.78,30.49
13820,2.64,6.83,87.07,25.68,33.7,-53.1,785.0,27.33,-8.13,-1.96,30.42
13840,0.98,6.38,74.18,33.72,23.6,-151.0,890.8,20.2,-16.22,-4.49,30.67
13860,0,3.66,58.78,47.82,40.9,-221.7,913.9,13.22,-5.36,-2.08,30.99
13880,0,2.38,47.78,61.12,26.5,-173.4,919.4,8.78,-10.3,-1.69,31.03
13900,2.24,4.58,25.74,66.63,58.2,-85.2,1019.3,-1.46,-13.65,-0.72,30.87
13920,0,0,20.64,67.03,22.8,-112.2,980.1,-4.33,-15.96,4.45,30.93
13940,2.86,0,9.99,63.52,-89.1,-169.0,1010.2,-12.16,-28.61,3.74,30.91
13960,1.49,2.46,3.46,46.68,-146.2,-93.1,976.8,-20.15,-21.27,5.56,30.73
13980,5.34,0,0,33.9,-48.3,-138.8,988.0,-22.15,-18.03,5.28,30.69
14000,0,0,3.05,21.1,-20.5,-120.4,933.8,-25.83,-15.63,5.56,30.44
14020,0.94,0,0,9.93,-113.3,-82.7,1007.2,-32.18,-4.97,1.15,30.68
14040,0,0.51,0.33,4.86,-141.9,-127.4,1007.3,-24.32,-1.2,-0.9,29.98
14060,0,0.59,1.39,3.04,-59.1,18.7,969.0,-28.88,-1.23,-3.97,29.83
14080,0,0,0.67,0,-39.6,61.8,988.0,-25.48,11.07,-1.31,29.15
14100,4.22,0,0,0.45,-63.0,110.2,1009.8,-26.58,20.44,-3.16,29.44
14120,0,4.23,1.98,3.99,-56.0,70.8,1024.0,-21.59,17.31,-5.12,29.16
14140,0,4.21,0,0,-2.5,157.2,1061.7,-14.5,16.3,-4.77,28.98
14160,0,2.96,0.45,1.14,41.0,159.9,1022.7,-7.49,31.71,-2.38,28.57
14180,2.63,1.11,0,0,31.1,231.3,1019.0,-4.8,24.19,-2.17,28.12
14200,69.8,34.72,6.79,2.94,32.1,141.3,1005.8,1.5,10.82,2.2,28.2
14220,55.87,37.14,22.74,0,53.5,83.8,947.2,13.2,10.63,3.33,28.68
14240,25.45,56.31,31.52,0,6.9,211.8,864.6,17.1,15.6,4.69,29.02
14260,18.94,61.33,41.49,0,30.3,22.6,795.7,22.64,12.2,6.3,29.12
14280,11.64,58.74,49.97,4.45,187.1,121.1,812.6,22.16,14.16,2.44,29.48
14300,1.47,45.73,71.67,4.89,94.2,56.2,788.0,23.75,2.13,2.72,29.63
14320,6.26,33.35,82.26,0,111.7,-1.7,838.8,32.34,-9.59,0.71,30.41
14340,0,26.43,86.02,9.11,74.3,-47.0,836.6,30.01,-3.78,-7.01,30.23
14360,5.23,6.21,81.38,18.08,120.8,-19.8,842.8,23.8,-5.47,-2.98,30.9
14380,0,13.08,75.24,25.99,120.0,-127.8,866.4,21.23,-17.76,-7.67,30.61
14400,0,4.12,66.71,43.5,54.2,-135.8,920.9,17.42,-15.18,-4.92,30.86
14420,0,0,49.39,56.7,96.5,-110.6,928.4,9.72,-15.46,-1.77,30.74
14440,0,0,31.81,66.78,-1.6,-150.2,908.5,5.46,-21.98,-1.82,31.1
14460,1.81,0,18.17,69.42,-4.0,-163.1,997.7,3.25,-22.96,-0.07,30.97
14480,0.39,0.19,11.06,61.39,-105.6,-252.3,1026.3,-11.89,-15.1,4.49,30.85
14500,0,0,4.91,53.39,-87.9,-110.9,994.7,-16.97,-23.57,2.95,30.8
14520,0,1.47,4.93,35.61,-75.7,-97.6,981.2,-19.39,-15.59,4.44,30.94
14540,0.77,4.5,2.24,17.73,55.4,-146.5,999.6,-25.91,-15.29,3.5,31.15
14560,0.16,0,0,17.93,-150.2,-19.2,1001.1,-27.55,-2.79,1.23,30.66
14580,1.16,2.57,3.83,5.78,-133.7,-1.9,916.8,-31.44,0.7,1.39,30.56
14600,0,3.91,2.39,0,-89.9,-78.5,1017.9,-32.51,15.63,-2.9,30.2
14620,5.13,3.21,0,1.7,-82.6,-63.2,979.4,-29.18,5.42,-7.63,29.64
14640,0,2.0,0.94,0.72,-67.7,105.9,959.1,-25.01,12.6,-0.41,29.12
14660,2.39,0,2.36,2.11,-72.4,149.9,1018.3,-17.04,19.48,-0.94,28.78
14680,0,1.19,3.82,0,-62.7,12.2,984.2,-13.95,14.44,-1.89,28.91
14700,5.42,0,0,0.75,-45.4,136.2,1025.1,-6.73,18.32,-4.31,28.38
14720,6.32,0.29,5.87,0,-35.8,170.8,1008.1,2.7,22.28,1.49,28.16
14740,81.92,25.21,12.69,2.48,-64.0,29.3,949.2,-0.42,15.85,0.89,28.39
14760,60.71,38.98,13.15,2.96,-98.4,139.0,929.7,6.94,18.14,2.61,28.46
14780,38.81,48.14,25.25,2.18,7.6,81.6,868.5,13.38,10.79,2.9,28.88
14800,21.19,58.64,30.86,1.5,124.2,84.7,808.4,20.17,22.25,3.43,29.18
14820,5.51,61.28,57.39,0.15,74.5,212.6,845.1,25.87,3.99,2.99,29.38
14840,6.37,48.55,67.13,0,118.7,52.3,788.7,26.32,8.9,-2.08,29.78
14860,6.2,40.89,76.35,8.57,63.9,2.5,829.7,30.49,2.45,1.25,29.85
14880,2.57,30.59,86.01,13.59,143.8,-34.3,817.2,32.67,-2.58,0.94,30.42
14900,2.31,20.36,81.46,15.08,132.9,-20.2,828.4,30.53,-12.51,-2.77,30.66
14920,0,12.08,76.03,29.02,34.8,-94.0,809.9,26.49,-8.04,-4.09,30.48
14940,0,4.41,60.91,36.79,101.2,-197.6,886.1,24.59,-23.07,-2.39,30.85
14960,1.71,1.52,51.1,50.27,18.6,-171.2,933.8,14.07,-14.38,3.07,30.97
14980,3.84,7.42,39.13,61.39,47.2,-143.0,911.4,8.88,-17.77,-5.52,31.09
15000,2.87,0.81,24.45,67.92,-68.4,-118.6,939.1,1.77,-16.75,1.91,30.91
15020,0,0,15.72,67.48,77.6,-92.2,998.8,-7.0,-19.82,-0.1,31.03
15040,1.73,1.91,8.9,47.85,-66.1,-191.6,903.9,-12.05,-15.29,2.46,30.64
15060,0,0,4.67,43.12,-197.9,-97.5,932.1,-15.49,-14.55,8.03,30.96
15080,0.73,0.36,3.06,21.56,-64.6,-55.4,985.9,-21.06,-13.73,3.22,30.47
15100,0,1.99,5.8,18.21,-99.0,-110.6,1021.5,-27.74,-2.72,9.5,30.49
15120,4.35,1.79,0,11.73,-104.2,31.7,988.7,-29.18,0.9,2.01,30.58
15140,1.24,0,0.38,0,-72.1,-27.1,1016.7,-36.51,1.86,1.3,29.87
15160,2.22,3.15,0,5.52,-177.2,12.4,946.6,-24.94,-3.41,-0.66,29.78
15180,0,0,5.49,0,-172.3,224.6,1030.1,-27.71,9.82,-2.7,29.45
15200,0.49,5.13,1.12,0,-72.3,129.9,996.0,-21.42,17.0,-3.27,29.04
15220,0,0.15,0,0,2.1,136.2,1039.3,-17.49,18.96,-2.71,28.96
15240,0.04,1.64,0.19,4.5,-34.4,74.3,968.2,-7.6,19.35,-5.82,28.24
15260,3.87,0,2.69,0,-3.0,150.7,1005.3,-1.15,21.19,-1.94,28.15
15280,76.17,24.46,5.94,0,74.8,134.9,1029.7,2.08,19.27,3.41,27.81
15300,66.01,35.89,9.57,0,28.5,105.1,917.4,13.6,17.26,3.95,28.17
15320,43.87,48.92,21.23,0.01,65.9,101.4,816.2,14.57,13.85,3.18,28.77
15340,26.88,55.86,28.62,0,123.4,69.7,870.3,16.65,12.1,2.87,28.96
15360,9.33,54.57,41.65,0,76.7,99.5,825.8,28.68,8.29,2.57,29.52
15380,3.93,48.63,58.85,0,150.9,92.7,796.8,28.31,6.47,2.49,29.58
15400,5.92,38.78,78.52,0.77,77.6,-0.3,806.9,28.52,4.58,-0.22,29.97
15420,0,33.19,79.75,6.62,150.2,-31.9,842.7,31.12,-10.78,-1.98,30.51
15440,0.89,20.91,87.76,10.2,58.1,-14.7,859.8,29.28,-6.63,-5.29,30.28
15460,0,9.87,76.18,26.78,127.5,-106.0,831.8,26.02,-13.72,-5.29,30.63
15480,0,6.91,68.94,37.82,24.7,-91.3,828.2,23.43,-10.69,-4.07,30.95
15500,1.34,0,56.07,48.54,58.9,-211.9,871.3,12.5,-25.32,-5.77,30.75
15520,0.82,3.14,42.8,60.54,28.3,-123.1,946.3,2.85,-18.06,-3.6,30.93
15540,0,0.33,26.63,70.65,-13.4,-186.5,945.3,2.16,-11.9,2.78,31.05
15560,0,0.79,18.73,63.97,-35.1,-174.5,920.0,-6.5,-11.79,-0.18,30.98
15580,0,2.55,17.09,51.69,17.8,-146.0,942.6,-9.95,-16.36,5.99,30.94
15600,0,0,5.37,36.35,0.9,-104.4,971.6,-19.14,-15.81,6.61,30.73
15620,0,0,2.69,26.15,-41.2,-96.1,1043.1,-23.88,-8.93,1.44,30.94
15640,0,0,4.51,12.74,-16.5,-62.4,1002.7,-23.6,1.05,5.15,30.51
15660,0,0,1.56,14.55,-110.3,28.1,955.5,-29.6,-9.96,3.42,29.99
15680,0,0,0,6.2,-88.5,82.2,1052.1,-35.3,-0.92,0.67,30.15
15700,0,0.03,0,5.0,-56.1,-19.4,958.3,-30.44,0.76,-1.75,29.68
15720,0.27,2.26,0,4.07,-95.6,147.7,991.4,-26.69,10.62,-1.08,29.57
15740,1.11,3.01,0,0,-155.6,88.9,1008.0,-23.89,10.86,-3.33,29.15
15760,3.74,0,3.65,3.08,-80.0,145.2,997.3,-22.44,13.71,-7.19,29.05
15780,0,2.54,0,2.17,-39.6,57.7,1071.3,-7.96,11.44,-0.04,28.89
15800,0,7.25,4.03,0,24.6,178.6,1026.8,-4.47,12.49,-3.24,28.31
15820,77.96,23.5,8.01,0.53,27.1,261.5,991.8,4.77,18.96,-2.98,27.92
15840,68.32,37.95,14.74,0,-71.2,157.8,936.7,5.58,21.86,3.21,28.36
15860,50.83,45.85,18.12,0,-60.2,177.8,946.6,17.48,10.84,5.65,28.95
15880,29.34,54.99,32.01,0.34,126.8,157.6,852.0,19.88,12.28,6.5,28.81
15900,17.41,54.26,41.04,1.12,43.7,112.3,855.3,26.21,14.61,6.92,29.6
15920,2.99,55.78,59.59,0,105.7,106.8,794.0,25.62,6.34,-0.82,29.58
15940,1.28,46.53,69.3,2.24,70.2,-4.1,809.3,27.72,5.24,-3.41,29.92
15960,0,39.67,83.47,0.46,-40.4,-45.5,801.7,28.76,-2.13,0.45,30.3
15980,0,22.81,82.23,10.75,31.9,27.8,838.9,32.25,5.3,-5.97,30.53
16000,0,9.32,82.55,22.95,63.0,-134.2,811.5,25.54,-9.78,-1.72,30.96
16020,0.1,6.93,72.9,33.02,94.8,-114.2,798.0,26.42,-19.63,-6.2,31.1
16040,0,0.32,57.02,39.92,69.1,-109.0,860.6,17.65,-20.85,-2.85,30.91
16059,4.38,3.77,51.61,63.05,56.3,-121.4,920.7,7.46,-14.7,-0.04,30.57
16079,3.49,0,30.53,67.08,-50.6,-147.4,945.7,3.87,-19.43,-4.46,30.65
16100,0,0,22.75,61.85,-38.0,-176.1,1069.2,-2.56,-15.88,1.63,31.07
16120,0,0,14.35,58.26,28.6,-143.5,990.0,-11.98,-23.43,5.4,30.71
16140,0.53,0.03,2.8,50.15,16.7,-218.5,1003.9,-18.91,-20.97,2.24,30.7
16160,0,0,1.87,32.13,-17.2,-150.9,1005.4,-23.19,-12.42,1.45,30.57
16180,0,0,6.52,21.2,-48.3,-168.2,993.2,-33.5,-9.02,2.42,30.58
16200,0.44,0,5.57,9.5,-151.1,17.9,1025.3,-30.89,1.33,0.53,30.6
16219,4.87,0,5.19,8.29,-122.1,43.5,986.4,-25.0,4.73,2.59,30.24
16239,5.33,0,0,1.57,-57.6,-0.6,989.0,-28.39,2.24,-2.8,29.78
16260,0,2.42,0,0,-31.2,113.5,1001.1,-29.22,1.36,-4.02,29.59
16280,0,0,0,4.52,-51.8,93.4,1024.3,-25.35,14.66,-3.05,29.77
16300,1.64,0,0,1.75,-74.5,114.3,1038.9,-23.11,24.32,-4.89,29.15
16320,0,2.53,0,0,35.8,92.2,1034.9,-10.21,19.12,-4.62,28.48
16340,1.43,0,0,1.68,-59.4,112.4,956.5,-2.59,13.65,-0.04,28.36
16360,0,0.04,5.23,4.31,-15.0,128.3,995.4,-0.44,18.63,0.17,27.77
16379,75.09,31.54,8.75,1.1,-0.5,170.5,927.7,7.81,20.61,1.14,28.47
16400,63.39,46.39,10.42,5.35,146.4,153.3,920.3,10.55,21.54,3.7,28.76
16420,32.74,49.97,28.42,0.56,23.8,135.8,819.8,16.12,29.64,2.36,29.43
16440,20.06,61.65,40.48,1.71,40.2,75.1,883.9,17.58,11.32,2.32,29.12
16460,11.01,59.11,54.22,0,51.8,19.2,813.0,29.14,16.58,2.92,29.92
16480,4.96,46.96,69.36,1.71,81.7,-19.9,790.8,33.74,11.0,-2.1,29.57
16500,0,39.3,83.09,2.71,91.5,-35.1,837.0,26.63,-4.72,0.06,30.07
16520,1.65,24.98,84.26,5.34,146.4,-44.4,813.5,25.86,-5.45,-3.81,30.21
16540,0,16.21,82.74,21.12,31.3,-70.0,817.4,25.17,-6.38,-2.81,30.2
16560,3.63,4.28,80.04,24.83,93.1,-85.2,862.6,21.65,-16.84,-7.21,30.8
16580,0,2.12,69.03,44.97,80.8,-128.3,881.2,19.5,-11.4,-5.37,30.49
16600,6.06,0,50.14,55.19,81.2,-129.0,905.8,8.11,-26.76,-8.28,30.72
16620,1.56,0.15,32.59,62.86,-37.3,-133.3,972.3,2.96,-15.71,-0.91,31.14
16640,0,0,24.07,67.39,24.8,-100.8,1020.5,-4.51,-24.64,1.37,31.31
16660,0,4.58,12.01,56.3,-25.9,-153.6,1024.7,-12.69,-21.81,0.09,31.09
16680,0,0,1.01,52.85,54.5,-107.3,1024.9,-19.18,-26.66,2.17,30.79
16700,0,0,4.33,41.3,-38.7,18.2,909.0,-19.07,-25.79,7.1,30.91
16720,0,0.24,8.5,23.44,-101.3,-36.1,992.8,-26.27,-10.03,8.3,30.91
16740,0,0,0,19.99,-28.8,-131.5,975.2,-30.74,-4.03,1.04,30.31
16760,0.14,2.38,0,7.29,-85.7,-89.1,1028.7,-34.33,-11.42,3.69,30.51
16780,1.18,0,0,0,-135.1,-44.7,1022.9,-27.4,-3.14,-0.0,30.01
16800,0,0,5.23,1.45,-96.3,-3.1,1034.9,-30.06,16.73,-1.37,29.66
16820,0.42,1.72,2.88,0.25,-121.7,43.8,960.3,-27.55,8.68,-1.55,29.68
16840,2.17,3.49,0,0,-73.2,49.0,976.4,-21.43,19.76,-7.04,29.41
16860,1.97,0.6,2.18,0,-51.6,124.6,1041.9,-9.93,11.77,-3.53,28.97
16880,1.22,6.62,0.79,3.96,-30.4,232.9,968.3,-9.82,14.6,-2.85,28.52
16900,0,3.2,2.44,2.54,-43.2,156.0,1024.1,-4.1,11.81,-1.02,28.1
16920,82.26,31.57,10.52,3.07,-35.3,224.4,971.5,4.15,26.41,0.59,28.12
16940,60.49,37.45,8.77,0,38.8,129.9,885.6,11.8,28.32,7.47,28.86
16960,42.13,55.84,21.04,3.22,32.6,111.7,857.2,15.13,16.94,2.3,29.18
16980,23.92,60.03,36.15,2.94,-38.4,86.0,820.6,26.32,4.49,6.68,29.2
17000,12.15,56.8,50.07,3.55,175.4,30.7,821.9,29.23,8.54,0.56,29.0
17020,10.15,46.04,63.0,0.17,158.4,33.8,769.9,32.09,9.03,2.89,29.85
17040,0.29,39.94,80.59,0.62,4.0,-66.4,794.7,29.21,3.75,0.52,30.0
17060,3.19,26.7,88.64,6.76,100.8,-41.3,883.5,25.71,-1.86,0.14,30.09
17080,0,18.26,87.47,11.61,101.8,-3.9,811.1,21.87,-6.68,-4.02,30.47
17100,6.69,7.13,79.14,23.87,53.4,-66.4,802.9,28.13,-13.36,-8.19,31.08
17120,3.57,0.35,67.43,40.27,107.1,-99.7,901.9,23.27,-18.65,-6.67,30.73
17140,0,3.44,58.87,54.26,34.4,-179.0,866.2,14.55,-14.08,-3.85,30.95
17160,0,0,43.33,61.88,-20.6,-175.6,1002.4,8.56,-16.9,-8.91,31.18
17180,1.04,0,25.9,66.84,-14.6,-136.9,1031.7,-1.99,-15.83,1.02,31.0
17200,0,0,16.52,66.95,-53.6,-184.4,969.1,-3.66,-18.7,4.14,30.69
17220,0,0,12.33,53.15,-91.8,-122.5,969.3,-10.03,-13.02,6.51,31.09
17240,0.34,0,2.6,42.97,-104.0,-87.7,1048.2,-18.44,-16.93,5.03,30.8
17260,0,0,4.84,28.09,-101.4,-141.7,1010.1,-26.13,-19.03,8.67,30.8
17280,0,0,0,13.95,-8.4,80.9,947.4,-26.46,0.74,2.55,30.48
17300,0,0,0,8.91,-150.2,-65.8,995.4,-27.41,-8.89,0.03,30.47
17320,0,4.78,0,4.33,-60.5,13.9,991.3,-34.08,2.66,-2.49,30.21
17340,5.68,0.02,0,0.66,-178.7,16.3,1001.3,-28.77,0.42,-3.63,29.79
17360,0,0.58,0,2.31,-96.4,58.4,1030.1,-22.77,-0.11,-4.54,29.29
17380,0,0,0,1.72,-52.4,35.8,960.8,-21.43,24.46,-8.42,29.02
17400,3.67,1.13,0.78,0,-52.1,127.9,1015.2,-19.42,18.77,-5.02,29.18
17420,4.37,2.58,1.3,0,45.6,113.1,945.4,-16.58,15.54,-2.3,28.5
17440,0,2.44,1.15,1.54,-79.4,141.1,978.0,-1.19,15.83,-3.83,28.32
17460,78.54,31.0,1.47,0,22.2,108.0,1014.6,1.49,19.68,2.06,27.95
17480,66.04,44.3,13.33,4.73,57.4,139.1,939.5,9.71,20.4,4.36,28.61
17500,48.85,40.72,18.49,0,52.2,48.8,864.1,12.91,14.06,6.45,28.78
17520,29.06,58.3,32.5,0,119.9,91.3,858.3,22.04,2.34,10.9,29.42
17540,13.89,61.3,43.88,7.12,-21.0,27.1,888.6,25.02,-4.23,4.35,29.15
17560,1.75,55.91,62.03,3.52,115.4,128.8,830.1,28.29,13.78,3.95,29.72
17580,0.64,45.47,75.47,4.69,158.1,81.7,818.8,34.55,-3.72,-1.14,29.74
17600,0.41,29.13,81.65,9.36,148.5,-38.9,766.5,28.01,7.79,3.69,30.26
17620,0,21.39,86.06,11.1,85.1,-84.8,818.6,31.45,-8.89,-2.67,30.68
17640,2.73,11.26,82.61,23.07,93.5,15.8,794.5,28.63,-12.59,-6.44,30.92
17660,0.32,2.89,72.92,35.24,7.1,-5.9,838.2,24.15,-21.14,-9.26,31.13
17680,0,0.04,59.51,47.55,36.4,-93.7,893.1,17.71,-17.66,-3.04,31.18
17700,5.91,0,43.05,61.05,92.1,-178.0,910.4,11.9,-11.09,-3.16,31.01
17720,2.5,0,28.48,65.36,-51.8,-142.5,963.0,8.43,-20.46,-0.9,30.82
17740,0,1.34,17.76,65.84,-40.3,-207.8,978.0,-0.09,-14.12,1.08,31.2
17760,2.05,0.49,11.94,56.86,-25.5,-116.1,1018.8,-12.68,-14.74,4.82,30.9
17780,3.2,2.34,4.56,40.93,-32.3,-47.2,974.0,-19.67,-23.76,3.48,31.35
17800,3.57,1.96,0,26.64,-25.1,-123.7,913.5,-23.48,-13.97,5.36,30.94
17820,0,0,0.13,19.52,-102.4,-135.2,943.8,-30.55,-6.66,1.51,30.61
17840,2.81,1.56,0.56,11.18,-117.6,-5.3,1006.1,-29.25,-7.89,5.97,30.4
17860,0.82,1.91,0,6.39,-187.1,-4.4,1012.1,-29.5,-0.02,-4.62,29.97
17880,5.87,3.45,0,8.19,-53.4,100.5,987.7,-28.96,0.1,-5.14,29.87
17900,0.21,0,0,2.54,-23.1,60.0,993.7,-27.74,5.24,-5.99,29.55
17920,0.39,0,0,0,-111.8,124.8,1020.1,-28.77,10.82,-6.31,29.5
17940,0,1.58,0,5.2,-85.9,182.0,1023.0,-20.05,14.68,-6.67,29.15
17960,0,0,0,6.25,-39.3,185.2,1018.8,-11.57,18.19,-4.28,28.42
17980,0,2.01,4.81,2.59,-70.3,149.2,993.1,-7.48,24.3,-2.0,28.48
18000,77.02,19.98,6.7,0.18,15.4,90.7,979.9,2.42,18.26,-1.21,28.0
18020,73.11,33.56,9.74,1.97,8.1,83.5,898.5,4.73,22.26,-0.21,28.35
18040,49.7,41.04,19.91,0.96,22.9,88.5,927.6,14.79,15.66,5.73,28.88
18060,33.5,58.46,26.65,0,-0.2,215.4,898.3,21.11,15.18,5.81,29.08
18080,14.24,58.12,42.92,0,12.6,5.2,814.7,22.57,10.27,6.41,29.36
18100,15.04,54.31,59.29,0.85,91.2,96.5,803.2,26.94,11.53,6.33,29.74
18120,0.73,41.21,68.97,2.76,150.0,64.2,774.7,30.99,-10.36,1.22,30.04
18140,0,39.65,84.73,2.13,102.2,-45.7,800.5,34.06,-2.46,-0.54,29.71
18160,0,23.38,82.89,14.19,72.6,-98.0,765.4,25.66,-7.85,-2.31,30.31
18180,1.92,14.32,81.69,20.19,111.0,-44.8,796.6,24.07,-4.49,-4.73,30.62
18200,0,8.18,74.63,29.15,128.4,-84.2,893.6,20.47,-12.83,-6.31,30.57
18220,0,3.79,62.51,48.27,99.2,-117.6,908.2,13.8,-14.89,-6.43,30.96
18240,0,1.09,49.18,61.86,7.0,-117.1,865.5,15.96,-19.26,-0.79,31.15
18260,0,0.29,29.7,67.45,65.8,-109.8,987.6,3.56,-17.47,-1.56,30.55
18280,4.22,0,23.68,62.46,5.7,-172.0,969.3,-4.79,-13.76,-0.09,30.74
18300,1.71,0,15.33,64.25,7.4,-181.6,991.4,-7.72,-15.64,0.92,30.88
18320,0,0,5.7,50.7,-100.0,-194.7,1020.5,-13.75,-15.33,5.56,31.17
18340,0,0,1.85,36.21,-81.1,4.2,1010.9,-19.79,-16.05,5.58,30.76
18360,2.23,1.92,0,21.78,-84.3,-90.8,1011.2,-27.78,-15.44,3.19,30.84
18380,0,0.68,0,10.26,-125.7,-78.1,1003.1,-28.26,-5.35,6.58,30.66
18400,0,2.67,2.46,6.35,-70.1,-16.6,976.3,-28.53,-7.87,-1.58,30.44
18420,0,5.11,0,2.83,-136.7,98.0,1026.6,-34.08,15.28,0.84,30.48
18440,0,0.83,2.64,0,-184.5,75.8,969.5,-29.57,9.73,-3.96,29.66
18460,3.05,0,0.82,0,21.0,10.0,987.6,-21.97,17.58,-3.47,29.09
18480,0.4,0,0,0,20.6,56.1,997.5,-24.16,10.2,-2.62,29.11
18500,0,2.72,2.04,0,-90.8,65.2,969.0,-18.21,17.23,-6.81,29.05
18520,0,0,1.19,2.09,-37.1,93.4,1014.8,-2.01,21.59,-1.44,28.77
18540,0,2.89,0,1.08,114.7,135.5,975.9,-1.22,32.0,0.17,28.25
18560,74.83,29.87,9.22,2.11,-4.9,170.2,958.7,4.8,16.11,4.74,28.3
18580,57.99,41.64,15.46,0.12,76.8,138.1,918.8,11.64,21.66,0.94,28.91
18600,44.36,52.68,25.25,6.35,-2.6,119.1,869.3,21.33,7.96,2.7,29.05
18620,25.83,56.22,40.29,0,110.3,234.1,835.6,18.35,6.22,1.59,29.33
18640,8.97,60.45,55.0,5.89,-26.2,135.1,779.8,23.89,13.65,2.81,29.48
18660,4.38,44.3,67.27,3.44,162.1,60.4,814.9,30.47,3.75,3.62,30.08
18680,0,38.17,79.49,5.69,149.7,67.9,785.6,29.04,-3.57,-1.21,30.07
18700,7.21,27.25,83.75,9.29,138.5,54.5,852.8,23.73,4.82,-2.0,29.97
18720,0.36,17.54,91.92,18.61,161.0,-27.6,831.7,29.32,1.27,-3.63,30.65
18740,0,6.63,77.57,31.37,80.7,-153.5,903.4,20.73,-13.87,-4.29,30.44
18760,0,5.86,61.77,42.33,82.0,-70.4,846.4,19.53,-24.05,-4.51,30.99
18780,0,0,52.59,51.98,-9.9,-133.0,954.4,17.87,-19.76,-1.6,30.63
18800,0.45,0.8,39.95,56.3,84.9,-145.7,900.7,1.02,-22.14,-5.98,30.74
18820,2.81,4.09,22.8,65.1,169.1,-118.2,1046.0,2.72,-23.04,0.34,31.18
18840,0,0,18.89,61.22,-53.1,-126.4,983.4,-8.14,-15.67,1.05,30.89
18860,2.29,1.16,7.71,48.27,-11.4,-170.4,1002.7,-19.12,-19.54,3.88,30.87
18880,3.83,1.46,4.43,33.91,-40.9,-182.0,1023.1,-20.12,-16.02,2.95,30.74
18900,0,3.91,4.03,21.2,-115.8,-36.4,953.6,-20.45,-12.21,3.21,30.85
18920,0,0,0,13.82,-101.3,-141.9,1005.8,-20.46,-11.62,1.35,30.47
18940,3.86,1.82,0.55,6.37,-68.3,-83.9,1018.0,-28.95,-1.61,1.44,30.52
18960,0,0.75,0,4.57,-127.4,-77.1,952.3,-29.48,2.72,-2.38,30.07
18980,0,0,2.35,5.81,-122.0,47.0,990.1,-25.86,0.5,-3.69,30.03
19000,0,0,2.1,1.5,-63.7,6.9,1021.7,-26.59,6.59,-6.95,29.56
19020,1.15,0,0,0,-71.2,145.6,997.9,-18.7,23.12,-6.97,29.3
19040,0,0,0,3.87,-35.9,99.4,975.1,-15.42,15.14,-3.58,28.5
19060,0,1.51,0,0,-20.0,42.0,981.9,-7.13,14.43,-1.43,28.5
19080,0,0,0,0,-49.8,198.9,1000.4,-2.06,25.54,0.06,28.24
19100,76.93,22.21,8.86,1.74,-47.6,125.7,976.5,2.22,16.8,1.91,27.81
19120,63.5,37.16,15.87,0.14,34.0,206.6,899.7,9.06,12.34,3.77,28.63
19140,39.84,48.86,23.1,0,46.5,197.0,917.9,13.81,12.26,5.44,28.8
19160,22.28,56.12,43.43,0.93,36.2,119.6,860.2,23.44,11.31,5.11,29.32
19180,12.07,64.47,49.29,0,225.2,112.6,855.6,26.61,12.46,5.74,29.47
19200,2.16,50.35,66.37,0.88,84.2,100.1,845.9,28.09,16.68,-1.17,29.54
19220,2.9,36.85,76.69,0.65,98.9,71.3,804.7,31.96,6.13,-0.52,30.25
19240,0,33.27,85.78,6.77,109.6,58.2,763.8,27.05,-9.4,-0.16,30.17
19260,5.04,16.31,91.8,12.11,66.9,-3.6,800.2,27.88,-14.9,-5.72,30.48
19280,0,14.52,76.59,26.45,130.1,-77.5,859.6,21.28,-9.92,-4.06,30.96
19300,2.23,2.26,63.24,34.6,0.8,-99.3,820.9,15.47,-6.91,-6.36,30.94
19320,0,4.79,55.98,41.47,150.2,-48.7,896.7,14.51,-10.45,-2.98,30.74
19340,0,2.25,38.37,66.18,50.0,-90.7,937.5,8.07,-23.28,-1.33,31.2
19360,3.79,0,24.78,65.04,-42.0,-85.2,1014.6,4.84,-23.14,-1.3,30.82
19380,5.14,0,15.9,63.24,-24.4,-223.4,991.9,-6.69,-20.5,2.21,30.65
19400,0,0,5.44,50.52,2.3,-116.2,1009.2,-15.14,-10.29,4.75,31.37
19420,0.58,0,3.76,41.12,-71.1,-143.7,1059.8,-15.24,-1.57,5.73,30.42
19440,0,3.4,0,28.47,-42.9,-199.4,974.4,-20.7,-12.66,5.53,30.58
19460,2.7,0,3.63,15.98,-60.1,-55.2,1030.6,-27.35,-3.51,4.05,30.73
19480,0.88,0,0,11.66,-38.7,-64.2,1015.8,-30.03,-3.76,2.62,30.28
19500,0,1.42,1.63,3.33,-51.2,28.9,1014.5,-29.9,13.77,-0.93,30.44
19520,0,3.04,3.06,4.29,-38.7,23.2,1022.9,-31.08,-5.77,-6.99,30.0
19540,3.88,3.94,3.79,0,-104.2,18.6,1000.6,-29.53,17.42,-5.47,29.39
19560,0.44,4.01,3.2,5.12,-19.0,124.9,1001.1,-25.14,17.38,-1.7,29.2
19580,1.58,2.66,3.44,0,-44.2,146.7,1039.4,-23.75,23.68,-3.99,28.98
19600,0.7,2.05,2.75,1.67,74.5,111.2,998.4,-16.54,12.89,-2.48,28.57
19620,2.29,0.72,0.21,4.68,78.6,183.4,928.2,-2.87,12.29,-3.91,28.42
19640,79.63,24.89,5.87,4.15,-17.4,232.5,977.1,0.87,15.2,2.57,27.83
19660,70.2,38.71,6.07,0,14.4,120.0,1003.3,13.42,20.97,3.82,28.38
19680,51.56,45.19,25.15,1.05,-2.9,175.0,907.2,13.25,24.05,2.93,28.47
19700,27.88,55.19,31.02,0,-2.8,39.6,818.3,22.11,5.68,1.01,29.41
19720,17.05,59.48,46.3,0,125.5,113.1,806.7,28.15,7.29,6.4,29.42
19740,7.73,53.92,54.37,2.31,118.0,-67.9,816.1,33.47,8.06,0.72,29.91
19760,5.32,41.05,70.34,2.07,149.4,-44.1,843.1,26.34,4.51,2.9,29.85
19780,0,36.44,85.94,7.04,171.1,48.7,807.3,26.93,3.45,-1.31,30.22
19800,2.13,19.1,87.8,11.58,158.1,-111.1,774.5,29.81,-5.31,-5.84,30.17
19820,3.55,7.76,79.88,22.41,88.4,-119.6,828.3,27.14,-3.04,-4.11,30.45
19840,0,7.01,79.17,28.99,80.8,-138.6,907.3,20.63,-19.61,-5.36,30.64
19860,0.55,3.37,61.0,49.36,86.5,-128.4,856.9,12.37,-18.56,-1.46,31.09
19880,2.58,3.46,44.2,59.76,10.0,-227.0,931.6,11.85,-21.24,-2.28,30.67
19900,4.1,0.36,35.55,66.12,-54.1,-70.6,981.0,10.02,-21.61,-3.13,30.88
19920,0,0,19.34,59.41,-99.8,-100.4,991.4,-0.87,-9.3,3.18,30.88
19940,0,0,8.16,61.76,-55.7,-135.3,969.2,-10.59,-21.36,6.65,30.68
19960,1.59,0,3.2,39.65,-93.2,-108.5,987.1,-15.29,-24.98,2.37,30.9
19980,0,0,5.45,31.88,-124.1,-149.0,993.0,-25.22,-5.05,3.75,30.68
20000,0.76,0.62,0.63,21.48,-63.1,-0.1,916.2,-26.19,-16.28,4.71,30.83
20020,1.49,0,0.37,11.95,-132.8,-97.1,983.4,-26.3,-11.08,3.52,29.95
20040,2.28,0.68,0,4.41,-71.5,87.6,964.7,-30.31,-10.08,3.27,30.17
20060,2.14,2.0,0,0,-142.7,122.6,983.2,-27.43,7.67,-1.96,30.12
20080,0.03,3.01,4.59,0,-46.7,46.9,1067.9,-26.77,6.2,-0.97,29.38
20100,2.31,0.44,2.78,0,-36.9,84.7,1058.6,-24.07,4.89,-2.81,29.2
20120,0,0.13,0,0,-63.9,143.2,942.6,-19.96,11.55,-5.35,28.95
20140,2.85,2.16,0.41,0,-55.9,76.7,952.6,-13.72,27.83,-4.35,28.63
20160,0,2.64,1.0,3.13,16.7,189.6,996.8,-9.49,11.36,1.21,28.47
20180,5.42,0,0.7,1.04,-43.5,24.3,985.2,-4.63,14.76,-0.75,27.76
20200,70.32,29.03,8.02,0,6.2,140.3,975.2,6.39,16.53,3.15,28.37
20220,56.15,45.2,22.01,0,96.4,213.9,926.9,16.85,22.67,3.45,28.79
20240,36.53,61.13,23.6,1.15,94.8,112.6,825.9,22.61,18.09,5.69,29.08
20260,22.51,53.65,38.89,0,27.1,85.3,904.0,22.45,17.76,4.86,29.37
20280,8.09,56.67,61.84,0,94.2,54.1,805.4,31.24,17.06,2.5,29.55
20300,4.7,48.8,57.97,6.09,132.2,29.2,826.8,26.13,6.67,1.75,29.57
20320,3.19,38.24,75.96,0,102.3,-16.9,806.7,33.85,0.47,2.39,30.1
20340,0,24.65,93.19,11.61,33.2,-58.5,842.6,28.26,0.32,1.4,30.53
20360,2.1,14.79,87.74,15.65,35.7,-6.1,789.9,23.33,-1.96,-6.07,30.7
20380,3.01,5.85,79.13,29.55,109.8,-188.6,814.0,20.34,-7.26,-5.09,30.86
20400,1.3,3.85,61.68,44.97,45.7,-81.7,919.4,16.48,-15.2,-6.02,30.95
20420,1.6,2.71,51.23,53.66,66.6,-117.2,930.4,12.97,-24.87,-2.73,31.08
20440,0,0,35.21,66.51,3.8,-112.4,977.6,4.76,-18.91,-0.4,30.79
20460,0,0.9,22.73,68.27,-40.4,-91.0,953.2,-0.47,-18.36,1.98,30.86
20480,2.98,0,19.18,63.18,-79.4,-121.7,930.3,-12.08,-20.89,1.16,31.13
20500,2.62,0,6.27,49.02,-110.3,-109.7,986.3,-16.46,-22.31,3.58,30.95
20520,0.9,0,2.21,39.72,33.9,-90.8,1007.3,-19.8,-21.52,3.57,31.14
20540,0,0,7.29,28.78,-93.5,-146.1,1063.6,-28.93,-15.61,4.68,30.58
20560,1.24,0,0,11.88,-158.2,-124.1,1003.0,-23.99,-4.52,1.55,30.33
20580,0,0,3.15,6.71,-100.5,-13.8,988.8,-35.07,-1.09,-0.05,30.01
20600,0.52,0.18,0,0,-114.4,-27.4,976.5,-30.03,0.59,-1.42,29.81
20620,0,0.19,0,5.51,-100.4,111.8,1032.3,-24.81,6.56,-4.31,29.89
20640,1.0,0.18,4.34,0,-65.5,101.1,1009.8,-25.5,10.9,-4.01,29.24
20660,0,3.81,1.25,0,-112.0,113.9,1058.2,-20.51,18.1,-4.11,29.38
20680,0,1.72,0,0,-51.5,117.1,989.0,-18.0,14.12,-6.13,29.21
20700,0,0,0.68,0,-18.5,64.5,1028.4,-8.08,25.26,-2.73,28.02
20720,0.72,0.49,2.85,0,-86.3,145.7,1025.8,-2.55,15.44,-4.31,28.66
20740,74.69,32.93,10.02,6.17,17.0,182.6,1028.3,3.36,18.48,3.61,28.42
20760,63.51,39.1,14.93,4.91,42.5,146.9,881.0,13.26,11.79,3.2,28.38
20780,39.32,48.41,26.4,0,20.0,125.4,884.0,15.25,13.73,5.06,28.88
20800,24.16,54.98,35.46,2.36,17.7,37.9,831.4,20.27,3.18,3.61,29.12
20820,10.82,56.95,53.06,2.04,140.3,93.2,806.5,29.79,12.1,4.47,29.6
20840,4.5,46.76,66.78,0.46,152.8,13.9,773.9,30.34,5.49,1.11,29.93
20860,3.52,41.7,77.25,5.08,112.5,-18.8,809.3,28.25,-3.0,-2.08,30.22
20880,0,35.34,82.7,8.68,138.5,48.2,797.0,23.93,-6.76,-1.37,30.53
20900,0,17.21,86.8,15.46,166.8,-114.8,830.1,23.77,-1.05,-3.57,30.48
20920,0,12.07,82.8,25.88,8.1,-92.3,842.4,28.44,-5.45,-5.37,30.59
20940,5.47,6.77,71.11,39.88,25.4,-109.7,884.0,19.16,-23.83,-3.46,30.98
20960,0,7.43,52.04,56.87,19.0,-179.2,930.1,10.44,-14.62,-0.94,30.62
20980,0,0,34.26,65.1,103.5,-71.7,914.9,7.05,-17.95,0.98,31.05
21000,1.14,0,25.78,67.93,38.8,-77.7,1016.1,0.44,-20.1,-3.93,31.36
21020,0.14,0,11.66,64.15,4.5,-143.1,982.6,-7.03,-27.97,1.04,31.34
21040,0.92,0.78,10.6,50.65,-130.1,-106.9,1016.7,-15.96,-11.26,4.43,31.12
21060,0,2.58,5.88,34.21,-14.4,-138.1,1020.2,-14.43,-10.91,-0.87,30.75
21080,0.44,0,1.84,19.2,36.6,-13.4,932.5,-26.38,-10.12,7.68,30.64
21100,0,4.45,0,12.47,-178.5,-85.7,1001.0,-32.96,-14.48,4.51,30.61
21120,2.68,0,1.14,5.22,-98.6,16.0,992.5,-25.67,-9.31,2.91,30.13
21140,1.64,0,0,1.63,33.3,71.8,1069.1,-30.81,5.07,-5.84,30.09
21160,0.32,1.07,5.88,2.06,-49.7,110.1,967.2,-30.87,4.99,-3.81,29.83
21180,0.83,0,1.83,1.48,-86.8,55.6,994.8,-21.67,11.85,-3.38,29.71
21200,4.93,0,0.4,1.18,-19.3,108.0,997.5,-23.86,17.33,-8.73,28.84
21220,0,0,5.0,1.98,-51.1,102.3,973.8,-10.95,10.62,-4.71,29.22
21240,0,3.0,0,0.32,-48.5,119.7,989.2,-11.17,11.49,-0.65,28.77
21260,0,0,0,1.93,47.3,210.8,1031.5,-4.45,14.62,1.15,28.46
21280,75.95,26.97,5.74,0.86,-3.5,134.5,1014.4,-0.74,22.8,-0.45,27.73
21300,66.41,36.61,10.13,3.09,-27.7,166.6,917.6,8.45,20.5,3.49,28.69
21320,43.26,50.66,19.17,0,174.3,171.8,884.8,19.09,20.6,6.9,28.94
21340,25.91,49.38,35.58,0.11,154.9,78.2,881.0,22.98,26.26,5.3,29.04
21360,16.06,57.87,47.53,0.86,109.9,69.5,773.7,24.04,8.6,6.19,29.33
21380,4.05,51.84,67.69,0.44,143.7,44.2,802.1,31.34,12.81,1.48,29.85
21400,0,51.12,74.97,3.23,120.3,-96.8,791.2,29.61,3.17,-3.54,29.92
21420,0,30.55,80.71,7.0,95.1,65.9,800.3,28.68,-6.13,-0.95,30.12
21440,0,19.23,86.44,8.36,-9.6,-85.5,835.3,27.09,-6.01,-3.92,30.44
21460,0,8.57,79.85,20.15,-13.0,31.3,838.4,24.94,-10.11,-3.97,30.54
21480,0,6.44,69.73,35.21,37.2,-75.4,823.0,17.48,-13.85,-4.13,30.93
21500,0.92,4.47,50.74,54.74,23.0,-63.2,899.8,13.81,-22.42,-1.82,30.65
21520,1.47,3.85,40.32,66.3,29.3,-89.6,942.6,10.25,-22.4,-1.44,31.2
21540,0.92,0,32.44,68.44,9.4,-169.5,983.4,1.8,-16.5,-2.81,31.07
21560,3.72,1.95,18.89,68.57,5.9,-121.4,999.0,-9.87,-22.16,-0.53,30.55
21580,0,0,10.21,57.55,82.1,-151.7,994.7,-12.23,-20.03,5.15,31.04
21600,0,3.82,4.55,40.25,22.9,-87.3,1010.5,-17.9,-24.27,3.06,31.1
21620,0.07,0,1.77,27.23,-78.2,-166.5,1020.1,-23.2,-14.52,5.0,30.8
21640,0,0,5.89,18.01,-69.7,-68.3,1001.2,-23.3,-12.25,2.06,30.42
21660,0.05,0,0,6.44,-102.1,-179.9,1043.8,-32.64,-0.26,4.63,30.43
21680,0,0,0,4.64,-118.2,-12.0,1007.8,-35.99,-0.84,-0.82,29.96
21700,0.35,2.81,0,5.09,-134.5,48.1,1005.3,-28.1,3.9,2.96,29.9
21720,0,0.93,2.04,0.92,-84.4,106.5,995.0,-24.98,11.22,0.14,29.47
21740,0,0,0,3.43,-104.7,102.5,993.6,-22.53,0.72,-5.78,29.4
21760,2.32,2.48,4.59,0,-41.3,202.5,1008.3,-20.79,8.38,-4.12,29.08
21780,3.4,0.75,0.42,4.86,11.5,32.9,1003.4,-16.85,26.84,-2.79,28.17
21800,3.33,5.13,0,0.46,107.1,239.5,1002.8,-7.09,17.16,-2.41,28.33
21820,75.23,25.99,3.43,3.88,-54.7,183.5,998.3,4.34,20.5,0.59,28.16
21840,71.04,39.35,13.29,0,71.1,131.5,978.9,7.88,18.65,5.9,28.56
21860,50.51,44.54,17.37,0,45.2,89.6,923.7,17.69,17.98,4.58,28.59
21880,29.02,52.41,26.79,0,34.0,207.5,884.6,18.5,16.73,3.26,28.92
21900,16.25,59.1,35.9,0.38,27.1,86.1,889.0,26.97,13.78,5.6,29.2
21920,11.93,48.03,54.56,0,38.8,35.3,830.3,28.89,15.75,6.83,29.36
21940,1.91,44.31,71.34,2.6,71.4,105.1,834.5,35.57,4.42,-0.19,30.03
21960,2.48,31.05,77.26,6.73,130.1,-89.9,794.8,28.6,-6.72,0.02,30.41
21980,0,22.42,90.79,10.44,49.9,-52.8,799.8,32.16,-9.01,0.09,30.34
22000,3.24,18.91,85.65,16.83,92.5,-107.2,811.0,26.39,-10.86,-6.36,30.34
22020,0,4.42,73.05,27.25,73.1,-27.8,856.6,23.55,-15.82,-7.87,30.59
22040,3.85,2.5,65.39,44.54,65.3,-237.8,898.5,11.89,-18.83,-5.86,30.82
22060,0.63,0.86,45.91,56.96,27.2,-245.4,912.7,11.92,-19.33,-2.61,31.01
22080,0,1.81,28.49,66.11,26.1,-129.8,1022.3,3.42,-22.75,-3.56,31.19
22100,6.31,0,23.14,63.23,-24.9,-189.5,1037.1,-2.81,-27.42,-0.54,30.78
22120,4.04,0,14.34,55.38,18.5,-100.1,979.0,-11.21,-17.78,0.31,30.69
22140,6.04,0,8.39,45.35,-36.0,-188.8,984.1,-14.9,-20.64,5.77,30.8
22160,3.91,0,5.06,34.08,-88.9,-192.7,998.2,-26.04,-13.01,6.01,30.99
22180,4.03,2.48,0,22.62,-18.6,-78.6,995.2,-30.62,-4.77,6.43,30.5
22200,0.31,2.94,6.69,3.92,-107.1,22.2,990.9,-32.1,1.99,2.77,30.86
22220,0.19,6.08,2.6,4.26,-144.8,108.4,1004.7,-31.12,-8.88,2.71,30.31
22240,1.77,0.48,1.65,3.6,-112.7,51.6,965.1,-38.12,8.88,-2.79,29.97
22260,0,0,0,0.41,-66.5,-9.4,988.9,-26.92,-1.0,-4.12,29.76
22280,1.17,0.59,2.46,1.58,-22.9,159.6,993.5,-23.77,11.79,-2.86,29.23
22300,0.93,0.41,0,4.52,-129.3,136.6,1026.8,-20.18,16.31,-2.87,28.99
22320,4.96,4.58,0,2.71,-96.2,127.5,982.8,-16.83,12.16,-2.95,28.51
22340,2.25,0,0.91,6.33,-129.8,173.9,1018.7,-6.6,28.87,-3.4,28.69
22360,0,0.64,3.04,2.02,67.5,161.2,1003.5,-0.42,19.88,-3.91,28.36
22380,72.44,24.75,8.18,0,44.8,207.8,918.5,1.6,33.43,-0.49,28.26
22400,60.72,44.29,19.62,2.45,102.5,131.9,915.3,13.75,13.55,4.44,29.0
22420,38.01,52.15,31.01,0,121.5,147.3,930.4,14.82,8.47,2.79,28.58
22440,19.32,60.32,44.27,5.73,34.7,62.3,855.2,20.89,9.48,4.0,29.13
22460,4.58,52.21,53.14,1.74,87.8,82.3,841.5,29.9,6.08,2.52,29.54
22480,0.43,46.67,63.67,3.45,75.7,17.2,841.8,28.08,4.96,4.64,29.82
22500,3.52,35.92,84.54,4.91,79.8,-11.8,782.7,29.85,-0.54,1.45,30.09
22520,0.91,23.8,90.35,7.37,109.7,-69.9,805.5,27.53,2.35,-1.84,30.28
22540,0,15.22,84.14,14.05,213.5,-75.8,815.6,29.04,-13.29,-0.86,30.56
22560,0,14.44,73.66,28.14,73.4,-138.3,825.2,22.51,-19.76,-4.15,30.44
22580,1.81,8.16,61.84,47.9,151.2,-101.8,866.6,15.44,-11.24,-4.86,31.01
22600,6.52,6.19,53.51,47.47,8.2,-169.6,877.7,10.02,-8.66,-4.73,30.96
22620,0,2.93,33.96,60.92,-1.8,-166.9,943.4,9.09,-16.88,-2.21,30.87
22640,1.14,1.65,21.11,65.96,-28.3,-192.4,990.0,-0.77,-25.45,0.65,31.35
22660,0,4.2,21.89,61.85,89.8,-120.7,950.1,-9.7,-19.1,4.81,30.96
22680,0.49,1.71,2.32,51.01,-1.2,-230.9,1027.7,-15.56,-21.37,4.26,30.89
22700,0.03,7.96,6.3,38.16,8.1,-40.3,986.5,-18.17,-11.53,6.66,30.81
22720,0,0,2.4,21.83,-88.5,-79.8,983.1,-23.93,-11.44,4.15,30.84
22740,0,2.72,8.68,16.62,-199.9,-39.0,1017.7,-22.35,-5.52,4.94,30.16
22760,4.67,0,0.23,10.86,-205.1,11.3,933.2,-32.09,-10.24,4.63,30.33
22780,0,0,2.54,1.77,-3.4,-42.3,989.6,-26.18,-3.5,-0.07,29.58
22800,5.9,0.73,3.98,0,-97.2,-3.7,1010.8,-24.71,9.04,0.14,29.77
22820,2.02,0,0,6.18,-37.3,16.1,1011.1,-23.25,9.72,-4.89,29.32
22840,2.41,0,0.89,0,7.4,74.1,971.8,-22.87,10.56,-4.9,28.98
22860,6.7,0,4.84,0.62,-71.0,175.4,952.8,-17.07,17.25,-4.6,28.47
22880,6.78,0,2.37,4.68,-72.6,186.6,969.9,-11.47,22.91,-4.28,28.49
22900,0,0.4,0,0,-76.1,155.8,997.1,2.25,22.1,0.21,28.01
22920,78.24,28.81,7.07,0.4,50.0,197.6,945.6,6.64,21.4,0.92,28.11
22940,58.56,34.99,14.65,0,41.3,204.5,853.4,9.74,18.17,2.42,28.47
22960,42.28,45.67,21.53,0,29.1,66.2,936.2,22.2,14.33,6.0,29.05
22980,26.43,55.09,35.36,6.83,125.2,131.2,865.7,20.42,11.11,6.95,28.94
23000,9.57,55.79,48.06,1.67,147.1,51.2,837.5,26.34,19.79,4.45,29.92
23020,3.65,51.67,67.34,4.43,118.0,62.8,833.6,27.59,4.11,8.93,29.76
23040,3.52,32.39,78.44,3.71,141.3,76.5,816.0,33.63,-6.67,-0.27,30.04
23060,0,26.67,81.64,9.85,209.4,-179.4,816.9,27.55,-12.37,-0.35,30.46
23080,1.64,22.32,85.73,14.91,78.8,-59.6,846.8,22.78,-5.73,-2.87,30.61
23100,0,3.39,78.33,26.01,171.1,-77.0,807.0,26.02,-12.8,-2.3,30.59
23120,1.09,10.2,66.37,40.2,47.3,-101.4,894.1,22.67,-18.02,-3.82,30.79
23140,3.36,1.18,52.7,51.59,162.0,-107.5,892.4,22.37,-18.51,-5.66,31.12
23160,1.42,5.12,39.78,61.03,-33.9,-120.1,890.8,11.86,-13.86,-4.0,30.99
23180,0,0,19.2,63.32,4.2,-128.6,1042.3,0.37,-24.74,2.39,31.24
23200,0,0,19.33,66.43,60.0,-148.8,993.2,-8.11,-17.76,3.02,31.25
23220,0,1.23,7.65,48.99,-22.9,-198.2,956.1,-13.55,-21.68,3.83,31.0
23240,0,0,5.25,42.83,-2.3,-33.1,957.9,-21.98,-30.3,3.26,30.97
23260,3.39,0,3.67,33.53,-20.6,-65.5,963.8,-28.58,-8.27,3.01,30.86
23280,0,0,0,14.14,-115.6,-24.5,979.9,-22.36,-2.76,3.46,30.56
23300,0,0.68,1.79,12.25,-115.6,-107.6,1031.1,-32.94,-14.04,3.56,30.77
23320,0,0,4.13,7.36,-125.7,8.3,988.0,-31.99,-3.97,1.8,30.23
23340,0,0,0.08,0.04,-110.3,61.2,1004.4,-31.36,-2.9,-1.24,29.59
23360,0,0.63,0.79,1.21,-118.7,106.0,974.0,-25.75,9.19,-6.25,29.46
23380,5.1,0,1.95,0,-37.2,169.0,1031.9,-23.75,15.3,-2.95,29.58
23400,0,1.7,0.01,0,-125.4,174.8,1029.3,-13.79,13.99,-6.28,28.85
23420,3.75,0.73,0,2.15,-72.5,234.9,1072.1,-6.61,15.61,0.34,28.49
23440,1.22,0.05,1.11,0,-100.2,84.9,953.5,0.11,12.95,-2.48,28.49
23460,81.02,20.97,5.23,2.08,49.2,180.5,983.9,-0.05,32.05,-1.81,28.26
23480,67.88,41.01,11.09,0,-55.0,139.7,916.6,14.24,20.47,5.69,28.73
23500,51.92,45.29,18.84,0,-26.2,198.7,833.7,11.41,23.61,5.8,28.82
23520,24.14,63.89,31.22,0,58.1,140.1,937.1,16.45,1.75,1.89,29.33
23540,12.78,55.21,49.4,0,190.9,134.1,835.7,23.82,7.81,3.06,29.28
23560,8.33,61.1,61.29,0,86.1,19.8,856.4,29.18,2.8,7.03,29.85
23580,7.2,48.22,75.31,2.9,40.5,-93.6,756.1,30.65,2.74,0.76,29.91
23600,0,28.41,81.0,2.89,174.3,-50.8,853.6,33.43,-0.88,-1.87,30.14
23620,0,21.89,92.33,10.38,74.0,-99.8,797.4,30.08,-8.81,-1.55,30.42
23640,3.04,13.95,80.42,24.02,79.7,-18.0,854.4,22.55,-10.85,-1.33,30.57
23660,2.65,7.04,68.95,31.09,3.0,-138.0,856.5,15.88,-19.5,-6.52,30.92
23680,5.09,3.14,59.07,44.47,113.2,-154.8,866.3,19.37,-16.58,-3.76,30.42
23700,2.1,0,44.37,55.19,4.4,-176.8,943.1,9.16,-21.42,-6.28,30.93
23720,0,3.08,29.24,62.31,-94.6,-196.2,994.6,2.11,-22.0,0.31,31.37
23740,0,0.99,16.25,68.89,36.9,-132.8,1024.9,-5.76,-23.31,4.49,31.11
23760,0,0.54,9.43,54.37,26.0,-179.3,1014.8,-15.19,-25.12,6.36,30.98
23780,2.21,0,4.36,41.29,-72.2,-145.2,1038.7,-17.84,-16.96,3.22,30.81
23800,2.93,0,1.32,28.61,-30.3,-91.4,1015.4,-24.93,-8.7,7.29,30.67
23820,0,1.58,3.5,20.36,-97.6,-8.0,997.3,-26.52,-4.72,4.31,30.61
23840,0,0,4.69,15.69,-163.6,-101.4,961.7,-28.63,-7.43,3.04,29.95
23860,5.02,4.88,0,0,-110.8,-39.4,999.8,-31.73,-12.41,1.9,30.11
23880,0,0.68,0,0,-119.0,75.1,1028.7,-29.51,1.06,0.71,29.87
23900,0,1.79,0,0,-51.7,61.6,1006.7,-24.95,9.95,-5.61,29.53
23920,4.31,0,0,0,-109.0,60.3,1011.7,-20.63,12.3,-4.23,29.46
23940,0,0,0,0,-26.3,97.4,1013.4,-22.41,13.02,-4.2,28.83
23960,1.8,0,2.94,0,-71.4,158.4,1023.3,-12.2,20.99,-3.43,28.76
23980,0,0,3.62,2.39,-76.4,196.6,996.8,-3.58,17.36,-3.5,28.25
24000,79.47,18.38,6.73,3.21,60.9,125.6,920.4,1.45,23.88,0.23,28.34
24020,74.8,30.06,12.23,0,61.2,111.8,950.2,7.37,17.61,0.15,28.34
24040,51.04,47.17,11.62,0,99.5,92.2,887.8,11.63,30.25,5.1,28.49
24060,31.65,50.44,24.8,0,30.4,211.4,873.2,16.36,7.82,3.46,29.08
24080,9.53,59.74,42.18,0,66.3,95.8,820.2,24.52,10.86,3.44,29.32
24100,12.75,55.28,56.88,3.63,129.7,-9.6,829.5,25.58,8.4,8.75,29.73
24120,3.12,50.84,72.94,0,106.4,-107.8,831.2,27.23,4.3,-2.08,29.76
24140,4.3,36.73,82.21,2.21,45.9,64.3,839.5,31.77,-3.01,0.31,30.42
24160,0,27.7,85.7,6.53,134.9,-52.7,871.2,28.46,0.28,-2.63,30.76
24180,3.2,9.55,82.18,18.31,-32.4,-90.5,866.1,25.67,-10.21,-1.73,30.79
24200,0,12.76,77.1,32.6,107.3,-161.0,817.7,22.6,-16.75,-2.32,31.0
24220,0,4.44,60.67,48.99,73.0,-67.8,915.1,21.64,-16.3,-3.9,30.49
24240,1.83,5.88,49.5,57.6,-11.1,-115.3,972.2,9.77,-17.1,1.22,30.96
24260,2.44,2.63,34.16,66.86,-70.1,-174.6,954.4,5.03,-12.4,-0.58,31.43
24280,0.67,0,17.34,68.58,82.8,-154.7,1004.0,-0.98,-28.43,1.93,31.06
24300,3.12,0.84,16.68,55.49,-91.7,-148.2,1006.7,-7.49,-24.75,2.53,31.13
24320,0,2.91,5.79,55.62,-72.8,-127.2,1006.9,-17.21,-20.45,5.61,31.04
24340,0,0,0.87,34.27,-5.3,-60.0,1017.7,-17.52,-10.97,4.21,30.81
24360,0,2.93,0,22.4,-106.8,-206.2,1069.2,-29.37,-20.19,1.91,30.38
24380,2.92,0,0,10.19,-7.9,-175.0,1006.6,-25.32,-10.8,2.37,30.62
24400,0,0.02,3.14,5.51,-122.5,-7.8,999.1,-34.79,-0.32,2.19,30.47
24420,1.92,1.29,1.56,1.4,-102.4,22.0,1027.7,-31.33,4.14,-2.98,29.7
24440,2.77,0,0,0,-62.1,64.0,1043.7,-31.88,3.32,-5.37,29.82
24460,0.44,0,0,0,-21.1,60.6,1030.7,-27.1,11.93,-3.71,29.51
24480,0,0,0,0.91,15.9,82.8,966.9,-22.35,15.08,-4.68,28.72
24500,2.57,3.07,0,0,-108.3,137.5,1038.9,-12.45,24.65,-6.74,29.25
24520,6.8,2.5,0,3.28,-95.0,130.9,1024.5,-8.87,27.6,-3.66,28.27
24540,0,0,8.79,0.66,106.7,245.0,997.4,1.21,12.25,1.37,27.91
24560,70.61,32.08,11.19,0,7.2,240.8,950.0,2.54,20.2,4.17,28.2
24580,53.48,38.37,14.17,0,39.6,91.2,915.2,6.36,20.09,3.05,28.93
24600,40.79,52.3,25.84,0,61.7,63.6,928.3,17.99,13.41,3.94,28.87
24620,18.21,56.71,37.59,0,42.5,125.2,845.5,18.5,16.17,4.78,29.25
24640,10.02,53.33,52.3,1.52,131.9,125.0,833.1,25.47,-0.31,3.83,29.65
24660,4.18,51.06,63.96,4.66,170.7,-33.5,754.6,29.35,1.11,1.1,29.84
24680,1.06,38.12,75.72,0,111.3,75.1,763.6,37.22,-5.96,-3.91,29.96
24700,0,23.0,88.23,5.14,96.3,-7.2,792.8,31.91,1.02,-3.15,30.4
24720,0,17.06,83.63,14.3,162.1,-15.0,810.1,26.2,-5.07,-3.65,30.74
24740,0.64,12.8,77.62,26.85,119.2,-71.0,879.3,27.08,-15.06,-7.16,30.95
24760,0,5.79,63.87,42.37,146.0,-111.3,916.8,22.4,-7.15,-8.42,30.6
24780,0,0,47.37,57.6,38.2,-163.0,898.0,13.18,-18.52,-7.41,30.94
24800,0,0,29.32,65.9,-20.3,-168.2,967.9,9.56,-12.07,-2.2,30.8
24820,0,0.62,25.85,66.0,-85.9,-105.2,978.6,-2.74,-17.9,-1.74,30.91
24840,0,2.51,15.34,58.51,-50.4,-103.0,966.4,-8.47,-11.07,-1.49,30.76
24860,0,1.85,5.9,54.21,-102.3,-124.1,997.0,-17.69,-23.25,4.9,31.1
24880,3.78,1.97,5.35,37.27,-48.0,-135.4,1000.8,-21.05,-14.6,3.49,30.94
24900,2.15,4.16,3.57,24.39,-36.7,-142.2,980.6,-26.28,-2.39,3.41,30.94
24920,4.58,0.08,2.67,13.55,-140.7,-14.5,997.7,-30.45,-11.32,1.5,30.39
24940,0,0.2,0,6.12,-124.7,-73.1,1018.0,-29.31,0.85,1.89,30.69
24960,0.47,0.87,0.3,1.01,-1.5,-18.7,1013.4,-35.64,1.55,-2.73,30.05
24980,4.09,0,0.03,2.25,-91.9,65.3,1015.4,-29.53,2.75,-3.25,29.92
25000,0,0.73,2.66,0.19,-80.8,112.3,1037.0,-17.58,11.03,-5.04,29.66
25020,0,0.34,0,2.24,-97.2,132.6,997.5,-21.8,13.46,-3.6,29.11
25040,7.2,0,0,0.36,-149.2,139.0,1094.8,-18.38,29.46,-7.7,28.74
25060,0,1.02,0,0,90.4,160.2,1027.7,-6.64,14.69,0.65,28.34
25080,3.92,4.13,0,0,45.4,86.8,1099.8,-10.26,10.8,-3.01,28.12
25100,75.74,27.47,8.6,0,191.3,123.5,981.3,3.62,24.37,2.32,28.39
25120,64.14,37.02,17.14,0,-28.7,103.0,941.6,9.32,29.08,2.62,28.79
25140,40.84,55.1,21.0,0,47.4,61.7,934.9,16.41,23.18,5.62,29.16
25160,28.89,50.15,34.57,0,144.4,21.8,833.2,20.82,16.82,7.84,29.0
25180,7.11,59.42,44.45,0.74,152.5,135.6,853.7,29.55,8.39,5.14,29.37
25200,7.09,53.47,66.36,1.64,73.4,59.4,821.3,29.4,-4.94,4.41,30.0
25220,0,41.94,77.82,0,211.9,85.9,785.0,25.43,3.08,2.25,30.09
25240,0,25.12,81.58,9.5,95.4,-74.4,748.1,32.42,0.99,-0.57,30.05
25260,0,18.91,86.55,16.52,140.6,-79.0,790.7,30.93,-10.59,-4.87,30.22
25280,0,11.46,79.0,25.87,95.6,-39.1,860.4,26.99,-13.97,-4.75,30.68
25300,5.58,5.91,69.97,33.33,5.5,-94.0,893.5,19.24,-15.26,-4.48,30.9
25320,0,7.61,50.05,49.14,38.0,-64.5,944.1,14.42,-20.51,0.93,30.86
25340,0,1.12,44.11,58.82,48.8,-112.9,948.9,11.53,-30.58,-7.5,31.05
25360,0,3.58,27.05,64.09,48.5,-147.7,953.7,3.27,-24.91,-0.66,30.97
25380,0,2.35,19.65,65.26,72.0,-126.8,1020.2,-13.69,-24.12,4.44,31.01
25400,0,7.17,8.37,53.26,-76.0,-85.3,988.3,-10.71,-19.3,0.3,30.99
25420,0.71,0,3.19,43.8,-68.4,-127.6,991.6,-20.03,-19.36,5.09,30.87
25440,4.55,0,2.81,25.71,-81.8,-137.1,970.5,-25.5,-7.86,4.63,30.86
25460,0,2.49,0.68,13.95,-102.7,-84.9,1020.7,-24.55,-0.89,4.92,30.53
25480,1.45,3.52,1.88,8.7,-46.4,-8.3,1005.2,-25.03,-4.75,-0.26,30.29
25500,5.58,0,1.04,3.5,-73.5,28.6,978.9,-28.39,-6.65,0.05,29.83
25520,0.22,0,0.96,5.21,-105.3,33.8,977.5,-31.17,-7.86,-2.15,29.95
25540,0,4.1,3.42,0,-43.4,13.3,1023.7,-20.71,0.47,-4.48,29.48
25560,0,2.84,0,0,-152.0,133.4,1063.2,-16.78,5.67,-3.81,29.19
25580,0,0.74,0,5.52,-105.4,188.8,960.0,-21.15,16.31,-5.13,28.85
25600,1.22,0,0,3.56,17.8,223.4,986.1,-7.8,18.03,-4.48,28.33
25620,0.1,0,0.03,0,-53.7,150.2,1025.7,-5.22,13.64,1.51,28.18
25640,83.4,27.19,8.92,0,53.6,155.5,1022.9,1.41,23.93,-2.39,28.29
25660,66.39,30.85,11.79,0,40.7,197.7,864.7,6.88,10.53,0.84,28.4
25680,50.77,49.43,21.81,2.84,51.5,177.7,912.0,12.7,24.8,2.63,28.38
25700,29.31,54.5,33.67,2.66,24.6,-1.3,928.7,14.53,16.8,7.19,29.28
25720,17.77,56.81,44.47,0,-22.1,193.3,836.9,23.54,7.75,5.2,29.29
25740,6.99,57.79,64.76,1.94,147.5,30.1,841.5,32.45,2.9,4.01,30.01
25760,1.02,38.66,72.32,1.64,84.1,47.1,797.9,29.01,1.22,2.48,30.24
25780,0,29.77,84.59,12.12,21.8,-63.0,865.8,31.17,-5.91,-2.53,30.33
25800,2.31,16.61,81.63,10.92,79.7,-60.9,770.1,28.77,-18.37,-5.18,30.12
25820,3.99,12.54,83.84,20.25,91.0,-156.4,830.9,30.08,-18.43,-1.35,30.72
25840,0,7.96,68.97,26.42,29.8,-144.4,902.1,24.55,-13.49,-8.79,30.78
25860,3.05,0,58.01,44.53,-96.7,-145.1,978.8,10.78,-18.4,-4.66,30.98
25880,0,0.05,44.05,62.74,47.0,-142.9,943.6,6.83,-20.03,-4.36,30.63
25900,0,0,32.84,67.96,108.9,-132.7,1030.6,3.34,-23.24,-5.53,30.71
25920,1.35,0,18.25,65.27,-19.4,-166.1,1026.3,-1.12,-21.19,5.26,30.91
25940,5.98,0,10.48,56.53,-64.4,-139.4,976.9,-6.89,-15.89,5.54,31.0
25960,0,0,6.22,49.73,-3.4,-74.6,1040.2,-17.48,-19.23,3.34,30.84
25980,2.49,0,7.04,30.74,-124.9,-103.1,1013.2,-18.08,-7.33,4.45,30.77
26000,0,0,2.51,15.23,-114.5,-142.5,976.4,-27.47,-6.87,3.75,30.52
26020,0.9,3.22,5.5,13.06,-124.6,-41.8,1036.7,-33.76,-5.76,0.86,30.43
26040,1.62,2.59,2.45,0.55,-147.0,-48.6,960.0,-30.3,-4.66,-2.2,30.52
26060,0,0.17,0.11,1.83,-131.9,-61.7,1013.6,-26.7,9.99,-2.55,29.76
26080,4.25,0.94,1.66,1.48,-60.5,114.2,1011.3,-27.75,5.72,-2.28,29.52
26100,0,0,0,3.47,-164.1,105.0,973.4,-30.54,8.17,-8.21,29.52
26120,0,0,0,3.62,-66.4,37.3,1014.8,-27.94,21.14,-3.92,29.04
26140,2.73,0,5.18,0.67,-75.6,64.3,1031.1,-12.37,19.65,-1.08,28.66
26160,0,0,0.97,0,-34.4,146.1,992.3,-12.04,20.99,-4.2,28.18
26180,0,0,5.89,0,-150.5,148.6,951.6,-2.46,25.18,-4.55,28.03
26200,72.61,30.07,6.44,4.78,51.9,189.5,974.1,3.97,14.75,-0.06,28.28
26220,51.26,41.45,20.77,0,6.0,22.0,895.8,8.61,21.84,5.85,28.59
26240,34.1,50.24,27.72,0,1.2,137.5,867.0,17.31,18.93,5.14,29.23
26260,18.33,55.87,39.09,0,174.7,154.7,864.0,21.21,21.89,3.5,29.4
26280,8.25,50.18,56.84,0,107.0,48.2,836.6,29.56,4.42,5.26,29.49
26300,4.15,43.21,70.45,4.24,155.4,64.3,829.7,35.22,-0.12,-0.16,29.77
26320,0,33.78,79.86,0.01,52.8,56.3,786.2,31.27,3.9,-2.3,30.17
26340,0.11,23.18,86.37,14.12,108.0,-12.8,768.6,28.91,-0.16,-4.87,30.38
26360,0,14.91,83.79,20.43,106.0,-68.0,771.5,29.65,-13.18,-5.56,30.72
26380,0,5.2,76.06,30.57,89.2,-204.4,821.2,21.85,-2.75,-5.75,30.9
26400,2.98,7.48,69.56,42.49,63.4,-84.6,884.9,15.16,-22.75,-6.43,30.91
26420,0,3.82,46.42,57.75,-30.0,-84.1,923.0,12.08,-21.75,-6.61,31.09
26440,0,2.21,30.28,60.99,60.8,-75.1,981.9,4.68,-14.11,-3.12,30.77
26460,0,0,16.88,65.01,-44.3,-123.1,919.4,-4.13,-21.62,-0.68,31.1
26480,3.46,0,6.08,63.25,-47.9,-133.7,985.5,-10.05,-20.18,1.1,31.24
26500,0,0,6.08,50.0,-8.6,-120.8,1049.9,-18.49,-20.83,6.45,30.73
26520,0,0.16,3.74,37.53,-34.5,-56.9,1025.0,-18.25,-4.75,4.59,30.67
26540,0,5.15,0,24.67,-108.2,-93.0,1039.8,-26.96,-13.79,6.4,30.69
26560,2.78,0,1.73,13.22,-113.7,-77.9,1012.0,-28.02,-4.19,1.55,30.35
26580,3.56,1.43,1.23,7.73,-100.3,-32.1,1018.9,-30.25,-5.18,1.35,30.26
26600,0,0.45,0,1.42,-98.4,13.6,1026.4,-32.06,2.99,-4.81,30.07
26620,5.1,2.69,0,1.59,-48.7,69.4,1017.1,-31.53,7.73,-3.08,29.77
26640,0,0,1.2,2.33,-86.4,74.6,984.9,-25.55,5.23,-5.73,29.5
26660,5.26,1.23,0.34,3.63,-103.8,176.6,1060.1,-23.28,9.82,-4.84,29.19
26680,5.16,1.02,0,0.24,-1.7,130.9,936.8,-15.92,16.21,-3.27,28.6
26700,0.47,3.91,5.93,0,39.9,138.8,975.5,-8.27,25.57,-3.2,28.75
26720,0,1.42,0,0,74.0,165.0,1004.8,1.17,16.16,-2.35,28.46
26740,79.19,31.06,4.48,0,23.5,125.1,976.6,0.81,16.13,0.6,28.42
26760,61.61,38.82,19.14,3.27,132.6,125.8,924.1,6.0,17.29,0.19,28.51
26780,40.39,48.23,28.43,0.15,172.1,71.2,873.3,17.24,18.35,2.93,28.77
26800,19.18,57.49,37.74,3.58,95.4,35.3,845.1,18.18,14.48,7.0,29.42
26820,9.86,53.26,48.7,2.37,24.6,2.6,852.2,26.08,17.97,5.53,29.48
26840,4.93,49.86,68.52,3.46,128.6,27.5,845.1,21.49,5.45,3.19,29.86
26860,0,35.87,76.69,4.05,118.9,37.9,839.4,31.57,6.35,-0.15,30.01
26880,4.79,28.17,85.15,11.88,112.0,-36.3,773.6,32.55,-6.51,-2.45,30.64
26900,0,18.37,80.62,16.05,111.6,-114.6,802.7,26.0,-6.49,-4.22,30.22
26920,0.4,6.68,76.95,26.18,106.5,-30.6,785.7,23.19,-21.23,-7.08,30.52
26940,3.17,7.85,63.44,36.45,-18.3,-199.6,876.9,20.52,-9.46,-4.78,30.95
26960,0,6.34,54.44,50.19,88.6,-210.0,915.6,10.49,-14.97,-5.01,30.7
26980,0,0,34.32,63.88,4.6,-79.1,941.6,10.11,-16.78,-0.49,30.79
27000,2.73,0,21.01,70.23,-12.3,-115.4,1038.8,2.32,-23.21,0.7,30.79
27020,2.12,2.33,16.53,63.03,-13.1,-246.2,1006.4,-7.63,-18.91,3.77,30.9
27040,1.5,0,12.94,54.32,-32.8,-153.0,940.8,-14.59,-14.68,3.12,30.83
27060,0,3.1,1.21,40.5,-92.6,-82.0,972.7,-21.8,-13.09,2.58,31.02
27080,0,0.13,1.84,24.7,-78.0,-123.5,973.8,-24.26,-14.63,3.1,30.87
27100,0.47,1.46,0,13.75,-195.0,-74.1,1040.0,-26.94,0.13,7.52,30.08
27120,0,1.59,2.29,5.58,-20.3,-68.4,961.3,-33.92,0.24,1.4,30.47
27140,0.87,0.15,0.91,7.36,-172.2,63.3,1033.0,-30.01,4.64,0.62,29.98
27160,0,0,0,1.07,-51.0,19.6,1004.5,-31.49,5.66,-3.37,29.52
27180,0,0,2.92,0,-152.0,22.7,991.4,-27.92,16.39,-5.87,29.49
27200,0.83,0.44,0,0,-94.0,148.4,976.4,-23.83,20.71,-2.47,29.04
27220,1.7,0,0,0.22,-62.2,190.8,996.8,-21.88,11.51,-4.32,28.52
27240,3.96,0,2.57,0,15.3,49.6,996.9,-6.16,19.5,-4.84,28.5
27260,0,1.92,0,0,-64.4,215.8,1011.8,3.48,9.67,-2.91,27.87
27280,74.78,32.2,3.89,0,-19.3,135.8,971.9,0.98,13.65,-1.66,28.25
27300,73.46,35.86,9.38,4.43,51.9,190.4,983.4,8.48,14.76,3.67,28.61
27320,48.72,49.6,23.0,5.47,74.5,99.1,911.7,15.32,6.85,9.14,28.92
27340,32.74,61.97,31.76,6.06,77.4,165.3,826.2,23.2,19.21,4.35,29.07
27360,13.08,61.34,47.66,0.31,79.5,87.1,795.2,26.84,17.46,1.95,29.43
27380,3.81,53.33,62.58,0,90.0,31.1,781.2,30.58,6.6,3.58,29.7
27400,3.67,43.74,74.42,2.66,120.3,-27.5,789.7,33.55,-2.55,5.53,30.09
27420,0,30.82,81.51,4.12,62.4,66.1,812.7,29.1,-0.71,-1.18,30.29
27440,2.71,25.16,88.68,9.44,48.2,29.7,827.7,36.38,-9.22,-2.18,30.31
27460,4.15,10.11,80.58,22.16,94.2,-114.5,855.1,25.75,-6.01,-4.9,30.82
27480,0,4.41,70.85,34.3,10.5,-214.1,856.0,17.62,-14.53,-1.86,30.46
27500,1.97,2.61,53.12,47.97,-6.7,-106.8,893.8,14.66,-15.16,-7.51,30.75
27520,0,6.02,44.25,56.95,65.6,-171.4,947.7,10.26,-19.79,-4.77,31.14
27540,0.23,0.84,28.47,64.88,-16.5,-99.8,980.2,4.78,-20.24,-0.25,30.94
27560,0,1.37,14.09,57.21,-66.2,-160.5,1003.7,-0.77,-17.0,3.02,31.2
27580,0.6,1.41,9.08,57.51,11.5,-71.0,981.5,-9.28,-16.22,6.32,30.93
27600,0.92,0,4.67,38.14,-69.7,-14.4,998.3,-17.35,-18.08,5.98,30.98
27620,0,1.81,4.74,30.91,-135.5,-116.9,959.4,-19.65,-11.3,4.55,30.65
27640,0,1.7,0.43,19.8,-86.9,6.9,1020.6,-22.62,-15.16,5.35,30.79
27660,2.56,0,0.56,13.25,-113.6,-1.1,1065.3,-28.16,-10.04,1.54,30.27
27680,3.47,0,0.89,7.36,1.2,-33.3,995.1,-26.08,5.04,-3.75,30.3
27700,0.51,0,0,4.66,-148.0,43.6,1014.4,-28.3,1.89,-2.23,29.84
27720,0,0,0,4.36,-38.7,126.6,1022.8,-27.95,11.87,-5.39,29.52
27740,5.57,5.47,0.62,0,-113.8,100.1,1005.3,-22.85,17.66,-5.3,29.36
27760,0,1.9,4.62,1.5,24.7,129.3,1056.7,-20.81,15.37,-8.37,28.89
27780,0,0.24,0,0,-45.9,156.4,944.1,-11.95,21.28,-4.86,29.0
27800,1.81,0,0,0,-37.9,151.4,1015.7,-3.02,17.5,-0.26,28.26
27820,77.64,19.93,5.25,2.99,-29.9,136.6,963.3,-2.0,18.35,-0.44,27.9
27840,73.83,34.44,9.14,0.7,59.2,145.0,910.1,8.52,16.7,3.24,28.27
27860,54.24,40.66,20.92,0,-16.0,162.1,958.8,13.69,25.28,1.93,28.81
27880,31.73,54.82,31.02,5.11,10.5,234.3,921.5,30.14,12.22,4.11,28.97
27900,15.64,53.33,45.5,2.16,18.7,110.7,832.9,27.88,8.18,5.97,29.73
27920,6.73,58.05,58.46,6.61,42.1,37.1,815.6,34.08,10.84,2.92,29.73
27940,2.63,45.17,79.03,2.97,113.8,84.2,797.8,28.39,-2.39,0.08,30.0
27960,0,35.33,80.88,4.37,170.2,-41.0,846.0,26.67,-0.15,-1.43,30.24
27980,1.19,20.61,89.09,5.52,122.6,-69.0,816.6,26.01,-12.07,-4.68,30.57
28000,0,9.49,81.73,19.45,53.2,-39.7,855.6,23.16,-10.37,-2.54,30.71
28020,0,6.89,76.82,31.34,98.9,-103.0,910.6,18.74,-17.47,-4.43,30.81
28040,0.87,8.9,60.18,42.94,62.3,-81.2,822.9,19.77,-8.45,-2.61,30.77
28060,0,4.88,48.0,57.53,85.6,-187.3,908.8,7.22,-24.57,-4.83,30.94
28080,0,0,29.5,67.76,-41.2,-174.4,1026.8,3.47,-22.7,0.95,30.77
28100,5.34,0,19.66,62.51,5.7,-175.4,960.6,-0.9,-17.56,0.24,30.87
28120,0,2.74,14.11,53.94,-63.1,-108.8,937.1,-10.39,-27.69,5.25,30.63
28140,0,1.36,6.82,45.17,-6.3,-76.0,932.1,-17.45,-13.64,7.04,30.71
28160,0,1.45,2.41,33.8,-12.7,-20.8,1028.1,-23.8,-4.8,5.09,31.03
28180,3.78,0.55,0,20.44,-93.4,-48.1,1010.9,-23.21,-6.7,2.09,30.55
28200,0.21,0.63,2.0,10.09,-100.3,-80.6,1020.7,-29.19,-1.41,5.65,30.34
28220,0.27,0,0.02,6.76,-162.0,5.5,1012.3,-32.79,-1.87,-2.43,29.99
28240,4.92,0,0.05,3.51,-34.1,82.0,982.9,-29.09,-2.87,-0.72,29.91
28260,0,0.99,0,10.23,-96.8,84.4,986.4,-26.72,12.97,-3.53,29.51
28280,0,0,0,6.19,-163.0,58.3,996.8,-25.47,5.19,-6.28,29.67
28300,0,0,0,0,-172.7,97.4,981.3,-24.54,23.12,-4.43,29.23
28320,4.32,0.45,0,3.62,-102.8,115.5,1016.8,-11.49,20.01,-6.27,28.74
28340,0,0,4.52,2.17,46.7,167.3,984.2,-8.68,23.54,-2.29,28.63
28360,4.01,1.36,0.04,3.39,26.9,109.9,999.1,2.74,30.82,-2.71,27.67
28380,75.65,28.36,7.63,0,-32.4,144.9,964.0,0.04,17.69,3.01,28.26
28400,58.53,39.48,11.54,0.95,83.1,223.0,922.1,10.74,11.71,2.96,28.6
28420,35.23,53.22,31.83,0,143.8,117.2,869.1,19.91,15.07,5.26,28.95
28440,26.86,56.62,35.23,0,113.0,180.1,789.3,20.76,10.82,4.86,29.48
28460,4.74,59.46,56.05,1.75,64.8,56.6,846.2,28.41,16.34,3.98,29.51
28480,1.79,46.55,71.51,6.9,58.5,-3.9,839.0,27.05,6.77,2.82,29.81
28500,1.35,35.34,83.0,3.8,120.6,49.5,753.2,29.28,-0.98,1.22,29.95
28520,3.31,21.66,86.88,4.9,159.7,-2.5,765.9,29.96,-3.82,-1.47,30.77
28540,3.98,18.84,89.19,15.3,142.3,-127.8,824.3,24.47,-10.61,-3.83,30.59
28560,0,3.25,78.16,30.23,86.9,-156.1,881.6,23.3,-11.73,-4.84,31.08
28580,0,0,58.71,46.2,31.2,-131.1,889.6,18.31,-18.18,-1.79,30.59
28600,0,5.08,47.51,58.0,90.4,-95.5,901.7,10.71,-18.54,-1.55,30.84
28620,0,7.02,35.93,61.83,31.5,-100.8,963.4,2.81,-22.12,-5.39,31.12
28640,0,0,22.92,69.29,-60.5,-165.1,1014.2,-0.89,-20.6,0.98,30.78
28660,0,0.57,13.59,64.85,-5.4,-110.6,1053.7,-3.22,-19.44,-1.9,30.66
28680,0,0,12.69,51.84,-70.6,-161.0,971.4,-17.61,-15.22,4.37,30.88
28700,2.66,0,3.25,38.47,-168.1,-127.4,1010.1,-22.76,-16.4,3.76,31.13
28720,0.69,1.47,3.28,20.77,-73.0,-139.8,1032.9,-24.0,-13.43,4.37,30.58
28740,4.64,3.52,5.05,14.41,-133.3,-76.5,958.8,-23.92,-9.98,3.21,30.85
28760,3.38,4.01,4.52,7.93,-183.7,-23.3,967.6,-31.8,0.63,1.93,30.33
28780,0,1.42,7.44,0.4,-67.2,-11.8,1045.1,-26.38,-3.29,-0.81,30.43
28800,0,0,4.39,0,-112.8,56.1,1028.4,-26.31,0.51,-4.78,29.89
28820,6.78,2.75,0,0.69,-12.5,54.0,1029.3,-28.7,12.67,-4.26,29.63
28840,5.68,0,0.01,3.65,-100.6,93.3,1033.2,-17.9,17.47,-3.15,29.22
28860,0.37,0,0.29,0,-93.8,82.7,995.9,-11.43,17.96,-4.61,28.85
28880,1.71,2.4,5.4,0,-49.3,132.8,969.2,-9.16,26.86,-2.62,28.32
28900,0,2.84,0,0.49,-61.8,104.8,1025.1,-7.34,26.1,-0.19,28.17
28920,77.2,28.15,8.22,0,76.0,170.1,952.0,5.18,27.12,-1.33,28.04
28940,60.26,44.9,13.34,0,-4.2,149.7,954.3,11.17,17.53,2.85,28.7
28960,41.65,52.1,25.28,0,25.3,117.7,888.0,20.68,20.15,4.71,28.69
28980,24.98,59.01,34.68,6.2,120.5,147.7,860.0,20.32,18.86,5.18,29.17
29000,12.04,56.33,56.22,1.17,6.2,59.6,853.9,28.47,8.23,4.61,29.53
29020,5.63,51.71,67.51,1.3,82.7,-11.3,782.7,27.77,4.89,2.95,29.54
29040,1.09,45.83,74.88,5.52,61.7,-41.1,800.1,29.68,-1.19,0.59,29.94
29060,0.48,26.58,82.48,8.75,76.3,-61.4,786.1,29.53,6.24,-2.01,30.33
29080,7.43,24.37,82.75,10.22,131.1,-74.9,830.7,36.9,-9.07,-6.91,30.4
29100,0,5.95,84.14,23.01,17.2,-72.0,850.1,27.96,-14.67,-2.82,30.68
29120,0,2.82,61.53,40.11,73.5,-100.3,891.5,18.85,-17.92,-5.56,30.59
29140,3.27,0.41,57.09,48.85,144.0,-130.6,868.9,8.19,-16.34,-4.2,31.03
29160,2.56,0.62,37.67,56.67,-53.2,-54.5,921.2,7.99,-17.81,-2.97,30.9
29180,0,0.71,23.83,72.46,-80.5,-234.7,975.9,-1.45,-23.19,-3.19,30.97
29200,0,0,21.06,66.31,-59.0,-245.0,1021.6,-8.63,-14.97,0.42,30.85
29220,0,0,5.31,50.49,-82.2,-148.8,1005.1,-9.42,-24.97,2.83,30.74
29240,9.02,1.46,2.38,41.0,-20.1,-208.1,1051.4,-18.26,-27.24,4.72,30.54
29260,1.54,3.07,4.14,23.91,-126.0,-133.7,995.1,-19.67,-7.32,5.2,30.62
29280,1.94,1.26,4.99,16.27,-96.5,-76.5,1023.0,-25.72,-10.35,6.19,30.12
29300,0,0.46,1.09,5.89,-103.6,11.8,1016.9,-34.47,-2.81,6.4,30.69
29320,0,3.53,0.28,3.94,-54.3,26.9,1048.4,-36.4,-6.18,0.91,30.26
29340,0,0,3.61,2.04,-66.2,57.4,991.1,-29.72,0.77,-0.52,29.74
29360,0,2.6,0,0,-66.8,-11.0,996.4,-24.39,12.38,-4.16,29.41
29380,1.63,0.1,0,0,-82.5,-27.7,1027.9,-29.66,14.72,-5.22,28.99
29400,4.23,0,0,0,-101.7,134.5,989.7,-15.07,10.35,-4.68,28.85
29420,0,0,0,2.51,-62.2,224.6,998.3,-14.2,8.88,-5.54,28.83
29440,4.3,0,4.54,0,-26.3,220.4,1038.1,-1.75,21.08,1.78,28.42
29460,75.59,22.58,9.91,0,-26.5,118.3,917.6,4.94,21.98,0.34,28.0
29480,66.4,39.27,10.96,0,56.1,122.7,898.1,4.51,21.61,3.29,28.04
29500,45.95,42.04,18.54,1.42,62.6,125.8,935.7,17.59,16.59,4.64,28.51
29520,35.1,58.95,30.0,0,-14.6,187.9,862.9,27.07,14.57,4.3,29.38
29540,9.4,55.06,41.75,0.3,87.4,133.8,766.4,22.56,6.64,2.42,29.29
29560,3.36,53.88,63.11,1.73,79.8,112.8,844.0,28.03,10.14,4.18,29.79
29580,5.86,45.29,75.58,8.18,25.8,38.9,780.7,27.34,3.59,0.99,29.99
29600,2.66,36.04,82.87,2.33,71.2,-97.4,845.0,28.91,-4.43,-0.26,30.19
29620,1.48,20.98,87.64,9.22,154.8,-28.1,769.2,28.99,-3.09,-0.9,30.71
29640,0,11.2,86.95,25.44,90.9,-150.5,847.6,19.88,-11.16,-5.72,30.47
29660,5.02,9.38,73.75,28.92,61.4,-71.8,811.9,20.76,-9.99,-1.92,30.89
29680,0,3.21,55.96,50.76,43.2,-76.4,855.6,13.99,-21.67,-2.28,30.75
29700,0,0.63,44.69,61.47,-43.1,-69.4,920.8,13.28,-25.58,-1.66,30.7
29720,1.95,0,30.74,71.27,5.2,-181.6,1005.0,6.11,-17.16,0.5,31.13
29740,0,0.26,20.85,65.62,-17.3,-118.3,979.4,-3.56,-17.12,1.32,31.06
29760,3.16,0,5.93,60.81,-142.8,-159.1,992.3,-13.0,-14.3,4.1,30.98
29780,2.51,0,4.31,43.46,-101.1,-266.9,948.2,-20.67,-20.21,3.96,31.01
29800,0,5.18,0,28.15,-94.3,-203.3,961.0,-22.52,-11.58,6.96,30.48
29820,0,3.03,0,16.32,-79.7,-8.5,1042.0,-30.73,-12.44,4.33,30.51
29840,0,0,0,8.8,-68.1,71.9,1030.7,-25.53,-3.54,2.4,30.38
29860,0,0,3.77,1.27,-105.2,68.4,1003.3,-26.74,-6.38,0.99,30.03
29880,3.82,0,0.09,3.28,-135.9,-30.9,1011.6,-25.73,-2.1,-3.23,30.11
29900,0,0,0.21,0,-83.0,50.8,1023.8,-23.01,6.19,-7.31,29.56
29920,0,0,0,0.33,-81.9,47.7,991.4,-25.54,13.69,-7.3,29.18
29940,0,0,0,0,-105.9,53.1,987.6,-19.88,18.31,-5.38,28.88
29960,0,0,4.18,4.54,-85.9,165.9,1010.5,-16.93,17.66,-1.74,28.47
29980,0,0.53,0,0,-58.9,180.6,984.8,-5.78,15.02,0.02,28.04
30000,77.87,24.3,3.28,0,-7.7,221.4,1005.1,0.89,9.39,1.71,27.67
30020,72.09,32.34,13.26,0,-12.4,148.2,970.2,10.3,13.11,-2.05,28.57
30040,51.28,44.59,17.56,4.22,-25.6,250.7,968.7,19.56,19.41,3.21,28.4
30060,30.81,57.83,27.4,0,123.7,158.9,872.0,20.89,9.54,6.57,29.1
30080,12.12,50.87,42.67,0.9,136.6,93.9,836.2,30.24,13.63,5.95,29.23
30100,4.38,56.72,54.37,0,112.0,82.2,900.8,21.15,2.02,2.71,29.92
30120,7.97,44.33,70.35,0.3,127.8,23.5,808.0,30.96,-4.58,1.26,29.94
30140,1.78,29.16,85.43,0,39.9,-112.1,840.2,29.35,2.71,-2.71,30.14
30160,0,16.08,80.94,15.5,181.4,21.0,888.6,27.82,-5.7,-0.69,30.11
30180,3.58,18.07,88.1,14.7,44.2,-50.5,811.5,19.1,-7.84,-5.19,30.36
30200,0,9.92,72.32,26.38,79.7,-59.4,860.5,22.6,-9.84,-6.05,30.81
30220,0.01,5.27,67.9,45.22,126.7,-163.6,894.7,14.77,-16.05,-2.92,31.56
30240,0.02,1.51,48.28,57.51,124.8,-160.2,952.1,10.48,-19.57,-3.53,31.1
30260,4.72,0.86,29.45,64.57,42.6,-114.2,1000.0,1.59,-20.32,-2.04,31.16
30280,0.25,0,22.52,65.37,-36.4,-76.4,973.3,0.91,-20.48,1.58,31.15
30300,0,0,8.15,62.07,-53.8,-50.2,1026.3,-11.37,-12.91,6.02,30.97
30320,3.4,0,8.12,50.21,-34.0,-65.4,1012.0,-16.32,-11.53,4.71,30.95
30340,0,0,3.1,36.28,-82.6,-182.6,1016.5,-22.62,-15.22,9.37,30.68
30360,1.48,1.79,0,25.14,-83.1,-149.8,990.8,-26.75,-7.05,5.49,30.65
30380,0,0,1.28,15.37,-88.2,-81.4,968.7,-28.48,-3.96,0.55,30.13
30400,0,2.86,0,7.95,-91.7,43.0,1032.8,-32.62,-3.52,0.51,30.15
30420,1.37,0,0.09,0,-145.9,-15.9,1011.8,-26.73,8.51,-4.63,30.0
30440,0,1.84,0.19,0,-111.4,36.5,974.8,-29.7,8.45,-1.33,29.83
30460,0.21,6.66,0,2.71,-36.5,158.1,985.5,-29.17,12.54,-4.39,29.73
30480,0,0,0,2.18,-23.2,41.2,1049.7,-21.17,17.21,-3.74,29.24
30500,1.99,1.6,0.51,2.35,1.2,92.8,1009.1,-15.0,19.92,-1.64,28.77
30520,2.18,0,2.96,1.69,-103.7,39.9,1084.9,-9.83,21.92,-3.78,28.59
30540,0.04,0,0,0,0.2,123.4,988.4,-1.5,22.01,0.29,28.37
30560,76.11,32.75,9.01,0.89,28.4,99.3,953.2,3.92,21.56,3.14,28.14
30580,61.47,38.57,16.18,0,18.4,111.3,907.6,10.44,18.88,5.47,28.35
30600,36.04,45.37,27.98,3.63,92.8,96.4,878.1,21.21,22.91,3.15,28.99
30620,22.1,58.82,34.28,0,68.4,81.1,821.5,26.98,-1.24,2.63,29.13
30640,5.53,57.29,50.82,3.52,61.4,-5.3,833.6,26.02,13.16,5.08,29.67
30660,6.64,51.83,62.93,0.04,43.2,-116.1,789.6,29.48,4.44,3.74,29.51
30680,3.9,36.09,80.58,1.88,148.0,-67.1,838.6,28.16,9.4,-2.73,30.26
30700,0,26.34,88.13,8.85,173.3,22.5,747.8,32.24,-10.23,-1.5,30.23
30720,0,14.06,86.7,15.8,109.0,-58.4,804.9,25.77,-13.16,-4.34,30.84
30740,0.94,7.23,84.37,33.59,23.9,-103.6,856.4,22.58,-14.83,-6.49,30.68
30760,4.17,1.68,65.32,37.96,-11.1,-60.7,921.0,11.82,-17.94,-6.02,30.52
30780,0.1,4.16,48.54,53.03,67.0,-104.7,843.5,10.0,-25.46,-2.42,30.67
30800,0,0,37.28,63.78,-53.4,-120.0,960.7,4.32,-17.8,-2.68,31.14
30820,0,0,23.5,70.02,-96.8,-126.4,1001.5,-5.78,-24.93,-2.47,31.24
30840,1.77,3.5,10.46,59.91,40.3,-222.8,987.3,-8.55,-21.06,3.03,31.25
30860,2.23,0,5.14,54.37,-48.5,-146.0,983.1,-11.31,-22.96,2.7,31.0
30880,2.11,0,1.08,34.29,-85.8,-127.0,985.2,-17.83,-16.4,5.62,30.75
30900,0,3.37,5.92,24.06,-73.0,-92.2,990.6,-23.4,-15.66,6.58,30.75
30920,8.08,4.36,0.16,14.51,-138.1,-115.9,938.3,-29.15,-9.47,1.93,30.6
30940,3.84,0.33,0.32,9.6,-160.3,69.7,994.1,-29.7,-5.65,-1.0,30.07
30960,0,0,0,0.23,-70.8,-16.1,983.0,-29.78,4.55,0.66,30.02
30980,0,0,0,2.85,-13.0,-37.5,984.8,-26.39,4.7,-1.82,29.78
31000,0.88,0,1.11,0,-134.8,0.8,982.9,-24.93,9.52,-8.89,29.44
31020,0,0.2,0,0,-154.8,32.3,986.0,-21.57,11.15,-3.39,29.09
31040,0.43,0.17,1.49,4.13,-10.2,190.7,1003.1,-21.43,9.63,-2.61,29.01
31060,0,3.87,0,4.5,-66.3,83.4,991.7,-19.24,15.0,-2.12,28.21
31080,2.03,3.73,1.89,0,105.6,153.9,1022.1,0.94,21.09,-2.08,28.52
31100,77.1,30.85,4.49,0,86.9,112.8,1041.1,3.76,18.15,1.58,28.1
31120,62.78,35.64,8.99,0.75,82.0,188.6,966.5,8.47,16.16,2.4,28.34
31140,44.64,47.4,25.95,0,20.4,113.4,917.4,11.3,21.91,3.68,28.67
31160,21.8,52.86,32.38,0,85.7,90.0,866.4,16.02,18.94,8.26,29.46
31180,17.22,56.06,43.19,0,88.2,96.4,803.0,25.77,3.58,9.3,29.54
31200,1.65,48.66,61.43,7.39,126.9,-18.1,840.2,29.74,7.23,1.89,29.84
31220,0,36.29,71.3,6.0,36.8,71.4,729.9,26.08,3.29,-4.03,30.32
31240,7.84,30.97,85.32,5.14,115.4,-0.7,791.3,26.34,-2.93,1.59,30.51
31260,0,24.04,82.95,11.61,53.1,-69.5,777.5,30.25,-6.86,-5.32,31.02
31280,0,8.9,80.21,27.56,17.2,13.7,847.8,26.02,-11.25,-7.36,30.73
31300,0,4.25,68.34,33.42,45.5,-83.6,880.0,19.91,-19.02,-7.8,31.36
31320,0.82,0,60.3,56.35,24.1,-149.0,887.4,12.62,-25.81,-6.62,30.9
31340,1.95,0.05,36.75,57.1,66.6,-175.0,912.9,9.16,-25.48,0.61,30.94
31360,4.08,0,34.73,60.18,0.8,-255.2,1057.5,0.93,-21.35,-1.25,30.67
31380,2.54,0,17.71,68.23,-79.7,-46.6,995.2,-6.76,-23.02,1.64,30.95
31400,0,0.63,10.71,57.78,-33.7,-41.1,1063.0,-9.71,-16.12,3.57,30.8
31420,2.96,2.81,13.69,38.23,-124.1,-71.7,967.2,-19.2,-16.69,6.31,30.89
31440,0,0,5.75,22.13,-68.5,-148.9,1043.7,-25.3,-18.33,7.18,30.71
31460,0,0,4.49,18.65,-138.4,-117.5,982.9,-21.32,-6.0,0.48,30.83
31480,1.35,1.45,5.51,6.9,-117.8,-8.7,984.7,-28.25,-4.2,0.34,30.44
31500,0.82,0.23,0,3.54,-114.7,-3.7,979.0,-29.99,0.87,-0.94,30.2
31520,0,0,0,7.31,-48.5,57.4,1003.7,-27.97,3.58,-1.98,29.73
31540,3.63,0,0,2.87,-82.8,50.5,995.1,-31.8,10.9,-3.5,29.65
31560,2.12,3.37,6.0,2.8,6.8,73.9,1018.4,-23.99,19.25,-6.66,29.35
31580,0,0,6.52,0.88,-62.7,190.6,983.2,-15.39,13.03,-4.43,29.17
31600,0.04,0,3.81,0,-36.2,163.0,949.9,-5.48,17.3,-0.67,28.75
31620,3.37,2.78,0,1.06,55.5,184.4,1007.1,-8.8,19.32,0.08,28.34
31640,72.98,26.32,4.7,0,30.6,184.4,1027.8,5.97,23.11,-4.65,28.13
31660,72.35,37.42,10.63,0,55.7,89.5,953.9,10.19,28.76,5.8,28.58
31680,48.71,47.95,14.5,3.58,92.3,132.3,936.1,16.86,15.76,2.48,28.89
31700,32.92,60.1,26.91,2.52,53.4,136.7,854.2,20.75,22.35,4.72,28.7
31720,17.89,63.1,42.98,0,50.8,17.6,813.7,21.57,18.46,6.9,29.44
31740,3.87,53.27,61.23,0,75.0,82.7,808.1,28.64,5.14,3.19,29.99
31760,0,48.0,69.9,3.7,193.3,10.6,823.2,33.98,1.62,2.76,29.9
31780,0.68,35.12,79.46,5.03,132.5,-3.4,826.8,31.24,11.17,-1.45,30.3
31800,0,22.58,83.36,12.78,186.6,81.4,769.7,28.43,0.54,-3.72,30.57
31820,0,12.56,81.21,19.01,33.3,-25.3,844.3,20.99,-9.74,-1.27,30.48
31840,2.48,3.98,75.87,33.24,68.7,-89.7,827.3,27.33,-13.93,-3.83,30.86
31860,4.04,0,56.87,52.45,11.7,-41.0,857.0,17.05,-18.38,-5.6,30.79
31880,5.19,1.08,42.36,58.92,36.3,-134.7,901.6,13.08,-33.58,-3.95,31.05
31900,0,0,29.44,68.62,58.5,-119.5,983.4,2.72,-21.82,-1.27,30.96
31920,0,0,23.81,63.45,27.0,-156.5,1042.7,0.22,-24.02,-0.96,31.39
31940,5.5,3.31,16.41,51.04,-89.3,-119.1,988.8,-10.76,-18.1,4.09,31.11
31960,4.66,0,10.74,40.64,-59.5,-221.1,1009.6,-11.14,-15.11,8.0,31.02
31980,0,0,4.65,37.07,3.8,-94.7,980.5,-18.92,-9.61,5.98,30.99
32000,1.3,0,1.92,19.35,-70.4,-204.0,978.3,-24.64,-3.55,2.05,30.38
32020,3.28,0,4.24,7.6,-100.0,36.7,971.4,-24.71,-9.83,3.58,30.65
32040,4.17,0.11,4.72,5.67,-97.4,35.1,984.9,-28.99,4.17,-0.41,30.3
32060,2.42,2.61,0,0,-144.7,96.6,986.9,-32.29,-4.14,-2.18,30.04
32080,0,0,0,0.9,-179.8,64.6,960.0,-25.78,10.12,-6.02,29.8
32100,3.62,0.28,0,0,-71.6,94.8,1016.4,-29.27,-0.46,-5.24,29.42
32119,0.09,2.56,4.02,0,-61.1,197.0,984.5,-17.77,6.21,-6.91,28.88
32140,1.56,0,0,0,-93.6,121.3,1040.8,-10.77,16.52,-6.86,28.83
32159,1.22,0,0,4.76,-69.7,159.3,1030.9,-9.94,17.54,-3.4,28.35
32180,0,1.36,0,3.08,-13.5,106.1,1040.3,-1.93,14.65,-4.65,28.16
32200,73.15,30.29,7.92,0,-46.2,119.3,999.3,2.38,20.56,1.94,28.02
32220,54.16,42.13,18.77,4.65,109.8,184.6,890.3,5.51,19.39,5.63,29.04
32240,39.55,57.51,23.7,0,61.0,196.8,891.2,20.79,22.82,3.51,28.86
32259,14.96,59.32,34.33,0,92.8,90.5,851.1,20.49,10.05,5.55,29.37
32280,11.06,56.63,55.63,1.84,131.6,39.9,824.7,27.82,7.6,2.03,29.51
32299,0.55,49.19,67.48,0.68,34.5,40.2,798.1,27.16,9.42,2.99,29.81
32320,0.8,35.77,80.11,6.82,-2.0,105.8,805.0,33.58,0.81,-1.65,30.04
32340,0.35,25.6,87.91,9.21,100.8,-13.6,799.9,28.13,-7.95,-0.31,30.29
32360,2.51,7.73,85.33,18.93,48.3,-76.1,788.1,23.62,-14.15,-3.31,30.64
32380,2.61,10.98,68.94,32.49,204.4,-19.8,872.6,21.89,-20.4,-7.09,31.04
32400,0,0.98,69.55,44.36,128.5,-143.5,884.1,19.34,-10.61,-7.43,30.53
32420,0,0,47.39,52.45,26.7,0.8,920.3,9.22,-12.18,-1.85,31.05
32439,2.07,0,32.73,63.87,28.4,-71.4,989.8,2.47,-12.56,-0.0,30.56
32460,0,0.49,22.18,68.01,7.7,-198.0,1029.6,-1.64,-19.29,4.26,30.67
32479,0.28,3.1,16.38,62.83,-64.9,-61.3,989.3,-12.62,-20.1,4.51,31.2
32500,0,0,4.47,45.85,-11.8,-209.9,990.9,-15.75,-14.47,4.31,30.83
32520,2.34,2.97,4.66,36.09,-68.2,-234.7,953.3,-16.76,-18.04,1.31,31.08
32540,0,0.34,0.84,24.86,-168.7,-112.1,997.4,-27.89,-9.67,5.93,30.73
32560,1.53,2.26,0.83,11.82,-140.3,-61.5,1029.6,-31.64,-4.36,6.56,30.69
32580,3.19,4.26,2.02,2.75,-90.2,-97.5,983.3,-32.61,1.9,-1.2,30.15
32600,0,0,0,1.49,-19.2,61.0,1015.7,-30.95,-2.1,-1.23,30.33
32619,0,3.28,0,0.46,-141.5,-9.3,967.2,-32.27,6.41,-2.98,29.57
32640,0,3.83,2.08,2.78,-184.4,99.6,975.4,-21.24,5.12,-0.25,29.4
32659,0,0,0,0,-38.5,106.4,1059.9,-19.3,23.75,-3.92,29.48
32680,3.59,2.86,0,0,14.0,40.6,970.0,-13.47,16.61,-3.22,28.7
32700,1.77,0,0,1.24,-87.8,43.8,928.5,-5.02,24.12,-4.33,28.66
32720,0,1.33,2.34,4.8,-31.0,131.3,989.7,-2.73,24.44,-3.15,28.0
32740,77.14,31.1,7.62,0,35.6,153.1,967.6,5.82,18.54,5.8,28.39
32759,62.81,39.34,16.22,1.86,-88.2,205.3,851.2,12.62,9.69,0.93,28.46
32780,38.9,51.0,23.93,0,1.2,119.0,935.8,19.15,10.87,4.2,28.96
32800,26.71,57.27,36.0,0,-12.4,83.8,880.0,23.34,20.32,5.77,29.24
32820,12.19,58.19,59.16,0,105.9,106.9,797.4,22.75,15.62,2.54,29.37
32840,6.18,47.87,66.57,1.55,127.9,84.1,800.3,27.37,-1.69,1.47,29.74
32860,0,38.83,80.18,4.08,28.7,-36.0,796.5,28.26,0.84,3.81,30.27
32880,4.12,28.94,86.49,8.49,51.7,-35.3,848.9,28.18,-12.53,-1.77,30.24
32900,0.31,16.8,82.16,14.61,2.0,-59.5,796.8,31.43,-4.73,-2.06,30.44
32920,0,7.87,80.8,27.65,113.7,-176.4,832.7,19.46,-13.89,-3.39,30.81
32940,0,3.05,69.48,41.4,-12.0,-151.3,828.3,17.79,-16.13,-3.4,30.97
32960,4.43,3.34,49.41,56.4,58.0,-212.1,903.4,10.33,-13.85,-1.51,31.05
32980,5.51,0.32,36.05,61.3,59.2,-219.2,949.0,8.66,-28.85,-4.23,31.25
33000,0,5.41,25.5,65.21,109.9,-184.4,957.2,1.65,-34.33,0.64,31.04
33020,0,0.25,13.92,65.01,-4.5,-114.6,1019.5,-4.37,-23.64,1.27,31.06
33040,0,0,1.99,55.08,5.7,-62.1,1028.6,-14.43,-17.83,5.75,31.07
33060,0,0,1.01,36.13,-99.6,-107.3,1004.9,-15.48,-20.72,7.56,31.0
33080,0,1.65,3.31,24.55,-122.1,-98.2,977.8,-20.89,-10.92,5.25,30.62
33100,2.42,0,2.0,16.6,-87.2,-11.3,1003.8,-27.91,-9.41,5.52,30.41
33120,0,0,3.02,6.22,-119.5,56.5,1007.4,-29.33,-5.74,1.63,30.26
33140,1.44,0,0,6.35,-69.9,59.2,1029.1,-30.83,7.17,-0.94,30.24
33160,0.78,0,0,0,-115.7,51.4,1005.8,-32.18,6.64,-1.35,30.04
33180,0,0,0,2.39,-93.3,183.4,989.1,-29.29,9.47,-4.15,29.54
33200,1.73,3.84,1.65,0,-31.6,169.8,962.1,-26.69,19.51,-5.72,29.24
33220,0,0,1.25,0,-47.4,179.9,1000.1,-17.26,20.4,-5.02,28.9
33240,0.45,0,0.63,2.43,-65.4,143.9,985.0,-18.34,18.59,-4.07,28.37
33260,0,0,0.21,0,-0.8,113.7,937.4,-0.39,26.48,-3.58,28.07
33280,76.62,22.1,2.46,4.58,-36.9,236.9,982.3,3.9,17.02,1.02,28.15
33300,59.95,38.18,10.66,0,-17.2,70.3,931.0,4.94,27.33,5.15,28.7
33320,50.1,48.79,20.73,0.2,83.6,145.8,870.8,13.47,21.15,6.29,28.81
33340,26.14,57.87,30.07,0,111.5,86.2,845.0,27.52,12.11,2.39,28.89
33360,16.11,57.47,47.57,1.23,85.5,157.3,790.3,25.92,8.71,3.5,29.42
33380,5.48,58.96,60.5,2.3,30.3,44.0,803.7,32.84,4.59,4.42,29.9
33400,3.44,43.65,79.64,4.6,95.7,-17.9,789.0,33.94,12.38,2.7,29.82
33420,3.61,26.41,82.89,2.01,149.9,-44.8,761.9,33.41,-2.11,3.52,30.56
33440,3.56,20.03,86.99,16.88,4.3,-22.6,830.1,25.4,-9.49,-4.62,30.47
33460,0,13.0,86.1,25.59,107.6,0.4,864.7,27.55,-14.45,-6.98,30.59
33480,0,3.26,67.65,28.06,4.3,-102.7,896.9,19.65,-10.22,-4.52,30.59
33500,0,8.61,56.79,49.49,176.6,-179.2,917.6,19.23,-13.19,-6.15,30.88
33520,2.65,4.73,40.63,61.48,17.9,-203.3,944.8,10.85,-24.16,-1.96,30.65
33540,0.14,6.62,29.01,68.69,57.8,-76.8,959.3,5.34,-23.23,2.49,31.01
33560,0,3.5,19.39,58.72,-32.3,-176.5,960.9,-3.27,-28.85,2.83,31.27
33580,1.06,2.23,11.09,51.59,3.1,-85.0,960.6,-10.31,-18.3,0.05,31.02
33600,0.01,0,5.81,43.15,-17.0,-129.5,987.7,-11.27,-19.37,8.51,31.19
33620,3.44,2.22,3.7,25.94,-58.2,-149.3,984.4,-23.41,-12.54,2.57,30.69
33640,0.49,0,4.45,15.7,-151.9,-73.3,1020.9,-25.98,-6.59,4.81,30.72
33660,0,3.35,0,6.94,-73.7,-198.4,1002.0,-30.87,-3.96,4.72,30.94
33680,0,3.89,6.23,6.13,22.4,-64.5,949.3,-30.48,2.87,3.62,30.35
33700,0,0,6.6,0.83,-142.0,-10.7,950.3,-27.9,-1.64,-2.58,29.79
33720,0,0,0,2.44,-187.4,137.2,1028.4,-25.08,10.97,-3.55,29.55
33740,0,0,0.02,0.93,-26.6,38.6,1046.4,-25.27,12.48,-5.14,29.74
33760,4.32,0.18,1.57,1.6,-111.1,141.5,1000.4,-19.83,25.36,-7.34,28.57
33780,1.78,2.88,2.88,0,12.7,55.3,962.7,-10.76,24.99,-5.04,28.52
33800,0,2.62,0,0,-66.2,185.1,937.7,-0.09,17.1,-2.14,28.38
33820,73.39,25.38,8.68,0,114.1,91.9,989.6,0.75,19.37,0.18,27.75
33840,66.1,33.23,9.43,0,107.6,157.8,968.8,8.72,13.01,1.68,28.31
33860,46.63,47.21,14.65,1.4,79.4,50.7,890.3,16.86,11.76,6.23,28.6
33880,31.34,49.8,26.91,0,-44.2,96.9,834.1,21.7,15.27,7.34,29.07
33900,9.78,57.74,38.19,0.89,-7.3,143.1,860.6,22.9,13.26,5.65,29.69
33920,0.72,53.36,57.99,0.17,184.4,162.8,823.2,27.57,10.09,4.56,29.71
33940,4.25,42.41,76.16,0,119.5,-1.2,788.1,32.53,-1.67,4.29,30.02
33960,0,36.14,85.52,6.19,33.3,-7.1,762.0,30.51,-4.99,0.14,30.11
33980,1.78,18.9,83.93,9.19,31.8,-3.3,795.2,27.6,-4.49,-4.86,30.32
34000,0,15.06,84.84,15.49,80.6,-43.5,790.1,21.09,-8.4,-3.7,30.54
34020,0.68,5.67,80.18,34.2,56.3,-103.8,912.7,24.5,-16.01,-5.47,30.68
34040,0,4.15,62.65,43.17,-0.2,-114.4,884.1,17.52,-15.18,-3.39,30.74
34060,0.55,3.49,47.85,55.21,17.7,-171.9,948.2,8.16,-18.92,-3.86,30.79
34080,1.36,0.67,33.15,61.61,42.3,-183.0,1007.7,3.61,-16.7,0.44,31.25
34100,0.57,0.82,23.87,60.75,52.2,-160.2,1001.5,-7.92,-14.0,2.26,30.79
34120,0.68,0,8.8,61.67,35.8,-54.5,963.2,-9.49,-24.47,6.28,31.36
34140,1.36,1.51,6.32,47.5,-28.4,-190.4,946.1,-17.22,-15.32,3.27,31.18
34160,2.75,0,0.19,34.5,-65.0,-128.7,981.2,-22.72,-13.8,5.66,30.65
34180,3.85,0,3.65,14.93,-63.4,-106.6,953.4,-22.9,-9.56,3.93,30.41
34200,0,2.63,0,10.47,-65.2,-73.2,1041.6,-32.15,2.78,0.71,30.82
34220,0,0.17,0,10.4,-93.0,59.3,965.6,-29.63,2.04,-0.44,30.32
34240,0,6.02,0,3.26,-90.6,74.6,1024.6,-26.1,-1.34,-2.26,29.84
34260,0,4.44,0,2.01,-12.1,-41.9,1014.8,-26.39,9.4,-3.22,29.84
34280,5.74,0,2.36,0.13,-35.8,37.3,995.7,-22.98,14.49,-2.42,29.56
34300,0,0,3.11,0,-89.4,92.2,994.3,-18.72,14.44,-5.7,29.15
34320,0,2.26,0,0,-5.0,88.3,983.1,-9.07,9.34,-4.19,28.97
34340,0,0,0,4.53,-49.4,127.5,1027.4,-4.47,16.26,-3.83,28.42
34360,0.22,0.3,6.06,0.19,-17.3,212.9,991.5,-2.67,21.75,-2.05,27.98
34380,74.68,31.64,7.45,0,99.6,75.5,975.6,6.99,11.51,-2.49,28.27
34400,59.33,42.42,20.47,0,6.7,83.8,880.8,12.06,16.16,3.08,28.86
34420,39.28,52.5,25.45,0.51,81.3,134.0,841.6,19.3,15.95,4.78,29.25
34440,24.61,58.79,41.23,0.67,34.6,72.9,838.8,17.5,12.3,5.44,29.15
34460,8.47,53.26,46.92,5.58,140.4,149.5,850.8,25.95,4.05,-0.13,29.85
34480,3.4,47.08,70.75,2.24,147.6,188.5,799.8,28.45,0.57,1.98,29.63
34500,0.39,35.8,70.67,3.27,0.9,58.4,762.6,29.34,6.46,2.0,30.29
34520,0,27.45,82.92,7.33,108.4,-98.1,807.7,27.3,-7.04,-3.19,30.62
34540,0,17.16,84.17,15.39,8.9,-121.8,798.7,30.06,-8.15,-2.3,30.4
34560,6.76,8.39,77.75,29.44,96.1,-120.7,768.4,17.84,-14.36,-4.99,30.59
34580,0.08,0,63.44,44.36,45.5,-76.2,888.0,18.92,-19.76,-4.22,30.88
34600,7.67,0.97,48.36,48.62,93.1,-132.8,866.3,9.75,-17.94,-4.14,30.72
34620,5.94,0.06,34.2,66.13,-2.8,-120.8,941.8,5.46,-10.48,-0.41,30.87
34640,1.54,0,22.13,66.1,25.1,-74.6,1010.6,2.02,-22.66,2.91,31.35
34660,0,0,10.52,55.97,-76.1,-142.9,979.9,-7.48,-18.69,1.61,30.96
34680,5.68,0.03,9.71,48.4,19.3,-62.3,1011.0,-12.0,-18.35,5.69,30.89
34700,0,0.27,3.59,35.44,-106.5,-125.0,986.3,-20.5,-18.37,5.76,30.67
34720,1.99,0,0,25.46,-168.5,-90.9,1000.8,-26.26,-8.18,5.78,30.68
34740,5.11,0,0,11.37,-34.9,-71.7,935.0,-28.4,-7.87,1.67,30.34
34760,0,0,0.98,1.66,-73.0,-27.5,1006.2,-27.23,-5.36,0.39,30.18
34780,0,0,3.58,6.35,-40.6,14.7,1020.8,-28.75,-2.88,1.42,29.86
34800,0,0,3.52,0.51,-38.9,62.6,980.6,-33.13,-0.53,-1.8,29.92
34820,3.28,0,1.1,0,-2.7,32.7,952.3,-28.3,14.57,-4.14,29.23
34840,0.97,0,0,0,-180.4,99.3,1012.6,-25.16,15.09,-3.64,29.4
34860,1.43,0,1.94,0.48,33.4,110.8,1021.9,-15.4,15.2,-3.2,29.16
34880,0,0,0,0,50.3,146.1,996.2,-12.01,16.32,-2.54,28.39
34900,0,0,2.75,4.26,-47.9,114.4,1013.5,-5.51,17.84,-3.57,28.1
34920,72.04,28.55,12.57,0.3,22.4,68.2,987.1,4.51,21.2,1.28,28.1
34940,61.69,38.62,8.49,0,49.7,106.5,920.9,5.13,25.23,0.22,28.56
34960,38.21,47.74,23.82,2.21,76.2,241.8,904.4,17.44,22.09,4.7,28.84
34980,22.75,55.15,43.49,0.77,67.3,167.8,846.9,26.19,11.01,3.78,29.38
35000,11.08,56.93,48.18,1.9,38.4,49.8,802.5,24.05,12.7,-0.88,29.53
35020,3.26,50.81,62.68,3.18,88.6,-19.4,806.0,25.64,3.58,8.58,29.88
35040,0.24,40.42,78.52,3.75,134.6,15.8,828.3,32.78,-9.62,1.7,30.11
35060,2.49,28.08,79.1,10.96,136.0,10.9,758.7,26.68,-1.58,-1.43,30.16
35080,2.21,22.12,86.02,12.15,130.6,-8.5,757.6,30.35,-2.67,-7.24,30.23
35100,0,2.36,77.99,18.51,132.8,-208.6,864.7,28.6,-17.46,-5.19,30.79
35120,0.73,5.66,66.48,44.53,144.5,-108.0,897.3,15.08,-17.92,-0.81,31.35
35140,2.98,1.69,58.12,52.58,120.5,-220.7,933.4,14.02,-11.95,-2.18,31.27
35160,0,1.9,42.86,62.89,44.7,-163.8,924.3,9.17,-22.93,-1.3,31.23
35180,0,4.21,23.01,65.55,77.7,-86.5,975.3,1.02,-13.59,-0.66,31.03
35200,0,5.34,11.43,64.55,-148.2,-186.0,968.3,-4.66,-12.98,0.53,30.88
35220,2.17,0,8.94,49.48,-7.8,-112.5,978.4,-15.25,-14.09,2.19,30.57
35240,0,0.1,0.61,39.69,-138.9,-75.8,992.2,-17.9,-15.48,0.8,30.95
35260,0,0,0.65,22.03,-115.7,-45.0,983.2,-23.76,-11.76,3.42,30.64
35280,0,1.14,1.34,11.08,-100.1,-123.7,907.5,-29.25,-7.72,4.97,30.55
35300,0,4.58,0.96,12.93,-30.2,-50.1,978.4,-30.19,-5.3,2.56,30.22
35320,0,2.98,0,3.96,-111.6,8.8,1042.7,-28.01,-1.94,0.45,30.17
35340,0,0,0,2.56,-156.6,41.0,967.8,-26.15,1.64,-2.26,29.87
35360,0,0,0,4.58,-5.0,-11.3,991.4,-26.38,7.13,-6.03,29.48
35380,2.27,0,0.62,0,-112.0,189.0,1019.8,-19.77,14.27,-8.21,29.35
35400,1.91,1.88,0,0,-24.4,120.3,1036.3,-7.88,18.28,-9.52,28.7
35420,0,6.47,2.53,3.29,-30.8,180.1,971.5,-13.87,21.18,-6.88,28.83
35440,0,0,0,7.17,-49.0,131.5,961.6,-5.46,19.08,-0.64,28.43
35460,77.48,27.04,1.02,2.19,-33.0,171.1,1033.1,7.05,23.54,3.57,28.21
35480,67.97,33.36,17.03,4.32,-36.4,234.3,918.1,8.59,15.9,5.5,28.36
35500,48.19,44.92,18.05,0,130.3,191.5,886.7,15.86,15.95,7.5,28.69
35520,27.82,51.99,34.35,0,58.8,68.4,872.7,19.42,11.26,4.43,28.88
35540,12.29,58.74,43.04,0,81.8,118.8,789.3,27.77,8.74,0.02,29.65
35560,6.04,56.79,63.0,0,120.4,14.7,763.0,27.57,7.7,4.77,30.0
35580,1.93,41.61,74.35,6.14,237.2,114.9,833.2,30.44,0.6,-2.67,30.26
35600,0,32.27,81.07,0.01,210.7,9.0,781.1,26.38,-9.14,1.06,30.49
35620,0.48,22.25,84.97,12.56,62.5,-66.7,752.4,27.36,-14.58,-2.84,30.31
35640,0,7.93,79.34,26.67,117.3,-115.3,817.9,23.66,-7.46,-2.94,30.31
35660,0,11.84,73.78,32.18,46.0,-164.3,861.0,23.55,-15.14,0.3,30.8
35680,0,1.83,56.54,47.03,45.4,-185.5,873.2,18.9,-13.8,-4.34,30.88
35700,1.1,0,40.63,61.52,113.5,-132.8,907.1,12.29,-15.66,-3.95,30.66
35720,3.13,0.84,28.08,66.24,-40.2,-214.2,1013.3,-3.15,-13.61,-0.08,30.8
35740,0,2.6,18.99,65.19,26.7,-189.4,997.6,-3.59,-26.59,0.53,30.67
35760,3.27,0,14.73,58.84,21.2,-133.4,957.0,-9.66,-15.63,4.56,31.25
35780,0,0,6.93,37.73,-71.8,-62.7,1023.8,-21.07,-17.42,4.18,30.77
35800,0,1.17,4.58,33.41,-3.0,-143.7,1063.0,-19.69,-17.94,2.82,30.83
35820,0,3.15,2.48,20.55,-84.0,11.5,1000.7,-32.16,-15.45,1.14,30.54
35840,3.01,0,2.63,7.12,-73.9,-47.4,999.8,-29.61,-0.8,-0.02,30.39
35860,0,1.3,0,3.34,-62.0,-45.9,1002.5,-29.41,-2.9,-1.61,30.22
35880,0,1.22,5.66,0,-168.6,1.5,1048.4,-30.3,3.7,0.46,30.21
35900,2.44,0,0,2.14,-96.0,94.5,1061.8,-25.98,-3.03,-5.0,29.77
35920,0,3.04,2.82,0,9.0,124.0,996.2,-21.69,14.43,-3.88,29.48
35940,0,1.56,0,0.83,-55.4,186.1,1001.4,-15.39,14.81,-4.97,29.21
35960,3.48,2.83,3.47,0,-52.9,141.7,1055.0,-13.25,16.05,-3.15,28.59
35980,3.25,3.31,0,0,-95.7,79.8,972.6,-4.69,23.67,-2.73,28.73
36000,74.64,21.71,4.66,3.39,-69.7,248.0,1065.7,3.18,20.64,-1.25,27.97
36020,73.71,33.66,10.11,0,19.4,83.9,943.4,10.12,12.63,3.82,28.63
36040,56.07,41.21,14.23,2.84,173.5,84.4,946.6,17.37,16.44,5.48,28.68
36060,35.41,53.07,33.29,0.84,42.9,198.9,927.5,25.26,22.99,5.05,28.97
36080,19.98,58.77,37.61,0,25.6,72.2,870.3,25.76,9.61,3.89,29.39
36100,7.89,58.36,58.99,0,71.0,83.8,817.3,25.83,13.37,-1.98,29.36
36120,1.25,51.19,69.66,0,23.1,-4.4,798.5,29.42,0.47,1.06,29.92
36140,2.55,29.02,84.57,7.36,91.1,18.9,772.2,32.61,-0.59,-1.31,30.37
36160,0,22.78,86.04,7.86,209.7,5.5,829.1,28.38,-6.05,0.64,30.14
36180,1.57,10.98,86.29,23.93,88.7,-161.8,865.0,26.93,-16.92,-4.02,30.71
36200,0,6.5,64.07,29.7,103.9,-173.6,827.5,24.29,-8.16,-4.78,30.96
36220,1.41,5.9,62.64,44.16,0.9,-132.1,859.3,21.4,-16.48,-4.83,30.49
36240,0,4.56,44.18,58.2,42.5,-32.3,915.2,11.83,-19.37,-1.81,31.0
36260,0,4.01,29.06,63.88,19.7,-135.0,989.4,8.18,-16.56,-4.49,31.38
36280,0,0,19.51,65.74,-1.2,-170.5,1039.2,-8.1,-12.9,0.33,30.63
36300,0,0,14.93,58.34,-65.6,-107.5,1047.1,-10.6,-9.54,0.96,30.81
36320,0,0,5.92,45.15,58.6,-181.8,1010.0,-13.77,-17.91,5.45,31.21
36340,0,0,0.7,31.28,-76.3,-49.8,1047.4,-17.28,-20.49,2.64,31.21
36360,1.03,0,5.56,28.48,-66.2,-30.0,934.3,-22.72,-8.35,7.46,30.38
36380,0,2.5,1.34,17.17,-24.2,-110.7,970.1,-26.86,-11.06,7.29,30.81
36400,0,0,0,6.96,-94.0,-50.6,998.4,-32.16,-0.69,0.78,30.16
36420,2.06,1.19,2.04,2.82,-127.3,67.4,1017.6,-31.71,-3.57,-2.25,29.8
36440,0,3.02,2.58,0,-34.6,158.4,1001.9,-27.86,5.03,-4.41,29.95
36460,0,6.26,0.22,0,-61.5,43.4,1000.7,-28.0,10.67,-8.41,29.03
36480,1.73,0,2.25,2.38,49.7,61.5,1016.4,-26.23,17.37,-2.11,29.16
36500,0,0.09,0.72,1.66,-80.0,74.3,1089.3,-11.88,21.63,-4.34,28.69
36520,0,0,1.53,2.96,-32.1,210.1,1002.1,-12.5,21.98,0.17,28.27
36540,0,1.07,0,0,-67.8,67.2,1029.5,3.01,21.75,0.31,28.0
36560,71.21,28.89,4.72,0.88,35.2,198.5,915.8,3.17,18.33,0.99,28.06
36580,63.37,47.89,17.02,3.54,86.5,231.9,929.3,8.77,18.38,0.61,28.45
36600,44.65,57.62,23.52,0.83,193.1,120.7,909.7,22.44,17.06,6.63,28.82
36620,22.6,57.12,39.15,3.01,49.0,97.6,825.7,22.72,8.84,6.47,29.26
36640,9.67,57.37,53.05,0,96.7,85.7,823.3,23.77,2.4,2.68,29.28
36660,0.11,44.04,64.79,8.46,65.6,6.6,884.2,22.09,10.05,3.24,30.11
36680,0,39.31,82.69,8.57,142.3,13.9,816.7,28.68,-8.97,-0.11,29.85
36700,0,22.96,86.84,0.77,198.0,76.7,820.1,33.09,-7.67,-5.15,30.48
36720,0,16.2,85.92,16.32,66.8,-54.2,843.8,34.35,-10.4,-4.03,30.6
36740,0,11.72,78.75,30.18,121.1,-80.6,798.0,20.93,-3.93,-4.97,30.75
36760,1.4,3.88,63.2,36.59,124.8,-128.1,903.9,20.44,-13.75,-1.84,30.68
36780,0.25,0.47,46.5,57.38,76.7,-179.1,881.9,12.42,-19.8,-5.11,31.13
36800,0,0,38.4,60.46,116.4,-120.3,957.0,3.35,-23.7,0.04,30.73
36820,5.96,1.09,27.97,65.73,16.1,-153.0,969.7,-4.92,-18.91,-1.33,30.8
36840,0,2.23,17.39,61.39,-68.5,-117.3,1049.6,-10.4,-24.37,2.17,30.84
36860,1.88,2.19,13.07,49.65,-148.6,-149.9,984.0,-12.49,-16.62,5.03,31.03
36880,4.45,0.14,6.13,30.82,-119.2,-116.0,941.4,-19.41,-4.03,2.92,30.55
36900,0,0,2.96,28.04,36.2,-76.8,1035.1,-19.85,-10.89,5.13,30.8
36920,1.26,0,0,9.78,-155.3,130.2,1049.2,-30.38,-9.16,3.8,30.15
36940,0,0,5.07,1.67,-56.0,-25.6,910.5,-30.18,-5.21,4.1,30.17
36960,1.3,0,1.47,0,-152.0,-10.1,1019.0,-27.8,4.6,1.59,30.15
36980,2.93,0.68,0.06,0.09,-94.5,-5.1,962.1,-32.57,1.17,-0.56,29.93
37000,0,0.26,3.57,1.22,-38.7,102.6,939.6,-28.1,3.76,-8.01,29.78
37020,0,0,0,0,15.5,112.4,972.6,-19.36,12.35,-9.51,29.24
37040,0,2.1,0,0,37.0,164.5,939.1,-15.69,10.53,-4.82,28.71
37060,0,4.44,7.2,2.85,5.8,134.2,946.6,-10.38,20.87,-0.88,28.6
37080,0,0,0,0,-74.3,133.2,986.0,0.37,14.32,-0.04,27.76
37100,76.54,28.72,10.58,0,26.0,203.2,968.6,0.14,16.43,-1.03,28.23
37120,62.03,35.95,7.77,0,-50.0,149.5,984.0,9.03,18.92,2.15,28.74
37140,44.7,55.0,21.95,0,48.9,177.2,878.6,18.85,22.42,-0.28,29.16
37160,28.09,56.11,29.27,0,112.9,108.4,827.0,21.8,6.25,5.6,29.21
37180,9.4,59.02,49.2,0,137.5,39.7,791.6,21.88,16.34,2.93,29.49
37200,4.31,53.97,59.67,3.07,22.2,86.9,818.6,23.14,3.25,4.78,29.81
37220,5.76,37.03,81.09,1.6,0.3,65.5,785.6,25.74,0.82,-1.47,30.19
37240,2.36,31.58,82.8,6.79,120.4,-28.8,800.2,30.42,-6.1,-2.18,30.31
37260,7.26,18.47,91.49,15.99,46.1,-96.9,828.7,26.18,-14.6,-6.38,30.51
37280,0.41,9.56,81.48,19.18,114.4,-36.7,873.9,25.9,-7.07,-5.35,30.66
37300,1.05,2.15,65.06,35.12,145.1,-43.0,874.2,20.65,-14.18,-7.56,30.82
37320,0,2.45,59.2,54.97,69.4,-145.7,854.6,15.54,-13.03,-2.33,31.03
37340,0,0,44.0,62.21,55.2,-112.9,980.8,12.51,-22.94,-1.74,31.21
37360,0,0.33,26.23,60.42,56.0,-167.3,947.8,4.06,-24.47,-1.55,31.08
37380,0,0,14.89,60.1,69.9,-157.1,1000.1,-7.62,-20.13,2.2,31.1
37400,1.8,0,9.48,53.67,-24.0,-223.4,991.0,-10.62,-25.2,6.36,31.0
37420,0,0,5.87,43.95,-74.2,-248.8,1022.3,-20.0,-11.07,5.49,30.74
37440,0,1.11,0,27.15,-80.4,-65.3,1017.7,-23.95,-14.32,2.45,31.03
37460,0,2.61,0,16.26,-29.2,-68.7,1016.4,-29.2,-12.05,2.02,30.08
37480,2.02,0,1.19,11.36,-209.8,72.2,991.0,-31.2,-5.58,1.1,30.28
37500,1.35,0,0,4.47,-138.2,-42.9,984.3,-24.9,-4.55,-1.43,30.07
37520,0.81,0,7.07,1.98,77.3,96.2,998.7,-32.72,3.09,-1.97,29.77
37540,1.56,0,0.34,0,-148.4,27.5,964.2,-31.82,14.88,-6.07,29.56
37560,0.4,0,1.96,0,-93.6,55.0,971.5,-25.5,17.85,-5.86,29.42
37580,0,0,0.98,0,-91.1,98.0,963.0,-16.82,9.72,-4.49,28.91
37600,0,2.51,1.29,0,-48.7,86.8,979.1,-11.96,19.77,-1.53,28.45
37620,1.47,1.84,0,0,22.0,115.4,974.8,-2.52,20.35,0.6,28.42
37640,79.65,26.0,7.12,6.19,-32.4,135.7,977.1,0.8,27.6,2.85,27.56
37660,66.23,36.23,12.44,0.17,5.8,169.7,907.4,11.57,11.39,2.2,28.63
37680,48.13,48.78,12.38,4.11,65.8,134.3,928.8,13.87,25.5,6.54,28.53
37700,32.08,54.14,32.41,0,53.5,222.0,853.4,18.81,11.17,7.09,29.27
37720,18.69,62.2,45.51,0,218.3,62.3,803.7,31.44,17.38,8.5,29.43
37740,5.76,49.92,62.85,0,133.4,108.0,823.9,26.43,7.93,3.21,29.77
37760,0,47.19,75.62,1.06,144.5,28.4,801.4,30.69,1.92,4.3,29.78
37780,3.25,38.89,81.88,4.9,141.5,27.2,790.6,33.07,4.31,-2.29,30.28
37800,0,21.62,87.55,9.04,139.5,-48.4,781.9,25.11,-4.14,-4.03,30.43
37820,0,8.26,83.98,20.28,130.6,-143.9,809.7,24.08,-8.63,-8.81,30.93
37840,0.93,4.98,74.27,35.7,153.7,-118.2,894.1,22.67,-12.31,-3.81,30.63
37860,2.05,3.45,62.82,46.78,6.6,-68.9,881.1,11.05,-18.0,-3.14,30.82
37880,4.4,4.46,46.86,58.56,83.8,-173.0,936.9,7.88,-23.05,-0.45,30.95
37900,2.49,0.53,30.11,72.24,55.1,-208.7,972.4,1.54,-18.96,-1.71,30.7
37920,0,0,15.52,66.39,0.3,-190.9,1011.3,-0.01,-10.55,-1.44,30.86
37940,0.48,0,8.16,58.68,16.6,-74.6,1004.7,-6.73,-20.69,0.49,30.71
37960,1.62,4.03,6.96,39.46,-108.6,-184.8,979.3,-15.22,-20.18,7.02,31.15
37980,2.64,6.25,1.86,27.19,-79.5,-43.5,979.0,-21.51,-16.41,1.2,30.82
38000,1.71,0,4.49,17.94,-109.1,-35.3,1005.8,-27.62,-18.7,1.65,30.67
38020,1.57,0,3.15,6.87,-38.2,-41.2,1050.0,-25.86,-5.26,3.06,30.27
38040,0.29,0.42,2.19,7.68,-99.1,-7.1,939.8,-30.3,-6.12,0.98,30.34
38060,0,4.54,0,0,-157.2,-25.3,963.0,-28.46,4.16,0.6,30.19
38080,0,0.71,3.13,4.61,-136.5,165.4,1026.2,-25.59,9.24,-3.37,29.58
38100,3.62,1.71,0,0,-176.8,72.6,990.8,-26.12,10.41,-3.83,29.67
38120,0,0,3.13,4.71,10.3,97.7,995.1,-21.46,12.26,-3.76,29.06
38140,0.06,0.89,8.8,1.65,4.7,105.6,1014.5,-11.38,21.35,-5.08,28.66
38160,0,0,0,1.41,-75.3,134.6,979.9,-8.25,19.31,-5.64,28.63
38180,3.31,7.66,0,0.51,-89.2,49.5,1035.9,-5.64,24.0,-1.79,28.26
38200,69.53,30.19,12.28,0,-21.2,180.1,965.0,7.23,15.56,2.4,28.15
38220,57.42,44.02,20.06,5.93,-0.6,132.6,893.0,10.0,12.81,5.71,28.7
38240,32.9,55.44,25.74,0,11.0,192.5,894.2,19.71,14.16,2.27,29.28
38260,18.43,56.81,38.16,1.42,114.7,152.9,864.2,23.04,18.08,4.24,29.24
38280,7.63,57.02,57.77,3.77,88.7,96.7,807.7,28.57,10.88,2.99,29.83
38300,3.48,45.96,70.07,4.73,19.6,40.2,782.4,28.25,2.55,0.23,30.1
38320,0,37.82,77.05,2.93,36.4,46.4,738.7,26.71,6.28,-0.83,30.1
38340,0,24.54,85.74,8.63,115.3,4.0,792.2,24.88,-0.43,1.49,30.28
38360,1.33,15.18,85.64,21.36,120.4,-74.4,858.0,25.75,0.17,-6.78,30.76
38380,3.95,5.81,75.37,27.47,140.9,42.0,792.1,18.64,-17.67,-5.2,30.65
38400,3.85,4.41,65.89,44.82,20.5,-67.8,892.0,16.45,-22.41,-7.33,30.9
38420,0,2.03,49.36,55.48,51.4,-117.0,928.3,9.0,-22.1,0.43,30.44
38440,2.09,4.97,34.55,64.5,108.5,-71.4,948.3,4.28,-24.48,-0.45,30.82
38460,0,1.68,21.89,66.11,-66.0,-95.1,991.2,1.7,-18.15,0.21,30.93
38480,1.84,0,11.63,57.1,29.3,-264.6,1014.6,-4.17,-10.75,2.26,30.82
38500,0,1.73,5.02,43.44,6.8,-163.3,1057.4,-16.41,-16.43,4.12,30.81
38520,3.81,0.28,2.84,32.49,-0.5,-120.5,1035.6,-22.87,-21.98,6.55,30.68
38540,2.4,1.13,0,18.13,-145.5,-166.0,1021.1,-24.55,-19.53,6.32,30.65
38560,0,2.36,0,13.04,33.4,-7.0,978.3,-33.71,-1.22,4.94,30.46
38580,0,1.41,0,7.37,21.0,61.4,980.7,-31.11,-0.3,6.12,30.64
38600,7.75,6.58,1.26,0,-185.2,-16.3,1038.3,-28.29,-4.04,-1.34,30.34
38620,0,0,0,4.55,-42.5,144.0,1049.4,-28.12,6.34,-6.84,30.03
38640,0,0.9,0,0.85,-41.2,173.4,1047.0,-22.54,10.95,-4.3,29.56
38660,3.59,6.21,0.59,3.01,5.0,107.9,994.6,-15.37,14.85,-5.34,29.65
38680,0.38,0,0,0,-71.7,147.7,994.6,-16.04,15.58,-4.97,28.57
38700,1.17,0,3.45,0.02,-148.9,107.8,993.4,-7.44,14.08,-4.52,28.3
38720,0,0,3.35,0,88.8,268.5,1001.4,-6.21,19.26,-3.47,27.77
38740,74.31,34.94,8.84,0,-3.8,195.2,954.9,0.1,16.66,2.91,28.4
38760,55.6,33.66,15.43,3.58,24.5,166.6,942.6,7.1,21.61,3.32,28.86
38780,38.43,52.42,22.66,0,74.6,77.6,858.0,20.44,18.87,7.47,29.11
38800,24.17,54.43,35.83,2.03,92.6,67.0,832.9,25.68,9.78,4.54,28.83
38820,7.34,60.29,54.07,0,96.4,71.4,829.3,27.41,2.62,4.21,29.72
38840,6.78,50.35,71.57,0,96.8,34.0,811.5,26.68,11.34,0.55,29.99
38860,1.92,37.61,76.48,5.68,132.9,9.3,805.4,32.32,-0.31,0.75,29.95
38880,0,31.86,88.48,4.95,80.9,-89.5,784.0,26.9,-14.49,-0.45,30.1
38900,0,18.69,81.77,15.84,-22.0,-74.2,841.9,26.44,-6.16,-1.94,30.8
38920,0.45,7.01,80.68,24.57,105.0,-35.6,825.8,27.04,-13.92,-3.84,30.49
38940,3.91,0.51,69.58,40.47,143.8,-123.0,895.4,23.91,-18.88,-6.81,30.94
38960,0.42,8.19,54.94,48.81,32.5,-151.4,873.2,10.75,-9.99,-4.11,30.96
38980,3.97,3.66,40.67,66.03,47.3,-183.0,922.6,5.98,-28.81,-3.48,30.9
39000,3.21,4.48,18.08,68.39,-1.6,-184.3,967.9,3.82,-20.23,-1.09,31.01
39020,0,0,12.36,65.76,-78.8,-119.2,995.1,-6.74,-21.4,3.21,30.91
39040,1.16,0.34,4.34,54.38,-92.3,-130.7,971.8,-12.13,-18.46,5.05,31.06
39060,5.51,0.76,8.36,40.6,-79.0,-107.1,1003.4,-18.31,-14.92,6.06,31.27
39080,1.57,0.53,3.34,26.69,-75.7,-147.7,984.9,-26.69,-17.49,6.78,30.83
39100,0,0,0.9,17.45,-51.3,-19.2,968.9,-23.49,-9.48,1.39,30.58
39120,0,0,5.0,9.47,-73.3,92.5,1040.7,-21.51,-5.21,2.44,30.3
39140,1.0,0,0,5.02,-71.9,-69.9,996.6,-28.26,-2.99,0.45,30.06
39160,0,0,2.07,0,-114.2,65.9,974.3,-25.85,10.53,-1.16,29.73
39180,0,0,2.4,0,-75.8,91.0,953.8,-26.77,14.17,-4.39,29.53
39200,0,0,0,0,-109.8,47.6,1026.9,-26.9,8.83,-5.41,29.47
39220,1.5,0.31,1.43,0,-74.3,113.3,1066.2,-22.91,8.48,-3.64,28.77
39240,0,4.62,3.05,7.13,-125.2,236.0,977.2,-9.4,16.02,-3.89,28.6
39260,2.78,1.32,0,0,-73.7,138.4,1032.2,-2.48,16.67,-3.46,27.86
39280,78.36,25.25,6.22,0,-28.1,154.8,989.6,1.82,19.27,1.49,28.43
39300,65.17,35.97,14.76,0,-41.4,131.4,885.6,10.83,20.59,2.93,28.56
39320,49.29,43.03,21.31,0,70.7,105.0,914.6,19.93,15.9,2.32,28.65
39340,28.28,54.17,27.54,5.52,36.4,61.2,811.1,19.92,11.46,5.72,29.06
39360,16.43,54.93,50.67,3.34,77.4,106.1,848.1,32.21,10.35,7.87,29.37
39380,4.55,52.08,64.41,4.03,68.4,33.4,872.8,26.82,4.86,-0.87,29.84
39400,8.18,46.44,73.5,0,122.6,26.6,829.5,26.87,3.53,2.52,29.73
39420,0,26.41,83.43,3.35,13.1,-11.0,795.5,26.07,-2.99,0.84,30.1
39440,1.26,14.21,82.88,11.04,-8.4,27.2,797.2,21.71,-9.95,-5.56,30.49
39460,0,12.62,80.27,23.82,105.9,-43.3,857.1,28.4,-10.17,-3.97,30.73
39480,2.78,3.81,68.61,30.15,-10.1,-106.1,870.8,21.87,-25.13,-1.3,30.94
39500,2.2,0.36,58.41,48.81,-57.0,-138.1,904.3,12.12,-18.43,-3.76,30.67
39520,0,0,36.8,60.59,66.9,-55.5,932.3,9.83,-28.54,-3.1,31.15
39540,0,2.42,27.66,68.38,36.3,-61.8,923.7,-3.42,-18.49,-0.95,31.09
39560,2.09,0.13,15.68,57.14,-111.7,-166.7,1039.6,-3.93,-19.39,1.68,31.13
39580,0,2.33,12.37,55.93,-102.1,-82.9,1009.7,-10.43,-15.05,4.35,31.05
39600,2.45,3.32,3.15,43.86,-10.4,-109.3,1033.6,-18.41,-10.92,4.46,30.76
39620,4.51,0.26,4.46,26.84,-52.1,-117.9,979.7,-25.25,-17.24,3.14,30.81
39640,6.37,0,0,16.18,-148.8,-46.1,1026.4,-26.48,-6.57,3.1,30.45
39660,4.68,1.46,3.72,9.95,-114.5,-89.7,972.2,-27.62,-7.96,1.28,30.51
39680,0,1.89,1.73,0.17,-50.6,-51.8,1016.5,-27.04,9.13,-0.17,30.15
39700,0,0,0.85,1.75,-81.6,52.7,962.1,-27.59,11.43,-0.49,29.84
39720,2.6,3.99,2.34,0,-62.9,142.4,955.9,-29.0,7.54,-1.58,29.52
39740,0,2.68,0,2.72,-174.4,125.5,959.4,-15.44,4.79,-0.46,29.48
39760,0,0.05,0,0,-112.7,51.9,999.3,-14.47,14.66,-5.81,29.21
39780,0,4.96,1.81,1.92,13.5,223.2,997.5,-16.23,20.5,-4.96,28.79
39800,0,0,0,0.86,36.3,175.7,997.0,-5.97,11.86,-0.67,28.41
39820,80.09,26.13,7.89,0,40.7,105.5,992.9,2.44,15.03,1.61,28.08
39840,73.6,31.53,12.45,0,-10.9,51.6,937.9,9.2,21.7,0.11,28.87
39860,55.88,43.2,21.58,0,139.8,131.6,893.4,15.89,20.55,3.5,28.62
39880,35.42,51.62,29.36,0,48.9,170.3,841.8,22.72,15.26,3.56,29.17
39900,22.42,60.44,44.94,2.45,136.4,187.9,823.7,20.29,10.91,4.91,29.4
39920,0,48.34,52.13,0.35,57.7,23.3,843.9,28.37,1.23,3.38,29.58
39940,5.13,49.42,74.42,5.08,77.8,67.6,808.9,28.99,7.31,2.68,29.83
39960,3.8,28.47,76.45,4.91,20.1,-8.1,807.4,37.32,2.86,-1.05,30.42
39980,0,22.96,87.24,14.18,90.2,-62.9,804.0,33.62,-7.43,-3.04,30.52
40000,0,15.97,81.63,14.26,1.6,-52.3,810.3,26.59,-4.55,-4.85,30.74
40020,0,9.19,74.36,34.72,39.0,-109.6,832.0,16.95,-17.65,-2.3,30.5
40040,2.55,6.68,62.59,47.41,-3.8,-51.7,902.7,18.12,-27.95,-6.77,30.74
40060,0,4.74,44.94,57.19,32.9,-153.3,909.6,10.07,-20.24,-6.44,30.77
40080,3.77,3.7,28.18,73.68,15.7,-85.8,1049.2,1.73,-12.33,5.32,30.83
40100,0,0,26.48,62.77,-45.9,-160.8,1009.7,-5.68,-22.15,2.98,30.79
40120,0,0,15.4,63.51,-68.0,-273.8,1011.3,-6.97,-12.67,4.22,30.64
40140,1.14,6.14,4.85,47.06,-85.4,-149.1,1004.9,-15.01,-14.03,6.04,31.31
40160,0,0,7.36,29.63,-31.8,-167.1,1021.4,-22.0,-15.2,6.14,30.81
40180,0,1.8,1.76,19.85,-169.7,-107.8,963.3,-24.3,-15.65,2.75,30.74
40200,2.57,0,1.73,11.64,-119.3,-50.6,901.0,-31.47,-4.36,4.45,30.37
40220,0,0,1.12,8.39,-144.8,18.4,1023.2,-34.4,-5.65,0.73,30.29
40240,3.06,1.82,0,2.75,-97.1,35.5,1046.1,-32.64,1.15,-3.87,29.46
40260,0,0,0,0,-71.7,85.1,968.3,-34.42,5.9,-6.97,29.42
40280,0,0.32,0,0,-34.9,7.6,975.4,-22.71,3.26,-5.47,29.42
40300,0,0,0,0,-96.1,130.3,960.3,-23.63,17.36,-4.66,28.93
40320,1.41,0,2.69,3.28,-4.7,239.1,1007.0,-20.39,11.86,-2.57,28.76
40340,3.81,0.44,2.26,0,61.6,177.2,963.7,-7.49,26.97,-8.09,28.02
40360,4.42,0,0,0,50.8,42.3,986.3,-0.33,20.94,0.81,27.92
40380,76.17,30.4,8.46,3.47,-31.9,101.2,967.1,1.56,19.93,0.5,28.17
40400,58.2,39.32,14.03,0,76.2,216.0,852.2,13.39,25.18,1.36,28.57
40420,36.63,53.67,21.61,0,83.7,97.9,903.7,24.85,27.44,2.54,29.07
40440,23.71,50.98,34.58,0,42.7,71.6,834.5,24.07,11.69,3.18,29.21
40460,12.41,59.22,58.49,1.55,104.3,35.9,816.1,24.65,7.17,6.69,29.48
40480,7.88,42.6,69.68,0,49.8,18.9,849.7,26.67,3.66,6.47,29.69
40500,0,33.88,75.86,1.22,74.0,-11.3,829.9,29.13,-3.01,2.91,29.96
40520,4.1,30.63,83.57,11.41,76.4,-16.5,796.1,33.43,-10.81,-3.44,30.62
40540,4.6,20.26,82.96,18.34,-31.9,-108.3,813.5,25.38,-3.91,-3.88,30.39
40560,0,6.94,80.09,28.86,80.1,-69.3,849.9,24.26,-19.94,-5.8,30.58
40580,2.57,2.94,60.76,42.58,70.7,-170.7,883.6,16.68,-10.94,-4.36,30.64
40600,0.36,1.01,45.95,53.73,53.4,-137.2,964.1,15.02,-12.66,-2.92,31.16
40620,8.45,0,37.23,60.02,-35.9,-99.7,963.4,7.67,-12.35,2.37,31.01
40640,2.79,2.63,20.59,66.84,12.5,-175.9,964.9,-2.54,-26.63,0.07,30.71
40660,3.46,0.7,11.24,53.5,36.4,-184.3,945.7,-7.36,-15.89,-1.79,31.11
40680,2.5,0,7.66,52.45,-142.0,-161.3,960.6,-16.27,-11.62,4.55,30.66
40700,1.83,0,1.47,34.18,-22.2,-78.4,1037.2,-22.1,-16.02,6.73,30.71
40720,3.22,3.53,1.28,23.04,-57.6,-59.0,1014.9,-22.26,-8.58,2.99,30.68
40740,0,1.65,3.73,8.11,-142.6,-68.8,1013.4,-26.67,-3.2,1.95,30.46
40760,0,1.83,0,5.36,-68.1,61.4,1028.0,-29.39,-2.93,4.57,30.28
40780,0,0,1.08,7.91,-106.7,19.7,1023.0,-35.38,4.0,-1.63,29.86
40800,0,0.31,2.88,0,-121.2,137.4,1115.4,-27.66,7.28,-4.36,30.11
40820,1.74,0,6.29,0,-115.1,151.8,978.1,-20.31,20.79,-4.99,29.69
40840,4.94,0,0,2.34,-32.0,178.1,1033.2,-23.01,2.75,-4.87,28.92
40860,2.05,4.94,0,3.43,-93.2,204.9,1029.6,-17.64,15.88,-4.59,28.7
40880,3.19,0,7.36,0,-45.8,119.2,990.0,-6.88,16.14,-3.14,28.41
40900,0,0,0,0.76,-41.0,115.2,1002.8,-3.73,14.35,-0.2,27.88
40920,72.92,22.23,2.32,3.89,46.4,164.1,1017.3,7.42,16.18,1.04,28.25
40940,63.03,38.22,13.91,0,101.6,97.6,938.6,8.85,25.85,4.74,28.6
40960,45.79,53.71,19.03,0,107.9,83.5,922.2,23.49,15.62,6.62,29.26
40980,23.21,54.13,37.42,0,146.5,6.7,865.7,24.16,19.02,5.3,29.31
41000,11.17,56.73,49.27,0,144.8,56.8,826.0,24.06,6.16,3.28,29.5
41020,0.5,48.24,68.01,3.15,50.6,130.6,779.7,29.25,12.28,5.45,30.01
41040,0,39.3,80.14,2.25,135.1,27.5,771.8,27.12,-0.82,4.45,30.0
41060,0,25.8,82.47,10.87,92.9,-71.6,794.6,26.16,-2.43,-1.38,30.29
41080,0.44,18.7,78.78,9.45,76.0,-31.7,838.9,27.14,4.2,-6.13,30.8
41100,2.71,6.08,79.47,24.13,64.2,-35.9,870.9,26.81,-18.28,-5.33,30.45
41120,5.87,2.31,66.13,39.49,72.4,-149.8,921.6,19.25,-23.59,-3.04,30.91
41140,0,0,53.35,50.67,-19.0,-137.3,907.2,12.81,-19.06,-3.23,31.17
41160,0,0.58,41.57,61.59,37.5,-106.7,985.3,6.0,-26.37,-0.85,31.23
41180,0,2.68,28.4,67.67,19.9,-148.6,1022.8,0.82,-19.91,2.99,31.07
41200,1.61,0.13,19.41,68.78,-92.6,-66.8,1024.5,-2.56,-28.04,0.65,31.07
41220,0,0,3.43,53.68,21.7,-102.8,995.9,-13.24,-13.26,3.76,30.96
41240,0,2.62,5.08,41.49,-103.1,-154.8,1057.0,-18.46,-8.9,1.66,30.37
41260,0,0,0,27.69,-109.9,-112.6,963.0,-24.92,-6.01,2.73,30.7
41280,0,0.59,3.55,10.8,-68.1,-85.6,959.7,-25.79,-10.34,2.21,30.14
41300,0,0,0.29,5.81,-137.2,42.4,986.4,-32.79,-3.63,2.96,30.55
41320,1.76,0,4.94,4.01,-76.7,20.6,966.1,-31.68,-2.34,-0.2,30.13
41340,0,1.65,2.53,5.14,-52.4,-39.8,955.4,-34.09,0.91,-2.95,30.0
41360,2.0,0,0,1.59,-112.1,58.2,975.5,-25.82,6.08,-4.67,29.38
41380,0,0,0,0,-20.3,96.5,966.1,-15.81,18.68,-7.34,29.44
41400,0,0.07,0,0,-51.7,156.6,980.6,-14.33,10.27,-1.98,28.96
41420,0,6.88,0,1.52,-66.3,65.7,1004.4,-12.84,12.23,-2.99,28.75
41440,0,1.24,5.27,2.93,-61.8,183.3,986.9,-6.05,19.5,-4.73,28.1
41460,72.87,25.98,4.42,0.39,33.3,200.7,973.6,2.31,25.47,0.03,28.17
41480,69.87,30.57,8.98,0,-70.7,180.3,942.4,7.05,22.53,0.98,28.28
41500,42.63,41.53,22.56,1.33,28.8,128.2,968.4,17.16,22.96,4.6,28.93
41520,32.63,57.03,35.26,0.69,124.0,82.9,882.3,15.37,6.33,6.81,29.25
41540,7.38,58.6,46.43,1.16,58.3,-5.5,813.5,28.85,12.28,4.92,29.59
41560,2.73,51.25,61.64,2.15,64.7,89.5,818.4,24.53,10.32,2.7,29.89
41580,0.22,37.27,77.85,9.04,114.1,24.1,802.9,37.37,6.36,1.23,29.87
41600,2.23,30.7,90.01,7.24,15.6,16.5,871.6,25.51,-0.01,0.93,30.01
41620,0,21.52,84.56,10.02,234.2,-7.0,819.7,22.39,-10.73,-2.55,29.97
41640,0,14.03,80.66,21.33,68.9,-33.3,864.7,28.51,-9.1,-3.29,30.8
41660,7.9,5.66,66.24,33.89,85.1,-92.5,800.0,21.25,-12.05,-7.21,31.14
41680,1.26,5.25,58.33,45.91,126.7,-195.8,894.2,17.2,-24.45,-5.96,30.68
41700,0,2.83,42.34,60.28,56.3,-112.1,943.3,14.28,-21.17,0.34,30.92
41720,2.96,4.01,26.63,62.45,13.2,-232.2,1014.1,4.41,-26.35,-2.12,30.9
41740,0,4.2,21.59,65.73,-69.5,-162.5,1002.4,-11.81,-20.22,2.08,31.3
41760,0,0.72,12.08,55.75,-46.3,-134.1,955.8,-8.33,-19.23,2.58,30.97
41780,0,0,2.1,41.4,-118.3,-100.3,965.5,-15.76,-24.22,5.71,30.79
41800,0.49,0,1.75,32.08,-107.8,-47.9,1034.2,-22.57,-11.26,3.66,30.56
41820,0.61,2.33,3.88,16.38,-68.3,-128.5,986.4,-25.41,-12.03,4.44,30.59
41840,3.26,4.26,0,9.62,-88.2,-52.6,1022.3,-29.48,5.43,0.83,30.5
41860,0.49,0,1.37,8.17,-53.5,77.7,982.9,-26.73,3.08,0.33,30.28
41880,2.66,3.79,1.7,1.59,-113.9,-9.5,1027.4,-30.91,2.11,-1.32,29.88
41900,3.49,0,0,0,-63.9,-53.2,1018.8,-27.58,4.25,-3.31,29.69
41920,0,0,0,0,-45.5,130.0,1037.8,-24.77,12.75,-5.35,29.43
41940,0.8,0,0,0,-136.4,154.3,1024.0,-16.78,18.7,-7.1,29.16
41960,3.27,0,3.74,1.83,-91.9,173.5,972.6,-17.13,21.33,-2.86,28.69
41980,1.19,3.27,0,0.87,37.0,207.9,1029.5,-1.94,23.09,-6.08,28.24
42000,80.0,18.9,13.99,1.67,-8.3,201.2,974.1,3.36,16.98,0.98,27.9
42020,73.45,32.49,7.32,0.94,-20.2,126.3,954.0,9.03,24.87,3.97,28.19
42040,47.42,49.21,19.7,0,30.8,214.5,937.5,14.16,30.31,-0.22,28.52
42060,30.28,53.78,30.42,1.2,113.1,49.1,821.8,14.89,16.11,6.75,28.86
42080,16.81,56.79,46.1,0,104.6,74.4,857.1,23.92,1.64,5.19,29.44
42100,5.34,49.96,55.35,0,-4.8,31.9,855.7,29.66,9.9,2.84,29.53
42120,2.23,44.14,71.4,3.51,45.0,25.7,767.2,28.37,4.33,0.08,29.65
42140,0,37.06,78.81,4.66,75.5,-71.2,788.0,32.99,3.08,0.06,30.07
42160,0,21.81,87.85,8.56,163.4,-18.5,800.0,27.83,1.86,-3.65,30.59
42180,0,16.53,84.27,20.41,25.6,-32.0,809.0,27.7,-15.94,-5.86,30.72
42200,0,9.89,75.88,26.96,-15.9,-64.7,866.1,27.7,-23.25,-5.14,30.62
42220,0,1.77,60.38,44.15,131.8,-110.9,908.6,16.14,-16.23,-4.32,30.87
42240,0,0.9,45.41,57.89,85.1,-108.5,971.6,8.78,-22.27,-1.87,31.14
42260,0,0.9,30.93,61.55,33.6,-80.6,980.2,3.42,-26.6,-2.66,30.74
42280,0.74,3.03,25.26,58.94,-57.7,-98.1,983.1,-3.37,-16.74,3.85,31.24
42300,0,6.03,5.09,57.54,-13.3,-76.3,1004.5,-9.57,-22.96,2.27,30.86
42320,1.22,0.36,8.31,46.04,-19.8,-193.6,984.5,-14.98,-12.62,4.4,31.14
42340,0.03,1.42,11.16,36.61,-49.9,-119.3,947.7,-20.05,-10.35,6.1,31.28
42360,0,0.82,0,25.94,-48.2,27.1,1015.4,-20.82,-9.34,2.91,30.38
42380,0,0,5.28,14.72,-53.1,-46.4,969.2,-33.02,-14.79,5.96,30.66
42400,0,3.34,4.75,3.72,-2.8,45.6,1033.9,-28.87,-0.94,0.05,30.19
42420,0,1.7,0,3.26,-196.4,8.4,1087.7,-25.45,0.35,-3.06,29.7
42440,0,0,2.01,0,-217.0,136.4,963.9,-34.08,9.83,-5.72,29.63
42460,0,0,0.28,3.69,-66.9,20.4,1016.1,-24.67,12.87,-6.61,29.66
42480,0,3.54,1.29,2.45,-53.7,167.0,1017.4,-21.26,17.92,-4.78,29.36
42500,0,1.33,0,0.27,-69.9,140.6,993.3,-8.46,16.39,-5.42,28.97
42520,0,0,0,2.58,-28.4,186.0,1039.9,-10.19,16.9,-2.86,28.32
42540,0,3.31,0,2.08,29.8,203.3,1004.3,-1.3,19.1,-1.62,28.26
42560,71.73,31.83,5.8,0,-9.2,45.6,961.1,1.42,21.65,2.84,28.46
42580,56.3,46.28,14.5,0,-11.1,191.7,964.2,13.44,17.77,4.05,28.48
42600,41.11,53.74,31.15,0,96.5,114.3,877.6,18.29,15.54,2.33,28.9
42620,25.42,57.02,42.67,0,25.3,140.7,852.3,22.15,12.82,8.42,29.15
42640,14.2,54.49,53.62,2.36,120.6,13.2,814.7,21.8,12.59,1.7,29.49
42660,4.52,53.37,69.3,1.72,85.2,63.3,786.5,30.42,-4.49,5.37,30.04
42680,4.14,34.64,77.37,6.54,10.7,32.1,804.6,34.94,-2.42,-2.13,29.88
42700,0,25.3,81.6,1.85,81.3,-74.5,797.6,24.11,-1.09,-3.42,30.19
42720,0,17.52,86.57,18.19,121.2,-59.5,786.8,31.29,-8.11,-5.65,30.46
42740,0.44,10.88,81.39,33.39,95.6,-143.7,823.0,21.57,-16.5,-7.3,30.42
42760,1.19,7.09,62.77,36.27,-21.1,-89.2,835.3,17.43,-19.03,-5.98,30.88
42780,6.65,4.13,46.96,50.34,29.0,-131.7,894.0,16.53,-11.39,-2.56,30.8
42800,0.45,0.13,39.81,65.18,69.7,-93.2,932.5,6.55,-27.98,0.05,31.45
42820,0,0,21.75,62.75,-3.3,-211.7,1019.2,-2.45,-19.87,2.55,31.01
42840,0,0,15.44,60.9,27.1,-177.1,1071.5,-11.11,-19.03,3.18,30.8
42860,1.27,0,11.49,54.77,-80.5,-195.9,1041.0,-16.95,-17.28,1.92,30.92
42880,0.85,1.59,5.26,39.16,-105.4,-86.8,1003.7,-19.97,-17.6,4.37,30.26
42900,0,0.75,0,25.67,-157.0,-94.7,997.5,-25.06,-18.49,3.52,30.82
42920,4.85,0,0,11.67,-25.6,-69.8,991.3,-27.63,-11.98,4.8,30.37
42940,0.77,0.69,0,4.18,-42.1,45.4,984.4,-27.88,0.29,0.78,30.09
42960,1.91,0,0,0,-81.6,-35.9,1044.4,-32.93,-0.89,1.72,30.11
42980,0,0,1.95,0.51,-147.2,-8.7,1002.8,-30.8,5.64,-0.95,30.28
43000,0.27,1.18,0.49,0.09,-114.7,112.5,994.7,-31.1,4.55,-5.14,29.6
43020,6.4,3.13,0,2.96,-11.3,118.7,1058.8,-20.0,13.3,-5.57,29.28
43040,0,0,0,0,-76.2,153.9,970.8,-15.71,12.26,-1.77,28.74
43060,1.63,0,2.4,0,-82.0,144.1,1085.0,-2.23,23.43,-5.35,28.77
43080,2.54,0,4.26,0,-9.0,66.3,1030.7,-10.04,13.43,0.49,28.03
43100,80.74,24.59,2.57,0.68,1.0,118.8,1037.4,1.79,22.09,-0.79,27.93
43120,60.26,37.19,9.26,0,48.8,112.0,927.1,9.77,14.99,0.65,28.44
43140,43.07,48.23,22.59,0.3,17.3,35.0,932.5,13.29,19.32,5.74,28.8
43160,19.99,60.93,39.18,2.23,107.0,43.3,831.7,20.66,7.12,4.45,29.11
43180,18.25,58.25,50.03,0,146.6,118.1,881.1,20.13,3.43,7.12,29.51
43200,1.41,44.15,64.95,2.88,18.8,98.5,803.5,30.17,11.55,4.14,29.71
43220,1.2,38.79,76.12,3.52,98.5,-115.2,826.2,29.86,-0.02,-0.58,30.24
43240,0,33.03,87.31,6.94,84.9,-75.9,826.3,31.78,3.01,-1.29,30.47
43260,3.63,14.84,85.11,13.11,27.1,24.6,783.7,29.27,-4.89,-3.99,30.92
43280,4.16,8.32,80.25,24.81,103.9,-43.1,854.6,24.92,-19.75,-7.5,30.34
43300,0,3.15,69.05,36.7,66.2,-100.3,837.4,21.42,-11.21,-3.85,30.68
43320,1.47,2.1,53.31,52.58,31.2,-173.9,914.3,18.86,-17.92,-4.93,30.87
43340,0,1.56,40.26,63.7,49.7,-174.9,940.5,9.9,-16.07,-1.86,31.22
43360,1.55,0,26.54,65.73,82.6,-148.5,1009.3,-2.17,-18.46,-1.11,30.68
43380,0,0,11.61,61.46,68.0,-83.8,1011.7,-2.39,-11.56,2.24,30.95
43400,1.28,0.33,6.84,54.18,-93.4,-171.0,962.9,-8.46,-14.52,5.28,30.73
43420,1.29,0,13.45,36.68,-60.7,-51.0,1016.7,-19.0,-10.46,1.66,30.7
43440,1.53,2.27,4.2,29.26,-40.7,-80.5,1043.5,-23.13,-16.16,4.64,30.24
43460,0,0.07,4.06,19.77,-60.5,-73.2,997.0,-29.7,-19.93,0.95,30.39
43480,3.22,0,0.72,5.53,-204.7,-32.1,996.9,-29.88,-1.89,1.35,30.37
43500,0.46,1.43,4.75,5.14,-117.1,-54.5,996.1,-35.28,-5.96,-0.64,30.13
43520,2.33,0,0.45,1.92,-151.7,-27.3,1002.0,-31.23,-1.93,-0.36,29.78
43540,0,0,3.79,0,-85.1,112.7,1048.0,-18.5,-0.81,-5.53,30.0
43560,0.95,0,3.84,3.11,-94.4,57.7,1005.6,-26.34,4.11,-2.8,29.66
43580,0,0,0,2.83,-113.5,155.3,987.7,-16.03,11.51,-4.76,29.03
43600,1.71,0,0,0,-51.1,140.7,989.2,-15.82,19.83,-4.47,28.81
43620,1.61,2.48,0,0,-27.8,246.1,968.0,-7.12,25.91,-4.14,28.26
43640,75.31,22.08,6.51,0,-26.4,104.6,985.8,-0.61,28.24,4.46,27.95
43660,65.81,30.8,11.57,0.84,71.4,92.7,974.5,6.84,24.95,2.77,28.15
43680,53.66,49.84,18.61,0,74.2,82.5,927.4,13.82,13.38,2.56,29.18
43700,33.19,50.7,28.35,0,-39.8,162.2,898.2,14.57,16.27,7.65,29.16
43720,17.77,56.79,50.55,2.5,177.1,135.4,846.6,26.22,20.4,5.66,29.02
43740,8.79,58.68,57.93,0,-0.7,12.8,803.6,27.01,10.53,1.6,29.58
43760,0.89,46.91,75.99,5.61,97.4,-80.1,853.6,27.87,-3.3,2.08,29.99
43780,5.87,27.91,86.01,6.21,81.7,-7.2,828.7,29.54,3.15,2.93,30.3
43800,0,16.93,88.9,11.44,56.1,-71.1,779.4,31.35,-9.95,-1.33,30.71
43820,1.41,13.99,83.74,17.95,108.1,-41.5,762.7,21.31,-15.03,-5.22,30.38
43840,6.61,5.63,66.96,33.46,55.3,-130.1,842.0,20.84,-14.93,-6.66,30.84
43860,0,3.85,58.65,39.04,225.4,-140.2,965.7,18.29,-19.68,-5.31,30.8
43880,0.31,0,44.68,61.89,20.0,-146.5,902.7,12.9,-28.26,-2.84,30.94
43900,0.38,0,32.42,70.21,80.3,-245.1,956.4,3.68,-17.04,-1.36,31.16
43920,0,0,17.31,64.94,10.2,-77.8,948.9,-3.9,-24.39,3.08,30.79
43940,0,2.49,14.57,61.16,-103.7,-145.8,1015.0,-12.05,-26.82,1.98,31.17
43960,1.05,0,9.74,42.47,-89.5,-70.8,1034.8,-17.15,-15.2,6.74,30.94
43980,0,2.05,2.14,28.01,-90.7,-188.2,1005.3,-20.26,-15.72,5.5,30.63
44000,3.94,0,1.28,19.39,-26.6,-104.7,1029.7,-24.68,-6.23,4.28,30.45
44020,0,0,2.83,7.82,-26.7,-34.1,1002.5,-30.3,-10.16,5.49,30.26
44040,0,5.51,0,5.3,-104.6,22.3,1029.6,-32.17,-2.41,1.55,30.35
44060,0,2.72,0.15,3.32,-255.1,38.6,989.9,-29.33,1.53,-2.93,29.98
44080,0,1.64,0,2.15,-19.8,18.9,980.1,-28.63,0.48,-3.03,29.85
44100,1.25,3.05,0,0.8,-101.8,53.6,1019.1,-24.69,9.2,-3.8,29.3
44120,0,0.51,0.1,1.22,-2.1,41.0,989.4,-17.7,20.6,-7.43,28.84
44140,0,0,0.98,0,-88.2,160.3,955.3,-12.57,18.88,-5.03,28.86
44160,0.65,0,0,0,-21.4,189.2,1022.7,-6.43,19.05,-4.53,28.08
44180,0,0,0.89,0.25,26.4,231.1,961.1,-3.42,17.75,-0.63,28.0
44200,67.88,40.25,14.25,2.99,-42.6,216.2,978.4,7.17,27.17,3.76,28.43
44220,52.49,43.92,16.3,0,88.2,174.7,880.4,9.92,23.14,2.27,28.92
44240,41.08,55.78,28.13,5.16,157.0,56.5,867.0,18.0,12.37,3.92,28.79
44260,20.19,56.25,36.56,0,35.2,151.6,860.6,23.72,16.9,6.7,29.27
44280,5.62,59.34,56.58,0,0.1,-44.7,855.9,25.4,2.14,2.14,29.73
44300,4.93,44.85,67.87,2.31,27.1,125.7,850.1,24.72,6.42,1.06,29.65
44320,0,38.92,80.36,1.26,-17.2,8.9,761.0,29.92,1.43,-3.91,30.23
44340,0,20.52,84.3,7.09,192.3,-54.6,783.3,25.65,-11.58,-4.11,30.42
44360,0,11.82,78.42,18.32,118.4,-137.8,836.6,24.88,-20.29,-5.88,30.36
44380,0,7.38,79.92,31.52,92.9,-97.1,818.9,19.51,-15.38,-3.46,30.84
44400,0,8.7,64.25,38.74,77.7,-96.8,895.8,15.47,-19.81,-6.75,30.73
44420,0,2.26,47.3,51.12,109.0,-84.2,947.5,7.98,-8.86,-6.26,30.79
44440,0,0,33.48,63.24,-124.6,-168.9,968.4,7.32,-30.88,-0.47,31.2
44460,1.64,3.26,25.98,65.95,-56.1,-124.8,954.1,-0.26,-19.91,2.83,31.13
44480,1.93,4.23,9.28,62.86,-53.0,-159.1,1000.1,-11.08,-23.27,4.59,30.86
44500,0,2.26,8.43,50.17,-8.6,-136.8,1007.5,-15.83,-20.9,8.63,30.94
44520,0,0,0,35.93,-6.9,-38.9,1042.8,-21.52,-17.83,3.71,30.73
44540,0,2.23,5.1,24.72,-5.3,-147.6,1036.9,-21.49,-10.52,5.8,30.82
44560,5.7,7.07,0,11.74,-150.9,-61.2,1011.1,-30.22,-7.19,1.74,30.62
44580,4.49,0,0,1.0,-147.6,-18.3,1024.8,-36.37,3.47,-4.05,30.39
44600,0,0.38,0,0,-40.5,-69.7,958.8,-25.84,8.15,-3.23,29.9
44620,0.61,1.79,3.53,1.45,-161.7,96.9,1007.3,-30.33,12.32,-1.32,29.84
44640,0,0,6.64,0,-96.8,147.7,996.2,-28.29,8.28,-3.32,29.74
44660,0.67,2.67,10.15,0,-20.9,31.7,944.4,-20.87,9.44,-7.99,29.15
44680,0,2.53,1.72,0,-84.8,62.3,1007.9,-15.17,15.72,0.14,28.5
44700,0,0.67,0,0,-69.4,207.0,973.6,-10.33,16.32,-4.53,28.33
44720,0,3.23,0,5.06,-80.7,155.9,1041.9,-1.44,27.09,1.51,28.11
44740,76.08,26.06,11.07,6.21,19.6,133.8,1006.8,0.66,26.58,0.47,28.38
44760,59.93,40.45,13.42,3.73,44.9,78.7,920.1,8.08,20.32,3.08,28.68
44780,38.96,54.25,25.29,0,102.8,175.3,911.2,19.71,14.43,3.8,28.63
44800,25.94,54.48,37.9,1.22,37.5,96.0,852.8,27.25,9.94,4.51,29.28
44820,8.89,61.74,51.84,0,118.7,27.1,767.9,31.92,12.17,2.99,29.55
44840,4.79,48.3,68.18,1.54,86.2,46.9,818.7,30.0,10.55,6.45,29.93
44860,2.28,40.6,71.15,4.35,84.1,-45.7,756.0,26.66,-6.95,1.02,30.13
44880,2.08,28.27,85.53,13.72,102.1,-7.5,813.8,28.9,-2.39,0.55,30.26
44900,0,14.74,81.32,13.6,185.6,-122.9,849.6,25.91,-9.62,-3.27,30.5
44920,0,7.04,80.14,25.04,28.7,-104.9,818.5,24.76,-21.46,-3.48,30.77
44940,0.76,4.39,68.18,42.85,129.4,-168.8,943.2,17.69,-25.28,-6.59,31.18
44960,0.71,2.2,53.38,54.23,26.3,-173.5,891.7,14.63,-19.22,-3.76,31.31
44980,2.73,3.67,36.22,60.72,-117.9,-162.4,1004.2,8.9,-16.0,-2.92,30.98
45000,0,4.16,26.83,61.48,29.2,-86.2,963.4,-0.47,-14.96,1.45,31.19
45020,0,0,10.43,62.45,-72.6,-137.8,1045.4,-10.24,-17.24,3.07,31.36
45040,0,4.96,10.43,51.97,-70.1,-60.1,1019.6,-10.18,-22.3,4.91,31.33
45060,0,4.34,5.88,41.87,-38.9,-123.3,1023.5,-16.14,-14.85,6.41,31.07
45080,0.42,0,3.11,21.42,-65.0,-150.0,982.3,-22.92,-7.46,2.27,30.54
45100,0,4.53,0,15.02,-195.0,-103.8,1009.1,-29.65,-1.99,4.23,30.39
45120,0,0,0,4.1,-38.9,-39.4,962.8,-32.73,1.53,5.05,30.35
45140,0,0,0.05,4.9,-80.1,-97.0,1032.2,-30.31,-0.69,-1.88,29.95
45160,0,3.74,1.7,0,-53.3,-6.1,989.6,-30.65,4.55,-1.41,29.28
45180,1.18,0,0,0,-131.8,46.2,1031.3,-23.72,10.85,-3.35,29.43
45200,0.42,0,0,2.18,-53.6,94.5,978.5,-21.78,17.22,-3.56,29.1
45220,0.86,0.79,4.39,2.12,-109.9,169.2,1004.0,-15.54,22.52,-5.44,29.06
45240,1.03,1.34,0.06,2.71,37.3,171.8,1002.3,-13.24,13.11,-4.15,29.16
45260,0,0.87,0.73,0,72.9,150.5,1032.1,-8.5,29.05,-1.55,28.3
45280,78.56,20.08,1.83,0.23,58.6,110.0,1030.7,4.67,31.92,0.77,28.05
45300,64.17,38.72,12.59,5.3,34.8,24.7,936.3,9.09,14.95,8.42,28.55
45320,49.18,48.42,19.01,0.26,16.6,176.8,916.2,21.54,20.39,2.1,28.57
45340,24.6,61.55,27.75,0,79.6,183.1,843.8,17.73,13.99,4.32,29.18
45360,13.06,54.47,46.08,0.2,73.8,130.9,835.2,25.81,10.66,6.56,29.5
45380,1.99,55.59,63.32,0,100.1,6.9,816.6,28.23,5.23,-1.24,29.74
45400,1.79,41.87,76.99,0,150.7,-42.7,752.9,27.93,13.01,-1.3,29.65
45420,5.95,31.7,80.8,3.66,83.5,-5.4,852.8,29.06,-0.34,-0.03,30.09
45440,0,21.61,84.63,14.72,-29.7,27.6,782.9,31.04,-2.18,-4.21,30.27
45460,6.3,19.96,79.46,17.39,64.9,-85.5,864.3,30.13,-13.18,-4.16,30.35
45480,2.7,2.82,70.4,41.39,34.1,-224.8,825.2,20.74,-11.24,-4.63,30.74
45500,0.57,0.25,55.16,48.54,-17.1,-165.5,927.5,13.43,-19.03,-3.12,30.97
45520,1.23,0.8,43.4,58.37,62.7,-98.9,1013.5,10.03,-19.05,-1.12,31.3
45540,0,4.54,28.08,65.55,53.2,-152.7,948.6,1.84,-19.24,-2.06,30.92
45560,0,2.15,13.65,65.17,37.1,-187.3,991.3,-6.0,-11.05,3.55,30.94
45580,0,0,6.54,51.6,57.9,-143.2,983.7,-10.73,-17.38,4.79,31.1
45600,0,2.67,8.26,44.76,-12.8,-68.8,1009.8,-21.86,-22.12,6.2,31.04
45620,0,1.06,0,35.43,-74.5,-94.1,1034.2,-29.05,-11.88,4.17,30.56
45640,0,4.48,1.22,19.68,-47.9,-171.9,1021.6,-24.22,-11.06,3.6,30.46
45660,0,3.28,0.26,12.37,-143.0,-42.7,985.5,-29.39,-9.69,2.32,29.83
45680,2.35,0.01,0,8.03,-100.8,11.4,1047.1,-29.09,-3.09,3.62,29.95
45700,0,0,0,0,-47.0,59.9,1004.0,-29.43,0.52,-0.15,29.76
45720,1.36,0,1.79,1.0,-116.3,114.6,959.4,-27.72,5.81,-7.76,29.58
45740,3.28,0.5,1.7,0,-166.8,141.5,1013.7,-24.46,17.07,-2.35,29.52
45760,2.88,3.3,2.54,6.65,-5.7,119.7,1022.4,-17.53,9.46,-5.28,28.98
45780,0.45,0,0.98,0,5.9,188.2,1006.8,-14.26,9.11,-0.51,28.33
45800,0,0,0,0,11.8,107.3,1008.5,-8.7,18.12,-3.28,28.09
45820,80.44,19.73,0.88,2.19,3.8,247.3,1007.4,-0.54,24.92,-1.29,27.69
45840,65.92,35.15,13.45,4.43,12.0,134.6,966.0,6.5,18.73,-2.7,28.41
45860,45.16,46.17,19.75,0,-34.1,133.9,948.4,7.94,20.3,3.17,28.6
45880,29.47,54.71,27.72,2.17,24.0,236.6,842.9,15.57,14.4,4.51,28.99
45900,19.47,59.44,46.19,0,84.8,107.3,809.8,24.33,8.43,7.43,29.54
45920,3.51,53.3,55.3,0.04,138.8,127.6,856.4,32.78,15.02,4.27,29.76
45940,0,44.34,74.47,2.81,172.7,70.2,759.0,22.26,12.75,1.26,29.83
45960,6.28,40.0,80.02,2.45,86.6,-38.5,817.1,29.57,0.11,1.8,30.1
45980,0.19,22.11,84.56,6.39,86.4,17.6,840.7,26.01,-15.36,-1.14,30.13
46000,0,16.12,84.41,15.35,169.6,-115.7,848.2,27.93,-2.21,-3.72,30.53
46020,0.34,4.12,72.17,28.95,106.3,-96.2,824.7,22.58,-15.55,-7.03,30.75
46040,0,0,65.6,43.74,109.3,-220.4,875.8,12.56,-19.9,-2.57,31.0
46060,3.79,0.31,41.74,54.17,-25.8,-97.4,948.9,7.65,-13.91,-6.73,30.65
46080,0,2.76,31.0,66.09,24.1,-129.2,1003.4,3.79,-23.49,-1.07,31.1
46100,0,0,16.42,65.68,29.7,-167.7,1011.5,-6.29,-26.35,0.71,31.02
46120,3.66,2.25,8.94,61.7,53.2,-127.8,1016.5,-9.45,-15.83,5.85,30.87
46140,0,0,6.68,43.79,-18.1,-122.1,1030.7,-14.46,-16.67,-0.02,30.75
46160,1.9,5.19,1.24,37.97,-136.5,-107.5,999.4,-21.45,-7.8,6.77,30.51
46180,0,0,4.97,24.89,-138.8,-131.9,1034.4,-26.42,-9.56,5.42,30.63
46200,0,0.39,0.02,12.56,-168.1,-91.2,1016.8,-28.1,-0.14,2.34,30.29
46220,0,2.27,0,6.22,-54.8,-52.6,1008.0,-33.64,0.16,2.52,29.82
46240,0,0,2.57,6.47,-64.7,80.4,999.3,-29.74,6.28,-0.45,30.25
46260,1.03,10.12,0,0.88,-86.1,36.4,1003.3,-28.56,14.28,-5.29,30.29
46280,0,0,0,0.92,-85.8,58.6,1034.0,-29.36,1.82,-5.05,29.58
46300,0,0,0.14,0,14.5,160.3,1018.8,-18.23,15.3,-6.61,29.11
46320,3.3,0,0,0,-32.1,183.8,1004.6,-11.98,14.51,-4.69,28.66
46340,0,0,0.69,0,-55.6,98.9,1045.8,-10.95,28.81,-4.69,28.24
46360,0,0,0,7.14,-3.0,183.3,981.2,-3.34,19.18,-2.17,27.96
46380,72.65,35.46,1.64,0.29,33.9,144.5,972.5,1.8,22.1,1.02,28.12
46400,56.24,38.78,13.95,1.48,115.0,147.6,939.9,12.38,22.89,5.55,28.78
46420,35.25,50.12,28.18,1.63,137.7,177.7,843.1,20.62,13.62,7.25,29.15
46440,22.6,62.5,36.51,0.41,24.4,31.6,785.9,25.49,5.58,3.07,29.26
46460,11.51,56.14,57.88,4.78,7.6,85.6,762.3,22.13,9.32,1.55,29.65
46480,5.65,43.09,66.66,0,132.4,-25.1,816.4,26.41,-0.43,1.85,29.9
46500,2.04,37.9,83.42,0,105.6,-6.9,760.7,33.92,-7.22,1.66,30.16
46520,0,23.04,86.87,9.27,91.6,-55.3,836.8,27.25,-2.35,-4.24,30.24
46540,2.86,18.6,81.56,17.01,143.6,-129.3,827.4,30.05,-6.96,-3.26,30.86
46560,0,10.04,76.18,30.5,119.3,-166.7,846.3,23.94,-20.34,-2.71,30.78
46580,0,5.03,64.68,39.91,-28.3,-91.9,882.8,20.07,-11.22,-6.21,30.42
46600,1.9,4.32,48.91,54.43,112.0,-169.3,917.7,9.3,-21.78,-2.91,30.59
46620,0.44,5.6,34.08,60.3,90.1,-84.7,1002.3,8.29,-22.12,-4.16,31.12
46640,2.29,0,22.56,69.48,37.2,-148.8,1023.6,0.57,-20.21,-5.29,30.94
46660,0,0.06,11.77,62.36,33.5,-142.2,1025.8,-7.08,-27.88,1.03,31.24
46680,0,1.99,9.99,48.16,-36.5,-60.3,962.0,-18.82,-14.91,7.12,31.04
46700,0,4.59,7.16,33.88,-19.5,-42.7,992.0,-18.86,-16.54,7.86,30.74
46720,0,5.44,0.44,22.76,-88.6,-87.6,961.4,-24.62,-14.26,3.27,30.43
46740,0,0,0.79,12.42,-14.1,-81.5,955.2,-28.78,-10.81,1.27,30.72
46760,0,0,0.95,10.61,-63.5,18.4,971.2,-27.88,-4.22,3.02,30.32
46780,0.4,0,0.96,8.05,-0.4,34.6,1032.4,-33.18,-0.62,0.13,29.83
46800,0.4,0,0,3.24,-146.4,36.5,978.6,-29.57,10.48,-1.41,29.9
46820,0,2.13,4.17,0,-229.0,-47.9,1000.3,-29.55,3.36,-1.21,29.18
46840,3.55,0,0,0.2,-193.1,23.0,961.7,-22.75,19.93,-2.41,29.01
46860,2.33,0,3.47,5.99,-78.9,111.0,998.6,-17.31,24.01,-5.2,28.65
46880,0,0,0,2.83,-104.1,185.1,1013.0,-8.17,10.47,-5.47,28.53
46900,1.74,1.05,3.22,1.98,-11.0,106.3,1008.9,-3.43,14.04,1.54,28.06
46920,76.19,26.95,7.86,0,-3.1,97.8,914.4,6.01,23.69,0.05,28.23
46940,63.36,39.01,10.75,0,-33.8,175.5,889.3,11.8,18.42,0.77,28.06
46960,39.05,39.81,24.14,1.7,46.1,119.8,853.1,19.07,5.5,4.37,28.86
46980,27.79,53.7,34.95,0,17.2,31.4,810.0,24.9,18.51,2.26,29.04
47000,10.96,53.9,43.87,0,18.5,21.2,813.8,22.1,11.2,1.38,29.59
47020,2.48,53.28,67.81,2.09,24.4,95.8,813.4,25.51,2.47,1.56,30.02
47040,1.37,36.25,80.18,1.83,107.8,-3.8,816.1,26.54,-6.53,-1.09,30.4
47060,3.82,31.07,83.82,6.84,68.4,-57.8,805.7,24.44,-6.03,1.81,30.07
47080,0,13.28,84.43,8.97,103.4,9.5,840.1,27.51,-3.77,-1.34,30.48
47100,2.32,13.72,76.98,31.26,-30.6,-136.6,878.4,21.86,-18.23,-6.7,30.68
47120,0,2.81,68.77,37.4,62.8,-129.2,895.1,24.56,-13.65,-5.22,30.75
47140,0,0.68,48.07,47.9,43.5,-261.2,880.1,12.29,-24.66,-3.81,30.9
47160,0.53,0,43.64,59.75,18.0,-162.4,957.7,7.11,-18.78,-0.49,31.06
47180,0,1.1,27.61,65.57,-14.8,-133.3,1022.9,-1.46,-13.15,0.02,31.16
47200,0,1.75,18.94,61.92,-1.2,-184.8,977.9,-3.3,-18.5,4.13,31.12
47220,0,0,5.38,52.91,-42.0,-159.2,968.2,-14.88,-20.29,0.36,31.03
47240,0,0,2.24,39.09,-95.9,-171.2,1002.5,-18.29,-9.5,4.18,30.98
47260,0.48,0,4.82,24.58,-78.5,-113.5,965.7,-24.52,-15.23,5.95,30.69
47280,0,0,0,13.87,-137.0,27.2,996.7,-26.07,-9.14,2.97,30.54
47300,0.59,1.01,0,6.27,8.9,39.6,1040.8,-28.44,-3.64,2.6,30.24
47320,0,0,1.95,6.63,-31.9,70.7,1025.8,-33.39,-3.62,-1.64,29.99
47340,0,0,0,7.69,-168.8,111.0,1031.6,-30.52,4.58,-3.63,29.76
47360,2.89,0,0.32,0.51,-136.9,17.6,976.1,-22.81,10.21,-7.1,29.57
47380,7.01,0,0,0,-86.3,142.6,997.4,-19.81,12.05,-6.45,29.53
47400,2.27,0,1.16,0,-15.0,62.0,1014.4,-17.12,17.56,-2.21,29.16
47420,7.28,3.84,0,3.79,-147.9,157.4,977.3,-11.71,20.5,-5.46,28.62
47440,0.23,0,0,0,-14.8,244.7,1006.9,0.55,19.69,0.01,27.85
47460,75.07,21.15,6.11,0,18.3,96.3,959.7,1.63,16.15,-2.07,28.44
47480,65.51,32.27,10.77,3.77,-22.2,169.7,901.9,8.33,24.28,1.1,28.54
47500,50.42,49.97,19.4,0,58.5,203.8,842.4,14.13,24.9,5.46,28.45
47520,26.16,54.68,29.54,3.33,86.0,73.0,845.5,15.26,11.06,1.87,28.85
47540,13.62,56.11,42.09,2.36,122.6,47.8,843.5,21.97,5.89,3.95,29.08
47560,9.5,53.82,59.27,6.58,110.5,66.2,825.8,28.37,0.98,4.32,29.29
47580,0,39.32,73.98,3.5,63.9,77.9,822.2,28.11,-1.85,3.89,30.18
47600,5.23,33.75,83.97,10.2,123.1,11.2,752.9,30.78,-7.95,-4.93,30.31
47620,3.14,20.0,83.85,9.52,106.5,-102.7,823.2,31.74,-5.51,-4.39,30.35
47640,0,7.06,82.55,23.15,126.7,-121.5,824.3,23.65,-19.48,-5.17,30.54
47660,0,0,71.64,33.18,108.8,-100.2,854.7,20.17,-16.08,-3.91,31.15
47680,3.66,1.57,53.89,46.82,13.7,-198.6,889.9,12.7,-22.08,-1.78,30.6
47700,0.2,6.26,40.78,59.19,-5.4,-170.9,964.5,6.98,-22.85,-3.08,30.93
47720,0,0.8,29.09,69.25,27.6,-215.7,961.3,0.3,-16.06,0.58,31.54
47740,1.09,0,18.82,69.87,-1.3,-116.4,988.2,-4.34,-23.31,-1.14,31.08
47760,1.5,0.95,5.15,56.68,-57.9,-120.6,1020.7,-16.46,-22.05,6.43,30.75
47780,0.28,0,6.15,45.2,-107.0,-138.6,956.6,-19.57,-10.07,6.69,31.23
47800,0.25,0,0.17,24.63,-45.8,-28.0,989.7,-21.17,-5.01,3.41,30.61
47820,0.48,2.8,1.35,19.23,-131.0,-118.8,1002.9,-24.46,-4.67,3.01,30.61
47840,1.25,0,1.75,11.21,-60.3,15.3,1028.1,-29.64,-14.65,2.84,30.56
47860,0.17,2.17,2.83,2.98,-51.0,6.3,1066.7,-29.23,2.17,2.56,30.16
47880,0,0,0.99,5.73,-103.7,64.5,965.9,-30.93,-3.6,-5.9,29.75
47900,0,3.15,3.63,1.43,-99.7,113.7,1037.6,-32.65,12.44,-1.11,29.51
47920,0,5.21,0.24,1.34,-99.3,95.5,958.7,-24.45,13.11,-5.06,29.3
47940,6.15,4.14,2.78,2.22,-60.7,100.5,1001.3,-18.43,20.39,-3.36,29.06
47960,0,1.01,0,0,0.1,88.3,1008.8,-11.45,19.89,-1.73,28.41
47980,0,2.04,2.22,0,-57.3,142.4,1034.4,-3.65,11.25,-0.59,28.43
48000,68.49,24.24,7.81,1.65,-35.5,98.5,1007.0,-1.86,15.37,-1.52,27.65
48020,73.59,32.74,12.17,0,-48.8,146.5,981.7,1.91,21.3,2.53,28.46
48040,56.16,45.99,17.61,0,-36.5,122.9,914.4,8.38,21.92,4.98,28.49
48060,36.47,54.29,25.72,2.06,35.9,153.8,876.0,19.72,21.19,6.07,28.97
48080,15.88,56.62,41.79,0,42.0,-37.0,837.5,27.51,19.36,4.77,29.48
48100,4.16,55.14,53.16,0,45.6,8.0,832.0,27.39,4.58,5.34,29.15
48120,1.84,48.02,68.62,0,62.6,-44.5,838.8,24.11,1.86,2.0,29.92
48140,1.53,35.7,78.85,4.74,115.6,0.4,811.0,33.16,-1.04,0.65,29.81
48160,2.29,20.45,85.62,9.72,119.7,-75.9,768.2,30.16,-5.59,-3.24,30.53
48180,1.1,10.73,84.71,25.05,-30.8,-27.8,817.9,27.73,-13.17,-5.74,30.41
48200,3.93,10.64,76.58,24.97,86.2,-118.5,811.9,26.34,-18.58,-3.39,30.62
48220,0.6,8.0,61.84,49.67,123.5,-79.2,903.7,18.28,-12.27,-5.53,30.88
48240,2.64,0,50.19,56.68,26.1,-71.1,940.8,17.6,-20.33,-6.44,30.81
48260,4.29,0,35.84,62.93,51.7,-91.1,935.3,7.76,-18.46,-1.57,30.96
48280,1.28,0,21.65,69.49,10.1,-146.1,985.4,-2.26,-17.7,0.75,30.95
48300,0,0.2,15.11,56.87,-100.2,-162.8,1008.9,-13.24,-26.25,1.45,31.32
48320,1.14,0,12.3,52.77,-100.9,-171.4,947.3,-12.89,-13.55,2.28,31.16
48340,0.57,3.28,0,35.38,-71.9,-110.0,983.4,-20.77,-21.68,3.45,30.81
48360,0,0.7,0,25.61,-35.0,-85.6,987.3,-20.2,-6.2,2.81,30.6
48380,4.25,2.68,0,14.51,-109.1,-31.3,1022.1,-28.61,-7.71,4.75,30.34
48400,0,0,1.73,5.83,-143.5,-40.6,999.2,-31.04,9.15,2.77,29.82
48420,2.61,1.1,0,2.57,-12.8,-3.3,1002.6,-29.17,0.24,-1.54,30.09
48440,0,0,0.12,1.51,-102.4,99.8,1017.0,-29.28,13.65,-5.17,29.6
48460,0.47,1.65,0.13,0,-75.5,33.8,997.8,-26.99,10.76,-6.44,29.54
48480,0,2.51,2.13,0,-135.5,182.0,1012.0,-17.35,13.05,-5.25,28.84
48500,0,9.14,0,0,-31.3,97.0,983.9,-18.81,19.55,-5.44,28.85
48520,6.78,1.34,1.46,0,4.7,68.3,936.1,-2.93,9.32,-2.82,28.71
48540,0,3.73,0,3.77,-147.4,138.0,1049.5,-4.31,15.57,-0.15,28.08
48560,70.15,29.86,11.6,0,114.3,198.0,932.0,2.31,13.99,-1.39,28.38
48580,52.37,42.22,17.21,0,25.3,88.5,878.1,11.63,19.02,8.47,28.8
48600,37.52,51.27,24.01,0,18.3,141.1,849.1,15.55,15.03,8.51,28.96
48620,25.83,56.11,36.66,2.59,77.2,62.7,903.1,15.75,13.85,4.57,29.18
48640,7.99,51.16,50.99,1.55,160.9,62.9,774.9,29.76,-2.04,3.72,29.35
48660,0.89,51.26,65.2,2.83,173.3,37.4,745.2,29.56,5.16,0.51,29.92
48680,1.29,33.43,73.85,2.28,206.2,-109.7,796.0,25.45,9.78,4.71,30.07
48700,1.64,20.89,79.44,1.6,97.7,-58.4,775.6,33.13,-9.83,-4.52,30.45
48720,0,16.51,87.86,14.71,98.5,-48.1,873.5,24.59,-10.76,-1.03,30.88
48740,0,5.48,79.77,26.45,110.3,-70.8,830.6,24.04,-23.1,-4.74,30.88
48760,0,10.01,66.3,37.17,67.7,-185.0,855.8,18.61,-20.38,-6.34,30.81
48780,1.61,0.55,51.01,55.65,-3.5,-184.6,965.9,12.25,-19.51,-1.97,30.78
48800,0,0,37.87,63.41,36.6,-150.5,901.1,6.94,-22.49,0.48,30.76
48820,0,0.92,27.3,66.23,-42.4,-133.4,1010.0,-0.4,-19.65,-4.31,31.08
48840,0.22,2.66,15.11,65.39,-22.2,-175.4,990.5,-10.51,-22.44,3.52,30.77
48860,0,4.21,6.08,53.57,-67.6,-137.7,1021.1,-18.5,-20.94,2.0,30.91
48880,0,0,0.07,38.0,-13.0,-111.2,993.8,-18.91,-13.86,7.03,31.24
48900,3.95,4.98,1.33,23.81,-40.0,-16.5,979.7,-23.28,-15.26,4.5,30.58
48920,2.79,0,4.82,15.76,-93.3,-21.7,972.0,-25.76,-10.37,2.8,30.51
48940,5.24,0,1.94,6.29,-167.5,43.9,1061.4,-27.36,-12.52,-0.34,30.49
48960,0,1.87,0,3.1,-92.2,-9.3,963.1,-30.69,-9.4,-4.39,29.88
48980,0.23,0,0,0,-110.8,17.7,993.3,-35.64,9.28,-3.63,29.76
49000,1.1,1.61,2.16,0.47,-12.7,125.1,994.9,-20.17,9.14,-5.57,29.7
49020,0,0,2.31,0,-116.1,119.6,1063.9,-23.89,12.03,-3.48,29.32
49040,0,0,1.16,0,-38.2,120.0,1055.5,-12.42,16.92,-1.76,28.9
49060,2.68,2.55,3.83,1.6,-0.5,198.0,933.8,-9.23,15.91,-2.1,28.42
49080,2.23,4.61,2.68,0,33.7,66.7,1026.7,-0.86,14.66,3.28,28.09
49100,77.93,33.61,3.2,0,-28.3,185.2,970.9,2.05,15.39,1.97,28.25
49120,64.39,41.92,15.28,0,35.9,106.1,859.9,13.18,17.75,5.81,28.23
49140,46.57,46.87,27.66,0.01,9.8,152.7,837.9,18.23,13.1,4.61,28.76
49160,24.36,56.37,39.01,0,156.1,116.5,906.6,25.22,15.03,11.15,28.61
49180,14.16,57.42,45.86,0,93.0,56.2,809.7,26.02,8.33,6.38,29.66
49200,2.79,55.33,68.86,2.91,185.4,52.2,791.3,30.93,19.52,2.37,29.9
49220,0,47.35,75.94,4.54,157.4,49.3,781.5,27.81,6.4,-1.45,29.98
49240,0.18,25.02,83.33,6.49,201.3,-79.5,771.8,34.46,-0.42,-1.69,30.16
49260,5.41,20.5,80.88,15.99,102.3,-120.7,776.7,22.22,-9.31,-0.23,30.59
49280,0.45,11.82,81.9,27.81,51.8,22.3,836.9,21.84,-23.71,-5.98,30.54
49300,2.01,6.97,67.9,35.14,100.8,-182.2,824.8,17.4,-14.65,-6.53,31.12
49320,0,3.79,53.39,46.91,-51.0,9.5,957.6,16.61,-22.08,-2.29,30.84
49340,0,1.53,41.39,57.71,59.8,-90.5,950.3,6.01,-18.85,-3.43,31.04
49360,0.95,3.06,22.21,74.24,-99.1,-56.5,1043.4,1.51,-22.44,-0.31,30.82
49380,0,0.09,17.16,61.81,-78.6,-144.2,1003.0,-4.79,-18.7,1.98,31.22
49400,5.85,3.34,8.95,53.78,-92.8,-252.1,1022.0,-10.52,-27.54,3.42,31.29
49420,1.45,0.39,2.83,39.95,-63.3,-166.5,1023.0,-14.76,-16.79,6.78,31.15
49440,0,0,2.78,29.36,-37.9,-168.9,989.7,-22.93,-14.8,5.01,30.62
49460,0,0.6,0,14.28,-42.6,-51.7,1007.6,-24.49,-3.1,4.48,30.45
49480,0,0,0,6.4,-43.1,-81.9,974.4,-28.78,-9.32,1.15,30.78
49500,1.06,7.75,0,1.1,-14.6,-11.8,1005.3,-29.1,8.76,-1.01,29.91
49520,0,0,1.11,1.11,-66.3,18.4,1035.7,-29.99,-5.68,-3.29,30.01
49540,1.0,0,6.23,1.74,-145.6,76.1,1001.2,-28.06,4.57,-2.39,29.99
49560,0,0,5.07,5.18,-73.6,59.8,955.5,-26.6,13.39,-4.99,29.44
49580,0,6.33,0,0.08,-89.4,140.0,1014.2,-20.32,15.23,-6.33,29.17
49600,0,0,0,0,-4.6,115.6,959.3,-12.5,19.96,-2.43,28.6
49620,2.15,0.58,1.06,4.75,29.1,165.9,1038.3,-9.79,22.94,-2.89,28.44
49640,77.16,19.47,4.76,0,-124.5,186.0,981.4,-2.28,20.1,-1.22,28.05
49660,64.71,34.1,15.73,0,-2.9,191.1,979.9,10.22,18.97,2.07,28.51
49680,50.08,44.88,23.1,1.32,54.8,204.8,900.9,14.43,15.57,6.03,28.58
49700,30.71,48.5,31.92,0,6.8,153.0,854.8,19.26,14.55,6.94,29.56
49720,14.72,60.79,40.17,0,127.0,131.7,816.0,23.26,3.67,7.18,29.48
49740,5.83,49.44,54.58,3.34,111.0,2.3,817.6,28.86,11.99,2.0,29.43
49760,2.98,44.13,74.64,6.44,96.9,-38.1,783.2,31.85,2.22,1.04,30.07
49780,0,32.28,81.56,8.76,44.8,16.2,779.5,26.18,-5.81,1.69,29.93
49800,0,17.82,88.47,11.07,202.2,-0.1,802.9,35.72,-7.88,-2.24,30.56
49820,0,8.97,82.84,23.53,109.3,-198.2,877.1,23.72,-12.76,-6.44,30.18
49840,0,2.72,72.22,31.47,101.5,-152.5,883.9,21.65,-13.08,-6.0,30.62
49860,9.86,2.32,57.49,47.36,5.0,-52.9,873.5,12.58,-13.93,-6.42,30.68
49880,0,0.9,42.04,58.13,76.8,-52.7,952.4,8.27,-16.47,-2.85,30.97
49900,4.58,1.32,34.57,69.8,-25.7,-180.9,944.7,5.59,-18.74,0.09,30.87
49920,1.48,0,19.77,65.3,-36.7,-226.9,1037.3,-4.32,-18.68,3.81,31.01
49940,0,0,14.29,56.87,-72.0,-130.4,963.2,-13.15,-18.75,0.16,31.02
49960,0,1.76,6.63,46.84,-120.5,-125.8,1050.0,-13.98,-15.74,4.73,30.98
49980,0,1.17,0.82,34.68,-34.9,-90.4,963.4,-21.72,-5.21,4.15,30.54
50000,0,3.53,4.71,13.11,-33.9,-117.9,1030.7,-24.52,-4.27,1.66,30.87
50020,0.17,2.4,0,12.42,-58.3,-66.3,976.9,-26.59,-4.39,0.93,30.61
50040,0,0,3.69,6.12,-60.7,46.9,941.3,-31.9,3.16,-1.98,30.25
50060,2.87,0,4.0,0,-113.2,54.5,1008.4,-29.71,-3.49,-1.17,29.81
50080,0,2.09,0,2.91,-115.1,54.7,1033.1,-25.96,16.57,-1.2,29.94
50100,2.07,0,2.83,6.12,-33.6,99.5,917.1,-33.15,7.21,-4.5,29.5
50120,0,0,3.88,3.02,-101.5,84.6,983.4,-19.13,21.17,-4.73,29.15
50140,0,0,4.86,0,-26.7,136.1,996.6,-13.57,19.94,-4.66,28.94
50160,4.21,2.93,0.38,0,-21.2,144.0,957.9,-8.04,12.52,-1.77,28.2
50180,0,0,0,3.62,37.1,168.1,974.7,2.4,20.95,1.51,27.83
50200,79.59,30.29,8.07,0,53.2,108.9,933.1,-0.16,13.07,7.35,27.96
50220,51.73,40.2,16.2,0.54,-37.2,122.7,886.0,14.41,22.74,1.83,28.95
50240,35.1,49.65,26.14,0,69.9,174.8,847.4,18.48,21.71,5.74,28.74
50260,19.21,56.35,42.53,0,27.3,160.9,854.0,23.13,8.4,4.77,29.36
50280,8.32,54.11,61.47,3.07,129.0,37.0,801.4,25.12,13.18,4.2,29.72
50300,2.01,50.91,66.39,2.32,63.6,-1.9,823.3,32.21,9.26,4.59,29.89
50320,0,38.51,81.76,4.55,97.0,-23.6,801.1,31.0,2.43,0.06,30.17
50340,1.55,24.86,87.71,8.04,88.7,-23.8,806.2,29.51,-0.41,-3.13,30.14
50360,2.38,16.21,86.33,19.24,107.6,-159.7,847.6,27.68,-3.16,-5.95,30.79
50380,0,12.97,82.65,27.18,60.0,-117.4,836.7,21.44,-12.67,-3.63,30.66
50400,1.2,2.94,52.8,43.45,158.2,-210.7,892.0,17.45,-13.12,-3.94,30.49
50420,0,5.27,47.22,49.24,65.1,-122.8,958.2,10.62,-22.22,-3.42,31.1
50440,0,2.23,31.4,62.59,-69.2,-169.1,953.8,3.54,-16.23,-0.93,30.48
50460,11.36,0,24.99,66.1,13.0,-105.9,1028.9,-5.4,-28.52,2.77,31.04
50480,0,3.72,12.39,58.65,28.2,-71.9,1021.9,-8.36,-24.93,1.47,31.2
50500,3.19,0.24,8.53,44.94,-114.3,-131.3,985.6,-17.76,-20.65,1.43,30.45
50520,0,0,2.13,39.53,-74.2,-210.8,970.7,-25.54,-23.46,3.58,30.97
50540,1.33,0,0,22.88,-101.9,-122.1,997.1,-27.6,-18.52,1.57,30.56
50560,2.46,0,0,16.47,-128.8,23.5,1032.2,-29.64,-3.73,4.25,30.64
50580,0,0,3.18,3.85,-124.8,-31.3,1031.9,-28.03,-2.69,3.12,30.13
50600,2.67,2.56,0,3.79,-147.7,7.5,1010.5,-29.83,4.0,3.68,30.03
50620,0,7.16,3.15,1.21,-82.4,67.9,935.1,-26.33,5.46,0.79,30.16
50640,2.24,0,0,0,-95.9,55.7,1031.5,-27.98,3.19,-3.33,29.45
50660,2.06,4.52,1.62,5.34,-65.2,97.0,1008.1,-19.88,13.05,-5.96,28.92
50680,2.36,0,0,0,-27.3,181.6,992.5,-17.66,20.82,-3.57,28.51
50700,6.42,1.63,0,4.0,-36.3,175.5,973.2,-8.72,19.03,-4.39,28.7
50720,0,5.39,1.58,0,49.9,228.6,966.9,0.22,18.45,1.56,28.62
50740,75.07,27.74,11.42,0,-37.8,86.0,944.9,2.37,16.38,-0.46,28.57
50760,59.4,37.32,13.14,1.87,-17.7,44.3,941.7,13.09,16.29,6.4,28.42
50780,43.84,48.16,23.4,1.52,70.9,112.4,978.3,20.4,17.84,4.63,28.96
50800,17.07,52.89,41.95,0,89.1,64.8,772.0,19.55,20.5,4.41,29.05
50820,10.92,55.66,49.11,0.25,133.6,9.7,778.9,26.72,13.88,6.33,29.44
50840,1.33,45.26,65.87,2.66,127.8,52.4,804.0,29.04,4.83,3.49,29.58
50860,3.1,36.27,84.41,0,138.7,-29.4,821.1,30.94,-0.99,-0.52,30.31
50880,1.99,25.56,86.47,6.91,145.1,46.7,816.2,30.49,7.31,-1.2,30.57
50900,0,19.02,85.06,12.6,97.2,-44.3,858.0,26.98,-5.87,-8.03,30.72
50920,0.75,11.35,80.85,22.92,48.0,-121.3,803.1,23.92,-9.76,-6.85,30.89
50940,0,4.6,68.99,40.98,7.2,-53.3,815.0,19.46,-19.52,-5.45,30.89
50960,0,4.02,49.67,51.42,42.4,-42.8,918.4,17.06,-16.97,-3.03,30.93
50980,0,4.99,38.59,62.09,2.0,-17.0,932.2,12.17,-11.94,-0.11,30.91
51000,0,0,25.0,70.38,19.4,-193.4,1075.6,-1.48,-14.32,1.78,31.18
51020,0,3.41,11.6,67.64,-68.9,-113.0,1027.7,-7.7,-16.16,-2.24,30.78
51040,0,0,13.63,57.76,33.1,-88.3,1001.5,-10.35,-21.24,6.78,30.84
51060,1.16,0,4.07,37.04,-168.2,-143.7,983.4,-15.03,-18.84,4.55,30.69
51080,0,0,9.85,29.58,-122.1,-75.5,949.6,-26.06,-23.75,7.28,30.63
51100,0,1.26,0,15.04,-146.4,-61.0,969.3,-28.83,-8.37,0.09,30.67
51120,0,0,0,10.3,-81.2,-50.3,1009.3,-32.38,-13.76,2.67,30.4
51140,1.23,0,1.2,6.58,-133.1,-18.1,984.6,-33.15,3.24,-0.04,29.75
51160,0.19,1.64,0,9.03,-128.7,28.2,1028.5,-28.14,8.05,2.48,29.92
51180,0,2.94,2.61,1.79,-78.1,122.9,987.5,-29.14,5.04,-5.07,29.05
51200,1.95,2.44,2.59,0,-71.2,115.1,957.4,-23.05,13.16,-8.1,28.82
51220,0,0,0,0.6,-104.6,139.7,1032.3,-16.29,19.61,-7.88,28.81
51240,0,3.98,1.29,1.12,-43.6,147.3,1036.1,-9.01,31.0,-3.12,28.48
51260,0,0,4.28,4.02,-111.5,152.2,988.6,-6.02,25.77,1.44,27.88
51280,76.96,25.83,2.71,0,22.6,98.0,993.3,2.19,20.16,-0.26,28.19
51300,64.03,37.8,11.03,0.19,30.9,148.4,975.0,6.91,18.58,-0.51,28.14
51320,44.94,47.23,18.44,0.77,105.2,91.2,897.0,17.48,19.25,5.62,28.62
51340,24.37,60.23,34.43,5.33,58.0,58.5,886.1,26.49,15.01,5.92,29.45
51360,18.11,56.9,46.68,0,99.2,183.6,844.7,22.81,0.87,7.43,29.37
51380,5.69,47.67,61.15,1.79,139.0,100.2,773.3,31.64,7.52,5.32,29.72
51400,3.15,45.38,77.66,1.65,85.6,22.6,788.5,35.61,0.07,0.99,29.89
51420,1.5,27.57,86.65,4.26,85.7,-59.5,836.2,26.68,-0.93,-4.38,30.36
51440,0.43,30.16,80.15,10.8,174.1,8.5,836.3,27.36,-7.79,-2.0,30.52
51460,0.42,9.78,79.97,23.02,70.5,-84.7,861.3,22.06,-4.99,-8.91,30.51
51480,0,6.9,73.92,36.34,82.5,-107.0,868.5,23.06,-9.35,-5.53,30.41
51500,0,0,56.23,53.86,90.8,-163.6,832.2,16.82,-16.82,-4.54,30.88
51520,0.11,3.94,42.86,63.4,13.2,-28.9,897.5,10.29,-21.29,-4.43,30.9
51540,0.12,0,26.83,65.93,17.1,-125.8,999.5,-1.1,-20.88,1.29,30.61
51560,2.03,1.87,14.01,64.86,3.2,-153.4,1027.6,-11.63,-15.37,3.23,30.78
51580,2.0,4.3,9.67,53.44,26.6,-182.7,952.0,-11.44,-17.24,3.95,30.96
51600,0,4.32,4.36,43.34,-104.5,-18.6,944.8,-17.41,-7.72,4.06,30.63
51620,1.8,0,0,26.59,-107.6,-133.2,1005.5,-25.19,-14.6,4.48,30.4
51640,0,0,0.51,21.62,-14.2,-141.1,1027.7,-25.89,-9.67,3.76,30.19
51660,0,1.5,0,11.43,-105.7,-79.0,951.3,-33.37,0.57,0.27,30.51
51680,1.23,0,0,0,-82.1,15.2,1001.3,-32.3,0.05,-5.39,30.16
51700,0.43,0,3.54,3.4,-44.3,-2.1,1018.0,-27.83,1.28,-3.07,29.89
51720,0,3.07,0,0,-171.1,90.2,1005.8,-20.55,4.14,-5.34,29.67
51740,0,4.09,0,0,-60.7,61.6,1011.9,-22.78,17.96,-5.54,29.33
51760,0.59,3.28,2.69,1.34,-103.1,131.3,949.3,-17.58,12.58,-3.72,28.89
51780,0,0,0.88,3.19,-99.1,80.0,1002.5,-19.58,3.2,-4.95,28.33
51800,0,1.77,0,0.58,-38.1,105.6,930.8,-9.4,27.32,-1.79,28.33
51820,79.92,26.15,7.09,0,2.1,145.1,1019.4,-0.49,24.12,3.89,28.02
51840,65.62,39.24,9.28,0,-64.9,99.7,937.2,5.43,16.99,0.66,28.49
51860,49.1,46.6,24.45,3.06,106.6,223.2,949.0,15.37,17.29,4.86,28.86
51880,29.04,53.02,26.18,0,91.0,82.2,889.1,17.32,12.12,6.19,29.15
51900,14.6,57.54,45.17,0,92.6,37.0,828.6,23.88,14.93,4.9,29.21
51920,5.17,54.96,57.95,6.13,125.1,17.2,768.2,32.4,-3.55,2.14,29.58
51940,1.34,44.68,77.41,8.61,23.4,-29.0,783.6,33.16,11.7,1.2,29.91
51960,0.08,28.4,78.56,0,57.3,-10.8,851.4,29.96,-12.21,-3.41,30.15
51980,0,19.36,87.73,6.7,82.7,92.8,815.3,24.5,-5.62,-2.45,29.92
52000,0,11.49,80.76,14.83,129.4,-84.0,790.4,26.86,-2.97,-3.66,30.76
52020,2.15,6.43,70.62,27.79,51.7,-183.0,841.4,17.76,-7.63,-7.01,30.83
52040,0,2.31,61.76,46.38,154.4,-211.0,848.4,21.63,-20.79,-4.51,30.95
52060,3.38,9.14,45.69,57.57,-34.1,-203.5,962.2,6.06,-15.64,-3.93,30.88
52080,2.69,0,26.85,63.79,85.1,-118.4,989.6,8.8,-22.76,-1.1,31.04
52100,0.38,0,22.47,68.2,-68.5,-147.8,954.1,2.65,-20.51,-0.98,30.95
52120,2.91,0.95,9.43,58.59,-47.7,-144.3,941.9,-9.96,-24.08,3.61,31.07
52140,2.81,3.58,6.41,48.59,-60.7,-191.3,1002.6,-10.65,-19.39,6.64,30.87
52160,3.15,6.41,2.65,30.21,-30.1,-210.3,1000.9,-27.8,-13.15,2.77,30.68
52180,2.15,0,0.74,18.4,-160.1,-102.1,1008.2,-25.11,-20.37,2.91,30.47
52200,0.39,0.88,0.54,7.31,-62.3,-38.1,983.5,-26.45,-5.1,5.25,30.6
52220,3.76,4.66,3.35,5.36,-79.6,-35.2,997.9,-29.83,-7.88,1.51,30.37
52240,1.17,2.93,2.17,0,-104.8,76.4,987.8,-33.93,-4.88,-1.57,30.18
52260,0,1.39,4.31,9.78,-78.7,42.6,1012.5,-32.69,6.96,-5.87,29.57
52280,0,0,0,1.45,-42.5,130.0,979.5,-20.44,8.97,-4.67,29.21
52300,5.12,0,0,0,-92.1,168.1,993.8,-26.62,13.27,-3.48,29.13
52320,0,1.19,0,0,39.0,127.3,1000.4,-13.02,32.1,-4.35,28.84
52340,4.82,0.08,6.71,0.36,-41.9,133.5,1042.3,-7.89,16.54,0.44,28.41
52360,0.67,0,0,0,-31.8,115.2,1008.4,-2.2,27.2,0.95,27.8
52380,71.7,27.39,11.81,0,2.3,246.2,988.9,5.2,15.25,2.11,28.14
52400,51.51,41.75,18.48,5.17,105.6,200.8,919.6,10.05,17.51,3.84,28.31
52420,38.94,51.19,25.9,2.85,25.8,94.1,848.3,20.63,23.76,4.48,29.21
52440,21.16,60.38,34.62,0.66,95.7,210.9,848.6,25.64,18.68,4.74,29.51
52460,9.73,57.87,52.93,2.64,73.9,197.9,780.4,20.39,14.43,2.53,29.38
52480,5.38,44.2,66.24,0,145.8,83.1,878.5,30.36,8.55,2.59,29.56
52500,1.47,33.6,83.17,6.61,69.7,-86.1,758.1,28.41,4.14,0.6,30.32
52520,0,21.41,84.47,7.31,172.9,-51.8,845.9,30.48,-6.81,-3.62,30.14
52540,0,20.07,80.53,13.51,179.4,-67.2,810.4,26.19,-10.89,-3.73,30.66
52560,2.18,5.66,76.35,31.76,133.0,-70.2,883.0,16.91,-15.23,-3.92,30.73
52580,0,2.75,57.59,42.73,79.8,-134.6,926.9,19.38,-11.11,-5.38,30.72
52600,0,0,49.81,58.42,72.5,-149.1,913.1,15.95,-21.76,-3.36,30.99
52620,0.96,6.01,37.49,63.36,107.4,-114.5,1021.8,10.24,-18.94,-3.66,31.15
52640,2.59,4.97,25.41,65.1,-5.6,-165.2,987.8,0.16,-28.76,1.59,31.22
52660,2.4,3.52,7.94,63.25,-16.8,-166.5,1009.2,-5.84,-16.26,2.95,30.66
52680,4.92,0,6.26,48.48,65.1,-42.5,1048.1,-13.19,-18.32,8.53,30.63
52700,1.04,0,3.52,41.8,-110.5,-112.7,962.0,-20.96,-11.08,6.99,30.87
52720,0,0,0,21.27,-43.6,-98.4,1031.2,-26.71,-11.88,1.89,30.54
52740,0,0.87,3.15,12.24,-70.5,-72.5,990.8,-28.93,-3.35,1.35,30.42
52760,0,0.79,0.04,6.11,-132.2,1.4,1026.7,-27.55,-10.59,3.75,30.21
52780,0,0,0,0,-90.3,-30.0,1027.9,-25.72,-3.83,-1.92,29.76
52800,0.22,0,0,2.75,-50.0,31.5,1020.1,-27.32,5.57,-2.34,29.87
52820,2.12,0.43,0,2.4,-24.4,84.3,1039.0,-20.6,12.88,-2.18,29.03
52840,0,0,1.37,0.33,-7.0,164.0,991.6,-17.62,15.19,-3.8,29.23
52860,0,0,0,0.38,-40.9,71.1,985.8,-18.5,15.82,-6.9,29.1
52880,0,0,2.41,2.01,23.1,95.0,1013.3,-14.52,11.38,1.41,28.64
52900,0,0,0,1.32,-20.3,252.2,1034.6,-7.25,13.83,1.38,28.31
52920,66.87,30.89,8.19,0,-88.7,188.9,927.2,6.21,13.51,-1.41,28.2
52940,61.83,42.04,16.92,4.79,18.7,157.7,938.7,12.66,24.92,2.41,28.64
52960,40.2,46.03,21.5,5.62,57.7,195.8,950.9,18.87,19.53,4.25,28.97
52980,22.25,57.34,29.56,4.18,155.2,74.1,841.0,20.06,12.24,0.43,29.1
53000,3.95,54.03,51.09,3.65,105.0,59.0,856.5,27.71,19.51,5.15,29.8
53020,7.81,54.21,65.23,0.01,19.9,15.4,794.6,29.83,4.05,1.78,29.71
53040,8.12,46.85,84.67,9.62,58.8,34.8,827.3,30.39,-5.91,0.9,29.63
53060,0,33.21,82.7,10.05,133.4,14.2,823.4,30.96,0.86,0.38,30.21
53080,0,18.62,83.33,13.9,177.4,-21.0,823.4,24.67,-5.84,-1.41,30.38
53100,0,7.39,80.9,23.04,40.9,-79.4,851.8,24.83,-6.96,-4.51,30.55
53120,0,7.01,69.8,36.12,42.5,-254.2,898.2,20.57,-4.26,-1.88,31.07
53140,0,2.1,52.44,49.84,91.0,-163.0,928.3,11.24,-27.35,-4.36,30.86
53160,0,0.25,36.71,61.04,6.8,-116.9,976.8,6.8,-17.27,-1.61,30.84
53180,0,3.07,22.12,62.48,22.0,-150.2,972.3,6.59,-19.13,0.17,30.88
53200,0,3.23,13.28,61.48,27.2,-233.4,985.5,-4.23,-25.88,3.49,31.13
53220,0.6,0,11.16,53.32,-3.8,-178.1,985.8,-15.01,-22.09,6.88,30.59
53240,1.15,2.51,9.39,43.83,-21.6,-211.6,996.1,-20.93,-12.92,3.45,30.87
53260,0,2.73,0,27.06,-138.1,-105.6,986.0,-22.71,-22.15,4.09,30.79
53280,0.74,0,0,12.63,-151.6,-51.4,992.2,-26.81,-2.27,4.04,29.99
53300,0.02,0.39,2.18,7.84,-96.5,-49.8,990.6,-27.15,-6.24,3.55,30.54
53320,0,0,2.41,1.4,-163.4,6.1,964.4,-33.68,3.45,-4.25,29.89
53340,0,0,0,2.56,-97.6,-56.0,999.0,-31.23,-5.06,1.09,30.07
53360,1.67,0,0,5.46,-55.8,36.5,1005.4,-31.0,11.9,-3.56,29.43
53380,2.39,1.21,0.25,0,-75.2,19.9,1036.0,-23.13,16.57,-3.53,29.1
53400,2.5,0,1.77,0,-96.0,133.9,1012.3,-29.94,14.94,-5.85,28.81
53420,1.57,0,1.15,3.8,-17.5,184.2,1009.2,-11.68,24.25,-2.27,28.7
53440,0,2.0,0,5.26,-27.5,169.0,1047.8,-8.29,25.27,0.91,28.49
53460,71.65,21.89,5.48,0.81,-21.2,107.4,997.5,-2.73,15.03,2.36,28.17
53480,66.06,36.09,11.17,0,6.7,119.9,919.6,4.46,15.78,5.67,28.91
53500,45.61,47.48,25.28,0,13.1,78.2,911.0,9.71,12.43,5.67,28.78
53520,30.9,54.9,26.61,0.09,78.0,101.0,844.9,19.9,5.17,1.61,29.33
53540,11.77,54.81,46.13,0,45.2,39.8,850.7,23.71,4.82,4.44,29.44
53560,4.18,57.8,57.6,2.38,45.0,13.4,812.2,22.09,-5.3,0.04,29.95
53580,4.47,47.86,73.79,0,106.9,-6.1,781.6,30.65,10.27,0.51,29.89
53600,0,31.2,84.31,8.91,79.0,47.3,743.5,26.64,-2.49,-2.79,30.47
53620,2.87,17.87,84.84,11.44,46.2,-5.3,824.4,29.5,-12.62,-5.1,30.51
53640,2.26,12.89,86.08,24.17,83.4,-139.2,827.9,23.31,-4.62,-7.36,30.48
53660,0,8.68,70.37,30.14,66.0,-148.6,854.1,21.31,-9.42,0.34,30.86
53680,0,0,61.23,48.1,142.9,-189.2,852.6,19.02,-9.2,-3.25,31.03
53700,0,0,40.09,61.69,-41.2,-54.2,926.6,9.48,-13.07,-1.24,30.85
53720,0,1.91,32.2,67.9,-3.1,-132.9,989.1,2.53,-14.77,-1.14,31.13
53740,0.8,7.05,21.29,62.04,8.1,-143.2,953.1,-10.1,-23.96,4.23,30.94
53760,0,0,10.77,58.94,-8.6,-115.4,1021.9,-13.02,-7.87,2.25,30.79
53780,0,0,5.48,49.38,-70.0,-21.4,969.5,-16.09,-16.32,3.53,30.71
53800,0,0,1.01,28.43,-13.9,-115.6,1041.0,-25.56,-13.51,2.83,30.25
53820,3.39,2.09,2.09,18.31,-96.9,-125.4,1076.2,-29.23,-17.8,5.86,30.47
53840,2.07,0,0,9.5,-84.7,-30.5,954.3,-28.13,2.73,4.16,30.38
53860,0,0,0.15,0,11.2,59.7,1011.2,-26.81,-3.12,1.22,29.97
53880,1.76,0,0,1.22,-32.7,-25.7,999.0,-29.25,6.89,-1.37,29.71
53900,0,0,0,0.83,-38.4,45.8,1031.1,-27.34,13.0,-5.79,29.48
53920,0.93,0,0,4.08,-80.1,85.2,1036.1,-20.21,13.83,-3.93,29.55
53940,0,2.35,0.35,0,26.1,140.0,976.4,-22.54,6.73,-7.25,28.99
53960,0,3.72,0,2.89,-68.6,83.0,968.7,-16.68,21.03,-6.57,28.83
53980,1.83,4.58,0,1.46,6.7,186.0,1041.2,-9.54,18.89,-2.47,28.4
54000,81.01,24.38,7.23,4.72,-14.4,189.7,1044.4,-1.64,20.88,-2.02,28.2
54020,73.23,29.81,12.83,0,84.4,156.9,913.7,5.72,16.88,-1.78,28.23
54040,51.98,44.87,21.2,6.02,68.4,127.6,873.4,22.36,18.79,4.28,28.84
54060,33.14,54.55,24.79,0,19.1,129.3,867.3,21.6,12.9,4.48,28.84
54080,18.98,57.57,43.7,0,145.3,70.2,822.7,26.22,20.29,5.36,29.4
54100,2.87,52.61,62.2,0,78.4,177.0,787.4,25.25,6.61,3.87,29.3
54120,1.62,50.88,66.64,0.98,123.6,-49.8,810.8,25.95,4.98,2.82,29.66
54140,1.1,36.41,81.11,5.2,28.9,-86.3,804.4,27.33,-0.9,-0.13,30.17
54160,0.31,19.35,86.58,6.88,101.1,-19.5,767.3,33.04,-11.71,-2.23,30.24
54180,2.14,7.34,80.79,16.47,-8.5,-13.3,844.8,26.56,-16.73,-5.21,31.0
54200,0,8.45,72.29,30.05,124.1,-12.7,836.8,23.7,-17.23,-6.1,30.97
54220,0,0,59.45,46.57,-41.8,-82.8,844.2,18.42,-17.17,-4.77,30.61
54240,0,1.23,50.65,60.19,36.9,-185.1,918.0,13.09,-14.09,-2.29,31.33
54260,0,2.21,37.78,61.6,11.5,-106.8,999.2,4.44,-20.87,-0.12,31.36
54280,4.57,0.7,27.13,65.4,-12.6,-52.4,1008.4,-5.86,-22.6,4.72,31.03
54300,0,0,11.01,58.61,-107.6,-93.5,999.5,-13.33,-14.95,2.25,30.93
54320,0,0.8,11.69,46.08,-59.0,-151.5,953.4,-16.71,-10.37,0.56,30.53
54340,1.65,0,5.44,36.82,-50.2,-134.9,989.2,-20.43,-8.33,8.29,30.18
54360,0,0,4.39,23.92,-61.6,-146.6,945.9,-23.93,-11.95,5.38,30.65
54380,6.08,0,2.58,14.82,-87.9,-105.9,960.6,-25.13,-13.76,0.48,30.6
54400,0.22,3.73,1.45,0.05,-66.0,-53.4,1038.5,-32.66,5.3,-1.72,30.26
54420,0,0.37,0,0,-114.3,62.0,1044.2,-28.68,3.79,-1.61,30.21
54440,3.58,0,3.73,0.7,-138.1,35.4,956.9,-27.43,15.88,-0.86,29.59
54460,0.85,4.44,1.21,1.81,-75.2,98.3,999.0,-25.72,15.34,-2.37,29.66
54480,3.85,3.76,1.61,0,-83.3,100.3,1001.4,-15.72,22.67,-6.68,28.71
54500,0,0.09,1.6,0.28,-33.6,77.6,1010.8,-18.86,25.59,-3.2,28.94
54520,5.13,0.49,0,0,-35.2,70.4,992.3,-8.23,18.35,-5.58,27.88
54540,0,1.93,2.09,3.7,-41.7,106.6,996.8,-0.15,11.15,-2.64,27.95
54560,78.19,34.09,11.85,3.22,60.4,193.0,979.6,6.23,25.02,-0.92,27.97
54580,59.73,39.44,18.39,0.79,16.7,142.9,938.8,9.12,17.46,1.41,28.31
54600,43.77,50.56,21.63,0,97.2,-15.8,878.1,17.27,5.98,8.46,28.88
54620,19.41,60.6,39.98,0.55,129.5,98.4,843.2,19.8,10.56,6.95,29.37
54640,9.39,56.88,55.54,9.15,19.0,25.7,831.2,21.93,9.37,4.89,29.48
54660,4.79,48.25,64.47,5.29,77.1,15.6,837.2,27.97,11.23,2.64,29.84
54680,0.78,35.61,77.16,4.37,85.2,115.8,755.4,30.64,-11.34,0.99,30.29
54700,2.31,28.13,85.87,11.85,93.9,-154.5,809.4,24.31,-6.03,-2.21,30.4
54720,1.58,14.15,84.25,14.11,42.1,-24.5,771.7,23.82,-4.98,-3.0,30.69
54740,5.28,5.57,76.02,28.78,75.0,-125.6,831.9,17.43,-14.0,-6.01,30.85
54760,0,2.73,65.03,43.66,53.7,-59.7,868.5,17.7,-11.37,-3.53,30.63
54780,4.26,4.58,57.3,50.83,1.0,-52.8,928.4,13.1,-15.5,-1.95,30.66
54800,0,2.43,36.57,61.5,118.1,-113.9,947.6,6.73,-16.78,-2.81,30.85
54820,0,0,25.25,66.01,15.3,-120.0,941.1,-3.05,-21.83,1.97,30.97
54840,0,0.09,14.46,58.59,-101.8,-146.2,979.9,-4.78,-18.24,4.39,31.09
54860,0,0,4.47,51.75,-67.5,-187.1,1051.5,-18.07,-15.88,5.14,30.86
54880,0.08,1.08,4.39,37.69,-100.1,-155.1,983.3,-17.31,-17.37,4.18,31.02
54900,2.95,0,0.53,24.98,-110.6,43.4,1014.9,-25.46,-14.96,5.99,30.78
54920,3.8,0,0,18.14,-113.6,-55.1,1062.3,-30.35,-11.61,4.91,30.67
54940,3.15,0,0,11.51,-91.1,29.1,973.5,-31.43,-4.19,-1.79,29.68
54960,2.88,0,7.14,1.84,-87.7,27.7,990.3,-28.89,-1.49,-0.5,30.02
54980,0.28,0,0,3.54,-86.3,6.7,991.9,-30.57,10.71,-3.78,29.99
55000,1.75,0.5,2.11,2.97,-54.0,156.4,1019.8,-26.35,11.97,-7.95,29.1
55020,0,0,0.12,0,-139.1,116.7,1003.5,-20.23,17.56,-4.4,29.04
55040,0.48,0,5.01,0,-71.4,166.3,951.5,-20.37,13.42,-3.93,28.85
55060,2.05,0,0,0,-166.8,98.2,1032.5,-10.68,14.49,-5.86,28.58
55080,4.86,1.33,0,0,10.3,42.6,969.0,-4.09,12.49,-2.24,28.11
55100,81.55,30.05,10.37,0,57.2,111.6,981.3,4.7,18.37,-1.94,28.26
55120,62.58,45.86,11.78,0.06,93.1,155.5,915.7,12.0,12.46,3.22,28.5
55140,42.87,49.97,22.77,0,-27.8,156.8,934.5,18.41,20.27,3.77,28.57
55160,24.74,61.62,35.66,0,22.2,85.4,821.9,22.88,13.55,1.84,29.25
55180,16.56,56.83,47.26,0,32.4,63.3,817.2,26.45,1.33,9.54,29.51
55200,4.88,52.68,65.05,3.9,136.9,83.6,825.0,26.57,5.96,2.59,29.81
55220,0,46.66,75.41,9.78,90.4,-84.3,801.9,30.17,2.88,-1.48,29.91
55240,2.28,26.23,88.68,13.3,140.2,-16.0,782.8,27.1,-4.05,-1.4,30.3
55260,6.16,25.15,90.15,12.82,67.9,-45.7,828.1,33.87,-9.67,-5.23,30.19
55280,0,11.92,79.42,22.6,109.0,-84.0,853.3,26.04,-5.13,-6.29,30.59
55300,2.4,7.87,66.69,33.69,73.0,-150.0,844.9,20.55,-11.45,-4.23,30.61
55320,1.81,3.42,54.72,50.24,115.9,-148.9,945.4,18.12,-15.05,-3.85,31.28
55340,0,3.8,41.82,61.6,-42.7,-66.0,967.4,14.24,-18.05,-3.81,30.72
55360,0,0,25.64,67.88,-67.4,-98.7,960.8,-2.49,-22.86,-1.61,30.84
55380,1.84,0,18.53,69.17,-44.7,-195.6,969.7,-5.41,-22.32,0.52,30.63
55400,3.68,0,5.28,52.68,-42.0,-49.4,951.0,-10.19,-17.6,1.27,31.28
55420,0.46,0.56,3.23,42.31,-90.2,-155.8,1072.4,-22.3,-9.93,7.31,30.99
55440,0,0.69,4.16,26.66,-8.5,-127.2,980.7,-22.29,-15.58,4.62,30.46
55460,0.79,0,2.76,20.37,-67.5,-48.2,1042.7,-27.69,-12.97,4.57,30.26
55480,0,0,1.81,13.71,-88.2,-83.7,956.2,-31.81,-5.81,0.91,30.62
55500,0,2.24,2.63,5.7,-101.3,45.4,960.9,-33.3,1.21,-2.37,30.57
55520,3.97,1.22,0,3.63,-80.9,-12.9,991.9,-27.84,3.8,1.5,29.83
55540,3.15,2.53,0.36,1.1,-129.5,94.1,986.5,-22.12,11.87,-3.7,29.17
55560,2.35,3.03,3.78,1.32,-84.8,51.3,993.5,-21.59,14.42,-5.89,29.2
55580,0,0.99,0,0,-26.6,18.5,1088.3,-17.5,12.1,-2.14,29.24
55600,2.24,0,0.63,0.65,31.6,166.0,1017.8,-14.98,23.12,-3.35,29.02
55620,0,0,0,0,-70.5,152.0,1047.3,-5.57,16.76,1.83,28.27
55640,71.71,19.06,8.03,0.21,81.1,186.3,1044.3,9.07,15.38,2.11,28.07
55660,66.53,35.41,14.02,2.55,67.6,224.5,948.2,5.03,15.38,0.74,28.38
55680,45.34,51.06,24.79,0,-21.8,80.6,922.3,16.55,13.06,-1.77,29.08
55700,26.59,58.26,28.08,0,68.1,158.0,830.7,14.25,9.87,6.5,28.97
55720,12.92,55.87,45.18,6.51,113.3,93.9,816.3,23.58,20.7,7.9,29.49
55740,6.53,52.51,63.28,0,14.4,39.8,812.9,25.69,16.99,3.27,29.73
55760,4.05,44.58,71.81,0.04,58.6,32.6,798.5,33.04,7.85,3.58,30.5
55780,5.89,29.64,82.74,3.86,18.7,-24.7,756.7,26.2,2.68,-3.11,30.21
55800,2.01,24.83,80.27,12.81,108.2,-59.0,840.6,26.24,-6.99,-0.66,30.36
55820,0,16.13,88.9,21.22,131.6,-52.0,872.2,26.45,-5.88,-8.12,30.52
55840,0,5.09,71.35,32.0,130.2,-69.5,815.6,23.35,-18.68,-3.67,30.95
55860,0,0.81,60.8,49.66,81.7,-144.8,890.7,14.62,-15.89,-9.47,30.88
55880,0,2.71,42.06,58.18,-5.6,-221.6,1005.8,10.47,-25.0,-1.34,30.98
55900,1.76,6.51,21.66,63.73,29.5,-248.0,1031.1,1.95,-20.56,-0.64,30.76
55920,6.03,1.07,20.65,68.65,-51.7,-128.3,1052.0,-4.66,-19.32,-0.32,30.67
55940,0.13,0,12.16,60.35,52.6,-87.2,994.6,-10.48,-15.19,0.65,30.81
55960,0,0,0.99,48.33,3.1,-86.8,951.5,-19.58,-22.12,8.09,30.72
55980,0.99,2.1,5.12,31.61,-76.3,-103.4,968.9,-21.9,-13.3,4.36,30.9
56000,0,1.51,3.92,19.33,-115.0,-37.7,1022.4,-24.92,-9.76,5.56,30.56
56020,1.25,0,1.32,6.55,-105.0,-87.4,1004.2,-26.99,-14.97,2.64,30.41
56040,0,0,0,1.41,-81.2,-30.0,977.5,-29.64,-5.3,2.24,29.92
56060,0,1.56,0,2.7,-120.7,20.9,1031.6,-26.91,5.38,-2.82,30.21
56080,0,1.91,2.37,4.14,-95.2,90.8,1048.4,-27.92,17.72,-2.83,29.98
56100,0.05,0,0,0,-138.6,24.7,989.9,-22.9,15.74,-4.51,29.7
56120,5.91,4.59,0.91,0.54,-7.8,212.5,1033.0,-19.8,20.42,-8.3,29.04
56140,0,6.73,2.3,4.06,-9.2,167.3,993.8,-9.46,17.13,-1.98,28.53
56160,0,0,4.31,2.47,68.2,87.3,1004.7,-3.27,13.74,-2.33,28.04
56180,2.52,0,0,0,-53.6,220.6,953.2,-2.68,13.74,-1.87,27.89
56200,70.54,30.63,11.44,1.59,53.0,179.4,993.3,5.06,23.05,2.17,28.26
56220,50.51,38.46,21.09,0.8,5.1,84.5,939.7,12.95,10.55,4.12,28.59
56240,32.74,52.49,26.51,0,37.6,97.3,831.4,18.77,14.97,3.93,28.98
56260,14.08,57.12,32.79,1.45,71.4,179.9,815.6,19.14,18.13,11.61,29.25
56280,10.32,52.64,59.96,0,49.7,41.0,819.8,25.2,8.45,4.02,29.33
56300,0,49.94,67.0,0,63.7,25.7,792.6,29.79,-0.31,1.86,29.92
56320,1.3,33.69,82.42,5.15,79.8,27.4,786.2,30.19,-1.13,-1.7,29.78
56340,1.18,25.92,87.0,11.89,87.9,-108.9,833.6,26.6,-8.03,0.15,30.15
56360,0,16.1,87.16,17.05,36.1,-104.9,848.1,27.15,-12.17,-4.1,30.54
56380,0,8.21,74.28,28.81,64.0,-76.3,916.6,23.62,-13.82,-2.01,30.58
56400,0,2.64,65.97,42.63,210.6,-138.5,905.5,18.92,-21.12,-1.33,30.68
56420,4.24,5.01,47.47,53.18,108.6,-178.8,895.8,20.15,-17.37,-0.77,31.0
56440,0,2.39,42.14,66.64,5.3,-155.3,1002.6,3.21,-16.0,-1.62,31.06
56460,0,4.27,23.19,70.95,-81.0,-33.3,986.4,0.73,-27.2,1.53,31.1
56480,0,0,11.92,62.22,-66.0,-91.0,1038.1,-5.81,-20.73,6.17,30.95
56500,0.72,0,8.31,46.24,-23.8,-141.5,1057.4,-10.81,-15.37,2.24,30.83
56520,0,1.77,4.41,35.1,-107.7,-130.7,1034.7,-15.02,-17.51,2.55,31.0
56540,0.14,3.44,0,19.95,-51.0,-136.7,1006.4,-23.39,-11.65,5.79,30.49
56560,0,5.38,0,16.44,-84.9,-55.2,969.9,-32.11,-0.22,3.35,30.26
56580,5.33,0,0,11.39,-84.8,-69.4,1028.0,-29.49,-6.89,1.39,30.23
56600,6.46,0,0,0.96,-26.2,65.8,1003.6,-28.97,-2.37,0.53,29.71
56620,3.69,0,0,0.22,-63.9,73.9,1023.1,-29.96,3.39,-3.79,29.81
56640,0,0,0,7.37,-142.1,32.0,985.8,-29.32,14.35,-1.58,29.59
56660,0,0.2,3.42,2.58,-58.4,162.1,963.2,-22.87,8.6,-6.15,29.29
56680,0.98,0,0,0,-64.5,86.8,1078.2,-16.21,13.18,-6.33,28.79
56700,2.38,0,0,0,-28.0,217.0,1028.9,-7.94,18.56,-0.33,28.79
56720,2.62,0.16,0,0,28.3,82.3,1015.0,-3.08,16.06,-2.11,28.35
56740,70.65,32.0,5.79,2.0,9.2,174.0,950.1,8.0,15.11,2.97,28.53
56760,60.83,37.84,11.69,4.37,26.6,47.1,919.5,13.33,12.99,3.59,28.59
56780,39.38,50.27,23.0,0,59.7,204.8,946.0,19.33,21.9,1.74,29.11
56800,23.08,60.28,34.76,0,60.6,29.0,898.4,26.24,14.67,4.71,29.1
56820,8.73,58.53,48.12,1.41,181.9,114.8,817.6,21.67,13.93,0.83,29.42
56840,4.2,55.05,66.49,4.55,36.1,47.5,754.4,25.85,9.38,5.82,30.27
56860,2.44,39.36,79.3,4.65,176.1,35.0,844.9,29.87,6.41,-2.34,29.97
56880,0.52,26.2,83.51,8.03,83.9,-52.3,749.1,30.42,-8.34,3.23,30.28
56900,0,18.05,81.01,15.32,58.6,-33.1,837.4,28.41,-10.99,-2.47,31.01
56920,0,2.51,76.05,25.37,138.0,-75.2,827.9,22.77,-17.02,-7.44,30.82
56940,0,0.56,67.38,40.75,-44.0,-58.2,901.3,16.26,-25.95,-4.54,30.39
56960,3.1,6.49,51.67,46.86,52.6,-222.6,885.7,13.8,-14.8,-3.6,31.04
56980,2.09,4.61,36.27,60.28,-63.9,-114.0,907.9,9.2,-14.55,-5.17,31.03
57000,0,2.72,25.79,64.4,-54.2,-113.1,992.0,0.78,-17.66,-3.57,31.21
57020,0.38,0,17.08,63.04,-73.0,-94.0,1063.2,-6.77,-16.71,0.17,30.93
57040,2.54,0,7.18,49.17,5.9,-100.0,1053.5,-15.14,-12.31,6.05,31.27
57060,0.73,0,3.08,38.85,-48.3,-119.6,1000.1,-18.88,-15.62,3.95,30.69
57080,1.75,0,2.7,21.54,-91.1,26.6,995.3,-18.24,-16.12,4.57,30.69
57100,0,0,0,19.12,-91.1,-66.8,994.5,-27.53,-6.74,4.78,30.5
57120,0.42,0,1.09,14.44,-154.9,44.7,988.8,-25.29,-6.26,4.57,30.2
57140,0,0,6.06,5.26,-59.0,-21.0,1029.5,-27.71,5.89,0.61,29.62
57160,0,1.5,0,0,-109.5,94.5,995.0,-23.29,2.51,-0.59,29.67
57180,0,0,0.13,3.08,-55.6,-7.5,1042.2,-26.79,6.85,-5.02,29.7
57200,5.65,0,0,0.35,-32.0,90.8,963.7,-18.49,16.95,-1.12,29.19
57220,0,0,0,0.82,-51.0,155.8,1062.8,-11.13,18.47,-8.3,28.88
57240,0,1.45,0.32,0,51.7,136.7,946.3,-13.41,12.56,-2.68,28.46
57260,0.85,2.88,4.29,0,-47.5,238.6,993.4,-9.21,29.38,-1.99,28.22
57280,77.47,21.9,2.36,5.7,-6.2,86.5,1054.4,0.95,13.38,2.09,28.32
57300,69.66,34.73,15.75,5.04,11.2,238.4,855.2,10.01,22.71,-1.13,28.09
57320,48.25,49.85,19.86,0,30.8,158.6,891.5,15.64,11.57,5.79,28.66
57340,25.13,53.29,35.42,0,2.5,89.1,811.2,19.74,17.49,5.65,29.03
57360,6.29,60.95,43.87,0,31.1,30.2,822.9,27.02,4.73,3.37,29.35
57380,0.92,49.95,61.41,0,47.5,66.4,808.8,26.0,13.6,2.37,29.88
57400,5.64,39.08,77.29,4.71,211.8,-22.4,800.4,26.47,-0.64,0.32,30.16
57420,0,30.92,82.78,3.71,130.9,-49.9,799.2,29.69,-1.31,-5.06,30.58
57440,0,21.9,89.65,12.4,16.2,-28.3,815.8,24.66,-11.38,-4.23,30.5
57460,0,11.23,86.45,21.05,109.7,-108.8,919.8,28.8,-13.11,-8.13,30.68
57480,5.77,5.29,71.13,28.87,65.0,-87.2,907.3,20.97,-14.13,-1.74,30.71
57500,0,0.4,57.5,47.71,22.1,-207.5,889.8,14.93,-12.86,-6.38,30.84
57520,0,0,37.55,56.42,33.6,-138.3,912.0,3.83,-15.62,-3.41,31.2
57540,0,0.88,30.23,72.77,-51.7,-189.2,946.1,2.9,-20.45,-2.33,31.1
57560,2.8,0,20.77,71.9,76.6,-171.1,994.3,-2.86,-24.56,2.56,31.15
57580,7.55,0,9.98,55.62,-14.9,-136.1,972.4,-13.84,-22.12,2.27,30.6
57600,0,0,0,43.55,-45.7,-106.4,1016.7,-19.24,-23.54,4.64,31.04
57620,5.47,1.62,2.89,30.46,-168.5,17.8,1027.1,-18.82,-8.86,3.55,30.72
57640,3.43,0,5.08,19.92,-61.2,26.0,969.4,-24.25,-9.69,3.06,30.75
57660,4.2,0,0,11.86,-201.6,-32.2,987.7,-27.47,-7.7,2.75,30.41
57680,1.77,5.88,3.39,6.2,-80.9,-95.6,1026.9,-30.27,-0.3,-0.35,29.74
57700,0.76,0,1.45,5.11,-167.4,-20.8,1027.5,-27.23,10.29,-0.42,30.1
57720,2.31,2.22,0,3.8,-170.9,36.3,997.9,-22.55,11.69,-3.07,29.53
57740,0.14,0,0,0,-130.7,-15.2,938.1,-16.53,8.72,-8.16,29.68
57760,0,0,0,0,-142.8,97.1,993.7,-19.88,8.39,-3.49,29.16
57780,0.05,0,0.67,1.76,-45.9,99.4,985.9,-6.7,23.52,-5.06,28.76
57800,0,0,0,0,36.3,110.3,1041.1,-6.85,5.66,-5.3,28.33
57820,75.45,19.19,4.34,0,-27.2,146.7,969.6,0.55,17.39,-1.55,27.82
57840,71.6,33.03,6.88,0,22.6,124.3,909.5,5.83,22.76,2.08,28.38
57860,50.32,45.33,16.97,1.48,98.2,120.4,906.4,15.63,27.35,3.55,28.94
57880,40.33,48.46,27.01,3.27,54.5,67.6,871.3,14.34,17.46,3.56,28.95
57900,21.61,49.62,41.82,0,59.8,57.4,837.8,24.16,13.14,3.36,29.39
57920,2.8,51.76,61.54,0,64.5,79.4,760.2,28.28,6.27,1.71,29.84
57940,2.05,45.01,70.97,4.03,132.5,17.3,831.4,22.94,3.66,3.1,29.97
57960,3.29,35.11,82.45,7.53,41.8,45.4,828.8,32.91,-3.89,-0.76,30.27
57980,0,19.4,89.11,8.89,128.4,72.0,777.2,24.85,-5.59,-3.49,30.87
58000,4.16,8.27,83.89,19.31,144.6,19.9,840.9,27.03,-3.86,-1.9,30.58
58020,2.19,4.63,75.28,30.27,169.3,-81.3,843.8,14.7,-6.46,-6.49,31.01
58040,1.62,0,59.27,45.1,43.9,-159.8,935.6,16.5,-20.25,-6.47,30.86
58060,0.88,0.3,46.39,58.95,144.3,-99.9,915.4,11.4,-19.74,-1.8,30.69
58080,0.08,7.7,31.61,71.36,49.5,-101.4,966.6,1.08,-26.67,0.28,30.7
58100,0,0,19.58,67.78,43.1,-139.0,992.7,-0.35,-17.22,1.03,30.82
58120,0,0,15.63,57.18,-102.7,-88.2,993.6,-9.26,-19.3,2.72,30.86
58140,0,2.36,8.95,47.27,-19.6,-117.1,1054.2,-10.09,-17.63,0.04,30.8
58160,0,0,2.05,29.97,-48.9,-36.6,959.1,-23.35,-15.34,3.73,30.46
58180,0,0,4.78,22.09,-154.3,-78.9,1022.4,-25.0,-6.28,2.52,30.47
58200,0,0,0,11.33,-159.1,-99.8,1041.5,-27.8,-14.63,1.85,30.52
58220,1.34,0,5.02,5.91,-151.6,21.8,965.6,-25.85,0.56,1.44,30.45
58240,0,2.53,4.63,0,-125.0,64.8,1002.9,-34.0,-0.19,-2.36,30.32
58260,2.38,3.53,0,0,-62.0,50.2,1004.6,-32.72,8.33,-4.76,29.42
58280,0,4.58,0,2.19,-75.3,143.6,1002.0,-25.28,14.3,-3.73,29.28
58300,4.65,1.44,0,0.17,-38.0,130.4,982.0,-23.53,15.65,-5.23,29.07
58320,0,3.28,1.74,0.66,-57.8,65.6,1007.7,-21.24,23.04,-4.99,28.64
58340,1.91,2.02,11.82,1.14,-76.3,107.7,992.0,-5.57,14.08,-2.83,28.46
58360,1.14,0.79,0.3,4.47,24.6,64.7,1031.9,-2.66,15.35,1.13,28.18
58380,72.97,34.69,9.39,3.09,29.2,206.4,967.3,3.46,23.6,0.91,28.3
58400,58.83,49.66,14.34,0.5,56.9,219.7,926.6,13.82,17.1,7.37,28.63
58420,39.25,51.73,24.02,3.28,66.6,55.0,898.1,16.86,18.85,6.37,29.13
58440,17.55,57.63,39.13,0,127.8,90.1,856.7,27.28,13.58,8.49,29.53
58460,4.67,55.98,51.31,0.58,100.5,45.8,855.5,32.48,-0.96,5.59,29.54
58480,3.05,49.05,65.24,4.31,75.1,35.8,804.7,31.11,2.05,1.96,30.12
58500,0.88,33.32,79.64,0.08,145.1,28.8,783.7,30.9,-4.39,1.43,30.1
58520,6.09,25.57,85.39,8.57,123.7,-84.8,792.9,28.85,-8.26,1.02,30.06
58540,0,14.33,78.12,17.61,109.1,-139.6,897.6,29.36,-9.61,-2.24,30.73
58560,1.16,6.44,78.44,31.72,135.6,-85.0,825.8,19.67,-8.16,-6.81,30.64
58580,0,0,65.15,41.28,25.3,-103.9,868.4,19.54,-12.98,-9.0,31.03
58600,1.39,0,49.16,50.24,29.4,-140.7,876.4,9.76,-15.41,-2.14,30.89
58620,0,3.51,35.61,68.02,-40.9,-149.7,928.0,5.06,-20.88,-0.94,31.08
58640,0,0.32,23.4,66.47,131.8,-201.9,996.2,0.23,-13.55,2.52,30.92
58660,0,0.73,11.61,62.9,33.7,-188.4,1017.0,-8.85,-23.7,-1.57,31.11
58680,0.06,1.0,14.17,49.41,-98.1,-96.5,1048.3,-13.29,-14.73,2.94,30.87
58700,2.63,0,3.6,31.0,-7.7,-119.9,980.6,-21.74,-24.99,4.19,31.16
58720,1.32,0,1.21,22.98,-45.1,-56.0,969.8,-29.87,-13.11,4.43,30.57
58740,1.35,0,3.45,9.87,-39.4,-36.5,1010.8,-26.76,-2.57,5.97,30.33
58760,1.76,3.46,0,6.09,-12.0,-79.7,967.5,-30.82,-0.67,1.58,30.32
58780,0,0,0,0.9,-99.3,29.5,1048.3,-30.36,2.15,-2.11,30.15
58800,0,2.92,0,1.2,-113.7,52.8,1029.4,-26.03,6.66,-1.85,29.75
58820,4.38,5.29,0.43,0.06,-79.8,74.3,991.1,-26.8,8.52,-6.29,29.59
58840,2.81,1.75,0,0.47,-58.9,26.1,1014.8,-21.72,13.76,-7.52,29.15
58860,1.31,0,0,0,-144.3,190.3,995.8,-16.13,7.33,-6.5,29.09
58880,0,2.03,4.81,0,17.1,1.3,1016.5,-8.83,26.95,-0.35,28.47
58900,0,0,0,0.79,13.5,124.0,1000.7,-2.34,21.35,3.9,28.13
58920,71.69,27.31,8.9,2.87,-18.0,203.6,953.8,5.21,28.23,0.87,28.24
58940,60.72,33.37,16.4,0,10.5,121.9,947.4,10.76,26.16,3.52,28.48
58960,39.16,52.62,24.92,0.63,102.2,159.8,944.8,17.5,11.06,0.22,28.69
58980,25.6,58.05,36.1,0,18.7,64.6,861.1,24.27,14.17,3.97,29.39
59000,7.81,60.19,49.88,0.55,107.5,112.3,884.8,30.6,15.18,5.42,29.8
59020,4.14,45.28,64.85,3.0,63.0,15.2,810.5,25.65,5.38,4.28,30.09
59040,5.14,38.4,80.65,7.16,123.0,26.6,773.3,27.74,1.82,-0.7,30.09
59060,0,32.44,89.29,10.66,120.2,-16.5,815.2,30.03,-6.26,-0.95,30.13
59080,0,18.23,87.39,11.3,36.7,-9.6,800.6,22.25,-2.59,-0.33,30.32
59100,0,3.76,85.32,21.01,36.8,-73.9,817.3,20.94,-12.14,-2.17,31.06
59120,3.52,7.37,68.4,36.95,91.4,-78.0,823.4,25.96,-18.59,-7.8,30.68
59140,0,3.37,51.95,49.17,84.2,-71.5,879.5,17.9,-11.64,-3.83,31.0
59160,0,0,41.18,62.84,5.9,-179.2,924.7,11.76,-23.53,-3.01,30.86
59180,0.57,0,22.79,65.99,3.8,-221.3,1020.9,2.88,-12.61,-1.46,30.69
59200,0,0,11.25,63.85,12.5,-142.9,1006.1,-10.02,-22.55,2.91,30.77
59220,0,3.49,9.51,55.93,-63.8,-129.1,984.6,-13.37,-22.41,2.96,30.79
59240,4.48,0.81,4.27,41.26,-16.4,-40.2,1032.3,-21.01,-17.8,4.89,31.05
59260,0,0,3.54,29.63,-50.9,-107.5,951.1,-27.15,-14.71,6.16,30.63
59280,0,0,1.19,14.96,-96.5,-89.7,1011.5,-25.8,-12.42,5.19,30.32
59300,0,0,0,8.89,-16.1,-93.6,1001.0,-27.44,-6.05,1.72,30.34
59320,3.09,0.14,1.33,5.65,-104.4,-101.5,1004.5,-32.37,2.25,0.78,30.18
59340,0,0,1.21,2.03,-25.0,38.2,973.9,-25.84,4.21,-4.14,29.52
59360,2.36,1.24,0.24,0,-81.2,43.5,984.7,-22.38,10.58,-3.01,29.51
59380,3.76,5.36,0.88,0,-136.2,27.1,986.2,-22.63,13.08,-4.36,29.33
59400,0,1.34,0.81,8.23,-27.3,126.0,1050.4,-16.54,12.24,-1.8,28.92
59420,1.32,0,0,0,-73.9,135.8,1055.4,-8.52,13.18,-5.48,29.01
59440,0.15,0.55,0,0,-17.3,194.3,1030.0,-2.66,18.8,-0.75,28.66
59460,83.69,24.16,8.82,1.52,-2.8,151.6,988.8,2.39,11.26,0.49,27.84
59480,62.28,36.81,10.41,0,98.6,146.9,954.5,8.02,21.62,3.5,28.43
59500,47.25,48.82,19.0,0,53.7,99.2,909.1,13.76,15.73,8.98,28.81
59520,26.56,54.33,29.9,0.96,67.2,38.3,902.3,20.18,14.99,4.52,29.62
59540,9.7,57.88,45.6,0.84,125.2,112.6,878.1,24.59,-3.24,4.16,29.51
59560,6.67,48.05,57.17,0.27,129.5,21.9,865.6,28.47,3.37,4.71,29.27
59580,1.03,42.61,78.58,8.76,117.9,67.9,865.7,24.01,-0.6,4.66,29.81
59600,4.0,29.83,81.67,3.97,178.5,-0.9,809.5,32.12,1.77,-1.43,30.43
59620,5.72,24.76,89.54,15.49,139.5,-4.6,828.9,26.63,-6.52,-2.14,30.54
59640,1.51,7.78,80.63,19.92,134.3,-161.3,850.8,29.96,-12.67,-9.76,30.68
59660,0,6.92,67.85,32.89,133.8,-183.7,913.5,23.58,-15.83,-2.39,30.61
59680,0.49,6.44,54.21,47.8,8.9,-171.4,870.8,14.38,-27.29,-5.03,31.21
59700,0,3.53,35.71,60.75,43.2,-145.8,936.2,4.63,-34.45,-4.59,30.51
59720,2.15,0,28.13,64.13,-34.9,-166.3,1010.7,4.62,-25.94,-0.61,31.08
59740,0,0,10.89,65.49,81.7,-98.3,1047.4,-8.61,-16.56,0.75,31.14
59760,0.11,0.74,9.87,57.24,-43.8,-166.2,1003.1,-9.44,-13.78,3.85,30.89
59780,3.55,1.76,0.74,43.44,-67.1,-129.6,969.3,-13.76,-17.29,5.58,30.89
59800,0,4.81,6.55,35.04,-44.1,-125.9,954.8,-18.6,-15.73,7.57,30.65
59820,0,3.64,0.78,18.64,-12.8,-0.6,1082.0,-26.12,-8.45,4.95,30.47
59840,0,0,1.21,7.31,-127.7,-82.5,998.3,-33.51,-12.57,2.06,30.37
59860,0.96,0.46,0,3.49,-149.3,-46.1,979.7,-33.95,-1.56,-0.07,30.22
59880,0,2.57,3.13,0,-88.5,40.7,965.4,-30.11,-2.51,-4.06,29.97
59900,1.93,2.04,3.42,7.32,-23.9,133.8,977.3,-28.57,16.29,-4.69,29.96
59920,0,0,0.35,0,-85.6,107.3,947.6,-25.18,16.09,-4.51,28.85
59940,0.35,0,2.35,0,-28.5,54.9,987.4,-22.68,20.8,-5.84,29.2
59960,0,0,0,3.54,-125.2,103.8,1016.0,-17.26,16.39,-6.05,28.56
59980,0,0,0,0,7.4,208.4,1013.0,-5.04,14.78,-2.72,28.28
60000,78.2,18.55,6.67,0,-54.1,122.2,1006.5,-5.09,22.55,-2.58,28.06
60020,72.72,28.49,15.52,0,52.7,162.8,973.2,3.69,20.8,3.09,28.25
60040,53.78,44.01,14.55,0,21.9,130.8,936.3,11.48,20.35,4.86,28.43
60060,31.23,54.92,28.03,0,-5.9,60.6,857.0,24.89,18.8,2.57,28.78
60080,19.56,53.32,43.88,0,43.5,204.0,865.1,25.96,20.78,5.4,29.5
60100,7.86,53.79,56.44,0,107.0,61.7,760.1,23.84,5.25,6.47,29.74
60120,0.14,43.58,69.97,1.21,82.6,49.5,839.5,29.79,-3.43,1.03,29.65
60140,3.82,29.24,76.96,5.35,99.0,3.9,833.3,32.01,3.3,-2.68,30.07
60160,3.84,21.45,86.65,14.17,94.0,-15.1,864.4,27.1,3.04,-2.71,30.41
60180,1.6,10.04,82.5,20.55,30.6,-39.9,814.7,26.9,-14.44,-5.25,30.87
60200,0.02,6.22,75.68,26.49,-14.1,-74.0,867.3,21.35,-10.93,-8.77,30.26
60220,4.83,1.11,58.37,44.57,95.2,-115.8,897.3,19.82,-20.71,-6.74,30.85
60240,0,2.54,46.41,57.76,80.1,-111.3,860.9,4.96,-26.85,-6.67,30.61
60260,0,0,34.42,64.45,14.9,-190.2,991.4,0.65,-17.87,-0.81,30.97
60280,0,0,30.15,68.85,-52.7,-150.5,977.0,-5.56,-17.28,0.38,30.74
60300,1.46,0.09,13.39,59.64,-24.9,-87.2,988.0,-9.8,-22.8,1.1,30.73
60320,3.88,0.13,6.04,46.37,-13.6,-193.4,1027.5,-19.1,-25.78,7.69,30.56
60340,3.11,1.34,1.81,33.4,-156.4,-70.7,993.9,-19.99,-16.03,6.74,31.03
60360,0,0,7.96,23.58,-80.7,-6.9,983.0,-23.22,-7.68,6.4,30.68
60380,2.03,0,0.24,13.15,-29.0,-15.8,940.1,-25.68,-8.95,1.31,30.58
60400,0.38,0.01,5.85,1.55,-131.0,46.8,1028.3,-32.85,1.8,-1.48,30.3
60420,0,0,1.38,4.01,-101.9,-57.3,972.8,-31.46,8.18,4.32,30.23
60440,0,0.78,4.96,0,-80.6,106.9,1023.5,-23.76,22.82,-2.75,29.83
60460,3.42,0,0,0,-87.6,155.3,1022.8,-22.36,15.91,-4.0,29.94
60480,0,0,1.78,0.03,-44.7,89.3,1015.4,-19.9,21.12,-1.49,28.95
60500,0,0,2.24,0,-58.7,223.4,979.7,-10.41,18.83,-1.45,28.86
60520,0,0,1.02,3.52,-102.4,78.2,978.7,-11.1,24.74,-3.07,28.22
60540,2.06,0.37,3.38,0,-97.1,190.8,1020.6,-2.8,20.17,-1.77,28.1
60560,73.96,29.35,10.71,0,120.0,188.3,960.2,6.01,29.65,1.09,28.29
60580,55.08,48.34,10.38,1.47,57.4,278.1,897.9,9.11,22.81,6.44,28.46
60600,36.43,52.67,28.57,7.65,80.9,125.9,879.9,14.92,19.48,8.06,28.82
60620,20.78,57.32,34.63,3.77,32.7,85.3,833.5,23.65,14.58,1.02,29.04
60640,11.42,57.78,57.38,1.87,92.6,95.9,816.5,29.46,-2.12,7.4,29.65
60660,7.26,45.16,68.48,1.47,221.3,116.8,803.1,35.4,2.46,1.36,29.52
60680,1.45,37.36,82.28,2.47,20.9,-28.3,799.7,30.01,-0.99,1.84,30.01
60700,4.48,29.7,84.75,8.11,127.3,-91.3,794.9,31.01,-8.25,-4.29,30.43
60720,0,11.24,86.95,14.37,84.1,-77.0,815.5,25.83,-15.31,-2.63,30.76
60740,2.06,7.38,80.64,24.44,163.8,-104.8,844.7,25.04,-3.26,-3.19,30.7
60760,0,1.91,64.94,39.47,-95.0,-116.4,869.6,20.32,-10.21,-7.23,31.14
60780,0,0,52.08,54.33,73.0,-96.0,920.5,18.89,-14.82,-2.01,30.91
60800,1.13,0,32.92,63.28,74.8,-169.5,981.0,10.36,-19.35,-1.79,30.98
60820,0,4.3,24.99,68.59,-20.6,-182.0,1022.6,-0.09,-25.3,-2.63,31.12
60840,3.35,0,16.55,53.56,33.7,-138.1,1001.2,-7.3,-18.3,1.62,31.21
60860,1.08,0,3.33,50.85,-59.7,-185.9,1027.6,-14.75,-18.48,4.19,31.07
60880,0,0,0,38.21,-25.5,-233.3,995.8,-21.93,-14.37,5.36,30.95
60900,0,1.64,0,26.77,-35.5,2.5,978.6,-21.07,-8.81,4.44,30.96
60920,0,0,0,12.28,-96.8,-63.4,977.5,-26.16,-2.76,3.01,30.67
60940,0,2.55,0,7.17,-146.9,-51.5,990.3,-31.08,6.38,5.05,30.44
60960,0,0.44,2.13,2.4,-87.8,2.2,982.8,-30.42,-0.11,1.94,30.16
60980,0,0.61,2.53,6.19,-87.2,-12.1,976.4,-31.0,7.0,-3.24,29.46
61000,1.91,0,0,0,-47.2,163.3,1011.2,-32.63,5.43,-2.85,29.21
61020,2.12,0,0,0,-41.8,78.0,1019.1,-21.23,15.04,-4.42,29.26
61040,2.73,0,0,0,-87.5,86.1,1011.0,-21.95,10.41,-5.84,28.78
61060,0,0,3.53,0.28,-92.2,134.1,1068.4,-9.18,15.59,-1.46,28.75
61080,0,1.96,0,3.09,-59.9,188.4,994.3,-2.08,25.47,-0.32,28.02
61100,72.59,26.81,11.33,3.7,-6.3,138.0,966.7,5.4,13.78,0.22,28.3
61120,66.0,40.72,16.47,0,-19.7,124.4,921.6,12.16,18.23,6.21,28.72
61140,49.7,43.72,21.81,2.41,58.2,156.2,919.4,17.49,7.87,7.57,28.9
61160,23.36,53.43,38.46,0,126.2,89.2,795.0,21.14,16.11,5.74,29.56
61180,14.54,61.33,54.14,2.12,124.9,49.5,834.5,28.23,9.14,4.49,29.31
61200,6.2,49.32,67.43,4.62,28.1,18.2,827.5,29.6,4.99,3.1,29.78
61220,3.43,35.65,80.96,4.74,36.2,6.8,837.0,29.77,4.37,-0.54,30.16
61240,0,29.18,86.68,6.55,132.3,-70.1,771.9,30.16,-5.09,-3.96,30.19
61260,0,21.49,85.93,14.41,52.4,-98.0,852.4,25.08,-14.96,-0.74,30.22
61280,3.84,7.7,80.93,26.49,158.6,-187.8,809.3,23.7,-15.84,-4.16,30.69
61300,0,9.26,67.24,39.42,90.5,-61.0,838.4,24.32,-11.67,-6.87,30.87
61320,4.07,2.32,49.85,44.19,108.9,-177.8,896.0,16.02,-26.22,-3.15,30.87
61340,0,0,38.37,63.55,-67.2,-197.4,984.9,10.83,-14.16,-4.82,31.02
61360,0,0,28.39,65.5,-8.3,-96.7,999.3,3.86,-19.15,0.99,31.28
61380,3.63,3.4,14.58,67.09,52.9,-102.8,1004.9,-8.46,-18.18,0.29,30.93
61400,0,0.03,10.45,57.23,-17.0,-146.7,966.1,-10.85,-24.66,6.36,30.96
61420,0,5.18,4.26,39.08,-74.0,-128.8,1074.9,-16.15,-13.03,2.22,30.56
61440,0.65,3.55,2.01,29.18,-15.7,-153.5,992.8,-22.51,-13.65,1.95,30.81
61460,1.12,0,5.56,9.14,-74.4,-109.8,973.1,-22.24,-10.82,4.95,30.56
61480,5.25,2.9,1.02,10.7,-17.2,-42.4,998.4,-30.64,-1.5,3.5,30.66
61500,0,0,2.21,5.6,-136.5,110.9,1015.2,-33.78,4.9,-0.61,30.3
61520,0,3.13,4.84,0.92,-156.8,-22.6,1020.2,-32.62,9.83,-5.44,29.84
61540,0.84,0,0.66,2.76,-38.4,137.8,994.4,-29.49,12.6,-4.93,29.6
61560,1.24,0,2.62,4.94,-9.3,113.4,993.6,-21.66,13.9,-2.52,29.21
61580,0,0.28,2.19,0,-2.3,211.2,963.5,-15.06,20.78,-7.3,28.78
61600,0.97,0,0,0,-68.9,127.3,937.6,-14.84,30.49,-3.41,28.76
61620,2.75,0,0.23,1.14,-50.7,230.0,1013.8,-6.28,22.9,-2.19,28.19
61640,76.51,23.78,4.6,0,65.7,85.7,1013.1,1.07,15.88,4.11,28.21
61660,61.93,31.21,8.03,0,-0.5,52.0,935.3,9.33,14.76,1.53,28.32
61680,48.53,48.24,18.05,0.97,113.8,51.5,868.5,12.37,23.69,6.87,28.65
61700,30.65,57.41,36.1,0,135.8,190.3,880.1,21.71,17.12,4.35,29.09
61720,12.91,53.94,40.39,0,140.5,92.4,822.8,22.01,16.75,5.43,29.55
61740,6.38,52.94,59.89,6.64,168.5,45.9,871.1,28.17,2.65,1.82,29.8
61760,4.58,45.18,73.44,0,126.3,4.5,879.6,29.97,3.18,0.22,29.94
61780,0,30.41,85.94,7.28,8.8,-68.2,819.4,25.07,4.01,-1.77,30.49
61800,0,23.71,83.43,12.8,66.1,13.1,811.6,30.7,-2.58,-3.35,30.52
61820,3.4,7.88,85.73,21.99,21.2,-175.2,841.5,27.03,-17.44,-6.23,30.6
61840,0,6.66,74.57,32.45,97.0,-70.2,840.1,20.69,-11.15,-3.77,30.89
61860,4.43,5.47,60.45,45.22,91.7,-78.1,882.1,18.86,-23.01,-3.01,30.74
61880,3.58,3.91,46.48,61.93,54.4,-167.7,954.0,5.51,-21.99,-3.27,30.81
61900,0,0,31.1,69.05,-16.9,-35.4,975.4,5.52,-18.91,0.27,30.68
61920,0,2.11,21.93,67.29,-29.0,-156.6,1016.4,-0.27,-16.14,-0.5,30.86
61940,3.97,0,12.66,57.4,-39.4,-145.3,956.0,-6.24,-25.68,5.58,30.91
61960,0,0,6.67,42.77,-34.9,-99.0,1002.0,-18.6,-11.93,4.96,30.94
61980,0,0.79,3.38,35.01,-68.2,-120.6,1025.4,-24.15,-10.79,6.7,30.97
62000,0,0,3.64,17.37,-145.5,-52.7,984.3,-24.47,-11.61,5.19,30.59
62020,0,3.21,0,10.85,-77.7,-43.1,988.2,-27.76,-6.08,3.63,30.5
62040,1.64,0,0,5.68,-131.0,-47.1,1012.5,-27.79,-2.88,1.45,30.64
62060,0,0.94,0,3.24,-142.6,-54.1,1068.3,-25.6,-4.11,0.08,29.92
62080,0,2.99,0,6.95,-136.5,52.6,1024.5,-25.78,9.03,-3.54,29.42
62100,0,0,3.32,4.8,-18.0,49.7,1038.1,-21.05,15.89,-7.49,29.89
62120,2.48,0,2.49,0,-55.5,93.3,978.5,-20.15,22.98,-5.14,28.97
62140,1.97,3.15,0.21,0,-98.1,160.4,1001.3,-21.89,14.42,0.86,29.28
62160,0,0,5.28,0.43,-40.9,202.1,950.8,-4.77,20.35,-2.75,28.77
62180,1.5,0,0,0.6,-147.8,117.2,968.5,-3.67,20.07,1.02,28.13
62200,73.74,31.26,7.03,0,57.7,171.2,922.0,7.78,18.46,6.5,28.51
62220,53.35,41.92,11.57,0.06,48.4,62.6,929.4,9.97,9.2,1.52,28.6
62240,27.61,50.99,25.2,0,99.0,152.3,840.5,13.15,20.73,2.5,28.91
62260,17.8,65.84,38.3,6.03,71.0,77.7,849.1,25.83,14.88,6.07,29.34
62280,10.84,57.99,59.53,2.28,66.7,81.4,821.9,32.82,3.48,0.06,29.7
62300,3.98,45.95,67.3,1.76,67.6,-14.2,878.9,25.02,1.0,5.04,29.88
62320,0.13,35.14,76.09,4.57,97.2,-88.5,851.6,30.66,-6.14,-1.88,30.39
62340,0.54,25.23,83.56,9.79,81.8,-83.8,787.5,27.73,-4.79,0.14,30.51
62360,4.7,9.51,85.1,15.96,89.7,-112.8,841.9,27.23,-0.31,-7.3,30.22
62380,0,4.29,70.16,25.86,102.9,-28.9,852.7,25.89,-13.62,-1.78,30.21
62400,0,3.08,65.15,41.96,27.0,-155.6,900.0,19.83,-20.5,-6.27,31.24
62420,0.41,4.63,46.73,55.53,47.2,-139.6,878.8,17.23,-15.13,-7.16,31.01
62440,2.01,1.73,30.39,61.35,23.0,-170.8,968.9,4.88,-10.15,0.04,31.38
62460,0.18,3.18,24.46,62.43,-72.7,-193.2,1000.9,-3.79,-18.19,-1.58,31.03
62480,0,0,15.59,60.1,-53.8,-137.8,988.9,-11.34,-14.99,2.75,31.19
62500,0,0,7.72,50.57,-90.3,-79.3,958.5,-22.48,-18.52,3.31,30.6
62520,0.85,0,1.33,32.23,-64.7,-135.9,1007.1,-21.17,-21.12,9.02,31.03
62540,0,0.51,0,18.97,-14.9,-56.1,1010.5,-23.97,-22.75,4.5,30.37
62560,0,1.09,1.66,5.58,-125.1,-91.3,986.9,-35.16,-7.13,3.53,30.4
62580,0,0.42,0,9.21,-86.0,-105.4,981.2,-31.38,-3.2,-0.1,29.93
62600,0,0,2.56,1.34,-50.9,5.8,1003.0,-34.97,11.72,-1.05,29.86
62620,1.34,0,0,0,-21.3,79.4,1021.9,-28.89,5.2,-3.52,29.99
62640,0,0,2.71,2.45,-98.3,124.4,1012.2,-29.59,4.73,-5.76,29.3
62660,1.49,0.94,0,2.03,-65.6,56.1,974.0,-20.01,16.28,-2.97,28.8
62680,0,1.55,4.5,0,-10.2,65.3,1008.0,-18.74,14.81,-4.7,28.82
62700,1.77,0,0,0,-24.4,150.4,1024.0,-13.21,10.61,-3.52,28.46
62720,5.44,0,0,0.98,-7.8,184.3,987.8,1.7,24.3,1.36,28.08
62740,68.66,26.92,8.05,0,-68.9,134.2,999.3,0.57,26.26,0.29,28.32
62760,57.69,38.92,15.21,0,98.1,116.4,909.9,9.78,18.92,1.47,28.86
62780,38.31,51.32,21.69,0,54.3,181.4,907.8,21.96,14.43,3.63,28.83
62800,23.73,62.12,35.56,5.31,128.9,72.2,809.8,22.11,6.78,8.46,29.81
62820,3.54,56.25,47.66,2.69,104.6,49.8,799.9,29.72,6.76,0.13,29.42
62840,7.93,48.92,69.29,0,160.1,-48.1,810.7,30.87,3.87,1.46,29.61
62860,0.77,35.45,77.07,2.24,86.0,11.1,822.6,30.46,3.2,2.43,30.07
62880,0,29.51,85.88,8.98,150.0,24.9,813.9,29.71,-4.13,-1.1,30.16
62900,0,10.91,84.04,13.18,39.5,-90.6,773.1,29.78,-13.33,-6.36,30.25
62920,4.06,14.9,77.91,22.32,43.6,-69.9,872.9,26.09,-15.14,-6.95,30.37
62940,0,4.87,66.75,42.6,31.1,-87.4,863.0,20.84,-16.78,-3.0,30.5
62960,0,0,55.29,53.22,8.3,-180.5,852.9,12.83,-14.95,-5.92,31.36
62980,0,0,37.07,63.01,16.7,-187.5,948.7,7.92,-19.32,-0.08,30.88
63000,0,1.32,22.91,61.45,0.9,-221.4,1026.4,0.27,-29.58,3.62,31.22
63020,2.29,0.5,14.2,66.3,-83.8,-94.6,1078.4,-6.78,-17.42,0.54,30.82
63040,0,0,8.29,51.44,19.8,-157.0,1000.0,-12.76,-16.73,6.09,31.06
63060,4.12,0,3.44,38.21,-56.9,-149.0,998.6,-15.09,-21.34,4.27,30.51
63080,0.47,1.91,0.14,26.61,-14.8,-80.9,971.1,-22.51,-11.75,7.53,30.48
63100,0,0,3.11,21.8,-22.6,-118.6,1015.1,-25.39,-8.61,2.58,30.43
63120,0.43,0,0,12.3,-78.9,19.9,1011.1,-33.39,-1.33,4.75,30.38
63140,0,0.62,0,0,-130.5,-50.7,991.9,-28.32,-0.66,0.5,30.43
63160,0,0,0,7.08,-150.8,119.3,1015.5,-28.88,-5.54,-4.54,30.04
63180,0,0.86,0,3.01,-101.5,127.7,986.2,-24.82,5.13,-5.46,29.33
63200,0.25,3.44,2.33,0,-55.5,13.4,1004.1,-23.91,10.49,-1.4,29.54
63220,0,0,1.86,0.9,-29.9,81.6,1007.6,-17.62,11.21,-3.16,29.16
63240,0,2.46,0.68,2.75,-177.5,84.0,1051.1,-15.36,24.84,-3.76,28.05
63260,0,4.99,2.18,1.01,19.7,137.7,974.6,-1.36,2.22,-2.95,28.59
63280,75.65,20.97,8.83,4.95,-51.7,176.1,972.6,4.34,25.31,-0.03,28.26
63300,65.37,40.84,14.58,1.03,124.8,185.1,975.5,4.9,21.2,3.26,28.53
63320,46.78,49.76,18.27,0,71.6,98.7,905.1,15.58,14.79,4.92,28.68
63340,29.2,56.06,36.36,4.69,-58.7,91.3,898.9,21.27,8.15,1.12,29.44
63360,11.32,57.17,48.22,1.46,70.4,61.0,865.3,21.41,9.43,1.35,29.67
63380,9.01,53.63,60.92,0,34.6,103.4,822.3,23.33,6.67,4.09,29.59
63400,3.9,38.29,73.4,0,167.3,139.3,782.6,24.13,1.87,-1.5,29.92
63420,1.51,29.57,85.83,2.52,122.2,-59.2,821.1,31.22,-1.36,-1.32,30.7
63440,0.66,18.87,85.47,13.4,96.3,-27.4,820.0,21.08,-9.26,-2.64,30.12
63460,0,12.59,75.95,21.33,97.7,-69.7,841.4,25.05,-7.74,-5.69,30.79
63480,2.64,5.55,72.08,38.03,-36.6,-129.8,896.2,21.11,-27.8,-4.83,30.82
63500,0,2.81,54.87,51.18,49.4,-135.7,917.2,16.88,-12.4,-5.4,31.18
63520,0.54,0.72,41.33,59.2,44.0,-144.6,906.4,11.27,-18.19,-5.03,31.06
63540,0.33,0,25.34,66.07,-49.5,-92.9,993.8,1.34,-17.1,-0.44,30.89
63560,0,0,15.33,61.07,-27.8,-127.8,1029.0,-5.63,-23.46,1.66,31.05
63580,0.71,2.33,9.69,60.3,-83.9,-146.7,973.4,-15.74,-16.92,4.47,31.13
63600,0,1.91,6.09,40.21,-24.9,-160.3,1065.1,-16.69,-8.42,7.99,30.61
63620,3.99,1.01,8.78,27.31,-69.6,-91.4,966.5,-19.92,-4.64,7.41,30.69
63640,0,0,2.05,17.26,-25.4,-118.1,983.9,-24.12,-9.1,4.53,30.65
63660,0.32,0,0,6.87,-8.5,3.2,959.2,-21.7,-15.06,3.14,30.39
63680,0,1.24,1.89,2.98,-102.7,-76.9,988.0,-35.38,6.69,1.7,29.7
63700,0,0,0,4.06,-36.2,1.1,962.1,-28.46,1.72,-0.29,30.27
63720,4.92,4.63,0.53,2.2,-144.8,60.9,973.2,-24.45,4.0,-2.27,29.32
63740,1.24,4.78,0,2.19,-42.1,190.3,1000.4,-15.8,12.5,-2.0,29.19
63760,0,4.45,4.5,4.96,-13.3,96.5,1034.9,-26.27,17.42,-6.72,28.89
63780,0.18,0,0.99,0,-85.5,146.4,1059.5,-17.92,21.28,-3.98,28.38
63800,0.96,4.54,2.04,0,-26.2,149.4,983.8,-5.61,10.4,-1.1,28.55
63820,72.27,26.72,7.6,1.85,18.2,164.9,1012.9,-3.68,26.21,-1.42,28.04
63840,67.22,37.25,10.43,0,65.5,124.2,941.9,4.09,20.73,2.81,28.49
63860,46.43,40.61,17.45,0,141.7,197.6,940.6,14.34,18.64,6.22,28.72
63880,31.54,53.87,30.32,0,52.2,138.4,903.4,20.46,16.52,4.92,29.35
63900,11.31,56.43,45.14,0,15.3,172.1,825.2,31.1,10.38,4.15,29.51
63920,6.48,52.72,58.65,0,41.6,4.9,799.1,25.41,13.79,6.08,29.7
63940,0,45.51,71.1,4.24,53.5,-8.6,817.6,31.18,4.98,-1.14,30.02
63960,1.04,29.88,78.54,5.39,50.0,6.2,759.0,28.7,1.74,0.26,29.89
63980,2.24,21.41,83.68,7.38,33.7,-61.3,788.8,29.99,-1.23,1.65,30.43
64000,4.08,12.74,82.47,18.97,158.7,-82.3,806.5,25.36,-12.69,-1.39,30.69
64019,0,0,77.8,33.09,-60.3,-11.1,873.4,20.41,-11.29,-1.66,31.09
64040,3.76,5.37,63.33,44.33,128.9,-190.6,860.3,15.9,-20.9,-6.19,30.93
64060,3.1,5.18,41.14,61.35,45.5,-171.0,882.0,13.73,-21.85,-7.29,31.39
64080,0,3.35,36.51,62.11,-15.2,-92.3,943.8,4.61,-27.41,-0.77,31.01
64099,4.53,0,20.17,66.13,-5.9,-83.7,1010.0,0.72,-16.53,1.84,30.89
64120,0,0,14.61,53.03,-77.3,-95.7,941.4,-14.84,-16.58,-0.77,30.94
64140,2.65,0,5.84,47.41,-56.9,-56.8,963.8,-12.76,-16.2,7.71,30.99
64160,1.0,0,4.41,35.84,-153.5,-135.9,1012.2,-17.42,-17.23,3.89,30.96
64180,7.59,0,2.44,21.28,-19.6,-69.2,1035.9,-27.55,-7.54,6.14,30.45
64200,6.05,0,5.24,11.81,-114.1,-11.1,980.5,-30.0,-6.84,-1.57,30.48
64220,3.12,0,0.7,2.7,-68.8,-3.9,994.2,-30.1,-1.06,2.32,30.28
64239,0,0,0.15,0,-177.7,-65.4,981.5,-33.59,2.83,-1.14,29.92
64260,0,0,1.41,2.13,-31.6,42.8,1009.5,-30.08,-2.55,-4.85,29.34
64280,4.63,0,0,0,-85.2,72.8,1010.8,-19.73,15.91,-1.19,29.77
64300,0,0,5.15,0,-0.7,103.4,1016.3,-19.49,23.94,-10.53,29.17
64319,0.55,0.42,0,3.42,-88.2,132.5,992.7,-11.69,24.47,-2.99,28.38
64340,0,1.98,0,1.67,70.9,155.9,1030.5,-13.28,19.77,-4.82,28.3
64360,0,0.78,0,4.47,-5.2,198.6,1064.1,-0.99,21.5,-0.73,28.06
64379,71.36,28.76,8.49,3.86,29.7,161.8,932.8,7.61,20.08,0.01,28.07
64400,55.55,49.19,16.87,0,56.5,159.7,928.6,10.95,20.48,3.22,28.7
64420,35.39,46.81,28.25,2.66,-11.9,59.8,871.0,20.45,19.1,5.32,28.85
64440,19.53,57.59,43.0,1.28,4.9,36.1,813.3,26.51,13.79,5.96,29.01
64459,13.63,54.16,51.4,2.07,10.8,196.4,856.5,23.44,11.82,2.59,29.68
64480,0,49.92,69.05,2.73,93.6,-3.0,785.5,28.48,-0.85,2.73,30.04
64500,1.94,43.92,76.19,1.73,129.8,-29.9,783.5,31.25,-2.63,-0.14,29.93
64519,0,23.61,88.21,4.41,111.8,-76.0,807.1,30.71,-6.42,-4.48,30.11
64540,0,13.38,87.81,17.72,77.0,-123.6,827.0,25.63,-7.43,-2.17,30.57
64560,0,8.34,73.07,25.67,82.1,-93.9,843.3,26.81,-7.71,-5.29,30.86
64580,1.31,1.35,64.06,41.96,32.2,-129.4,874.9,16.98,-15.97,-3.88,30.7
64599,0,3.37,51.3,57.6,107.9,-103.8,914.1,9.61,-24.42,-2.01,31.02
64620,3.21,0,31.23,57.53,-19.2,-201.5,941.1,9.07,-21.58,0.14,31.14
64640,0,0,21.44,68.15,-1.9,-178.8,982.6,-6.75,-19.2,1.21,31.35
64660,4.08,0,19.78,60.86,49.0,-211.2,985.9,-7.85,-15.35,1.31,31.16
64680,0,5.76,5.41,51.91,-2.3,-90.2,988.9,-17.73,-19.38,5.43,31.1
64700,0,0,4.74,37.82,-49.1,-100.4,953.8,-23.24,-8.28,8.85,30.83
64720,0,0.12,0,23.56,-105.3,-87.6,987.7,-28.69,-17.45,3.26,31.14
64739,0.4,1.3,0.23,12.01,-110.1,-72.3,980.9,-31.2,-14.9,3.77,30.53
64760,2.47,2.4,2.89,7.77,-74.9,-32.1,1010.0,-26.98,-0.57,-0.26,30.4
64780,0,6.49,0,3.73,-131.2,52.1,1004.3,-31.93,5.65,-5.3,29.91
64800,0,0,0,4.58,-121.0,129.7,1000.4,-25.98,-3.34,-7.18,29.98
64819,1.9,0,0,0,-83.3,24.4,1063.2,-28.09,8.64,-5.85,29.42
64840,1.62,2.32,0,6.31,-77.1,67.5,969.1,-24.65,8.23,-4.94,29.25
64860,0,0.69,0.01,5.35,-132.0,159.3,999.6,-13.51,13.78,-4.88,28.77
64879,0.3,0,3.53,1.43,-91.2,170.7,1011.2,-16.25,10.05,-3.55,28.18
64900,9.0,0,0,3.28,7.4,51.4,1020.5,-3.32,11.65,-0.67,28.31
64920,73.65,27.34,11.4,0,23.5,200.9,966.2,6.28,21.05,-1.89,28.24
64940,65.16,35.81,15.27,0,55.9,196.8,929.5,13.27,12.14,-0.68,28.51
64959,43.87,49.32,19.07,2.5,40.7,115.1,914.5,22.93,23.5,6.54,29.05
64980,16.95,61.08,37.44,2.34,22.4,149.1,856.5,17.28,13.91,5.24,29.13
65000,11.68,54.97,53.43,2.59,78.3,159.8,824.3,24.22,14.79,7.36,29.67
65019,2.01,51.92,69.82,0.43,128.3,36.0,806.2,28.78,7.24,5.5,29.73
65040,5.07,41.96,74.07,2.06,159.8,4.9,850.5,28.1,11.33,-1.11,30.16
65060,0,33.3,84.7,3.6,77.9,-87.2,816.6,29.46,-7.15,-2.4,30.7
65080,2.01,20.45,86.88,18.46,65.3,-49.9,816.1,24.16,-7.61,-0.69,30.48
65099,0,15.19,77.23,31.95,189.6,-73.7,851.3,32.56,-3.76,-6.16,30.78
65120,0,0,73.95,38.59,118.0,-56.0,890.0,21.05,-13.92,-5.62,31.02
65140,1.4,0.03,46.5,50.41,70.0,-164.7,883.5,16.66,-25.24,-1.81,30.96
65160,0,0,32.92,60.89,-3.2,-176.7,940.6,5.84,-11.64,-2.5,31.02
65180,9.18,0,26.8,65.07,-11.9,-192.0,1023.9,-0.66,-25.97,0.2,31.06
65200,0.43,3.6,17.0,63.16,42.6,-179.3,986.5,-6.08,-22.15,2.53,30.62
65220,0,0,7.92,47.51,-43.3,-125.2,1066.3,-11.97,-12.02,3.5,30.99
65239,0,4.75,8.26,44.9,-100.2,-147.1,1011.4,-12.78,-23.14,5.01,30.36
65260,0,0,0,27.01,-107.7,-121.2,1002.5,-29.54,-11.91,1.78,30.75
65280,3.55,0,0,17.47,-14.7,-37.4,959.0,-28.57,-5.65,4.29,30.72
65300,0,0.63,2.94,11.09,-163.2,-59.8,1032.2,-27.43,-3.28,4.13,30.18
65319,0,4.88,3.87,5.54,-100.5,-17.4,910.6,-33.24,0.68,-3.17,29.83
65340,0,0,0.17,4.46,-125.8,31.5,977.5,-22.08,13.46,-2.56,29.39
65360,2.22,2.1,0,1.16,-186.0,81.2,1042.7,-27.39,15.05,-5.3,29.76
65379,1.04,0,0,0,-159.8,83.3,1013.7,-24.51,18.64,-5.64,29.45
65400,4.05,0,7.6,1.4,-82.0,212.5,1006.4,-19.67,19.86,-7.32,28.5
65420,5.13,5.07,2.09,0.45,-30.7,103.8,982.6,-15.11,16.35,-1.34,28.71
65440,0.45,0.97,0,0,-71.0,182.7,1028.6,-3.31,12.63,-1.53,28.26
65459,77.92,23.9,3.76,3.53,54.4,173.2,955.6,4.91,15.75,2.19,28.19
65480,66.32,40.58,10.25,3.57,-52.5,153.6,920.5,7.04,23.24,0.46,28.34
65500,51.4,51.63,21.25,0,-69.4,88.9,944.7,13.78,22.25,5.25,28.75
65519,28.66,60.38,33.24,0,58.8,85.9,904.0,22.74,18.97,5.7,29.1
65540,14.43,58.08,46.91,3.87,52.9,104.7,852.8,24.56,19.72,1.43,29.28
65560,8.75,54.24,56.79,0,131.2,-9.8,834.5,33.4,16.48,4.99,29.58
65580,0,37.66,73.62,4.41,117.3,-7.3,769.5,32.4,9.72,-0.54,29.94
65600,1.51,34.95,76.97,8.11,100.8,-31.3,704.9,32.16,-6.52,-0.95,30.04
65620,0.11,14.34,83.65,11.31,113.4,-135.9,791.4,33.2,0.32,-1.4,30.64
65640,3.04,11.71,85.44,27.29,132.9,-26.6,856.2,25.68,-9.99,-1.45,30.89
65660,1.26,7.51,74.03,37.1,-32.5,-97.7,829.6,17.39,-11.58,-7.18,30.74
65680,3.12,1.7,56.6,50.04,157.2,-98.9,899.3,13.46,-17.15,-2.62,31.15
65700,0,0.64,43.11,61.17,-19.4,-90.4,898.8,5.3,-16.22,-4.84,31.08
65720,0,2.63,32.53,68.85,-44.0,-269.8,1009.7,2.16,-30.31,0.61,30.93
65740,0,0.41,18.98,60.38,-114.9,-212.1,1027.5,-3.9,-15.94,1.67,31.22
65760,0,1.94,11.71,53.06,-26.2,-154.0,1011.5,-11.04,-11.99,5.45,30.92
65780,2.57,6.96,10.68,42.16,-89.1,-105.4,1021.2,-21.71,-15.03,7.67,31.02
65800,3.19,0,1.74,27.52,-70.6,-79.3,1015.1,-16.28,-11.7,5.41,30.61
65820,0,0.43,1.01,21.87,-72.9,-36.6,1009.0,-22.39,-9.21,8.08,30.64
65840,1.23,1.1,3.31,9.22,-23.3,-45.6,996.9,-26.8,2.02,3.51,30.62
65860,4.82,0,0,6.44,-52.5,16.5,987.2,-30.61,1.36,1.89,30.09
65880,0,0.75,6.54,0.95,-70.0,51.1,1047.8,-23.68,-4.32,-4.53,29.9
65900,4.86,3.03,3.8,0,-97.1,74.4,1053.2,-26.45,9.37,-5.6,29.52
65920,0.15,0.46,0.59,0.73,-92.7,76.7,970.2,-26.03,7.84,-4.46,29.13
65940,1.8,1.4,0,1.33,-76.4,106.4,994.0,-19.6,19.54,-7.28,29.12
65960,1.74,0.36,2.05,4.17,-85.6,192.6,967.7,-9.77,15.68,-2.47,29.02
65980,1.22,0,4.7,0,82.0,89.6,1023.3,-4.26,10.97,-0.51,28.33
66000,77.37,23.27,9.18,3.39,-13.1,130.0,992.9,1.05,21.55,-0.92,27.84
66020,69.88,33.15,6.82,2.08,43.9,206.2,970.5,5.68,18.61,2.5,28.63
66040,50.04,43.68,20.46,0,22.3,90.1,880.5,12.23,20.6,1.96,28.69
66060,36.57,49.27,34.14,5.77,116.3,124.0,896.1,16.0,6.84,4.25,29.32
66080,20.05,58.26,37.07,1.13,9.7,106.9,863.0,22.36,4.66,4.65,29.1
66100,10.39,53.86,51.22,1.01,42.2,-5.1,866.0,24.94,4.83,8.11,29.47
66120,4.65,44.53,70.87,2.5,102.8,58.4,829.0,28.01,-3.41,2.61,30.11
66140,0.09,29.01,77.8,9.82,160.9,42.7,780.4,26.1,-7.87,3.58,30.2
66160,4.08,22.3,82.26,10.77,93.7,86.8,813.8,32.69,-10.25,-3.64,30.27
66180,3.27,11.15,87.58,20.36,69.2,-55.8,805.8,24.33,-14.83,-2.99,30.2
66200,0,9.42,74.67,24.9,45.5,-134.3,849.1,22.86,-16.58,-4.83,30.35
66220,1.65,6.81,62.96,44.92,47.6,-148.0,859.8,17.7,-23.84,-4.76,30.9
66240,0,5.46,45.66,55.54,139.5,-157.9,972.6,9.53,-18.41,-2.38,30.81
66260,2.34,1.26,32.48,63.32,-39.4,-155.2,1019.9,5.15,-23.12,-0.47,30.99
66280,0,2.45,21.78,67.29,125.1,-127.6,1065.3,-6.65,-15.99,-0.39,30.91
66300,1.78,0.55,15.02,56.58,-5.4,-142.1,957.0,-7.12,-13.43,1.19,31.02
66320,0.94,4.04,8.22,46.98,-120.4,-146.6,951.7,-18.41,-14.05,3.28,30.9
66340,0,3.16,1.88,32.44,-102.2,-99.1,1019.6,-23.5,-16.72,7.0,30.31
66360,1.11,0,6.92,23.32,-114.3,-55.6,1017.9,-23.2,-12.81,4.88,30.71
66380,4.7,0,0,12.82,-78.0,1.8,967.2,-27.97,-2.61,0.77,30.26
66400,0,0,0,6.48,-94.9,43.5,975.8,-25.74,2.61,-0.45,30.45
66420,0,3.87,2.84,0,-110.2,46.2,1007.6,-32.07,0.28,-2.94,29.73
66440,6.37,0,0.59,0,-124.6,78.8,995.0,-30.94,1.65,-3.96,29.68
66460,0,0.19,0,1.77,-57.3,114.4,1008.4,-26.66,5.46,-7.86,29.3
66480,3.96,0,2.78,3.12,-72.9,102.0,1091.1,-24.62,16.84,-6.98,29.06
66500,0,0,0,1.46,-7.3,93.2,1036.2,-9.43,18.2,-1.61,28.49
66520,1.49,1.54,1.68,0,16.1,91.1,1011.3,-15.07,23.12,-0.19,28.32
66540,0.93,1.78,0,0,46.7,170.1,981.4,-5.07,22.26,-0.24,28.04
66560,76.59,29.67,12.3,0,115.2,239.7,952.3,1.43,18.22,2.18,28.18
66580,62.33,41.53,21.06,0,120.6,65.4,938.2,13.12,20.46,5.39,28.83
66600,39.44,52.45,29.99,0,-11.7,88.1,822.9,12.37,7.85,4.28,29.12
66620,19.81,59.6,37.53,8.68,115.3,113.2,890.8,24.4,13.11,5.9,29.56
66640,9.63,58.45,53.51,0,91.6,29.2,840.5,21.7,8.0,5.25,29.91
66660,2.69,48.93,68.44,1.72,161.3,108.5,887.3,29.2,3.68,2.71,30.03
66680,0,37.47,77.28,0,18.1,-71.3,824.9,32.33,10.44,5.04,29.67
66700,3.72,26.33,85.38,10.95,129.0,-12.5,838.4,30.63,-2.0,-1.52,30.23
66720,0,12.56,78.32,18.25,42.1,-62.0,815.7,27.19,-8.89,-3.34,30.55
66740,0,11.84,81.98,28.58,36.9,-88.3,790.7,24.41,-7.82,-4.78,30.78
66760,0,1.63,66.97,37.81,37.3,-164.0,914.1,11.7,-10.35,-3.94,30.75
66780,4.37,1.49,54.36,51.39,60.8,-122.0,945.7,15.14,-19.81,-5.0,30.99
66800,0,6.9,35.84,61.3,53.9,-189.8,876.7,6.03,-12.29,-1.9,31.15
66820,0,3.94,25.4,64.27,-24.8,-190.6,956.5,2.93,-28.88,1.38,31.26
66840,0,0,19.79,63.21,39.2,-127.0,1021.8,-2.41,-20.22,2.41,30.94
66860,0,0,10.03,54.17,-33.8,-40.2,1019.8,-13.51,-15.7,-0.01,30.6
66880,1.13,4.05,5.57,32.75,-57.4,-73.2,1043.6,-19.99,-19.18,5.53,30.67
66900,0,0.31,1.65,22.85,-163.3,-149.0,1026.8,-23.71,-2.12,4.57,30.52
66920,0,2.23,0.17,16.99,-133.6,-125.0,1033.4,-24.67,-15.22,3.95,30.44
66940,0,3.61,0,3.37,-96.8,-35.1,967.8,-31.05,8.01,1.45,30.08
66960,4.2,0,0,4.94,-51.8,23.9,978.7,-29.16,5.19,-3.84,30.0
66980,0,5.65,0.2,5.2,-177.5,24.3,952.1,-24.91,1.83,-0.02,29.8
67000,0,2.84,0,6.19,-124.2,15.1,1017.7,-28.12,11.24,-4.09,29.5
67020,0,0,0,4.58,-161.1,121.5,1028.1,-20.33,19.69,-6.33,29.39
67040,0,0,4.91,3.65,9.1,77.8,973.5,-15.97,18.14,-4.72,28.83
67060,0,0,0.68,2.87,-69.1,149.0,1018.0,-7.18,19.23,-3.86,28.78
67080,4.7,1.59,0,3.15,11.0,187.7,1025.8,-5.23,14.21,-1.29,28.16
67100,73.23,26.07,8.73,1.88,70.8,154.9,975.0,1.15,26.36,2.95,27.72
67120,60.12,36.05,14.75,2.71,70.6,193.0,898.4,13.73,16.5,1.66,28.77
67140,45.52,50.89,28.38,0,84.8,74.4,909.6,17.29,22.07,6.47,28.85
67160,26.55,54.79,32.48,0.48,131.9,110.6,869.2,21.14,14.4,8.3,29.3
67180,11.42,57.42,49.65,4.86,120.6,116.7,830.0,21.99,14.75,6.28,29.53
67200,0,48.83,60.3,0,23.4,58.2,811.4,32.95,12.45,5.62,29.94
67220,0.01,43.27,78.66,1.62,30.1,-48.9,806.4,27.53,-0.26,2.56,30.17
67240,2.71,29.86,80.73,4.98,108.3,-74.6,827.7,25.96,-6.21,2.9,30.29
67260,0,16.98,86.34,16.72,96.5,3.4,742.5,26.5,-3.33,0.69,30.43
67280,0,8.17,82.94,22.32,119.7,-129.2,798.2,28.75,-11.31,-2.92,30.97
67300,0.87,7.89,68.35,38.72,61.8,-181.3,893.2,19.42,-16.63,-6.49,31.04
67320,0,0,54.62,49.87,129.1,-75.9,832.2,10.5,-14.65,-2.87,30.77
67340,0.63,0.55,41.66,54.93,-49.5,-133.1,890.2,11.45,-13.69,1.46,30.76
67360,0,0,24.05,64.41,112.9,-134.5,1011.8,0.85,-24.57,-1.0,31.14
67380,3.17,0.89,17.43,63.39,-60.4,-43.0,1066.3,-7.85,-18.34,2.1,30.97
67400,2.09,1.57,13.99,52.89,-73.0,-219.5,1011.4,-10.23,-6.57,4.4,30.88
67420,0,3.91,6.24,48.19,-8.5,-180.0,1021.6,-18.72,-17.88,5.24,31.03
67440,7.17,0,1.11,26.32,-42.6,-217.7,1035.7,-26.72,-4.18,5.85,30.74
67460,0,0,0,17.22,-149.6,-110.6,974.5,-23.8,-3.96,-0.43,30.53
67480,0.76,5.54,0,9.93,-50.9,9.7,977.9,-26.98,-1.01,5.28,30.19
67500,0.58,0,0,4.43,-75.6,-65.1,969.8,-31.06,-5.01,0.42,29.93
67520,3.3,0,0,0,-121.3,39.9,958.1,-29.46,1.84,-3.33,29.77
67540,2.23,0,0,0,-20.5,-58.4,978.1,-30.59,4.69,-0.78,29.45
67560,0.35,0,6.03,0,-68.1,183.0,1033.2,-27.79,10.09,-4.81,29.03
67580,0,4.29,0,0,-10.6,149.6,959.7,-13.36,17.32,-3.37,29.12
67600,2.57,4.69,3.17,0,-53.2,249.5,979.5,-12.86,12.59,-2.9,28.42
67620,3.57,0,2.22,0,-27.0,191.4,1019.0,-8.11,18.39,-2.72,28.17
67640,76.95,22.41,4.06,0.02,-27.7,184.0,1036.9,0.61,9.14,2.24,28.12
67660,69.97,31.19,11.36,0,44.9,130.3,979.9,7.47,14.45,2.99,28.35
67680,49.33,43.88,14.17,0,60.4,163.4,903.9,13.79,25.85,6.42,28.5
67700,28.68,55.29,29.59,0.21,18.8,115.5,896.8,19.69,17.74,6.61,29.32
67720,11.77,66.24,42.07,4.33,96.6,92.9,838.6,25.55,13.77,6.43,29.21
67740,11.59,52.22,54.7,0.24,35.5,72.1,793.5,30.79,9.83,3.31,29.43
67760,0.83,41.18,68.18,0.76,138.3,-44.7,799.0,27.74,0.01,-0.05,29.61
67780,3.79,32.21,83.39,10.53,177.4,-22.8,821.2,30.49,-3.52,-1.85,30.38
67800,0,25.64,86.83,10.65,132.4,-32.7,776.9,27.68,-10.94,-3.76,30.16
67820,0,11.85,81.07,21.48,107.1,-166.2,862.2,24.32,-7.3,-5.02,30.75
67840,0,5.4,69.23,41.37,30.5,-124.3,886.5,19.76,-18.79,-4.6,30.53
67860,0,3.01,51.65,46.48,89.2,-149.5,869.4,19.42,-19.78,-6.22,31.04
67880,0.05,0.71,37.86,57.96,76.8,-222.7,977.2,11.77,-20.02,-4.66,31.1
67900,0.84,0,34.05,60.2,22.8,-131.4,960.7,0.33,-17.02,-1.38,31.04
67920,0,0,20.1,62.07,-49.0,-122.6,1072.8,-3.28,-22.99,-2.0,30.74
67940,1.47,0,8.88,57.09,-47.3,-78.7,1022.8,-9.15,-16.25,2.77,30.57
67960,0,0,10.82,48.66,-95.9,-102.0,942.6,-17.94,-16.02,2.54,31.23
67980,0,0,1.16,25.95,-57.6,-107.8,1071.2,-23.31,-16.76,1.84,30.67
68000,3.33,7.65,4.51,16.49,-11.6,-56.9,929.6,-30.37,-10.88,3.69,30.24
68020,0.24,1.65,0,10.68,-140.1,-82.6,983.6,-24.49,-2.76,2.79,30.41
68040,3.83,1.25,5.47,3.1,-64.0,-21.9,981.2,-27.97,0.55,1.54,29.8
68060,0,6.09,1.93,2.19,-60.9,-49.5,967.2,-29.9,12.14,2.5,29.78
68080,3.2,2.16,4.72,3.81,-157.2,103.2,1018.3,-32.65,6.75,-4.61,29.73
68100,0,3.0,1.08,0,-211.4,139.7,1004.2,-25.12,0.28,-5.01,29.51
68120,0.91,1.88,6.37,3.24,-49.9,79.1,1028.6,-23.69,9.61,-1.53,29.17
68140,0,0,0,0,28.2,55.1,1015.9,-14.82,24.65,-7.0,28.7
68160,0,2.93,1.62,0,-75.4,147.5,1034.9,-9.11,24.53,-2.09,28.39
68180,0,0,0,0,-38.0,283.1,1006.5,1.09,25.49,-0.39,27.83
68200,77.15,23.51,13.79,1.37,24.5,57.6,964.1,6.57,24.01,4.31,28.16
68220,55.52,37.99,20.25,5.53,-15.0,141.7,951.4,7.08,21.44,5.74,28.32
68240,37.69,53.61,30.31,0,72.7,92.6,880.0,19.83,18.36,2.51,28.9
68260,15.67,54.67,41.28,0,82.7,134.0,844.7,24.44,12.21,5.68,29.72
68280,12.31,55.93,51.16,0,20.8,96.7,840.0,27.17,12.91,0.54,29.54
68300,2.77,41.9,72.03,1.12,84.3,142.3,779.4,32.65,4.54,1.3,29.59
68320,0,36.45,85.92,3.59,167.7,-52.8,818.0,26.41,-6.68,-0.37,30.07
68340,0,18.87,83.28,14.21,116.6,-159.6,848.5,26.8,-6.56,-2.2,30.56
68360,0,10.98,84.17,20.38,175.5,-35.4,775.9,27.69,-13.48,-9.2,30.77
68380,0,8.12,74.33,33.65,22.2,-57.2,787.4,23.47,-10.36,-5.16,30.99
68400,0,1.64,62.35,44.07,135.9,-67.6,873.2,20.81,-14.17,-4.39,31.14
68420,0,2.96,45.84,56.02,66.3,-167.8,971.2,10.85,-20.62,-3.32,30.73
68440,0,2.81,33.35,70.62,97.1,-72.4,949.1,7.04,-18.57,-0.31,30.96
68460,0.82,1.84,22.64,65.04,-23.3,-88.3,992.7,-4.91,-16.7,4.15,30.67
68480,1.66,0,10.56,63.89,20.0,-163.9,1007.5,-14.33,-20.79,4.51,30.96
68500,1.71,0,4.86,48.31,-121.5,-216.6,1034.9,-15.73,-13.86,4.7,31.1
68520,0.11,2.15,5.37,32.51,-104.0,-98.0,993.8,-16.54,-18.03,3.16,30.79
68540,0,2.77,0,16.06,-159.6,-32.1,995.6,-28.87,-23.33,3.53,30.68
68560,0.45,0,0,12.89,-35.7,-107.9,997.2,-27.41,1.09,1.74,30.36
68580,0,1.18,6.37,5.95,-2.2,-4.7,1034.4,-29.17,-2.81,2.93,30.13
68600,0,0,0.89,0,-104.1,-24.1,1008.3,-33.44,1.33,-1.56,30.2
68620,0,0,1.41,5.65,-75.4,76.7,927.7,-21.78,9.21,-3.63,29.91
68640,2.56,0,3.3,3.53,-74.8,24.5,999.8,-27.73,11.72,-6.06,29.58
68660,4.54,0,5.39,0.21,-145.2,53.5,1027.5,-23.13,13.02,-4.59,29.2
68680,0,0,0,0,-118.0,171.4,1051.2,-18.95,25.28,-3.95,28.95
68700,6.06,0.47,1.71,1.85,-88.2,99.2,970.1,-10.36,14.89,-4.15,28.43
68720,0,2.09,0,3.5,1.4,173.7,996.7,-3.06,20.33,0.44,28.28
68740,71.44,27.71,10.21,0,23.8,127.9,985.5,4.65,15.95,1.64,28.32
68760,55.68,40.19,13.79,0.29,31.1,250.0,905.3,9.11,20.91,2.84,28.44
68780,46.68,49.89,27.2,5.5,-12.6,76.7,934.7,11.23,16.43,5.52,28.88
68800,21.7,53.0,38.34,0.37,13.9,74.8,807.3,28.26,16.84,8.27,29.06
68820,11.8,53.62,48.98,1.96,132.8,98.5,873.6,32.15,7.05,5.6,29.83
68840,4.75,53.42,62.86,4.49,163.7,31.6,805.4,29.61,-2.6,2.94,29.76
68860,0,37.84,79.02,4.41,39.3,-6.3,802.3,29.44,3.66,-4.69,29.76
68880,0,28.58,85.07,8.24,89.2,-102.8,838.4,28.35,-3.29,-3.64,30.2
68900,0.95,17.8,82.22,13.8,61.2,13.4,830.8,31.72,-12.19,-3.72,30.02
68920,3.81,10.07,81.01,25.16,133.9,-121.9,862.0,22.71,-12.21,-4.39,30.58
68940,5.3,3.48,66.81,37.37,55.3,-142.1,907.6,22.66,-12.25,-6.35,30.74
68960,1.98,0,42.77,51.89,61.0,-45.9,972.3,10.34,-21.2,-0.9,31.28
68980,0,3.62,37.45,64.91,0.1,-160.8,920.5,11.07,-28.29,-3.41,31.04
69000,1.44,0.02,20.19,66.38,12.4,-128.9,1003.9,-0.33,-19.58,-3.68,30.79
69020,0.5,1.78,15.77,57.92,-0.7,-153.5,1043.4,-5.82,-14.54,1.79,30.74
69040,1.86,1.22,7.32,55.15,6.3,-151.3,989.8,-12.79,-23.03,2.38,30.76
69060,4.31,0,4.53,43.67,18.1,-129.9,975.9,-22.97,-11.42,2.29,30.65
69080,3.28,0,3.5,29.93,-132.7,-76.5,981.4,-28.06,-14.97,1.39,30.87
69100,0,0,0,14.11,-62.3,-67.9,962.9,-23.17,-2.21,5.49,30.55
69120,0.01,0.42,6.98,12.38,-84.2,-41.9,1042.2,-30.74,2.5,1.28,30.61
69140,3.15,0,0,0,-49.1,-11.3,1012.4,-27.76,0.38,-1.32,29.98
69160,0.04,0.65,3.72,0,-163.1,58.8,992.3,-34.52,3.72,-1.18,29.97
69180,0.07,0,0,0,-120.8,22.8,992.9,-22.72,4.99,-5.85,29.64
69200,3.8,1.93,0,0,-98.5,124.3,981.4,-17.91,13.77,-4.08,29.14
69220,0,0.87,0,1.24,7.5,135.5,972.3,-17.15,21.7,-8.11,28.75
69240,1.58,3.83,0,2.84,-172.9,123.1,1031.7,-10.61,14.66,-6.29,28.41
69260,0,0,0,3.37,36.4,85.1,964.5,-7.58,26.97,-6.03,28.3
69280,78.15,25.4,11.09,3.38,37.1,103.2,988.3,-0.22,17.24,0.1,28.07
69300,65.93,37.69,9.66,1.16,-9.1,89.6,912.1,9.19,17.89,1.68,28.08
69320,50.55,43.66,23.9,4.91,82.0,96.5,882.5,17.63,20.07,2.6,28.86
69340,22.84,55.52,33.98,1.94,166.9,140.1,847.9,19.65,16.87,5.35,29.08
69360,13.38,52.64,46.92,0,147.7,-23.9,801.1,25.63,7.71,4.13,29.2
69380,2.47,47.27,58.09,0,76.6,-30.6,845.0,29.91,8.5,3.82,29.6
69400,1.31,41.54,75.96,0.48,166.9,-16.7,763.2,30.16,7.36,-3.14,30.14
69420,0,22.88,85.14,6.47,37.7,-48.4,818.1,31.24,8.33,-1.39,30.18
69440,1.68,19.76,88.11,15.76,143.5,-132.8,756.8,30.03,-13.42,-3.11,30.76
69460,0,4.47,84.6,28.62,60.6,-65.0,818.4,25.33,-11.02,-3.65,30.47
69480,1.04,8.8,66.48,31.52,55.8,3.8,882.3,15.08,-13.43,-5.06,30.88
69500,1.69,4.45,61.31,47.86,92.4,-194.9,903.7,17.91,-17.07,-6.84,30.86
69520,0,0,39.74,63.57,-94.2,-113.8,940.4,7.35,-12.11,-2.14,30.45
69540,1.14,3.39,29.66,59.29,35.0,-219.8,962.7,0.92,-30.87,-1.15,30.81
69560,0,0,20.71,67.36,66.7,-227.2,972.5,-7.63,-10.01,1.6,31.02
69580,0.89,0,5.23,58.4,-69.6,-150.9,1008.5,-8.31,-16.29,7.92,30.42
69600,1.52,0,4.69,38.84,-35.4,-110.5,1043.4,-20.06,-18.53,4.98,30.86
69620,3.69,0.76,0,32.38,-57.3,-66.9,991.6,-19.27,-7.08,3.73,30.82
69640,0.77,0.74,6.01,14.66,-67.5,-125.8,1040.1,-25.27,-13.12,4.38,30.57
69660,0,3.49,0,10.96,-48.3,-90.6,981.0,-26.47,-11.15,2.83,30.23
69680,0,0,0.04,8.55,-44.2,14.0,997.6,-30.05,5.92,-1.04,30.05
69700,2.41,0,4.26,1.64,-116.8,88.2,1018.2,-34.01,12.33,-5.52,29.23
69720,0,2.4,0,0,-138.8,30.7,1004.1,-27.16,5.77,-3.78,29.41
69740,0,2.2,6.35,0,-22.5,96.9,1088.9,-23.85,11.93,-5.62,28.95
69760,3.2,0.16,0,4.6,-27.5,92.9,975.3,-17.89,16.14,-4.58,28.96
69780,0,0,3.22,0,-67.8,97.6,987.5,-9.14,10.81,-0.39,28.57
69800,0.4,3.09,0,0,-65.8,113.9,996.4,-8.47,11.3,-0.05,28.63
69820,75.74,18.36,2.7,0.48,-32.0,97.4,982.0,-3.97,17.93,-3.72,27.83
69840,70.13,36.91,6.12,0.3,61.5,82.1,991.6,4.68,16.43,3.46,28.21
69860,47.97,45.09,23.46,1.3,17.5,206.6,870.8,14.33,25.51,3.47,28.53
69880,29.81,47.39,25.36,0,24.0,91.2,824.2,21.26,16.57,4.25,29.26
69900,16.65,54.49,48.85,0,19.7,17.8,852.8,20.62,10.67,2.89,29.0
69920,3.5,50.59,54.08,0,-31.9,72.6,793.6,29.84,13.71,4.46,29.7
69940,2.64,40.43,69.73,0.8,95.3,105.2,841.0,28.32,2.92,2.36,30.12
69960,0,30.66,84.86,4.06,45.3,89.1,854.6,29.31,-2.59,-0.22,30.08
69980,0,22.43,85.23,8.01,107.6,-41.3,802.5,28.82,-2.74,1.02,30.3
70000,0,8.96,83.19,21.14,76.8,-20.7,843.2,29.76,-5.77,-5.44,30.72
70020,0,12.38,73.26,34.11,67.0,-38.1,868.3,21.24,-16.22,-2.02,30.64
70040,0,4.49,63.5,45.89,12.3,-194.9,928.9,17.69,-20.11,-2.16,30.78
70060,0,0.42,43.51,59.24,20.7,-200.5,950.3,10.53,-16.58,-3.05,31.03
70080,0,0,26.3,63.5,89.1,-143.7,975.5,4.53,-17.57,2.39,30.88
70100,0,1.14,17.72,63.86,-52.1,-133.5,1014.7,1.1,-17.27,4.86,31.09
70120,0.72,0.73,12.56,60.54,18.0,-152.7,979.9,-11.24,-27.5,4.25,30.78
70140,0.27,1.11,8.47,43.47,6.6,-110.2,1024.9,-16.67,-10.2,0.99,30.71
70160,2.02,0,11.75,35.21,-98.5,-139.3,952.7,-22.81,-8.62,4.0,30.62
70180,1.04,0.59,3.34,24.81,-44.1,-152.3,970.9,-21.58,-7.21,6.18,30.87
70200,0,0,6.4,7.92,-86.6,-54.4,966.0,-27.02,-16.17,0.51,30.57
70220,7.1,4.78,0.56,3.98,-35.9,71.5,1006.3,-30.19,1.89,4.05,30.02
70240,0,0,0,1.59,-105.6,129.2,994.1,-33.6,2.53,-0.76,30.07
70260,0,4.24,0.64,0.69,-83.4,93.2,1006.7,-25.21,4.73,-5.25,29.94
70280,0,1.0,3.78,0,-26.9,47.3,971.9,-20.29,11.18,-7.15,29.73
70300,0,0,0.3,0,-98.8,143.0,1056.1,-20.2,20.63,-2.15,28.86
70320,6.12,5.06,1.35,0,-45.9,157.8,991.6,-12.5,20.15,-1.98,28.79
70340,0,0,0.16,0.27,-26.6,95.6,1011.9,-4.75,21.76,-0.09,28.63
70360,0,0,1.01,2.01,11.5,242.2,1016.7,0.83,20.43,-1.75,27.77
70380,75.33,33.54,12.23,0,-1.2,197.6,992.3,5.39,6.2,4.11,28.15
70400,54.03,42.8,14.63,0,85.2,109.2,922.6,9.96,17.54,4.85,28.61
70420,37.17,54.66,23.03,0,57.7,146.9,889.7,22.07,23.43,4.52,28.71
70440,22.34,61.68,38.62,0,103.9,102.5,844.1,20.03,15.36,0.79,29.0
70460,0,53.04,53.57,5.2,156.7,117.1,870.9,24.31,12.73,4.05,29.8
70480,0.48,47.2,70.28,0,45.5,46.5,829.0,32.99,9.0,0.94,29.68
70500,0,33.06,74.95,1.28,60.8,99.0,803.1,30.98,0.68,0.22,29.87
70520,0,26.27,91.51,6.64,141.0,-63.2,754.9,28.14,-0.18,-0.78,30.94
70540,0,15.47,80.41,17.76,136.2,-150.6,823.1,23.93,-12.07,-3.86,30.41
70560,0,6.43,76.08,29.5,170.8,-119.0,825.4,19.05,-5.92,-2.29,31.32
70580,0,2.57,60.29,41.03,33.9,-102.4,911.8,16.86,-17.62,-9.21,30.94
70600,2.56,5.73,53.97,44.91,94.6,-126.4,886.2,11.28,-16.95,-3.93,30.97
70620,0.99,0.63,39.49,62.68,23.5,-42.0,986.0,6.45,-25.47,-3.61,30.75
70640,0,0.57,23.88,71.66,-27.7,-103.2,1012.9,-0.11,-23.76,-2.78,30.95
70660,7.03,0,20.12,68.46,-52.0,-84.4,959.5,-8.01,-16.74,3.21,30.77
70680,0,0,5.46,48.19,-55.5,-116.3,968.0,-11.05,-14.58,4.26,30.86
70700,0,1.02,9.6,32.31,-67.5,-78.2,1022.1,-17.42,-10.42,4.59,31.23
70720,0,0.42,2.05,20.96,-22.8,-101.9,985.0,-23.76,-6.26,7.34,30.69
70740,4.17,0,6.37,16.2,-113.9,-6.4,964.3,-33.29,-0.3,5.59,30.37
70760,0.77,1.27,3.06,6.29,-126.8,36.8,968.1,-27.49,-8.73,0.71,30.59
70780,1.26,0,0,0,-107.6,127.4,984.1,-30.19,14.57,-2.76,30.01
70800,0.17,0,1.28,3.86,-92.4,23.8,1000.7,-26.76,3.91,-2.43,29.91
70820,0,0.59,0,0,33.4,24.2,1023.1,-27.66,6.78,-1.88,29.54
70840,1.98,0.58,0,3.6,-85.6,136.5,1005.2,-21.61,0.95,-6.21,29.23
70860,3.99,0.93,0.28,2.47,-108.3,140.1,1000.3,-13.61,16.44,-4.56,28.97
70880,0,2.94,0,4.66,-25.8,127.3,949.3,-9.27,12.16,-2.92,28.68
70900,0.88,0,2.18,0,0.7,169.2,975.5,1.56,17.38,0.96,28.13
70920,84.03,22.21,9.77,0,-3.2,97.5,927.4,5.12,22.29,-1.89,28.15
70940,60.29,43.79,11.48,0,-114.3,64.1,898.1,11.73,23.53,1.59,28.73
70960,39.46,46.84,26.49,1.75,12.5,112.3,939.4,14.35,19.12,5.75,28.81
70980,26.5,54.71,35.19,0.9,184.7,79.5,818.1,23.65,5.5,5.67,29.41
71000,8.47,54.23,52.69,0,29.8,193.9,804.4,28.04,6.29,2.36,29.38
71020,7.74,50.47,64.03,0.56,21.1,52.4,786.7,28.75,-0.76,5.47,30.04
71040,5.01,34.69,78.48,10.32,94.0,10.0,824.9,35.92,-6.82,2.81,30.0
71060,3.43,34.25,84.11,3.75,111.2,33.2,822.9,28.98,-2.88,-3.16,30.04
71080,2.47,18.43,85.63,17.49,145.9,-99.2,836.6,31.98,-16.68,-0.46,30.69
71100,4.86,9.12,79.64,26.69,146.6,-26.6,818.6,26.88,-17.36,-5.16,30.86
71120,0.94,4.11,71.29,38.69,48.0,-132.6,884.1,22.76,-20.99,-3.19,30.76
71140,0,3.18,52.76,52.53,18.0,-135.5,934.8,9.91,-8.09,-8.17,30.99
71160,0,0,38.08,61.72,16.4,-185.9,964.1,11.53,-15.69,-3.33,30.63
71180,1.06,2.72,26.08,61.53,74.9,-95.6,1065.5,1.16,-16.94,3.2,30.99
71200,0.69,3.81,14.56,62.05,37.0,-166.6,1057.0,-4.7,-23.15,3.02,30.84
71220,0.18,0,10.97,52.48,-58.1,-132.4,978.6,-12.17,-12.58,1.51,30.7
71240,0,0,3.02,41.31,-114.9,-116.3,944.4,-18.48,-8.34,5.42,30.62
71260,0,0,9.27,25.59,-80.3,-76.7,1035.1,-24.91,-25.17,3.85,31.06
71280,1.63,0,0,14.99,-166.3,-46.2,1001.3,-18.98,-3.75,5.66,30.6
71300,0,2.22,3.27,6.62,-10.0,-61.9,1009.7,-26.25,-11.4,2.93,30.21
71320,0,0,2.43,2.03,-189.0,-3.7,1007.6,-30.66,4.89,1.12,30.28
71340,2.88,1.12,0,4.3,-139.5,9.0,1024.2,-25.24,-1.16,-1.12,29.91
71360,1.72,0,0,0,-115.4,104.9,981.9,-25.13,14.9,-1.33,29.24
71380,1.11,0,1.43,0,-71.4,97.7,1009.3,-24.14,6.91,-4.68,29.51
71400,0,0,1.25,0,-28.0,169.0,1018.1,-18.96,19.74,-5.01,28.98
71420,0.97,0,3.79,0.58,-110.8,98.5,1003.3,-10.4,20.79,-3.97,28.64
71440,0,0,0,4.91,69.1,90.0,998.3,-7.86,26.19,0.29,28.22
71460,76.19,24.13,4.61,0,-118.4,72.8,1004.8,1.14,13.14,1.3,28.01
71480,64.64,33.65,14.11,2.95,100.7,84.8,972.3,7.51,26.66,8.22,27.82
71500,47.7,47.61,20.28,2.6,26.7,60.2,866.6,11.98,16.7,3.65,28.75
71520,29.59,50.68,31.43,1.67,48.4,117.6,836.9,17.42,11.89,5.84,28.95
71540,12.11,52.85,48.66,0,56.8,50.8,827.2,26.73,7.93,6.24,29.38
71560,0.42,50.5,57.25,0,77.3,39.8,804.1,29.95,8.83,-1.67,29.61
71580,2.96,43.9,76.83,3.04,47.5,29.8,816.1,27.61,7.46,1.9,29.63
71600,1.42,33.49,84.48,8.96,183.4,-73.5,862.2,28.68,-2.76,-1.56,30.17
71620,0.97,18.97,87.4,7.22,100.6,32.3,799.1,29.2,-16.68,-4.24,30.24
71640,2.63,11.81,89.08,21.31,53.3,16.7,845.7,23.39,-15.49,-5.31,30.52
71660,0,1.84,74.23,32.05,38.4,-120.1,815.1,24.8,-12.39,-8.21,30.5
71680,0,4.16,56.22,45.59,153.3,-200.6,919.8,14.16,-13.21,-4.87,30.97
71700,0,0.97,44.77,56.25,44.9,-106.6,952.3,6.84,-27.73,-3.98,30.76
71720,6.43,0,29.12,61.12,32.6,-84.0,969.0,1.15,-7.82,-1.23,31.09
71740,3.38,0,22.67,68.49,-33.8,-109.1,978.2,-2.75,-18.49,3.93,30.85
71760,4.53,1.93,9.74,59.09,44.1,-111.2,998.5,-13.1,-13.33,3.41,30.89
71780,3.53,0,3.83,43.04,-88.5,-79.2,1000.3,-21.01,-15.11,4.86,30.74
71800,0.69,0,0.54,30.28,-64.1,8.7,1041.8,-21.54,-20.32,4.49,30.79
71820,0,1.53,0,21.71,-66.8,-54.3,1005.2,-27.29,-17.37,3.98,30.5
71840,0,0,0,8.81,-135.6,-1.1,1019.8,-26.25,-14.85,6.09,30.3
71860,0,0,5.26,10.41,-100.8,-13.1,1022.7,-28.69,-7.27,1.42,30.21
71880,0,0,0,2.4,-119.7,30.5,1013.4,-27.06,-0.89,0.4,29.82
71900,0,0,0,4.36,-73.4,2.9,993.0,-29.13,8.88,-2.56,29.93
71920,3.2,2.97,4.94,0,-72.8,98.1,1034.9,-21.25,10.69,-6.5,29.58
71940,0,2.59,2.81,5.66,-53.4,25.5,968.1,-18.1,15.62,-5.64,28.85
71960,0,0,1.61,0,-53.2,72.0,1021.3,-13.83,18.45,-4.31,28.39
71980,1.71,0,0,0,-14.9,172.7,960.0,-7.37,8.83,-2.11,28.48
72000,81.51,17.97,2.68,1.27,-32.2,195.8,986.1,-7.06,25.0,-0.93,28.35
72020,69.62,35.27,4.76,2.6,7.4,193.0,949.6,11.61,23.05,5.11,28.31
72040,52.84,48.46,19.14,0,100.0,188.8,911.4,17.87,22.62,5.74,28.7
72060,34.28,54.33,28.21,0,35.2,120.3,859.1,22.89,20.08,3.33,28.99
72080,14.46,51.1,42.41,0,62.1,177.1,860.5,26.9,16.58,4.71,29.2
72100,10.55,55.06,63.29,0.7,21.7,61.9,856.5,28.27,6.59,4.22,29.59
72120,0,46.49,68.69,0,47.5,-17.4,806.2,24.96,6.56,2.13,29.81
72140,0,36.03,79.82,3.25,150.2,-68.6,753.1,29.67,-7.45,-0.7,30.17
72160,0,22.37,86.6,13.15,-12.7,-77.9,811.2,31.04,-5.74,-2.72,30.09
72180,0,10.07,81.9,18.05,111.9,-124.6,824.0,20.26,-11.62,-5.48,30.53
72200,0.22,9.78,72.24,32.78,4.7,-91.2,870.9,17.65,-17.76,-3.23,30.71
72220,3.44,1.66,59.15,46.59,26.2,-136.2,835.7,22.73,-14.74,-2.36,30.7
72240,0,0,48.6,60.33,88.1,-166.1,927.3,6.14,-22.69,-0.24,30.87
72260,2.86,0.44,29.96,57.31,-14.6,-99.4,966.5,5.23,-14.92,1.44,30.98
72280,0,0.48,24.62,63.75,-58.5,-83.6,1042.2,0.16,-12.39,0.37,31.07
72300,1.41,0.66,12.77,56.47,-58.2,-133.1,964.6,-8.98,-17.94,1.4,31.04
72320,2.19,0,6.17,44.79,-102.1,-173.5,1015.0,-19.32,-22.81,2.66,30.97
72340,0,1.7,5.96,29.33,44.6,-171.4,1005.1,-21.42,-28.53,4.77,30.63
72360,0.31,1.21,0,23.68,-92.6,-59.3,1055.6,-25.7,-14.83,1.06,30.38
72380,0,4.37,0,11.72,-50.9,-175.5,1039.3,-28.76,-7.26,1.65,30.71
72400,0,4.52,0,6.15,21.2,10.9,974.8,-29.85,-4.46,0.57,29.98
72420,0,0,3.24,1.74,-98.4,-7.1,989.9,-30.04,2.69,0.58,29.85
72440,0,0.81,0,0,-95.2,20.2,1010.8,-22.56,-2.93,-3.82,29.41
72460,4.85,1.57,0,0,-117.9,128.1,997.3,-18.53,17.43,-2.61,29.27
72480,0,3.05,0.54,6.36,-91.4,56.7,1053.3,-25.19,12.9,-5.18,29.14
72500,0,0,0,0.19,41.6,77.8,985.5,-11.75,20.54,-8.27,28.68
72520,2.73,0.14,3.92,0,-64.9,74.5,1035.8,-11.6,22.18,-4.48,28.7
72540,0,0.25,0,0,9.2,93.1,1027.7,-2.4,19.41,0.14,28.05
72560,72.34,27.86,10.88,1.02,-39.1,162.3,959.4,-0.76,26.19,0.27,28.56
72580,60.61,40.07,19.59,2.37,69.9,167.0,903.7,11.26,12.62,5.25,28.88
72600,37.71,54.18,28.39,1.42,34.3,204.3,880.0,19.12,14.57,4.34,29.26
72620,21.74,61.45,35.64,0,57.5,142.3,855.6,23.8,6.68,7.68,29.33
72640,10.43,52.26,48.96,3.38,-17.8,69.6,830.9,28.94,10.56,2.12,29.39
72660,6.77,50.87,65.09,4.19,61.2,49.6,792.9,28.44,4.55,5.87,29.75
72680,0.96,35.48,83.07,2.51,18.8,-10.5,746.1,25.71,-2.19,2.26,30.44
72700,0,29.61,89.02,6.69,158.9,-31.7,814.0,30.41,-14.01,-4.11,30.45
72720,0,13.48,87.14,16.53,167.3,-39.1,849.3,28.37,-10.66,-5.71,30.42
72740,0,3.87,78.95,26.02,41.7,-45.2,899.5,24.9,-9.06,-5.59,30.6
72760,0,7.87,67.17,38.83,87.7,-129.7,853.3,17.0,-13.95,-2.89,31.0
72780,0,4.55,55.37,53.43,42.7,-122.5,883.7,11.45,-24.93,-5.94,30.94
72800,0,0,38.76,67.16,122.6,-97.1,940.5,6.1,-19.79,-0.06,30.75
72820,1.23,1.04,25.82,60.8,11.2,-44.3,960.3,0.32,-26.01,-0.12,30.72
72840,0,0.85,17.68,58.92,-52.3,-128.1,1005.7,-12.25,-30.37,1.93,30.84
72860,2.86,2.9,6.25,54.51,-104.5,-156.3,981.1,-12.14,-9.18,3.01,30.66
72880,0.18,0,6.95,41.89,-31.7,-99.2,1010.9,-18.49,-16.07,7.63,30.5
72900,1.99,0,0,26.15,-141.1,-86.2,971.0,-22.14,-4.35,8.1,30.61
72920,0.37,1.72,3.3,17.98,-94.7,95.9,1017.1,-26.76,-12.65,4.09,30.64
72940,0,2.93,0,13.24,-82.1,-12.9,1062.2,-30.01,-0.93,0.93,30.58
72960,0,0,3.35,2.0,-75.6,-104.1,1040.1,-25.83,-2.48,0.4,30.04
72980,0,0,0,3.73,-96.1,14.6,1016.6,-31.34,9.23,-2.76,29.81
73000,0,0.91,2.37,6.17,-98.3,-42.2,1019.8,-25.63,10.72,-8.56,29.55
73020,0,0,4.3,0,39.6,63.5,1008.5,-28.25,16.42,-3.77,29.29
73040,0,0,3.07,0,-84.1,80.4,1016.2,-13.47,18.7,-2.43,28.9
73060,1.68,0,1.46,3.26,-48.1,131.5,998.2,-12.41,20.37,0.63,28.32
73080,0,0,0,0,5.3,165.5,1010.6,-3.05,18.49,-0.82,28.03
73100,81.03,27.38,14.24,0,-31.1,193.2,970.4,3.22,24.24,2.37,28.17
73120,63.56,40.54,13.38,4.3,54.5,111.0,920.7,5.75,12.17,1.81,28.53
73140,40.62,44.28,17.86,0,50.9,141.0,853.2,18.3,11.59,3.91,28.83
73160,23.52,57.67,35.86,0,117.6,74.7,865.3,25.11,7.71,7.32,28.82
73180,15.93,62.12,51.37,3.63,106.1,-60.7,844.4,25.11,6.34,2.83,29.49
73200,4.41,53.74,58.8,3.14,74.2,-14.5,824.2,34.01,5.34,3.33,29.88
73220,1.44,44.24,70.45,2.23,128.4,36.9,765.1,29.88,2.1,0.34,30.2
73240,0.46,28.89,80.98,9.44,-17.7,7.5,833.5,29.96,-2.78,-2.82,30.23
73260,0,15.67,84.97,9.54,84.7,-60.4,788.1,26.74,-7.38,-1.92,30.22
73280,5.34,11.67,75.16,24.16,107.3,-88.1,828.0,23.99,-5.37,-7.04,30.39
73300,0,9.38,70.25,38.93,19.3,-168.6,907.0,18.07,-4.16,-4.9,30.52
73320,3.39,3.6,55.91,52.44,48.1,-95.5,892.4,11.38,-10.89,-3.66,30.97
73340,0,0,38.73,66.51,-19.1,-173.8,955.9,14.44,-19.99,-3.31,30.65
73360,0,0,26.21,67.15,-73.1,-125.3,955.2,2.51,-22.12,-3.74,30.96
73380,0,0,20.08,65.72,-84.0,-155.1,986.9,-4.28,-17.47,0.28,30.81
73400,0,0.06,7.93,52.97,8.6,-136.9,990.5,-10.42,-21.72,6.6,30.78
73420,0,0,8.22,45.69,-119.7,-24.7,975.6,-14.74,-13.73,6.1,31.26
73440,2.53,0,6.4,34.35,-16.1,-69.2,976.2,-17.66,-12.76,0.7,30.36
73460,1.64,0.51,1.53,19.1,-64.4,-62.2,976.1,-33.92,-1.53,4.43,30.61
73480,2.23,0,0,8.48,-152.3,-44.4,1006.7,-24.78,-8.64,2.78,30.42
73500,2.24,0.81,0,5.22,-124.7,65.4,1007.6,-28.75,9.03,-1.88,30.23
73520,0,3.62,4.65,4.86,-101.7,126.6,989.0,-27.25,4.87,-1.38,29.4
73540,5.65,0,0,2.47,-142.2,102.5,946.9,-29.07,6.65,-2.98,29.86
73560,2.28,0,0,1.0,-104.0,72.3,990.4,-24.16,12.62,-2.39,29.35
73580,0,0,6.11,0.95,-101.4,203.0,1053.5,-21.0,17.67,-6.0,28.98
73600,0.34,0.22,0,0,-89.5,131.4,1000.7,-14.03,25.23,-5.53,28.62
73620,0,3.92,7.56,0,17.8,133.3,943.3,-9.82,19.98,-1.79,28.09
73640,77.3,27.38,7.91,0,77.4,142.0,1030.3,0.94,26.26,4.46,27.77
73660,64.29,35.76,11.26,1.95,-20.9,187.8,943.4,9.18,19.47,-1.06,28.77
73680,50.62,44.56,13.32,0.92,37.6,226.9,876.6,18.61,18.96,4.65,28.68
73700,30.9,56.35,28.72,2.18,130.8,138.5,808.4,16.49,10.46,7.87,29.46
73720,9.61,58.7,45.76,1.28,92.4,24.1,849.6,24.43,8.1,5.47,29.36
73740,2.69,50.71,59.01,1.65,146.2,108.6,787.6,26.15,1.91,4.44,29.45
73760,4.86,42.55,75.12,3.3,98.4,25.5,768.5,32.39,1.84,0.1,29.76
73780,0,31.26,78.77,4.74,131.8,-21.7,791.3,31.23,-0.27,-1.23,29.95
73800,2.0,26.34,86.0,11.49,33.2,-102.3,777.5,29.56,-4.47,-1.29,30.43
73820,2.74,13.6,81.51,20.95,122.6,6.2,818.0,22.96,-5.27,-2.72,30.87
73840,0.05,6.25,73.19,37.95,41.2,-151.3,889.8,26.42,-23.26,-4.96,30.58
73860,0.23,0.17,55.59,45.22,62.7,-111.7,930.8,19.41,-17.98,-3.02,30.89
73880,2.94,0,40.67,62.32,55.2,-185.8,926.1,6.9,-18.75,-0.43,31.07
73900,0,0,35.07,67.13,75.6,-82.8,964.2,5.6,-20.0,1.06,31.08
73920,7.1,1.43,20.83,64.05,-0.1,-127.3,964.0,-6.48,-20.08,1.11,31.27
73940,0,4.13,12.36,62.66,-105.4,-118.9,1053.6,-14.67,-25.47,4.26,31.03
73960,0,0.49,7.3,44.56,-13.9,-76.3,1022.1,-18.0,-14.1,3.78,30.57
73980,0.7,0,4.05,35.82,-42.9,-147.0,977.4,-26.73,-5.54,2.24,30.43
74000,2.66,3.61,0,19.41,-4.1,-114.0,987.9,-24.97,-11.04,1.32,30.76
74020,9.11,0,0,8.7,-170.0,-123.1,990.1,-30.29,-2.5,2.39,30.25
74040,7.28,0,1.02,3.45,-84.5,-48.2,1003.2,-33.63,-14.79,0.7,30.15
74060,0.06,0,0.13,3.23,-150.8,-90.2,1009.6,-29.35,0.3,-2.75,29.67
74080,0.14,0,0,6.27,-95.6,78.6,995.4,-26.04,16.12,-4.06,29.83
74100,0,3.23,0,0,-64.0,54.2,1052.6,-28.75,3.31,-4.11,29.59
74120,3.26,0,0,3.47,-8.1,98.1,1011.6,-12.13,5.61,-4.58,29.16
74140,0,0,1.09,0,-78.5,67.8,1048.2,-18.95,23.07,-7.23,29.1
74160,0.81,0,0,5.65,-69.4,132.3,1022.9,-7.08,17.05,0.67,28.43
74180,0,1.57,4.63,1.98,-11.0,57.8,1034.3,0.21,12.71,2.28,28.19
74200,78.65,31.58,9.44,0,-46.5,220.4,966.3,6.77,13.96,5.48,28.46
74220,50.76,44.94,14.84,0,103.1,109.8,887.2,15.6,21.45,5.48,28.64
74240,30.79,59.71,33.06,0.53,167.7,166.7,895.5,20.76,21.01,5.67,28.88
74260,15.19,55.39,36.96,7.13,100.3,71.9,863.2,28.75,16.8,4.13,29.36
74280,8.41,50.86,59.08,0,133.0,31.9,767.2,27.97,10.52,4.47,29.73
74300,0.22,45.01,67.15,0,112.0,29.3,806.8,25.1,10.91,2.8,30.02
74320,2.51,40.35,78.07,0,81.4,-140.4,816.4,34.66,-4.08,1.82,30.46
74340,0.63,27.17,85.73,10.89,70.6,-47.0,788.6,31.35,-11.85,-4.09,30.47
74360,0,16.08,90.13,18.94,63.3,-108.1,804.0,27.61,-2.07,-5.53,30.23
74380,0,1.28,72.26,26.13,170.8,-93.0,846.9,22.29,-16.17,-5.28,30.6
74400,1.53,4.03,62.09,39.94,72.2,-151.1,924.6,19.48,-22.75,-1.83,31.21
74420,0.73,0,41.05,60.28,-59.6,-91.4,850.1,10.86,-14.83,-4.28,30.61
74440,1.51,0.82,31.24,64.98,-55.9,-115.6,939.1,3.03,-14.63,-4.62,31.01
74460,0,1.97,25.85,64.82,99.0,-72.6,1008.7,0.39,-19.27,0.74,31.04
74480,0.62,0,7.86,61.21,-60.6,-51.1,1004.6,-4.72,-26.62,2.62,31.13
74500,3.01,2.9,6.89,48.99,-161.9,-176.7,985.5,-15.96,-11.62,5.12,30.72
74520,0,0,6.71,36.01,57.9,-44.1,992.3,-19.01,-16.43,5.04,30.82
74540,0,0,1.93,25.2,-137.5,-147.7,930.1,-24.79,-5.73,5.59,30.69
74560,0.73,0,2.84,11.94,-160.4,-31.7,1005.9,-30.93,-15.85,5.23,30.86
74580,0,0,2.96,2.78,-22.6,-64.2,1018.3,-27.74,-4.07,1.46,29.91
74600,2.95,0,0,1.23,-74.3,-12.6,987.9,-29.17,5.02,0.59,30.0
74620,0,3.09,1.27,0.69,-96.7,-12.5,974.3,-24.06,13.27,-6.06,29.43
74640,0,0.43,5.13,0,-150.2,114.0,928.9,-29.02,19.88,-8.49,29.45
74660,0,3.94,0,0,31.2,103.9,986.7,-18.28,10.85,-3.81,29.0
74680,0,0,0,2.52,-97.1,88.1,1015.0,-13.07,22.18,0.1,29.05
74700,0,0,2.39,2.12,-0.6,146.8,1018.4,-5.75,27.68,-8.36,28.73
74720,0,0,1.47,3.93,-11.7,86.7,932.0,-5.36,12.67,-1.37,28.55
74740,81.48,26.63,8.49,0.35,37.4,154.7,978.6,5.11,21.07,-0.95,28.25
74760,59.87,46.4,11.71,0,47.3,115.7,916.1,17.34,19.24,4.3,29.12
74780,39.66,49.71,28.09,2.7,-32.7,32.5,914.6,17.42,13.99,3.98,28.84
74800,22.18,60.11,26.36,0,52.9,53.1,883.1,25.67,10.62,4.98,29.24
74820,10.45,59.61,52.59,1.63,130.2,105.5,823.4,24.82,5.23,6.1,29.63
74840,5.56,52.47,67.76,2.63,74.6,63.0,838.0,28.04,4.58,1.16,29.46
74860,2.16,45.06,79.21,0,131.7,85.4,745.4,29.32,2.92,-1.99,29.99
74880,0,27.88,88.28,5.68,117.4,-15.1,817.4,23.28,-3.12,-0.47,30.5
74900,0,16.82,86.2,17.63,144.1,-89.7,788.8,26.22,0.19,-1.66,30.13
74920,0,9.93,79.46,22.28,38.1,-87.7,807.2,23.3,-21.66,-4.24,30.6
74940,3.7,6.76,66.67,36.91,60.6,-139.2,906.8,21.26,-5.55,-7.43,30.66
74960,0,0,57.46,56.9,69.9,-130.3,874.7,15.18,-28.68,-5.43,31.14
74980,0,0,36.38,63.35,-3.0,-142.2,946.9,4.42,-23.98,0.93,30.79
75000,0,0,25.39,72.51,-59.4,-209.4,1019.6,5.21,-21.12,-0.75,31.05
75020,2.0,0.37,13.76,64.34,-96.3,-235.7,966.3,-12.26,-15.14,0.23,30.9
75040,0,4.54,6.28,50.52,1.5,-131.6,995.0,-12.71,-17.12,6.11,30.75
75060,0,0,6.51,41.92,-34.3,-163.7,1019.1,-19.91,-10.5,7.24,30.53
75080,1.94,0,2.17,23.41,-83.8,-48.7,1008.9,-26.46,-18.0,7.03,30.76
75100,0,0,0,16.62,-36.4,-14.4,950.7,-29.88,-1.03,3.24,30.15
75120,0,3.61,0,8.74,-68.2,-24.7,1022.3,-33.51,-11.68,2.08,30.13
75140,0,0.06,1.46,2.06,-92.3,25.0,1049.5,-26.79,-1.21,-1.49,29.82
75160,0,0,1.02,0.04,-93.6,88.5,966.9,-32.9,2.53,-4.02,29.64
75180,0.13,5.65,0.16,2.93,-82.2,47.7,966.2,-24.06,13.9,-4.26,29.61
75200,0.71,0,0,0,-72.6,273.2,1007.4,-21.56,9.28,-6.56,29.28
75220,0,0,0,1.34,-80.9,113.7,976.2,-20.76,20.21,-3.92,28.88
75240,2.56,1.1,0,0,25.0,48.7,1051.1,-9.47,14.52,-3.13,28.82
75260,1.14,0,1.91,2.29,-14.8,136.3,1022.2,-5.7,19.14,-2.23,28.11
75280,78.59,24.55,6.13,1.32,-68.1,181.2,1044.9,3.6,19.55,0.5,27.99
75300,59.44,37.13,12.15,0,48.6,166.6,928.9,6.87,21.76,1.54,28.35
75320,41.33,45.72,23.69,0,71.0,33.0,886.1,13.65,12.17,5.61,28.72
75340,28.15,56.76,35.42,0,-43.8,48.1,828.6,19.48,15.08,6.59,29.24
75360,14.66,58.14,45.47,2.58,11.4,75.4,800.4,30.97,14.65,6.85,29.64
75380,9.11,56.94,64.14,0,59.5,41.8,826.4,32.48,5.39,4.86,29.53
75400,3.36,41.39,74.82,6.47,60.6,39.2,779.5,30.72,2.05,0.18,29.73
75420,3.89,27.71,87.53,7.3,113.4,-7.6,760.3,29.27,-2.64,-4.82,30.47
75440,0,17.55,84.31,8.36,147.9,-166.9,778.6,32.2,-13.95,-0.94,30.34
75460,0,6.96,81.56,23.34,58.9,-96.6,834.8,21.28,-14.39,-4.85,30.46
75480,0,5.4,61.05,35.25,100.1,-16.8,848.5,19.68,-16.34,-5.35,30.6
75500,1.12,2.17,55.64,43.96,-28.9,-142.6,881.2,14.47,-22.05,-3.47,30.56
75520,0,0,40.12,60.14,38.2,-145.7,899.3,6.09,-26.95,-4.27,30.67
75540,0,0,25.25,64.28,68.2,-90.8,981.1,3.52,-17.67,-4.25,31.16
75560,0,0,18.97,69.49,-48.0,-104.3,1002.7,-6.66,-12.51,-0.76,31.14
75580,0,3.89,10.38,56.8,36.8,-209.5,937.7,-14.68,-19.42,4.65,30.84
75600,2.69,4.38,3.14,42.2,-106.7,-149.5,1001.9,-20.4,-20.55,4.72,30.88
75620,2.44,5.2,4.14,28.38,-86.0,-64.0,1044.3,-23.93,-16.92,3.47,30.91
75640,0,1.94,0,17.03,-105.6,-18.0,948.3,-22.92,-10.17,2.29,30.68
75660,5.8,0.25,1.31,13.3,-110.7,14.3,948.5,-23.64,-9.24,2.44,30.12
75680,0,0,1.11,3.89,-67.9,68.2,962.8,-27.29,8.26,2.68,30.12
75700,7.88,2.6,3.33,0.5,-92.7,-89.7,944.5,-32.09,8.04,-2.67,29.82
75720,0,0,0,0,-77.8,14.7,1051.1,-24.53,10.39,-2.24,29.8
75740,0,0.18,4.37,2.14,-42.2,85.0,1039.1,-19.45,13.52,-1.4,29.88
75760,3.35,0.29,1.85,0,-35.9,14.2,1017.9,-14.19,15.02,-4.52,29.2
75780,0,2.37,2.39,0,13.2,90.6,998.8,-14.85,14.06,-5.64,28.83
75800,0,0,0,0,-3.5,101.6,1012.9,-4.77,12.67,-1.72,28.47
75820,73.35,21.2,5.48,0,-58.8,149.1,918.8,5.66,21.09,-1.72,28.08
75840,72.09,41.56,13.69,0,92.6,124.0,988.4,4.93,25.27,4.79,28.48
75860,55.74,48.45,21.35,0,68.0,146.7,918.4,11.78,23.77,3.22,28.84
75880,28.83,55.48,32.01,4.34,143.3,113.1,868.2,19.84,12.82,0.56,28.93
75900,19.57,52.83,40.16,0,134.8,62.2,841.6,23.4,16.57,6.62,29.36
75920,8.24,55.41,62.5,6.36,50.6,47.6,805.4,25.74,4.01,3.43,29.46
75940,0.19,47.04,76.54,0.87,86.9,64.2,813.3,23.09,3.19,-3.43,29.84
75960,0,40.66,82.04,2.99,105.1,-33.0,823.5,27.49,-0.82,-0.55,30.65
75980,0,18.52,81.81,9.52,73.2,-83.0,860.5,22.7,2.36,-2.41,30.52
76000,0,14.2,82.72,17.07,97.4,-142.9,788.5,31.54,-7.05,-3.79,30.53
76020,1.39,7.09,70.76,26.23,71.3,-43.7,879.1,23.43,-9.22,-1.79,30.92
76040,0,3.56,62.97,46.7,24.5,-142.8,952.4,14.47,-7.72,-2.78,30.88
76060,1.9,0,41.67,60.34,80.2,-102.0,944.7,9.84,-16.92,-3.77,30.92
76080,3.22,1.13,31.35,62.13,70.5,-287.7,992.1,5.35,-17.51,-3.09,30.78
76100,0,0,19.41,66.16,14.1,-234.5,941.4,-6.88,-26.17,1.68,30.86
76120,0.09,3.64,14.99,55.77,53.0,-182.1,992.5,-9.94,-22.34,1.0,31.03
76140,6.75,3.7,7.4,46.3,-60.2,-86.5,1009.5,-10.4,-15.59,2.15,30.85
76160,1.39,1.8,3.32,32.18,-35.7,-135.1,993.4,-23.2,-7.69,7.49,30.78
76180,1.14,0.24,5.11,21.59,-129.6,17.3,978.2,-24.28,-12.05,5.28,30.15
76200,0,1.14,0,13.81,-82.3,-26.3,1036.1,-25.98,-11.92,-0.96,30.49
76220,5.34,0,0,10.38,-117.4,-55.9,970.7,-24.83,-5.43,1.71,30.15
76240,0,2.02,0,4.4,-130.2,24.7,928.5,-29.95,4.59,-1.78,30.22
76260,0.9,0,3.36,6.28,-97.4,103.6,1049.0,-29.29,7.61,-2.97,29.56
76280,0,0,0,2.03,-41.5,19.3,974.1,-21.25,8.05,-6.28,29.36
76300,0,4.32,0,1.01,-102.5,85.7,1008.5,-18.91,4.86,-2.92,29.32
76320,0.04,0,0,0,-85.0,98.0,982.4,-16.51,12.7,-2.1,28.43
76340,0,0,0,0,-104.6,229.4,949.5,-8.75,19.04,-3.82,28.31
76360,0,0,0,0,93.6,112.0,1006.4,-6.85,24.15,-3.01,28.12
76380,67.05,30.5,15.67,0,-0.2,117.8,964.7,7.75,25.09,4.01,28.07
76400,55.82,45.07,16.19,0,77.5,82.5,954.7,10.02,12.91,4.77,28.8
76420,33.21,60.15,26.58,5.88,126.9,199.8,864.2,21.66,18.2,5.31,29.08
76440,18.36,55.14,37.97,0.09,106.7,79.9,834.5,20.54,11.1,5.06,29.15
76460,10.49,55.58,51.32,1.39,134.7,20.1,786.0,26.82,14.31,2.47,29.84
76480,2.04,54.06,71.86,6.28,115.8,74.4,784.2,26.69,10.85,-1.89,29.52
76500,0,34.26,73.7,3.23,96.3,34.9,798.1,29.44,4.69,1.99,30.23
76520,0.75,28.17,87.35,8.39,116.5,57.9,825.5,30.57,-1.29,-3.26,30.16
76540,0,15.75,83.49,19.03,-32.6,-111.8,799.8,27.86,-19.12,-3.97,30.42
76560,2.1,10.01,80.14,32.88,99.9,-63.3,867.8,17.28,-7.8,-5.65,30.89
76580,0,0,60.39,39.9,-37.1,-99.1,896.4,18.61,-19.69,-6.99,31.36
76600,1.07,5.12,49.6,53.81,2.2,-56.0,932.2,12.24,-19.46,-2.69,30.81
76620,0.38,0,33.13,65.83,-40.9,-70.1,993.2,5.08,-10.91,-2.42,30.86
76640,0,0,26.0,67.53,-14.9,-96.6,1061.9,3.81,-24.17,-3.08,30.57
76660,0.28,1.52,6.64,61.09,-61.4,-183.6,966.8,-3.51,-22.68,2.88,30.89
76680,4.18,3.82,9.3,57.58,-85.4,-116.7,1046.7,-11.66,-27.61,5.98,30.57
76700,0,0,0,39.47,-67.4,-183.2,1024.2,-15.71,-22.19,4.75,30.74
76720,1.07,0,1.16,19.4,3.2,-36.3,1012.2,-24.04,-19.1,1.4,30.75
76740,0.71,0.2,2.05,14.92,-91.5,9.6,981.4,-27.12,-4.66,2.59,30.44
76760,3.24,1.51,0.98,4.75,-55.7,-85.8,1008.8,-30.36,-10.75,1.49,30.17
76780,0,0,2.96,2.08,-59.0,37.6,982.8,-29.96,-5.91,-2.54,29.91
76800,1.88,3.54,1.5,3.75,-53.8,117.1,1017.9,-28.94,19.51,-1.8,29.82
76820,0,3.14,0.47,1.44,-68.4,130.9,999.8,-25.19,11.14,-7.91,29.1
76840,6.14,0.98,0.99,0,-32.6,91.1,998.5,-18.08,13.08,-3.21,29.05
76860,4.18,3.56,2.76,0,-184.5,158.0,1000.4,-16.08,8.49,-0.96,28.45
76880,0,3.96,0,0,-14.0,104.8,999.7,-7.94,13.82,-2.92,28.19
76900,0,0,3.87,0,-19.2,146.9,1025.1,-3.45,28.28,-0.39,28.3
76920,76.23,26.59,8.93,1.42,14.5,67.8,983.9,-2.16,18.49,3.24,28.5
76940,65.65,35.93,12.42,4.01,33.8,127.0,925.4,5.3,22.4,4.43,28.73
76960,38.14,47.95,24.65,0,10.6,136.9,877.4,16.14,19.02,2.13,28.62
76980,24.47,56.06,35.38,1.1,32.5,30.4,849.3,22.71,22.74,4.65,29.14
77000,14.08,59.19,48.52,0,27.2,201.4,821.2,26.59,17.35,2.94,29.56
77020,3.58,52.2,65.45,1.46,150.2,33.3,859.2,28.24,-0.46,4.87,29.37
77040,3.19,40.86,77.03,7.73,167.5,30.7,791.4,26.36,-5.52,2.88,30.36
77060,0,34.82,88.86,10.71,32.8,-105.3,810.6,32.7,-9.19,-2.14,30.47
77080,0,23.1,86.01,15.57,45.7,-182.3,784.3,28.95,-2.09,-6.14,30.75
77100,0.73,10.11,79.38,26.6,110.9,-162.7,858.1,25.17,-9.93,-1.87,30.92
77120,6.37,4.8,71.53,36.74,-18.5,-175.8,823.5,18.45,-12.35,-7.03,30.63
77140,0,0,53.89,53.22,-22.0,-160.1,897.6,14.63,-20.08,-3.78,30.66
77160,0,0,32.28,59.87,-46.8,-265.6,1009.0,3.49,-16.74,-1.1,31.0
77180,0,2.19,23.16,66.83,-18.4,-193.9,978.9,-0.3,-14.64,-1.63,30.92
77200,0,0,15.51,60.02,3.9,-143.8,1015.4,-1.41,-12.74,-1.22,31.27
77220,5.39,3.26,10.56,52.44,-61.6,-125.9,1035.7,-11.88,-20.95,1.23,31.04
77240,0.84,3.45,8.03,43.77,-92.3,-106.1,972.5,-11.75,-16.66,5.62,31.14
77260,6.35,2.16,4.38,27.21,-23.5,-86.4,1012.2,-22.87,-11.95,3.34,30.36
77280,0,0,0,13.12,-95.5,-6.9,1009.5,-28.16,-7.84,0.71,30.51
77300,0,0.86,0.2,8.75,-117.6,-1.0,961.6,-30.87,-5.01,4.37,30.37
77320,0,6.98,1.37,5.04,-103.0,18.6,950.8,-27.96,5.91,-0.21,29.99
77340,2.61,0,0,4.12,-72.6,-12.7,972.3,-25.78,4.85,-1.3,30.35
77360,0,2.18,1.7,0,-86.3,136.9,1003.2,-23.19,4.29,-1.61,29.54
77380,0,0,2.31,0,-74.3,72.2,937.5,-27.12,13.56,-2.89,29.13
77400,1.09,0,0,0,-16.5,206.2,959.7,-17.37,15.75,-4.91,28.63
77420,0,0,5.37,0,-5.3,140.9,958.0,-9.77,22.34,-2.79,28.48
77440,3.72,0,1.21,0,69.5,112.2,999.8,-6.73,18.55,-3.59,28.38
77460,81.16,27.13,6.14,4.97,-62.0,130.4,997.5,2.18,18.4,-2.14,27.88
77480,64.72,40.33,12.47,0,65.8,171.1,894.8,13.18,22.54,2.72,28.68
77500,45.12,46.5,19.78,1.36,64.4,156.9,921.5,12.13,19.09,3.66,28.48
77520,23.44,55.79,36.14,0,19.3,98.8,854.0,22.26,14.0,3.92,28.99
77540,13.0,56.7,44.25,0,16.5,112.0,828.5,22.78,2.01,5.46,29.1
77560,7.15,53.13,59.7,7.36,86.6,49.4,813.9,25.17,7.82,2.61,29.71
77580,3.08,43.81,74.63,3.61,-16.9,83.8,818.7,31.44,1.64,0.92,29.73
77600,3.66,30.88,80.08,6.43,109.8,-46.7,856.7,27.79,-4.16,-0.08,30.24
77620,8.75,16.56,85.43,7.84,-26.9,-6.5,788.4,31.63,-7.09,-2.43,30.06
77640,0,14.3,84.31,21.28,204.0,-94.0,865.5,21.95,-11.9,-4.26,30.81
77660,0,5.52,68.26,32.15,109.1,-125.7,892.5,21.02,-6.76,-7.61,30.73
77680,4.21,2.85,55.74,49.04,32.8,-194.9,852.6,14.95,-9.12,-3.59,31.11
77700,1.8,0,45.28,56.32,83.2,-159.2,934.3,11.08,-15.91,-0.16,31.13
77720,0,0,28.59,64.84,-2.9,-97.2,1006.5,3.13,-15.5,-1.44,30.87
77740,2.35,1.25,14.32,69.22,-56.2,-118.9,977.5,-3.34,-25.0,1.45,30.94
77760,0,0.46,8.68,56.07,-80.2,-189.7,976.2,-5.51,-24.44,1.17,30.79
77780,0,0,5.7,45.25,-41.6,-176.9,997.9,-23.35,-25.78,4.81,30.87
77800,0.88,0,1.6,32.72,-77.2,-130.0,963.2,-20.42,-11.8,2.9,31.1
77820,0,0,2.37,22.39,-182.9,-40.0,925.8,-29.93,-11.32,5.08,30.47
77840,0,0,0,10.73,-112.4,-171.8,1027.5,-28.65,-4.46,3.55,30.39
77860,0,0,0,10.2,-117.3,42.9,973.8,-30.9,-0.28,0.06,29.99
77880,0,4.36,4.91,7.73,-53.3,58.2,1034.1,-27.93,5.96,2.62,30.28
77900,0,2.35,3.07,0,-104.8,125.1,1032.8,-30.76,12.05,-3.28,29.23
77920,0,0.46,1.65,1.41,-8.0,14.6,991.6,-28.89,7.53,-2.84,29.21
77940,0,0,0,5.5,-30.8,35.9,1030.9,-19.28,20.28,-7.37,28.74
77960,0,3.49,0,0,-56.9,81.6,1022.4,-11.52,16.57,-4.52,28.92
77980,0.63,0,0,0,12.6,161.1,960.6,-6.58,25.62,-0.58,28.35
78000,74.72,17.69,8.9,0,59.4,238.1,956.5,-1.02,27.53,0.41,28.02
78020,64.58,32.63,9.34,1.16,56.0,62.3,967.7,6.88,15.4,3.09,28.53
78040,54.18,46.26,19.2,0,-22.2,255.2,929.5,17.88,27.22,1.57,28.76
78060,34.49,52.58,32.02,0,116.6,110.8,886.7,14.66,17.68,4.02,29.21
78080,17.51,54.48,46.25,0,102.3,111.5,888.4,26.04,20.02,7.36,29.15
78100,9.32,52.94,58.64,4.89,97.2,113.4,781.5,23.7,3.36,5.37,29.39
78120,2.73,49.93,74.25,0,105.3,20.7,800.8,29.99,3.59,0.49,29.78
78140,4.79,37.1,80.83,1.42,146.8,-65.0,736.1,31.91,-4.63,-0.28,30.2
78160,0.97,18.69,87.71,8.51,117.0,-98.1,853.5,29.08,-3.44,-3.17,30.1
78180,0,17.02,83.63,16.66,138.9,-157.1,875.1,26.57,-13.66,-0.62,30.28
78200,2.47,2.83,73.16,33.2,-4.7,-46.9,801.1,28.81,-15.6,-5.63,30.48
78220,0,0,64.97,46.24,50.7,-109.2,901.4,19.92,-18.15,-9.25,30.6
78240,0,1.74,46.99,60.91,52.4,-64.5,906.1,12.31,-18.94,-3.11,30.68
78260,1.85,3.54,35.07,64.48,-45.7,-224.7,959.1,3.37,-25.85,-4.78,31.21
78280,0.14,0,24.67,61.0,49.3,-138.8,1005.6,-2.69,-18.3,0.73,31.12
78300,0,3.6,13.19,61.58,24.0,-121.4,997.7,-13.92,-24.41,2.46,31.0
78320,0,0,7.54,47.65,-79.8,-72.7,1018.8,-18.69,-16.52,5.7,30.35
78340,0,0,6.29,35.61,-168.0,-85.2,999.1,-23.51,-15.39,5.19,30.97
78360,2.63,2.58,1.8,21.47,-33.7,-92.0,1005.0,-25.62,-13.13,4.38,30.82
78380,0,0,0,10.47,-95.1,-83.9,983.9,-32.15,-1.47,3.38,30.66
78400,0,0,0,7.08,-94.8,88.5,973.3,-27.74,0.51,0.6,30.18
78420,0.38,2.33,0,2.43,-142.4,-49.9,955.8,-28.3,-2.31,-3.47,30.37
78440,0,0,0,0.26,-43.4,70.3,1002.2,-29.42,3.01,-4.71,29.62
78460,0,5.65,3.03,0,-122.9,-17.3,974.3,-27.39,10.22,-4.0,29.37
78480,0,0.89,1.25,3.68,-42.4,88.7,985.4,-23.11,17.59,-5.81,28.77
78500,3.49,0,2.84,1.09,-2.9,203.9,1013.6,-16.29,13.57,-5.35,28.4
78520,4.91,0,2.38,0,49.1,108.0,1059.5,-10.15,19.17,-4.29,28.62
78540,0,2.31,0,0.23,38.1,126.6,1036.1,-3.38,23.01,-4.76,28.18
78560,76.18,24.76,9.83,0,10.6,124.8,1002.4,11.89,20.58,1.11,28.21
78580,58.28,48.05,15.98,0.15,93.5,151.6,910.3,12.08,17.94,4.89,28.66
78600,42.54,50.57,22.02,3.43,8.3,51.6,923.2,21.87,21.72,7.56,29.06
78620,28.06,59.26,38.68,0,0.7,129.2,830.8,18.58,12.45,3.77,29.53
78640,9.28,55.6,45.86,0.19,139.9,119.5,868.8,28.43,6.08,2.77,29.39
78660,4.63,52.64,69.84,0,88.8,-42.4,839.8,27.86,11.88,0.9,30.02
78680,0.86,37.83,79.26,1.33,142.0,54.9,777.1,27.52,2.62,-1.66,29.85
78700,0,24.41,86.12,7.66,110.7,-69.7,787.9,32.06,-2.23,0.3,30.6
78720,0,14.02,83.34,6.85,67.8,26.5,841.6,23.44,0.11,-1.75,30.7
78740,1.04,3.18,78.86,26.13,84.7,-17.0,836.4,26.2,-15.69,-3.68,31.07
78760,0,2.31,62.07,38.45,111.1,-22.1,949.7,22.66,-15.34,-7.71,30.65
78780,1.13,4.01,51.44,54.03,-26.7,-97.6,916.0,14.11,-16.55,-3.48,30.66
78800,0.23,3.99,35.21,67.75,23.4,-178.6,970.7,2.11,-17.09,-3.19,30.77
78820,1.43,1.23,23.37,69.95,12.4,-112.1,985.1,-3.67,-12.97,1.36,30.75
78840,0.58,0,14.27,59.38,-65.0,-87.6,1043.4,-9.63,-14.99,4.67,31.03
78860,0,0.15,3.08,52.41,-120.4,-128.2,1041.3,-11.82,-16.95,2.95,30.97
78880,3.16,0,4.95,39.95,-108.9,-186.1,1023.9,-17.37,-5.49,4.23,30.94
78900,4.45,0,0,32.62,-162.8,-68.9,975.3,-24.06,-10.63,4.82,30.63
78920,0.49,0,0.43,10.33,-49.0,19.3,1003.5,-34.23,-8.88,5.18,30.54
78940,0,0.3,1.37,3.36,-63.2,-22.8,930.2,-32.62,2.46,2.66,30.5
78960,0,0,0.03,5.76,-50.0,54.4,998.3,-27.15,-0.97,1.68,30.19
78980,6.16,0,1.04,2.25,-219.0,110.1,1003.7,-30.89,8.05,-3.57,29.83
79000,0,4.92,3.91,0,-87.0,31.1,1008.1,-26.88,-0.01,-3.73,29.66
79020,0,0,0,0.09,-37.2,123.2,1005.3,-23.17,18.22,-2.9,29.32
79040,0,0,0.74,0,5.2,126.7,999.4,-13.36,13.64,-6.76,28.75
79060,0,0,0,0,-21.9,152.0,1013.4,-11.85,17.22,-1.31,28.31
79080,0,0,4.34,3.9,-24.6,80.3,999.7,-2.47,18.13,-2.52,28.14
79100,77.06,34.49,8.73,0,-13.6,189.0,1026.7,6.63,29.36,2.31,28.51
79120,63.6,37.88,11.5,0,3.3,154.3,878.1,8.64,14.5,2.73,28.69
79140,41.32,50.16,18.72,5.53,99.7,111.7,874.7,14.85,20.45,1.41,29.11
79160,23.87,57.96,33.79,0,30.8,114.3,885.1,19.73,12.63,5.77,28.89
79180,10.91,59.0,49.54,0.68,148.6,68.4,825.5,32.0,7.6,5.88,29.37
79200,4.89,52.96,58.74,1.5,130.5,6.2,820.0,26.59,11.59,1.88,30.02
79220,2.61,43.44,80.73,4.38,132.2,83.7,748.5,33.64,2.6,0.92,29.96
79240,5.75,30.27,84.12,10.25,203.3,109.2,811.0,29.87,-3.56,-3.0,30.36
79260,4.06,18.95,87.78,12.83,100.9,-51.7,785.7,26.22,-9.58,-2.36,30.43
79280,0,10.42,73.36,23.95,105.8,-21.6,824.8,24.8,-8.42,-4.42,30.55
79300,0,0.19,67.01,38.02,141.6,-118.1,805.7,20.98,-16.24,-3.8,30.93
79320,0,0.01,56.07,52.04,-30.3,-272.6,915.7,22.53,-18.74,-1.96,30.65
79340,0,0,42.98,62.95,17.7,-112.0,944.9,5.41,-23.82,-2.99,30.9
79360,0.8,0,26.48,67.49,15.8,-126.5,932.4,-0.84,-12.52,-0.78,31.12
79380,0,0,11.43,67.45,-80.8,-118.5,935.3,-10.41,-21.76,-1.35,31.17
79400,2.07,0,4.45,52.96,44.0,-140.2,1020.7,-12.98,-13.82,4.51,30.89
79420,0.48,2.88,3.24,43.81,-154.6,-161.0,974.7,-15.32,-24.02,3.76,30.73
79440,0,0,5.92,24.1,-75.4,15.6,960.5,-23.13,-15.57,5.08,31.28
79460,0,4.61,0,16.17,-105.1,-118.8,1038.6,-28.2,-0.82,3.26,30.4
79480,4.62,2.35,7.03,8.8,-75.0,-12.5,1007.1,-29.58,1.28,4.15,30.23
79500,0,5.49,0,6.03,-92.1,77.6,952.5,-32.86,-5.64,0.75,29.74
79520,0.62,0,2.24,0.16,-166.8,-52.3,1024.9,-29.3,6.33,0.54,29.87
79540,0,0,0,3.68,-104.4,138.5,995.6,-26.74,9.7,-4.15,29.5
79560,0,0,0,2.34,-45.8,113.5,996.0,-20.01,17.53,-6.25,29.26
79580,0,0,8.28,0,-65.0,21.4,970.2,-15.26,17.97,-7.36,28.82
79600,2.54,3.04,1.76,4.51,-35.8,104.6,991.6,-12.19,19.33,-3.71,28.96
79620,0,3.26,0,2.09,-18.8,156.1,969.4,-1.99,19.25,-0.71,28.37
79640,76.71,22.13,6.78,0,99.8,109.8,936.4,1.07,18.55,3.25,28.17
79660,70.83,36.47,10.43,0,5.5,243.8,942.4,13.49,16.77,4.87,28.43
79680,49.2,40.13,25.35,0.34,113.4,150.5,936.7,13.96,24.34,4.26,28.95
79700,27.63,56.01,28.99,0,9.4,187.5,862.1,19.24,12.84,5.94,29.47
79720,18.23,61.0,41.96,0.89,8.5,147.6,820.0,22.9,21.72,2.08,29.64
79740,2.49,52.11,61.42,0.37,158.2,33.5,811.4,26.04,16.82,4.51,29.82
79760,2.29,43.04,74.02,1.91,132.2,35.8,802.2,30.85,6.74,-2.69,29.9
79780,0,29.53,81.56,3.64,44.6,-116.0,815.9,31.94,0.4,-0.92,30.37
79800,0,16.97,86.01,8.84,104.5,1.9,764.4,25.34,-4.02,-1.62,30.21
79820,0,16.56,78.6,20.2,144.8,32.0,834.3,24.92,2.04,-5.69,30.75
79840,0,6.76,70.47,34.23,113.2,-94.0,884.8,24.71,-5.47,-3.17,30.69
79860,0,4.85,62.9,48.01,46.6,-88.6,861.0,11.57,-12.42,-1.88,30.99
79880,0,6.0,42.96,53.23,78.0,-105.9,965.1,7.23,-23.1,-3.68,30.85
79900,1.91,0,29.73,67.84,17.4,-150.0,971.8,-1.49,-21.42,-0.1,30.94
79920,0,0,21.94,65.67,9.3,-213.7,998.2,-7.06,-15.97,2.12,30.68
79940,2.37,1.69,9.76,56.26,-124.6,-133.1,1035.5,-7.16,-23.84,3.05,30.94
79960,0,4.72,3.06,43.04,-80.9,-79.4,1024.1,-14.28,-15.98,4.58,30.65
79980,1.68,0,6.61,30.9,2.0,-52.1,1064.8,-21.5,-18.96,5.98,30.88
80000,0.74,0,4.72,22.37,-16.9,-109.9,1015.4,-25.56,-12.11,5.24,30.64
80020,0,0,0.29,11.3,-210.9,-41.6,1019.2,-25.82,2.7,1.76,30.44
80040,0.38,1.55,0,9.33,-128.6,-8.4,1077.5,-32.73,-1.64,-0.96,29.83
80060,0,0.12,0,3.94,-149.0,40.7,1013.0,-31.89,0.88,-0.63,29.91
80080,0,0,0.85,3.73,-37.1,33.4,960.4,-25.25,1.1,-5.33,29.4
80100,0,0,0.18,7.51,-95.1,-38.2,1012.2,-20.57,11.02,-5.09,29.22
80120,4.65,2.9,4.71,0,-58.3,70.3,973.9,-23.95,14.51,-8.11,28.89
80140,0,1.34,0,0,-47.9,205.5,975.4,-14.08,16.48,-5.72,28.39
80160,0,0,2.06,4.06,-59.0,125.7,1019.1,-7.21,15.64,-4.59,28.24
80180,5.07,0,2.1,0,-102.5,288.2,1009.2,-1.73,11.16,0.64,28.09
80200,75.36,31.16,14.31,2.89,29.2,208.7,1010.9,10.62,26.59,0.77,28.17
80220,50.69,40.34,23.61,0,78.5,40.5,871.0,10.21,20.45,5.64,28.67
80240,33.37,47.46,27.32,0,84.5,62.1,873.2,21.83,19.44,6.18,29.07
80260,23.17,62.71,36.76,0,68.0,115.3,868.7,18.13,17.89,3.64,29.43
80280,4.03,50.97,55.7,6.03,34.7,87.1,776.2,22.35,7.1,2.79,29.48
80300,1.66,46.5,72.54,7.87,119.9,-2.4,802.7,33.43,4.35,5.66,29.43
80320,3.18,33.67,86.5,4.57,25.3,4.6,783.0,30.08,-2.97,1.54,30.14
80340,4.22,21.41,86.51,11.3,192.7,66.4,813.2,29.68,-1.02,-2.01,30.32
80360,5.84,18.08,80.68,17.13,87.3,-66.5,867.4,26.12,-12.44,-5.0,30.72
80380,0,6.91,74.78,31.69,143.8,18.5,823.5,21.28,-3.45,-3.34,30.7
80400,0.85,1.16,65.74,42.69,85.0,-97.3,891.7,23.43,-16.93,-3.7,30.52
80420,0,3.18,53.13,53.46,-53.4,-103.7,920.2,9.97,-21.85,-5.21,31.32
80440,2.22,0,35.02,65.41,-46.2,-71.2,998.1,4.57,-16.99,0.26,31.12
80460,2.82,0,19.34,61.77,-21.5,-241.5,1005.0,-4.01,-13.73,2.42,30.69
80480,0,0.48,14.42,66.95,38.0,-110.0,1006.6,-4.73,-10.26,5.71,30.84
80500,0,0,8.51,47.43,-2.3,-154.5,1013.6,-16.22,-16.41,5.76,31.21
80520,0.65,2.99,8.08,32.25,-58.3,-98.4,1019.3,-19.65,-15.74,6.19,30.98
80540,0,0,1.33,17.65,-147.4,-239.5,1045.4,-22.8,-8.92,6.55,30.53
80560,4.99,1.67,0,11.25,-61.1,-36.2,1034.3,-29.43,-18.0,2.57,30.52
80580,0.34,0,5.0,7.3,-105.2,-4.5,1018.9,-28.42,-9.36,2.52,30.48
80600,0,2.55,1.77,0.16,-131.2,1.3,991.0,-26.9,5.6,-2.76,29.52
80620,0,0,0,0,-119.4,52.0,1002.5,-27.81,0.68,-7.3,29.73
80640,0,0.81,0.79,2.97,-93.6,129.1,1008.4,-20.33,10.4,-7.25,29.27
80660,0,0,0,2.11,-118.5,109.3,992.9,-22.47,9.43,-8.29,29.27
80680,0,3.22,0.16,1.82,-7.1,154.0,995.2,-16.98,21.79,-1.6,28.72
80700,0,0,0,0.52,8.2,68.7,955.1,-8.69,23.43,-6.46,28.71
80720,0,0,0,1.42,-107.0,74.1,1008.3,0.03,17.95,-3.36,28.26
80740,78.81,24.37,12.63,5.26,-8.3,144.1,946.3,2.9,16.5,1.65,28.1
80760,57.84,42.88,16.58,0,15.7,144.9,944.5,12.52,22.6,2.66,28.73
80780,43.92,54.13,24.62,6.4,2.9,183.9,904.8,17.22,12.46,1.08,29.06
80800,21.73,55.45,37.14,0,83.4,76.2,878.2,18.58,13.97,7.0,29.28
80820,10.87,51.44,49.76,2.74,71.4,148.1,865.5,27.9,11.31,1.64,29.75
80840,6.95,51.0,68.37,1.04,172.2,49.2,780.4,34.89,2.67,1.5,29.55
80860,4.08,42.0,76.97,1.52,96.8,11.2,779.0,32.8,1.98,-1.1,30.08
80880,4.0,28.93,84.22,12.22,82.5,-9.6,813.5,31.01,-5.31,-4.77,30.27
80900,0.46,21.85,78.15,15.1,98.4,-47.9,809.5,32.46,-19.65,-2.76,30.6
80920,2.26,10.42,78.76,23.93,54.8,-138.0,864.5,28.89,-10.93,-5.51,30.6
80940,0.14,1.71,65.76,36.05,26.3,-193.0,868.5,24.09,-14.28,-8.13,30.98
80960,0,0.24,49.93,49.93,45.4,-83.4,882.2,9.43,-13.74,-1.53,31.16
80980,0,0,38.11,60.4,-3.3,-89.0,947.7,3.18,-15.63,-3.01,30.76
81000,0,5.84,25.82,70.77,-86.2,-168.6,1014.9,4.36,-18.44,-2.18,31.49
81020,0,0,18.87,63.73,-87.9,-127.0,986.3,-7.43,-21.5,-0.19,31.07
81040,4.71,1.54,5.16,55.18,-35.5,-190.4,993.9,-15.45,-19.28,3.08,30.65
81060,0,2.15,3.28,38.94,-99.6,-48.3,1042.4,-13.98,-28.81,4.78,30.69
81080,2.21,0.75,0.03,28.3,-178.8,-148.4,1058.8,-21.92,-10.01,4.37,30.96
81100,0,2.06,1.32,14.64,-139.5,-92.5,1010.2,-25.02,-7.84,4.21,30.37
81120,0,2.16,0.29,10.73,-85.0,-24.5,1028.0,-29.22,-3.67,1.27,30.43
81140,0.69,0,2.36,9.43,-64.8,-12.6,1010.8,-29.7,11.96,-0.59,29.74
81160,0,0,0,6.37,-174.1,61.4,1038.9,-28.78,4.41,1.53,29.96
81180,0,0,0,0.28,-83.2,65.0,999.9,-31.52,7.44,-4.76,29.47
81200,0.72,2.47,3.47,2.63,-44.0,108.1,1007.9,-27.3,9.94,-4.09,29.19
81220,1.56,0,0,0,-15.6,116.4,1028.5,-16.79,15.59,-4.05,29.11
81240,5.4,0,2.91,0.13,6.5,80.2,1040.4,-9.05,14.65,-8.19,28.58
81260,0,0,0.18,0,-39.6,109.6,1021.1,-6.34,17.9,-1.4,28.39
81280,85.88,27.25,7.75,2.71,66.0,142.9,954.6,-1.54,15.97,2.08,28.07
81300,60.96,30.29,9.44,0,26.2,171.1,938.8,9.71,14.06,2.63,28.49
81320,42.51,51.32,20.45,0.34,102.0,175.3,851.9,14.66,9.39,6.19,29.23
81340,24.12,56.67,31.22,0,57.4,64.7,878.4,21.15,12.15,3.41,28.95
81360,4.94,60.18,46.65,2.07,85.7,21.6,829.2,28.35,11.31,3.39,29.61
81380,10.45,60.35,63.55,3.65,44.0,210.9,845.4,31.48,17.38,1.89,29.47
81400,2.7,39.97,72.62,2.7,70.2,-14.9,825.8,31.03,0.26,-2.14,29.95
81420,2.45,27.77,83.62,6.88,58.9,-44.1,844.9,27.51,-0.81,2.38,30.19
81440,0,21.63,91.89,11.2,111.6,-53.2,830.6,29.25,-7.93,-1.04,30.42
81460,0,12.33,76.56,25.92,88.0,-64.2,861.1,21.13,-7.77,-8.83,30.94
81480,1.82,3.56,69.1,30.52,-11.4,-122.1,830.5,20.45,-20.68,-3.76,30.72
81500,1.49,0.23,53.59,49.91,-66.4,-205.2,874.5,16.46,-15.98,-4.46,31.17
81520,0,2.1,42.68,62.37,-24.3,-186.8,953.7,9.71,-25.09,-3.06,30.89
81540,2.08,3.29,33.43,65.43,107.8,-98.4,1038.6,1.18,-23.66,0.5,31.11
81560,6.34,2.7,13.03,64.91,-30.9,-127.4,1014.3,-3.1,-28.53,-0.64,31.1
81580,0,4.27,9.34,52.52,-34.5,-89.9,1002.0,-12.54,-16.08,6.93,31.1
81600,0,0,7.49,41.84,-153.5,-181.8,1011.3,-19.62,-9.93,4.35,30.89
81620,0,1.45,1.82,31.5,-137.3,-128.4,1025.7,-22.65,-8.45,5.44,30.81
81640,0,3.39,0,15.63,-106.5,35.9,1026.3,-27.05,-13.72,4.3,30.45
81660,0.89,4.69,0,6.48,-190.4,-23.6,971.3,-28.46,-15.69,5.34,30.49
81680,0,0.5,1.42,2.76,-48.9,-23.0,1011.2,-29.08,8.57,-1.18,30.22
81700,4.49,0.65,2.03,0,-90.2,64.4,970.6,-30.12,7.55,-5.15,29.94
81720,1.12,0,3.68,1.89,-80.9,52.5,1026.9,-27.8,8.21,-4.9,29.58
81740,0,0.53,0,3.13,-27.3,75.4,996.3,-24.29,21.89,-3.66,29.15
81760,0,0.99,4.09,4.15,-100.0,72.2,972.3,-18.23,14.08,-4.9,28.68
81780,0.81,0,0,0,-13.8,143.2,996.2,-11.23,13.9,-4.45,28.59
81800,0,4.36,0,2.69,6.2,169.1,1026.5,-7.73,23.8,-3.11,28.47
81820,78.56,21.26,3.34,0.94,-33.4,186.8,991.3,0.33,19.43,-2.73,27.97
81840,71.35,36.52,9.97,0,-24.8,170.5,963.3,2.83,21.85,3.28,28.35
81860,51.35,43.59,18.01,0,-15.4,115.0,860.4,15.73,24.63,2.71,29.09
81880,32.44,57.03,27.38,4.67,70.0,84.1,888.3,19.22,19.67,7.57,28.9
81900,15.66,55.11,42.67,0,126.0,56.7,884.0,20.64,12.05,5.43,29.19
81920,8.76,54.61,61.63,5.56,184.7,74.7,803.2,29.9,7.87,5.91,29.73
81940,3.28,43.86,72.94,2.63,145.5,23.9,846.8,35.05,8.67,-1.1,30.19
81960,1.49,33.01,81.6,5.71,117.8,-35.1,768.4,28.59,-10.42,1.55,30.39
81980,0,20.49,81.2,7.52,164.9,-32.7,770.7,30.99,-4.13,-3.98,30.28
82000,0,7.73,79.49,20.58,107.1,-38.0,793.5,29.79,-7.44,-4.91,30.6
82020,0,7.49,69.55,36.1,121.6,-185.8,905.8,20.37,-11.97,-3.19,30.67
82040,0,0,58.43,47.01,30.1,-105.4,894.0,17.45,-9.21,-3.63,30.72
82060,0,1.25,46.33,57.21,94.1,-123.4,970.0,5.11,-17.58,-5.53,30.89
82080,0,0.31,27.83,59.68,-15.7,-176.3,967.4,1.5,-23.9,-3.12,31.01
82100,1.5,2.58,15.96,69.03,-112.4,-196.0,1010.6,-5.31,-11.67,-1.03,30.94
82120,0,0,9.25,62.38,-69.7,-104.3,965.9,-5.51,-21.74,5.36,30.84
82140,2.31,3.13,3.48,44.93,-32.1,-105.3,1011.1,-20.99,-23.14,2.97,31.08
82160,0,0,2.87,33.48,-76.1,-90.2,1004.1,-22.28,-12.22,5.61,30.78
82180,0,0,3.37,20.02,-24.1,-70.1,1012.3,-19.39,-14.67,4.86,31.02
82200,0,1.76,3.38,11.74,-75.8,-166.8,1022.4,-31.42,-1.81,4.06,30.57
82220,2.3,0,0,5.45,-14.9,46.3,984.6,-30.53,5.39,-1.86,30.5
82240,3.05,0,0,3.25,-51.1,-27.1,1034.0,-26.96,8.8,-1.82,29.83
82260,1.36,0,3.94,0,-111.9,109.6,963.2,-29.88,7.46,-4.35,29.38
82280,0,2.09,0,3.97,-53.8,68.2,929.7,-19.45,15.67,-5.64,29.37
82300,0,3.26,0,4.22,-63.6,52.3,1009.4,-17.81,11.72,-2.5,28.74
82320,0,0.2,3.04,0,-108.4,161.4,1042.5,-10.24,15.22,-3.47,28.74
82340,0,0,0,0,-58.8,160.8,956.5,-12.15,18.46,-2.84,28.41
82360,0,0,0,0,-80.4,126.4,1007.9,3.97,15.3,-0.02,27.69
82380,73.71,30.33,9.66,0,-8.3,163.7,974.0,7.42,14.23,0.62,28.22
82400,60.55,43.4,13.18,1.81,7.1,188.8,886.7,12.72,22.21,1.69,28.78
82420,33.71,48.83,28.11,0,129.7,144.7,826.5,23.27,15.02,7.12,29.16
82440,24.91,54.5,37.48,4.58,74.7,83.5,887.8,27.32,17.0,1.58,28.89
82460,7.81,44.64,55.29,1.88,165.2,30.1,829.4,23.4,6.75,2.63,29.79
82480,4.71,53.6,69.87,0.19,166.1,-30.3,834.6,30.15,-5.69,4.36,29.96
82500,3.33,41.02,73.42,8.02,163.6,32.5,738.4,29.29,-11.19,3.88,30.27
82520,1.05,26.61,85.11,6.47,8.0,44.8,746.4,29.28,0.36,-2.32,30.43
82540,0,18.94,83.35,17.0,154.7,-69.3,791.6,31.18,-11.76,-7.17,30.47
82560,0,4.91,72.89,22.44,13.3,-67.4,863.6,18.72,-7.54,-4.44,31.01
82580,2.95,0,58.89,39.12,72.4,-56.7,830.9,23.76,-17.26,-4.18,30.9
82600,1.94,0.43,49.27,54.37,50.2,-43.0,924.1,13.58,-17.56,-5.72,30.86
82620,0,1.08,34.98,63.04,66.8,-132.0,936.1,1.34,-20.7,-2.61,31.09
82640,1.39,1.09,24.07,64.45,-41.3,-230.2,1004.3,1.95,-16.18,0.77,30.63
82660,0,1.86,17.64,62.97,-15.6,-155.3,1014.0,-10.54,-25.6,2.82,30.8
82680,0,0,6.24,53.23,-26.0,-120.1,1007.4,-12.01,-10.7,5.32,30.94
82700,0,3.23,4.59,38.1,-75.8,-31.1,1001.3,-18.43,-12.09,3.56,31.01
82720,1.16,0,2.69,20.16,-26.4,-18.6,988.0,-22.33,-13.21,5.56,30.97
82740,0,3.96,6.46,18.49,-80.4,-73.7,1010.6,-26.74,-2.26,1.84,30.76
82760,0,3.95,0,3.0,-102.6,-49.7,1017.7,-28.76,-2.8,2.8,30.29
82780,0,1.54,0,5.99,-36.5,-2.3,990.7,-29.3,6.35,-0.35,30.11
82800,4.68,1.8,0,4.81,-194.6,3.9,944.4,-26.94,0.43,-0.29,30.09
82820,1.95,0,1.35,0.87,-115.3,55.9,1009.3,-24.51,7.64,-2.26,29.28
82840,0,0,0,0.15,-148.5,140.7,1032.5,-16.84,22.84,-2.75,29.35
82860,0,0,3.58,4.25,9.0,163.7,976.4,-19.78,25.38,-5.09,29.18
82880,2.25,0.43,2.87,5.44,-34.4,103.6,974.7,-7.23,20.52,-3.05,28.7
82900,2.11,0.95,2.24,2.29,-23.6,111.8,1052.8,-1.13,24.99,-0.5,28.28
82920,75.76,22.49,10.79,0,83.6,158.3,968.6,2.64,22.18,0.78,28.31
82940,53.69,44.17,18.35,0,82.2,165.5,891.3,7.21,20.52,4.08,28.55
82960,35.78,47.65,20.89,0,-66.6,182.0,895.4,11.08,19.69,4.16,29.04
82980,21.74,59.79,33.38,2.63,141.7,109.8,850.5,15.95,7.47,4.2,29.36
83000,11.25,54.69,49.24,0,68.2,76.7,829.5,28.97,12.67,6.17,29.39
83020,0.17,52.38,64.64,4.01,157.9,49.2,770.4,34.06,4.85,3.51,29.89
83040,0,42.47,72.39,2.5,211.2,-56.3,790.5,31.36,0.22,-0.94,30.04
83060,2.11,23.06,84.93,9.25,89.7,16.7,774.4,26.54,-7.79,-2.48,30.09
83080,0.6,19.76,90.78,14.78,127.6,-39.5,821.1,25.02,-12.05,-4.48,30.54
83100,1.71,11.87,76.63,27.05,82.1,-51.2,857.9,25.32,-8.63,-3.08,30.59
83120,0,3.59,70.38,35.28,87.6,-147.1,962.0,14.64,-9.86,-2.86,30.77
83140,5.23,3.13,53.08,49.26,-24.9,-159.4,897.3,14.24,-13.55,-4.33,30.88
83160,0.21,0,34.81,61.0,33.9,-157.9,947.0,5.66,-24.78,-3.16,31.07
83180,0.7,4.3,29.41,68.4,17.7,-178.4,970.8,2.06,-24.47,-1.07,31.15
83200,0.2,0,16.28,61.6,-89.7,-97.9,1035.6,-8.52,-25.43,-1.99,31.0
83220,0,0,9.65,50.1,-46.3,-104.2,960.9,-11.31,-19.19,5.15,31.14
83240,0,0,2.8,37.64,-130.9,-197.1,1018.6,-17.01,-19.42,3.68,30.52
83260,2.72,1.49,2.13,21.84,-168.3,-130.1,1049.5,-25.1,-13.15,1.19,30.96
83280,1.19,3.91,3.93,14.53,-57.7,-117.9,968.0,-27.09,-8.04,2.97,30.25
83300,0,0.56,5.29,7.15,-132.7,-13.0,991.1,-33.79,-8.23,-0.34,30.3
83320,3.86,0,3.01,3.22,-72.6,6.6,1022.1,-28.45,-1.82,2.85,29.92
83340,0,5.42,1.66,0,-46.1,44.6,1016.0,-22.26,6.52,-0.67,29.69
83360,0,0,4.95,0,-124.0,-1.6,1001.2,-29.23,9.47,-4.68,29.62
83380,0,0,2.13,2.35,-141.8,195.9,983.7,-23.47,8.96,-5.27,28.72
83400,0.39,0.39,0,2.76,10.2,60.7,981.5,-14.82,8.88,-3.01,29.06
83420,0,0.61,3.2,2.37,-33.5,198.8,980.7,-8.81,22.84,-5.0,28.36
83440,1.01,1.39,0,3.86,-91.1,109.3,959.3,-11.44,21.99,3.94,28.29
83460,79.66,24.77,6.08,0.22,-26.8,124.2,987.5,-1.12,12.4,-1.06,28.09
83480,64.88,36.49,17.37,1.06,19.5,125.8,1007.7,8.01,25.74,1.89,28.53
83500,46.73,46.38,16.56,0,25.0,88.1,898.4,17.13,22.59,5.03,28.7
83520,27.63,54.08,30.13,0.33,75.7,53.6,840.5,18.75,0.17,8.66,28.93
83540,14.21,55.31,46.15,2.61,75.0,30.7,804.1,27.89,20.1,3.6,29.67
83560,8.98,51.69,60.81,6.39,81.9,20.9,833.1,30.67,4.99,2.17,29.39
83580,2.79,42.69,77.24,9.64,160.4,70.4,818.9,27.74,3.62,-0.35,29.94
83600,4.6,32.75,87.3,1.53,55.6,1.0,838.5,27.63,-8.57,-0.21,30.22
83620,0.48,21.35,86.15,11.1,37.7,-97.9,777.7,28.28,-8.48,-3.71,30.39
83640,0,9.01,82.92,21.01,177.8,-53.4,775.8,27.1,-16.21,-5.11,30.67
83660,0,8.39,66.58,28.57,7.9,-161.4,860.7,23.5,-5.74,-3.39,30.58
83680,0,5.64,55.91,49.26,13.2,-137.9,865.2,15.27,-21.02,-2.02,30.74
83700,4.55,0,40.11,58.52,91.7,-165.7,955.8,12.03,-15.48,-3.64,30.95
83720,0,0.07,29.17,68.87,94.3,-147.5,970.8,-1.45,-23.56,0.41,31.17
83740,2.0,0,16.76,58.4,15.5,-175.9,1050.6,-4.85,-21.91,2.55,31.03
83760,0,0.14,8.86,58.13,-30.3,-20.1,977.8,-4.87,-22.42,4.85,31.03
83780,2.06,2.03,8.06,47.11,-77.0,-181.3,979.5,-14.65,-18.41,3.27,31.05
83800,0,0.78,5.74,28.93,8.1,-33.0,1031.6,-24.77,-20.17,6.62,30.55
83820,0,1.03,0.74,20.8,-49.5,-63.7,989.0,-25.24,-10.66,6.3,30.76
83840,0,0.6,0.83,15.24,-162.5,-19.9,1005.6,-22.3,3.29,2.24,30.02
83860,0.68,0,2.29,2.33,-43.4,103.1,1016.8,-28.05,-4.27,0.53,30.15
83880,1.1,2.5,3.11,1.46,-110.4,-13.3,1059.7,-33.58,5.55,-1.47,29.77
83900,4.55,0,2.0,0,-229.8,21.6,987.7,-31.43,0.9,-4.34,29.6
83920,4.12,4.06,0,0.75,68.2,162.9,1011.0,-23.74,18.88,-0.7,29.29
83940,0.52,0,2.1,0,-65.3,56.6,1021.7,-18.78,16.83,-3.99,28.83
83960,0,0.72,0,2.14,-89.0,67.6,1005.4,-10.18,22.81,-4.78,28.84
83980,2.94,0.82,5.26,1.31,-141.3,124.8,999.4,-12.07,20.76,-0.39,28.32
84000,80.74,20.17,8.85,0,30.8,208.6,995.0,0.45,18.95,1.44,28.01
84020,73.77,37.9,14.78,4.24,52.3,113.9,995.1,1.55,11.93,2.47,28.3
84040,58.9,43.33,20.72,2.38,12.5,111.9,856.5,13.52,15.31,3.93,28.52
84060,38.03,52.19,33.59,0,49.4,125.5,848.8,20.79,18.69,4.49,29.1
84080,20.05,59.1,42.15,0,61.9,59.7,907.0,23.59,3.85,4.84,29.08
84100,6.07,55.13,59.73,0.51,102.2,25.3,809.0,21.27,8.53,2.45,29.01
84120,2.6,47.16,64.06,1.82,56.9,50.8,780.3,34.46,5.52,8.55,30.11
84140,0.04,32.28,85.54,1.0,134.5,-12.8,821.4,30.72,-2.12,2.17,29.95
84160,1.23,19.16,85.64,5.25,15.8,-48.4,776.9,26.01,-5.52,-2.94,30.6
84180,0,13.66,87.55,16.71,114.7,-124.9,868.0,25.9,-4.18,-6.85,30.3
84200,1.78,5.7,80.11,30.89,62.0,-130.0,892.0,22.11,-11.91,-9.14,30.96
84220,1.25,1.31,63.37,48.38,-8.2,-264.0,838.1,16.58,-14.63,-2.07,31.06
84240,0,4.43,46.05,59.91,-10.3,-225.1,922.4,11.86,-12.28,-3.36,30.54
84260,3.1,0,34.18,64.26,-24.0,-32.3,922.4,5.93,-19.5,-1.55,30.96
84280,0,1.39,14.13,67.17,20.7,-137.2,1033.9,-4.47,-25.21,2.21,30.99
84300,3.07,0.7,17.09,54.63,-92.2,-110.8,965.7,-6.24,-18.66,6.95,30.83
84320,3.65,0,7.67,43.81,-143.2,-120.8,955.7,-19.89,-17.36,4.5,30.86
84340,2.88,0,0,32.81,5.8,-151.6,1024.2,-20.97,-16.46,5.53,30.76
84360,0,0.52,2.53,24.71,-139.1,-115.9,1032.6,-31.97,-6.6,6.72,30.97
84380,1.41,0,0,10.71,-154.6,-59.4,1004.7,-27.88,-10.16,3.63,30.38
84400,8.64,0,0,11.21,-80.1,99.2,986.0,-33.14,-0.95,-1.4,30.16
84420,0,0,0,2.51,-74.7,83.0,1021.2,-29.39,-5.11,-0.82,29.99
84440,0,7.08,1.57,2.94,-29.8,61.7,1054.8,-31.7,7.43,-5.52,29.68
84460,0,3.72,4.13,0.49,-20.2,28.3,958.0,-21.77,8.44,-0.74,29.5
84480,0,5.02,0,0,-58.3,171.9,1008.9,-20.93,23.68,-2.25,28.96
84500,0,1.06,2.29,0,14.7,172.2,1021.2,-15.6,11.24,-2.8,28.97
84520,0,0.85,0,0,-40.0,129.1,983.2,-8.32,14.06,-2.12,28.69
84540,0,0,0.86,1.49,18.8,201.8,993.7,-3.93,12.33,-0.2,28.43
84560,70.59,31.58,11.0,0,-30.3,135.7,960.6,3.83,12.04,3.64,28.03
84580,54.97,40.25,16.73,1.92,20.5,143.4,888.2,7.47,10.54,6.97,28.75
84600,40.45,53.97,22.04,0,86.9,81.7,887.7,21.34,18.36,5.89,28.57
84620,23.84,62.61,43.3,0,60.6,31.7,907.7,23.82,9.11,3.74,29.51
84640,7.16,52.59,48.39,0,58.5,51.3,818.6,27.27,5.8,5.85,29.63
84660,3.6,43.21,71.91,0,131.2,36.3,811.7,31.51,11.26,0.29,29.67
84680,4.67,38.35,79.51,7.16,31.2,17.5,815.2,35.65,-6.12,1.8,29.9
84700,0,27.44,85.87,15.05,75.1,-103.1,816.7,29.78,-8.31,1.96,30.37
84720,0,13.94,84.16,11.38,48.7,-49.5,855.0,33.22,-10.37,-4.1,30.89
84740,2.91,8.18,71.21,29.45,62.2,-106.5,826.0,23.94,-8.9,-4.66,30.27
84760,2.74,0.64,62.83,37.81,-23.7,-31.5,872.7,21.27,-4.98,-4.67,30.93
84780,7.88,0.76,48.58,56.75,84.8,-198.4,958.8,13.78,-22.36,-1.09,31.11
84800,0,2.54,33.94,60.24,76.5,-131.5,921.2,3.95,-24.07,0.37,30.88
84820,0,1.41,21.88,66.74,146.3,-135.5,1026.1,-0.23,-14.1,1.05,30.72
84840,0.94,0,18.42,59.57,-17.5,-109.7,1012.2,-11.7,-19.54,1.77,30.69
84860,1.19,1.05,1.83,54.89,-72.7,-71.5,960.3,-12.91,-9.77,1.29,31.08
84880,0.89,1.57,0,37.16,27.1,-59.9,1068.1,-20.88,-18.02,7.12,30.76
84900,0,6.13,0,22.61,-156.5,-72.6,1007.8,-21.39,-12.59,5.91,30.61
84920,7.63,0,6.77,15.4,-74.0,6.4,1024.1,-26.4,-0.46,5.59,30.5
84940,1.53,0,0,10.07,-84.6,-62.3,1009.9,-26.08,-2.7,1.98,30.3
84960,1.45,0,0,3.76,-76.2,52.7,987.8,-23.7,8.93,-2.19,29.84
84980,0,1.98,6.81,0.91,-79.2,4.8,1090.4,-29.29,8.27,-1.51,29.63
85000,0,3.92,0,2.4,-143.8,113.0,994.0,-28.62,18.36,-5.51,29.61
85020,7.07,0,0,0,-47.2,127.7,1031.9,-25.03,10.17,-4.19,29.36
85040,1.71,1.91,3.28,0,-47.0,100.7,941.7,-16.81,16.72,-3.08,28.85
85060,4.1,0,0.57,0,-74.5,104.0,1011.1,-12.11,20.53,-2.18,28.46
85080,0,0,0.97,3.7,-34.8,186.6,1023.0,-8.72,17.58,-1.15,28.11
85100,76.47,25.84,5.52,0,72.7,154.2,1015.5,4.73,20.37,-0.77,27.96
85120,70.63,41.36,15.51,0,10.4,127.7,913.9,15.29,16.64,1.33,28.76
85140,45.82,55.75,21.23,0.25,-25.6,103.4,888.3,22.93,20.05,3.08,28.85
85160,28.05,56.34,38.27,3.19,87.2,88.9,790.8,23.15,12.62,5.38,28.75
85180,12.99,55.36,52.87,0.22,68.7,79.0,828.2,24.88,13.73,2.63,29.5
85200,8.09,51.61,63.97,1.02,49.6,7.3,789.9,28.56,13.07,3.01,29.71
85220,4.89,38.29,75.67,0.36,130.1,40.7,807.1,29.88,3.85,2.73,29.87
85240,3.03,27.12,85.68,8.77,37.8,68.8,796.2,31.36,-1.48,-0.44,30.13
85260,0,18.65,81.89,7.81,51.0,-15.6,814.8,27.9,-6.9,-3.4,30.52
85280,0.37,6.89,80.97,23.2,110.1,3.0,837.8,22.63,-9.96,-3.72,30.7
85300,2.33,0,67.51,42.27,93.4,-132.2,816.5,18.27,-16.7,-4.43,30.68
85320,0,1.84,52.76,48.27,39.6,-122.8,882.8,12.17,-11.99,-4.34,30.97
85340,1.12,2.08,38.58,53.76,58.7,-139.8,948.8,3.79,-5.67,-6.05,30.66
85360,3.69,2.48,28.36,65.75,-84.3,-135.5,1014.6,2.09,-23.91,-0.39,31.03
85380,4.18,0,14.7,62.35,-46.6,-179.7,990.2,-6.69,-19.13,3.65,31.34
85400,0.79,0.69,8.36,62.16,-140.1,-156.9,994.5,-9.17,-22.07,2.38,30.73
85420,0,0,8.17,40.07,-17.5,-129.0,983.0,-17.01,-21.21,8.88,30.72
85440,0,0,1.4,33.45,-76.8,-105.6,1004.4,-21.66,-11.66,3.26,30.62
85460,0,0,4.45,18.11,-129.9,-72.8,962.9,-26.05,1.58,4.33,30.49
85480,0,0,1.59,4.43,-75.2,24.8,1015.1,-29.35,-13.25,1.89,30.41
85500,2.91,1.23,5.05,1.14,-133.8,12.1,976.9,-30.46,-11.67,1.01,30.11
85520,6.67,0,1.95,0,-135.9,72.5,974.8,-26.35,4.47,-0.63,30.21
85540,0,0,3.65,0.2,-85.7,10.0,985.0,-29.26,10.38,-4.91,29.68
85560,0,0,0,0,-158.2,33.6,1037.1,-21.25,18.62,-5.79,29.3
85580,2.54,0,0,2.09,-71.4,161.7,979.1,-19.4,22.55,-1.09,29.17
85600,0,0,0,4.42,8.5,156.2,991.5,-15.24,14.44,-5.25,28.75
85620,0,1.05,1.87,1.94,15.2,146.7,998.2,-8.66,24.4,-2.64,28.11
85640,73.1,26.05,6.78,5.9,41.0,206.8,997.3,2.09,20.82,0.6,28.02
85660,69.47,42.1,12.04,2.01,-30.2,97.5,948.0,13.54,9.93,1.66,28.4
85680,50.03,53.46,17.57,0.75,117.9,103.5,883.8,12.65,18.95,6.49,28.69
85700,30.15,56.02,28.97,1.01,-54.6,92.4,914.4,17.39,18.07,4.82,29.06
85720,18.41,59.27,45.76,0,127.7,143.9,846.7,23.94,5.2,4.82,29.42
85740,4.3,51.93,58.99,2.09,69.0,69.3,851.4,24.95,-0.69,5.62,29.6
85760,8.9,37.12,73.13,3.96,123.7,-17.3,792.3,30.32,-4.5,-3.81,29.9
85780,0,35.25,81.44,7.21,71.3,-37.2,807.9,31.1,-3.62,-1.4,30.3
85800,2.98,13.97,86.59,12.8,91.8,-107.5,844.7,27.36,-3.3,-5.4,30.38
85820,0.07,12.38,89.28,19.3,44.3,-86.0,799.9,28.63,-9.06,-5.79,30.33
85840,0,11.89,76.8,33.54,29.4,-92.2,829.0,21.86,-20.05,-5.5,30.88
85860,0,1.56,60.81,46.75,119.0,-129.4,888.7,15.08,-23.72,-5.78,30.78
85880,0,0,46.12,57.95,111.3,-142.4,915.4,7.96,-13.68,-2.65,30.63
85900,1.22,1.57,33.2,60.88,-9.0,-201.4,1013.3,4.43,-26.84,1.55,30.93
85920,3.43,1.43,18.96,62.3,-48.0,-163.1,990.2,-6.44,-20.78,-0.03,31.03
85940,0,0,14.77,55.64,-72.9,-174.8,1037.7,-10.24,-16.25,2.46,30.98
85960,5.41,0,5.25,44.06,-8.2,-18.3,1014.6,-13.37,-17.86,4.7,30.79
85980,0.81,4.08,0,31.45,0.1,-17.4,973.0,-24.6,-10.7,3.27,31.36
86000,6.72,0,1.88,22.29,-80.4,-113.5,1001.2,-28.72,-21.67,2.06,30.51
86020,0,1.45,0,12.66,-152.4,-57.6,917.2,-32.53,-9.49,1.02,30.19
86040,1.31,2.31,4.93,3.95,-141.2,-51.7,993.2,-29.77,-0.27,0.35,30.49
86060,0,2.0,0.13,2.0,-79.7,-3.6,1024.0,-28.29,4.09,-2.36,30.19
86080,3.8,0,0,3.03,-116.6,67.5,992.4,-33.14,7.73,2.69,29.79
86100,0,0.61,0,0,48.6,110.1,1052.7,-22.22,17.85,-8.28,29.28
86120,0,0,2.16,0.39,-95.5,131.0,1020.1,-19.06,12.45,-6.35,29.01
86140,0,1.63,0,0.69,-106.2,87.1,1003.2,-13.26,16.01,-3.85,28.67
86160,0,0.07,3.27,2.79,36.6,148.3,974.3,-7.17,7.33,-5.3,28.42
86180,2.71,0,0,0,9.2,105.8,1021.8,-3.59,23.67,-3.36,27.86
86200,69.25,34.24,10.47,0,60.2,121.0,985.8,3.45,18.35,3.43,28.35
86220,53.96,46.45,16.38,2.15,-24.8,200.2,901.4,13.97,14.25,2.76,28.49
86240,30.29,54.53,19.46,0,-5.4,29.3,927.7,25.24,18.4,6.85,28.98
86260,21.02,53.06,41.3,1.54,33.3,110.5,854.1,22.77,14.9,1.74,29.28
86280,6.1,54.37,55.44,0,66.8,133.8,835.4,24.82,10.27,2.26,30.18
86300,6.64,45.38,69.81,0.46,110.0,61.7,807.7,26.07,7.18,4.02,29.65
86320,3.94,37.97,79.05,6.86,67.4,-6.0,871.9,29.22,-7.01,1.5,30.2
86340,2.5,23.94,86.4,8.23,94.3,-56.6,837.6,26.02,-8.55,-4.92,30.26
86360,0,11.74,92.16,16.18,-19.1,-80.9,883.5,25.1,-10.43,-6.12,30.55
86380,0.43,6.97,75.86,26.62,97.9,-59.5,802.1,16.89,-21.52,-6.01,30.97
86400,0,0.29,62.88,40.41,-25.3,-92.7,896.8,14.18,-13.68,0.26,31.11
86420,0,0,50.53,58.81,144.9,-171.6,934.3,10.29,-17.49,-1.06,30.85
86440,0,3.67,36.41,68.55,-2.9,-188.5,982.7,-2.97,-21.62,-4.53,31.07
86460,0,3.05,19.31,62.98,14.3,-112.6,948.3,-5.89,-16.27,1.68,30.9
86480,0,0,10.78,59.11,-37.7,-52.3,1027.5,-9.64,-22.94,0.81,31.05
86500,0,1.15,8.08,48.51,-98.4,-135.7,986.3,-11.61,-14.95,4.06,30.49
86520,0,0,0,34.57,-169.1,-71.6,997.6,-22.9,-18.33,6.91,30.59
86540,0,0,2.91,23.17,-41.5,-126.6,989.0,-22.95,-19.21,3.79,30.64
86560,0,0,0,16.18,-187.1,-13.8,957.9,-32.25,-8.53,0.93,30.39
86580,0,0.87,1.86,9.75,-138.8,25.2,1048.0,-29.49,-2.12,-0.79,30.25
86600,0,0,0,1.12,-143.9,69.7,1011.4,-24.65,-1.99,-0.41,29.96
86620,1.28,2.45,0,0.48,-44.7,83.8,982.4,-26.34,11.76,-2.63,29.79
86640,0.66,0,5.72,4.68,-102.0,132.1,940.9,-19.34,11.51,-8.14,29.58
86660,0.94,0,0,0,-63.3,138.4,1018.5,-19.21,19.51,-4.05,29.09
86680,0,0.76,3.49,0,-28.9,100.9,1026.7,-15.5,17.29,-3.5,28.78
86700,0,2.88,0,0,18.4,114.0,1014.5,-6.41,17.45,-3.18,28.53
86720,0.4,1.43,0,1.11,-59.6,132.5,1003.5,2.93,20.47,-1.1,28.24
86740,76.53,31.49,14.4,0,99.5,104.5,957.3,5.74,22.12,1.96,28.17
86760,58.48,37.24,13.26,0,-52.1,119.0,924.5,11.52,10.68,1.02,28.8
86780,43.33,52.16,24.22,2.99,101.7,175.5,868.4,15.37,12.92,4.63,28.85
86800,18.25,51.22,41.18,0,135.2,146.8,871.9,17.16,5.76,5.7,29.3
86820,7.34,52.78,51.84,0,28.7,119.3,834.8,26.79,5.89,5.86,29.74
86840,8.26,49.19,67.47,3.07,62.4,22.3,765.8,31.38,12.49,-1.89,29.6
86860,0,40.67,78.18,4.73,132.1,-91.0,773.5,30.49,-6.42,-1.61,29.88
86880,0,29.52,93.02,5.41,138.3,7.9,826.6,33.47,-2.89,-3.78,30.1
86900,2.46,18.34,83.42,13.01,56.1,-39.4,791.5,30.61,-7.64,-5.81,30.82
86920,0,6.24,77.34,25.64,68.7,-29.4,875.7,21.97,-5.75,-3.63,30.46
86940,1.29,6.13,65.91,33.77,4.3,-42.4,861.9,20.2,-15.28,-4.9,30.7
86960,3.29,4.53,49.09,49.24,108.3,-105.4,948.7,11.47,-17.99,-8.17,30.92
86980,2.63,0,37.16,62.78,52.7,-182.8,942.3,3.8,-15.04,-2.82,31.36
87000,0,4.17,32.29,66.19,55.4,-128.3,985.9,7.01,-26.49,-0.56,30.78
87020,0,0.78,18.51,53.72,-28.8,-119.4,997.0,-4.87,-14.93,4.53,30.91
87040,4.84,3.69,6.79,54.74,-16.2,-162.8,1005.7,-10.71,-25.32,2.91,30.95
87060,0,0,4.55,38.45,0.1,-136.6,1008.9,-12.83,-23.46,4.81,30.83
87080,0,0,2.08,27.76,-126.0,-95.5,999.0,-23.31,-7.19,9.08,30.7
87100,0,0,2.88,10.34,-57.3,-17.5,1011.9,-27.52,-8.27,0.87,30.8
87120,0,0.95,0,6.19,-105.2,-11.8,1012.5,-27.95,-2.91,0.62,30.65
87140,0,0.71,0,1.87,-110.7,-7.2,1017.8,-27.52,3.45,-0.97,30.27
87160,0,0,2.32,0,-84.2,14.3,1046.6,-33.76,4.8,-3.49,29.89
87180,0,0.75,2.19,4.83,-146.2,1.3,1059.2,-28.1,11.28,-4.44,29.63
87200,0,2.9,0,0,1.4,84.5,977.4,-21.74,15.57,-0.62,29.43
87220,0.01,0,0,0.61,-44.6,103.6,982.7,-13.01,19.35,-1.89,28.9
87240,0,2.13,0,0,-96.0,188.8,1013.6,-11.96,18.38,-2.12,28.39
87260,0,0,0,2.38,-56.1,179.2,948.8,-5.99,14.09,0.97,28.23
87280,79.03,26.06,11.42,2.24,-20.7,136.5,988.2,-1.73,18.93,-2.09,28.5
87300,66.87,35.89,14.19,2.21,-60.7,142.1,934.4,11.03,21.7,5.06,28.32
87320,45.89,44.47,20.92,0,20.1,81.1,865.7,13.65,20.41,2.37,28.67
87340,27.57,55.04,32.49,3.57,30.4,109.3,838.8,19.38,15.52,9.81,29.41
87360,8.94,55.79,44.93,3.04,69.7,117.3,855.4,21.41,14.9,4.1,29.6
87380,4.78,55.54,61.4,0.44,124.9,137.9,797.4,32.37,6.34,6.68,29.76
87400,1.59,38.1,68.37,4.32,112.2,58.9,807.4,28.14,-3.33,2.04,29.79
87420,0,28.55,85.3,10.17,139.1,-45.6,824.9,32.92,-7.52,3.36,30.33
87440,0.38,14.33,87.74,13.39,101.0,-141.5,853.0,26.88,-0.09,-3.71,30.54
87460,7.11,8.91,81.88,19.89,141.9,-80.9,833.6,20.73,-1.22,-8.0,30.45
87480,0,7.83,69.12,34.15,115.8,-106.0,893.7,18.69,-16.52,-3.88,30.6
87500,0,1.35,58.12,52.14,11.2,-35.0,914.2,14.38,-20.11,-5.73,31.13
87520,0,0,39.54,55.4,24.3,-201.8,944.9,7.23,-18.52,-1.72,30.78
87540,0,0,30.79,59.32,29.6,-177.1,1052.3,1.94,-25.47,-0.74,30.83
87560,0,0,14.76,68.55,-97.3,-186.1,1010.0,-9.85,-11.1,4.09,31.08
87580,2.31,0,13.31,52.38,3.6,-193.4,1019.0,-7.55,-17.73,7.52,31.03
87600,0,1.21,3.69,41.23,-110.6,-176.3,995.5,-13.31,-16.88,5.62,30.86
87620,0,0,2.06,27.18,-38.2,-190.6,986.0,-24.6,-3.94,3.64,30.76
87640,0,0,2.97,14.33,-20.8,1.3,982.3,-21.92,-1.79,4.17,30.72
87660,0.83,0,0.13,7.89,-12.7,-38.0,943.7,-29.25,-8.58,2.72,30.32
87680,1.82,0.35,3.22,2.65,-145.1,-67.1,979.9,-29.14,-5.51,-1.94,29.76
87700,0.51,0,4.44,0.9,-82.5,-25.5,952.7,-26.5,4.82,-2.84,29.78
87720,0.24,0,0,1.35,-49.7,82.9,945.3,-31.9,6.54,-2.67,29.53
87740,0,0,0,0,15.8,79.8,1021.7,-20.66,14.23,-3.57,29.37
87760,0,0,0,2.04,-67.7,47.1,1021.8,-13.65,16.72,-5.8,29.2
87780,0.27,0,2.98,0,-29.2,127.0,968.8,-7.88,17.3,-5.17,28.91
87800,1.96,0.39,0,6.96,50.6,171.8,968.7,-4.58,24.79,-4.69,28.34
87820,79.31,23.18,10.59,0,-28.3,212.5,1045.5,0.48,14.57,-1.8,28.04
87840,73.9,30.79,16.46,4.87,42.9,103.6,915.7,8.18,8.96,6.12,28.57
87860,49.22,49.05,17.76,0,74.5,43.6,869.3,18.25,19.7,3.07,28.47
87880,34.09,56.21,28.98,0.36,42.5,82.0,836.0,19.31,25.38,5.35,29.36
87900,16.07,60.45,44.21,0.02,68.2,71.3,843.9,26.09,15.76,2.94,29.24
87920,11.55,54.29,53.99,1.96,169.6,82.9,807.0,28.52,5.59,6.88,29.63
87940,0,36.93,74.18,0,107.8,72.0,755.8,29.84,2.89,2.75,30.06
87960,0.53,38.79,83.24,4.76,80.7,-166.1,811.6,28.5,-0.46,-1.16,30.54
87980,1.71,23.78,87.53,11.07,99.9,0.5,754.3,29.66,-8.39,-4.62,30.0
88000,5.18,8.21,81.82,22.46,90.0,-128.0,824.8,29.62,-9.75,-5.21,30.78
88020,0,8.97,75.23,29.43,51.4,-172.8,835.4,22.53,-14.25,-5.41,31.1
88040,4.1,4.24,62.09,45.26,100.3,-143.9,811.1,13.13,-18.87,-6.43,30.89
88060,0,0,47.15,55.87,128.5,-160.0,927.7,15.47,-13.64,-1.55,31.29
88080,2.25,8.63,37.11,70.14,41.7,-144.3,1043.7,-0.32,-16.72,0.03,30.54
88100,0,0,20.0,62.52,78.8,-148.0,1030.7,-1.39,-28.37,2.11,31.19
88120,0.13,0,10.6,62.68,-26.6,-211.2,1004.4,-11.2,-16.14,2.59,30.6
88140,0.36,1.02,6.84,50.53,59.5,-165.4,1033.1,-14.92,-21.67,6.59,31.11
88160,0,0,9.37,32.38,-88.7,-84.9,981.0,-24.11,-12.59,1.52,31.11
88180,0,2.79,4.29,16.9,-119.6,-191.5,994.2,-27.28,-10.14,5.7,30.29
88200,0,3.87,0,10.18,-11.7,-62.3,1096.3,-29.53,-17.51,3.62,30.63
88220,5.06,0,1.13,5.68,-167.9,-46.6,986.3,-32.27,10.05,1.44,30.37
88240,0.64,0,1.69,1.0,-123.2,-38.6,963.5,-32.74,0.27,-1.73,29.92
88260,0,0.54,0,0,-57.6,53.3,1062.2,-30.32,7.09,-2.73,29.56
88280,2.51,0,5.35,1.99,25.9,132.5,989.3,-21.23,14.12,-2.32,29.41
88300,1.32,0.07,0,1.04,-89.9,120.3,969.8,-23.75,23.76,-8.34,29.0
88320,4.84,0.87,0,0,-87.0,152.6,1039.8,-18.57,20.98,-0.33,28.8
88340,1.1,0,0,0,-89.1,10.5,1021.2,-8.39,20.96,-0.04,28.52
88360,0,0,0,1.26,31.9,71.2,1028.3,2.65,16.38,1.89,28.21
88380,73.63,27.97,6.62,0,84.1,141.8,925.1,5.21,21.13,1.93,28.22
88400,58.15,40.51,14.76,0,96.0,76.1,857.4,13.43,20.92,4.64,28.88
88420,41.14,56.96,22.39,0,86.4,111.5,863.3,20.68,8.04,5.37,29.08
88440,20.37,56.94,38.24,3.52,34.7,50.6,881.2,19.96,10.57,3.49,28.96
88460,8.72,63.6,56.49,1.45,26.0,78.4,826.1,27.08,10.24,7.22,29.77
88480,2.16,46.25,69.95,6.43,58.0,39.6,777.8,25.07,4.84,3.68,29.39
88500,0,40.04,75.19,0.9,32.7,-25.8,834.9,31.39,-1.37,1.5,29.87
88520,3.18,28.55,87.04,9.21,138.7,-31.6,808.4,25.29,3.76,0.5,30.65
88540,0,14.8,79.34,18.45,64.2,-38.3,832.5,27.95,-9.31,-7.55,30.86
88560,0,8.71,78.86,26.54,28.9,-120.3,878.8,17.31,-10.59,-6.21,30.72
88580,0,1.7,61.34,44.12,100.1,-187.2,888.5,17.05,-13.34,-4.98,30.8
88600,0,3.1,44.53,55.41,1.7,-149.0,906.8,11.37,-20.34,-5.26,30.86
88620,2.3,0,36.36,65.44,85.5,-152.2,957.9,5.8,-17.33,-1.29,31.07
88640,1.17,1.2,24.27,61.89,21.6,-168.9,1021.3,-3.53,-28.08,0.99,31.05
88660,0,0,14.04,60.19,-35.4,-141.1,946.3,-8.33,-13.46,-0.96,30.5
88680,2.19,0,13.71,44.99,-65.8,-112.3,971.9,-16.1,-17.05,0.38,30.94
88700,1.86,2.22,3.22,32.85,-59.7,-64.2,1015.6,-19.86,-22.02,10.14,30.84
88720,0,4.73,2.13,30.05,-47.9,-99.0,1005.3,-25.86,-15.06,2.34,30.8
88740,0,0.83,0,12.89,-172.1,-21.0,1010.3,-26.72,-11.16,5.39,30.59
88760,0,2.84,2.12,9.65,-7.4,-29.6,971.4,-32.73,-3.02,0.7,30.04
88780,0,0,0.88,2.77,-85.7,56.6,998.7,-30.63,7.33,-3.65,29.82
88800,0,0,0.78,1.65,-124.9,111.7,991.8,-28.7,6.71,-7.06,29.73
88820,0.79,1.4,4.35,0,-73.5,61.9,974.8,-21.72,6.27,-5.65,29.31
88840,1.36,0,0,0,-54.4,99.3,989.9,-19.92,11.59,-2.97,29.43
88860,0,0.69,0,0.72,-25.0,90.3,1024.2,-15.99,15.46,-2.25,29.21
88880,0,3.74,5.31,0,-19.5,214.8,1033.4,-6.11,10.52,-5.61,28.27
88900,0,1.82,0.37,0,54.8,147.4,993.1,-5.63,22.91,-4.16,28.03
88920,77.61,31.88,11.45,0,30.3,221.0,948.9,5.77,9.0,1.56,28.04
88940,66.45,41.1,17.93,0.01,58.1,168.1,909.2,5.85,21.58,3.68,28.3
88960,45.9,47.21,27.04,1.47,126.0,140.0,852.2,12.91,17.44,2.59,29.07
88980,21.71,56.81,35.29,0,79.9,174.1,816.6,28.11,21.15,5.95,28.87
89000,9.5,55.44,45.71,1.56,5.5,133.8,846.5,26.18,17.86,3.81,29.01
89020,5.72,46.12,62.46,0,88.7,49.6,837.7,26.92,2.44,5.34,29.87
89040,1.42,42.52,79.14,7.59,55.0,-30.3,784.0,26.76,2.63,1.99,29.96
89060,0.61,27.92,87.25,6.7,162.4,-44.3,803.4,31.96,1.3,-2.27,30.58
89080,0,15.87,90.59,13.69,82.5,-93.1,841.5,27.45,-7.65,-3.45,30.54
89100,0,10.75,74.45,25.3,133.0,-27.5,846.9,24.36,-3.77,-1.83,30.77
89120,0,6.41,68.09,35.09,96.7,-90.5,855.8,19.89,-20.54,-4.45,30.96
89140,0,0.39,54.41,52.62,47.4,-149.1,888.8,15.09,-24.92,-2.37,31.16
89160,0,0,39.23,64.47,79.3,-201.3,929.2,9.05,-19.65,-3.13,31.2
89180,0,0.48,26.93,69.33,-8.8,-60.4,1021.2,-0.82,-21.94,1.45,30.85
89200,2.02,3.25,16.37,61.96,10.3,-54.9,992.5,-4.86,-16.75,1.32,30.92
89220,1.89,0.56,10.59,58.0,-52.6,-95.6,997.3,-10.35,-11.14,5.58,30.89
89240,0,2.62,4.11,39.38,-70.9,-75.4,1025.6,-19.37,-17.21,5.08,30.77
89260,0,0,3.14,23.05,-122.1,-42.7,1025.2,-25.32,-6.11,7.08,30.59
89280,0,0,0,11.83,-164.5,-73.4,983.1,-27.82,-12.14,6.95,30.38
89300,2.53,4.6,3.57,8.7,-211.3,-14.1,1011.6,-24.47,3.17,4.63,30.17
89320,0,0,6.74,4.92,3.4,-93.7,952.6,-30.23,7.79,-0.51,30.06
89340,7.01,0,0.08,3.96,-132.9,109.2,1042.5,-25.94,6.16,-0.73,29.54
89360,0,0,0,5.56,-68.6,45.9,987.9,-28.07,9.47,-4.59,29.57
89380,4.05,4.35,0,3.81,-45.1,63.9,977.5,-22.79,15.96,-6.71,29.21
89400,0,0,1.19,0,-73.1,41.2,1065.4,-15.73,13.05,-6.16,28.81
89420,2.61,2.79,1.63,0,38.3,119.5,1016.3,-11.03,23.79,-2.07,28.54
89440,0,0,4.37,0,-48.4,203.6,939.1,-5.48,24.15,0.78,28.12
89460,75.09,23.86,1.4,0,-24.0,166.9,933.0,2.34,24.11,2.33,27.85
89480,67.17,37.32,13.79,1.68,-21.5,159.6,966.8,12.0,26.11,-0.76,28.59
89500,49.01,47.79,25.54,1.73,86.0,106.4,851.3,15.63,15.39,4.7,28.67
89520,29.61,56.01,30.23,2.58,112.5,95.1,906.9,22.34,13.96,5.96,29.21
89540,12.31,58.41,43.26,0,167.6,28.8,852.6,23.99,8.11,3.17,29.43
89560,4.54,59.3,63.0,1.94,139.1,79.2,845.4,32.34,1.78,1.85,29.59
89580,6.54,40.16,77.88,6.73,155.1,-28.3,842.0,32.79,0.25,3.81,30.13
89600,0,33.38,84.8,2.13,164.8,-17.3,795.6,29.19,-12.11,-1.67,30.36
89620,0,19.38,87.79,10.77,56.0,-48.3,816.7,27.72,-3.16,-7.26,30.43
89640,4.04,13.31,83.51,24.09,74.2,-94.2,826.7,28.05,-5.98,-3.97,30.65
89660,0,8.74,71.03,31.3,99.5,-91.1,850.5,16.39,-8.69,-8.17,30.9
89680,0,4.71,61.42,42.22,43.0,-154.8,948.0,16.89,-20.79,-5.0,30.75
89700,0,5.87,38.68,58.55,42.2,-227.1,973.9,8.93,-20.88,-6.55,30.9
89720,0,0,32.63,67.63,9.0,-135.5,952.9,5.25,-14.68,-1.63,30.79
89740,1.33,0,15.5,64.45,-23.7,-89.5,1029.8,-13.79,-15.5,1.12,31.4
89760,0,3.38,8.26,51.05,-8.3,-147.4,989.1,-10.26,-24.77,4.38,30.96
89780,3.98,0,5.21,46.72,-55.5,-173.2,1004.6,-11.22,-13.36,4.48,30.78
89800,0,0,5.24,30.12,-58.1,-138.0,980.9,-19.21,-12.86,3.42,30.76
89820,0.71,9.38,0,16.42,-56.9,-27.1,997.6,-33.15,-5.05,4.94,30.4
89840,0,3.39,0,8.39,-145.6,-73.7,968.0,-34.01,-4.87,8.32,30.43
89860,0,0,4.3,3.62,-82.5,53.8,972.1,-32.82,-10.15,-0.44,30.11
89880,1.67,1.65,0.01,0.52,-100.4,-27.3,980.2,-30.71,10.28,-2.81,29.85
89900,1.58,0.87,5.55,1.72,-22.4,91.7,995.7,-27.18,3.25,-2.21,29.75
89920,3.17,0,0,0,-94.3,41.6,1029.6,-24.13,17.37,-3.73,28.97
89940,0,0,1.74,0,-10.7,66.4,1006.4,-21.73,14.1,-4.32,28.82
89960,0,2.13,0,0,-141.9,123.4,1026.6,-15.39,16.72,-3.35,28.83
89980,0,0,0,0,-66.1,115.0,1018.1,-10.46,24.96,-0.39,28.72
90000,80.5,21.58,6.98,1.05,-1.5,154.7,977.2,-3.08,15.04,-2.52,28.25
90020,71.56,31.74,8.62,0,67.5,105.9,961.6,9.61,17.13,4.73,28.27
90040,52.32,49.69,11.7,0,106.9,195.9,916.9,15.36,32.73,5.01,28.6
90060,36.16,55.41,27.69,2.04,4.1,117.4,846.1,16.84,9.52,4.54,28.78
90080,19.13,58.46,40.58,0,42.6,37.3,768.1,21.78,7.5,7.03,29.32
90100,4.17,56.49,52.69,0.82,70.0,49.7,842.7,30.0,5.25,2.92,29.43
90120,6.15,46.79,75.58,4.24,70.3,77.1,814.3,24.93,2.29,3.2,29.82
90140,2.16,31.58,84.97,6.96,78.8,1.5,828.2,30.99,-2.11,-0.1,29.98
90160,0,21.87,83.74,8.23,86.0,-48.4,862.2,32.78,1.06,-0.88,30.23
90180,0,16.93,78.42,16.54,55.1,-55.1,758.7,24.15,-15.29,-6.28,30.74
90200,0.79,8.8,74.94,35.37,98.2,-140.8,879.8,25.15,-6.88,-5.27,30.45
90220,0,8.62,65.09,46.83,155.2,-69.1,928.5,15.81,-17.81,-5.39,30.99
90240,0.39,6.36,49.65,58.93,21.9,-155.2,924.9,12.81,-17.93,-2.73,31.13
90260,2.86,0,31.25,63.89,13.3,-156.2,992.1,2.09,-27.73,-2.1,30.92
90280,0,3.12,15.78,68.06,-57.7,-219.2,983.7,-2.75,-24.16,-0.45,31.08
90300,1.81,0.39,12.94,62.75,-86.5,-135.8,988.6,-10.76,-20.05,3.97,30.5
90320,1.98,0,3.44,47.2,-99.0,-136.5,1012.0,-14.13,-20.94,3.67,30.69
90340,0,0,3.18,31.9,-99.6,-74.9,995.0,-22.02,-12.32,3.58,30.82
90360,0,1.96,0,19.83,-156.8,-118.5,975.8,-21.18,-17.31,8.54,30.62
90380,0,0,1.22,16.33,-238.2,-58.0,991.7,-28.82,-7.45,5.0,30.63
90400,2.44,0.62,0,1.22,-76.0,-23.3,971.5,-30.66,-2.39,1.15,30.47
90420,0,0,0,8.37,-76.0,93.8,1032.3,-33.78,6.09,-0.04,29.62
90440,4.84,3.11,2.65,0,-165.4,-19.1,1005.0,-25.45,17.77,-5.21,29.57
90460,0,0,7.21,0,11.0,55.0,995.5,-22.4,11.26,-5.54,29.33
90480,3.21,0,0,0,-30.6,162.4,1036.1,-24.68,13.14,-5.18,28.84
90500,0,1.75,1.07,0,-35.8,165.2,966.3,-16.66,20.25,-6.46,29.18
90520,0.04,0,0,0,-19.8,111.1,976.0,-6.6,26.68,-2.93,28.01
90540,2.75,2.92,0,4.15,2.0,171.3,1010.5,-0.5,29.35,-4.22,27.88
90560,76.71,26.51,11.15,0,-29.1,72.9,889.8,4.12,22.95,3.24,28.2
90580,58.74,40.64,15.03,2.92,84.2,137.1,938.2,6.07,20.69,3.58,28.48
90600,34.87,52.89,23.41,1.87,-12.7,128.7,875.6,13.56,9.35,7.55,28.9
90620,24.91,57.69,33.94,0,79.4,94.6,843.9,20.6,1.06,0.37,29.29
90640,5.51,62.71,45.08,0,80.2,25.6,858.0,24.46,13.34,3.92,29.34
90660,0,54.87,64.92,0,155.4,69.1,787.6,30.75,5.49,4.04,29.6
90680,3.38,36.56,79.39,3.94,98.3,-3.8,831.7,23.86,2.9,-1.63,30.13
90700,5.01,29.82,90.5,8.1,149.3,28.0,793.3,30.41,-7.34,0.36,30.5
90720,2.36,10.6,89.72,13.71,133.9,-71.7,830.8,28.06,-7.04,-0.81,30.82
90740,0,11.47,76.89,27.94,36.8,-73.4,833.7,21.57,-11.64,-5.43,30.77
90760,2.32,1.48,66.05,37.58,51.8,-229.9,908.0,21.07,-11.23,-4.66,30.76
90780,0,5.15,51.86,54.83,85.6,-124.2,872.1,13.73,-15.99,-7.94,30.86
90800,2.62,1.18,34.77,64.02,64.6,-186.3,946.7,6.26,-18.06,1.34,31.01
90820,0.84,0.45,19.64,69.26,-47.2,-215.7,1001.6,-0.89,-12.41,-0.67,31.16
90840,1.54,0,13.07,63.52,-30.0,-201.8,1002.7,-3.79,-19.47,1.26,30.87
90860,0,1.76,11.8,49.83,-84.5,-149.5,958.4,-10.35,-19.15,2.56,31.03
90880,3.08,0,8.23,38.34,-137.1,-128.5,1047.3,-19.35,-11.0,9.18,30.94
90900,0,6.33,4.01,21.86,-7.5,-83.0,1046.6,-26.42,-5.02,5.35,30.75
90920,0,0,2.2,18.23,-110.9,-84.7,957.1,-27.54,-11.39,2.11,30.51
90940,2.26,2.3,2.92,9.91,-12.7,9.9,984.8,-28.59,-3.06,3.86,30.46
90960,2.09,0,0,0.86,-94.7,60.0,1039.5,-28.98,5.0,-1.96,30.25
90980,0,0,0,0.25,-69.1,7.9,966.3,-26.81,11.39,-5.99,29.9
91000,2.06,1.79,1.55,0,-4.6,150.9,992.8,-28.61,11.7,-2.05,29.59
91020,0,0.85,7.52,0,-69.0,49.3,1005.5,-21.56,10.91,-7.43,29.17
91040,3.13,4.33,0,2.89,12.2,58.0,979.4,-14.28,21.71,-8.88,28.78
91060,4.64,1.01,1.02,0,48.2,154.9,962.5,-12.56,23.84,-0.99,28.44
91080,3.51,1.99,0.78,2.55,3.6,44.6,949.1,-8.22,24.18,-0.95,28.34
91100,70.26,27.46,4.67,0.79,21.0,119.9,966.0,5.02,12.76,-0.36,28.15
91120,63.71,37.31,21.05,0,95.0,249.4,959.7,11.5,19.73,9.64,28.21
91140,42.39,44.97,23.95,0,57.2,188.1,918.5,18.31,21.62,7.3,28.78
91160,31.33,54.21,33.84,0,106.3,81.6,905.0,21.13,11.04,2.31,29.47
91180,9.06,62.28,39.55,0,93.4,81.1,905.0,25.68,15.35,3.17,29.4
91200,6.84,54.09,61.43,0.62,130.0,93.8,824.3,29.69,5.14,2.63,29.66
91220,3.86,38.7,73.89,2.44,107.0,77.3,801.8,25.3,9.34,1.41,30.12
91240,2.7,28.6,83.73,12.12,-49.5,85.7,844.1,29.22,-6.88,0.97,30.22
91260,4.85,22.66,85.61,12.41,205.3,-79.9,814.4,29.52,-9.73,-3.69,30.31
91280,0,11.5,81.85,23.71,43.7,-55.4,835.7,25.54,-14.17,-5.6,30.72
91300,0,7.99,65.12,34.85,145.3,-119.4,832.6,19.94,-22.73,-4.43,30.77
91320,5.82,6.59,57.44,55.2,82.7,-146.7,891.6,12.08,-13.92,-5.96,30.89
91340,5.1,2.0,38.98,60.52,86.7,-81.7,996.4,7.99,-21.5,-1.78,31.14
91360,0,1.88,27.47,63.7,84.1,-276.8,965.6,2.06,-17.09,-1.55,31.33
91380,1.18,0,15.29,68.25,31.9,-131.7,1038.6,-4.18,-18.64,4.76,31.24
91400,0,0,8.4,55.39,-56.8,-96.0,926.5,-13.2,-18.98,3.13,31.04
91420,0,1.11,8.56,39.03,-5.1,-150.3,1015.3,-16.97,-22.49,2.98,31.2
91440,0.28,1.88,3.37,20.26,-117.6,-134.9,1009.7,-23.43,-7.22,2.17,31.01
91460,0,0,0,17.01,-13.7,-9.8,997.9,-25.53,-7.85,3.03,30.32
91480,0,0,4.32,9.29,-101.2,-54.7,989.3,-30.36,3.28,-0.88,30.21
91500,2.96,0.5,0,3.51,-43.9,138.0,978.3,-29.32,-0.19,-1.84,30.15
91520,4.6,3.83,3.02,5.18,-66.0,98.2,1006.2,-29.68,4.48,-4.82,30.13
91540,0.71,2.59,0,0,-66.1,68.6,1020.5,-30.23,13.3,-7.21,29.7
91560,0,3.48,2.59,0,-95.1,109.1,995.1,-26.17,9.78,-4.16,29.19
91580,1.95,0,0,0,-57.6,160.6,994.9,-17.36,17.3,-7.3,28.86
91600,0.98,5.12,0,0,3.3,124.9,928.5,-15.71,15.44,-5.38,28.92
91620,0.2,0,3.19,2.15,-8.5,130.6,981.8,-7.96,16.35,-2.67,28.33
91640,82.43,21.36,8.39,8.17,-71.0,68.6,1005.5,3.59,19.59,-0.34,28.01
91660,74.09,32.63,13.32,0,12.4,153.8,926.3,4.27,27.0,2.93,28.52
91680,49.96,51.88,14.9,1.57,16.9,155.2,917.4,17.51,20.42,5.65,28.73
91700,33.48,55.95,37.32,0,197.8,42.4,858.1,17.54,16.96,1.71,29.33
91720,14.53,55.72,48.13,0,105.1,109.1,852.1,31.31,12.16,5.8,29.47
91740,1.9,52.46,55.17,6.4,89.9,49.1,834.0,26.64,15.28,6.54,29.59
91760,3.74,45.93,74.05,0.68,120.9,66.2,827.2,33.36,3.9,4.06,29.81
91780,5.98,28.02,82.37,1.87,124.6,77.1,773.6,31.95,-14.49,0.14,30.24
91800,0,23.79,88.9,9.65,-7.5,-141.9,787.8,27.5,-5.5,-4.99,30.03
91820,0.23,10.48,77.8,25.01,62.1,-51.2,814.0,25.49,-11.52,-3.75,30.44
91840,4.97,4.13,66.09,33.22,78.3,-18.7,863.1,22.33,-9.57,-6.98,30.71
91860,1.74,6.64,65.57,45.82,-25.7,-170.3,883.7,17.23,-9.93,-3.98,31.1
91880,0,0,48.72,61.57,122.0,-116.3,932.4,12.01,-16.04,-4.32,31.25
91900,0,2.55,29.17,69.3,-5.6,-210.7,1002.6,0.76,-9.82,0.34,31.2
91920,4.72,4.08,19.89,66.23,-38.5,-158.5,1009.4,1.04,-21.54,1.42,31.12
91940,0,3.03,11.33,52.34,-52.0,-230.6,980.5,-13.65,-18.02,1.75,30.82
91960,0,0,0,42.21,3.3,-82.6,1018.2,-21.16,-19.88,5.24,31.0
91980,5.45,1.66,2.67,28.41,-97.4,-41.0,980.6,-27.46,-11.76,0.88,30.8
92000,7.1,0,4.67,23.42,-136.2,-4.6,1001.3,-24.02,-12.91,4.95,30.51
92020,2.96,2.92,0,11.21,-89.9,-97.3,1030.4,-30.63,6.41,4.92,30.39
92040,0,0.21,0,3.4,-129.0,-65.4,1022.1,-29.09,3.0,0.32,30.44
92060,3.86,0,0,0,-28.6,-13.4,1009.2,-23.06,4.11,-1.2,29.81
92080,0,0,1.17,3.55,-151.4,32.4,970.2,-26.48,12.73,-0.79,29.27
92100,1.97,0.71,0,2.6,-134.9,89.1,969.6,-18.75,15.34,-7.64,29.69
92120,0.58,0,0,1.36,5.1,140.4,1031.5,-20.46,16.81,-5.28,28.91
92140,0,1.98,0.29,3.79,-65.3,222.8,1056.0,-16.61,28.85,-6.65,28.91
92160,0,0.92,1.56,0.96,15.7,176.4,967.2,-8.14,19.35,-4.39,28.13
92180,0,0,1.73,0,61.9,163.6,963.3,1.6,15.03,-3.54,28.26
92200,72.85,26.94,9.59,2.27,13.6,123.9,971.3,0.61,23.91,-1.73,28.44
92220,54.88,42.23,20.03,2.26,-24.6,119.4,916.9,17.94,16.34,7.36,28.38
92240,32.96,54.81,30.19,6.53,26.7,139.2,881.8,21.09,16.3,3.28,28.79
92260,17.62,59.55,38.87,2.22,170.4,127.5,879.8,26.94,10.74,4.27,29.31
92280,4.48,55.81,55.52,0.27,109.4,90.6,821.2,28.36,6.2,1.43,29.29
92300,0.52,43.98,67.93,3.11,85.7,-25.7,838.9,25.71,10.05,-1.84,29.86
92320,2.69,38.62,82.53,0.97,78.3,-34.6,818.3,31.87,-6.23,2.33,30.0
92340,0,24.82,80.92,12.99,102.2,-16.4,777.6,27.18,-4.28,-2.98,30.47
92360,0,15.3,88.19,20.21,65.6,-7.3,807.1,31.62,-6.08,1.93,30.89
92380,0,8.79,76.91,31.15,98.1,-108.3,819.5,21.11,-6.34,-4.85,30.61
92400,2.09,5.75,59.32,40.83,72.5,-172.8,928.5,14.1,-23.61,-4.26,30.24
92420,0,0.15,45.12,54.98,76.5,-135.6,911.3,6.7,-18.1,-3.33,30.83
92440,0.07,0,34.12,67.97,-6.0,-223.7,972.4,8.86,-24.68,-0.31,31.21
92460,2.55,1.89,21.03,66.11,20.8,-193.4,981.2,-1.37,-17.6,1.55,31.14
92480,0,4.1,12.2,62.46,-19.2,-128.3,985.6,-6.6,-11.27,3.62,31.05
92500,0,0,6.37,47.84,-28.9,-109.8,977.6,-21.0,-24.89,3.04,30.96
92520,0,2.91,3.82,38.78,-47.7,-104.6,1016.5,-16.57,-11.63,6.72,30.36
92540,0,0,0,21.88,-111.8,-95.7,1008.1,-27.28,-16.79,7.32,30.56
92560,2.45,3.52,10.44,10.06,-108.6,-88.2,972.5,-25.88,-10.68,5.45,30.27
92580,0,3.46,0,5.34,-81.3,-24.8,933.7,-31.93,-1.68,-0.0,30.09
92600,0.97,0,1.15,1.3,-43.1,47.0,993.6,-30.05,8.1,0.36,29.88
92620,2.61,3.95,0,2.83,-127.4,77.0,1046.8,-28.05,10.78,-7.01,29.84
92640,0,2.1,0.32,0.52,-76.9,103.6,998.3,-27.84,14.65,-5.28,29.31
92660,6.32,4.74,2.21,0.16,-111.8,83.8,998.3,-23.41,18.94,-4.12,29.03
92680,0,0,1.82,0.63,-119.1,53.4,1023.6,-15.37,11.28,-3.47,28.6
92700,3.22,0,0,0,-57.1,169.3,1029.0,-10.16,8.18,-0.26,28.57
92720,0,0,0.35,0,-47.3,115.0,1016.1,-0.4,23.56,-0.84,28.07
92740,74.15,30.06,6.11,0,-0.5,183.0,964.4,2.1,23.73,-0.58,28.33
92760,65.43,47.98,9.53,1.16,64.7,133.0,943.1,13.67,3.32,5.23,28.6
92780,40.03,52.9,23.03,0,53.2,113.6,877.8,16.57,16.67,3.68,29.01
92800,22.35,52.99,38.03,0,54.4,125.1,868.4,24.21,17.59,5.18,29.47
92820,13.89,54.56,46.39,0,79.1,-49.2,861.1,27.61,12.21,6.12,29.45
92840,0,47.45,65.76,0,42.7,103.7,748.1,27.1,8.17,4.09,29.85
92860,5.75,33.67,76.44,0.17,177.8,49.3,832.1,25.66,4.23,2.89,29.67
92880,5.14,28.11,81.77,12.72,159.2,70.7,772.4,25.89,-11.51,-2.24,30.14
92900,0,13.38,86.55,15.52,23.7,-5.1,819.3,29.09,-7.5,-2.52,30.35
92920,0,4.81,86.11,23.86,88.6,-103.4,870.0,24.23,-12.73,-6.88,30.54
92940,5.12,0,67.59,34.38,61.0,-91.0,858.0,20.11,-27.16,-4.59,30.84
92960,0,0,55.39,50.97,-59.4,-201.7,863.9,18.69,-11.93,-6.25,31.27
92980,4.31,0.64,41.98,55.47,-32.5,-0.7,923.5,6.56,-19.39,-2.93,31.02
93000,2.14,0,21.71,71.69,48.6,-134.0,991.8,3.73,-27.17,1.4,31.27
93020,0,0.61,18.14,61.08,3.8,-165.5,1011.7,-2.9,-15.04,4.68,31.17
93040,0,0,4.59,53.58,-59.9,-109.4,1016.0,-14.19,-12.64,0.87,30.5
93060,3.23,0,4.57,40.46,-89.7,-93.0,960.0,-20.77,-15.3,6.15,30.86
93080,0,1.01,3.75,29.92,-20.5,-34.5,931.5,-24.16,-16.88,3.41,30.75
93100,0,0,1.72,18.39,-142.8,-93.5,1021.7,-26.11,-11.74,1.74,30.64
93120,0,1.63,0.11,6.17,-198.1,-55.5,972.5,-27.49,-2.88,2.08,30.43
93140,2.34,3.24,0,1.16,-72.2,50.4,977.8,-35.87,5.42,-2.85,30.03
93160,1.08,0,3.01,0,-82.3,67.3,969.0,-28.79,-0.44,-5.62,29.93
93180,0,0,5.74,4.76,-77.3,142.3,998.7,-28.86,14.16,-6.67,29.25
93200,0,1.73,0,1.5,-35.9,71.9,938.5,-23.33,13.17,-2.87,29.04
93220,0,1.39,1.22,0,-0.6,125.4,1071.5,-18.12,24.68,-4.24,28.75
93240,3.67,0,1.42,0,66.4,133.7,1079.0,-14.29,12.13,-1.77,28.61
93260,0,0.26,2.54,0,-8.7,71.3,1005.9,-11.46,23.75,-3.99,28.15
93280,78.87,23.92,11.59,2.58,115.6,106.6,982.7,0.49,17.27,0.68,28.15
93300,58.95,41.09,10.91,0,-0.9,213.9,932.7,13.75,17.19,2.56,28.46
93320,48.36,46.21,26.55,0,125.7,144.3,883.4,12.13,20.0,3.81,28.87
93340,25.79,55.52,32.76,1.34,49.1,93.6,858.0,19.8,16.46,1.56,29.35
93360,17.87,56.46,45.62,0,132.7,175.7,824.8,27.35,11.66,5.82,29.26
93380,3.78,54.7,58.2,0,95.0,84.8,833.8,29.7,8.59,1.1,29.73
93400,0,43.87,70.82,2.6,92.6,77.3,830.2,34.16,-5.64,0.08,30.32
93420,1.32,32.0,79.58,5.74,20.7,-79.6,806.1,27.76,-9.05,0.0,30.31
93440,0,16.97,86.4,14.12,34.4,-121.8,809.1,25.58,-15.66,-2.73,30.21
93460,0,15.61,83.54,23.45,117.1,11.7,849.8,27.65,-15.43,-3.54,30.56
93480,6.4,5.84,73.04,38.09,82.7,-129.8,812.7,17.95,-10.86,-3.57,30.98
93500,0.78,1.94,53.66,49.17,45.6,-118.6,881.6,13.48,-15.8,-2.81,30.96
93520,5.78,0,37.19,59.28,-29.2,-91.6,913.7,6.8,-15.08,-2.23,31.25
93540,1.85,2.01,23.52,68.63,-75.7,-239.6,1005.7,2.47,-18.49,-3.52,31.0
93560,0,0.5,15.29,64.53,-174.6,-239.7,1028.1,-10.21,-17.81,2.85,30.82
93580,0,0,5.95,54.27,-68.7,-155.3,999.8,-10.0,-24.51,5.82,30.84
93600,0,0,3.23,46.62,-96.0,-136.6,994.0,-12.94,-14.19,6.86,31.13
93620,0,0.48,4.44,28.08,-112.3,-46.2,1038.2,-19.69,-4.18,1.47,31.01
93640,1.67,0,4.94,17.5,-1.8,39.1,1019.9,-28.65,-0.11,6.53,30.78
93660,3.87,0,1.18,8.38,-41.3,-85.7,957.7,-32.51,-5.29,0.61,30.25
93680,0,0,1.56,7.75,-81.1,-11.1,970.5,-23.81,0.67,-2.33,30.42
93700,1.93,3.45,2.9,1.98,-101.2,106.8,1020.0,-29.89,1.01,2.26,30.23
93720,0,0.02,4.41,5.27,-90.8,90.4,1013.0,-33.3,1.56,-5.33,29.77
93740,0,0,0,0,-99.6,183.6,1031.2,-20.58,13.31,-6.95,29.44
93760,0.66,0,0.04,5.27,-55.8,107.5,950.0,-20.02,15.64,-2.11,28.79
93780,2.74,0,0,0,-49.0,124.2,1023.5,-14.08,25.38,-3.98,28.59
93800,1.74,0,0,4.33,-28.3,162.2,1034.1,-8.31,28.26,-3.72,28.24
93820,78.58,24.46,9.63,0,-14.9,131.7,1049.8,-1.16,24.52,0.13,28.46
93840,70.85,28.76,19.13,0.93,91.0,252.8,963.5,3.66,18.13,0.78,28.43
93860,58.54,44.36,22.35,1.88,144.9,263.7,925.0,12.28,15.61,10.28,28.67
93880,34.03,58.61,28.85,3.68,52.4,107.0,920.3,16.68,14.58,4.39,28.86
93900,16.58,59.81,41.11,0,59.2,27.7,790.6,24.99,14.08,5.4,29.37
93920,6.71,53.61,57.84,2.73,148.0,59.8,827.1,30.77,-1.56,6.18,29.34
93940,7.11,46.81,76.67,0,25.6,17.3,828.1,31.21,2.96,3.53,30.06
93960,3.58,31.35,80.42,0,50.0,37.3,822.5,30.5,11.65,-2.12,30.42
93980,2.02,22.98,83.23,6.24,108.4,-29.1,792.6,31.85,-0.08,-0.01,30.25
94000,0,12.18,81.9,17.71,123.8,-45.2,836.5,21.57,-10.9,-4.17,30.52
94020,2.62,4.56,78.64,30.21,25.7,-122.3,807.7,17.97,-11.04,-3.07,30.75
94040,0,0,57.51,40.96,106.5,-81.9,872.2,15.52,-8.59,-5.29,30.81
94060,0,0,53.62,57.15,124.1,-148.4,925.5,13.54,-8.17,-1.59,30.78
94080,0,4.2,25.31,69.28,66.0,-184.3,952.3,2.36,-24.75,-1.17,30.97
94100,0,0,23.77,65.92,-42.4,-156.7,1011.1,-3.54,-24.64,1.93,30.76
94120,0,0,10.69,60.01,-16.3,-101.1,1036.2,-12.97,-21.14,4.06,30.8
94140,0,0,5.62,49.44,-66.8,-105.3,986.9,-11.39,-12.58,3.81,30.91
94160,5.59,2.49,2.97,30.16,-39.0,-46.9,1013.5,-22.59,-8.59,5.71,30.73
94180,0,0,0,15.02,-162.6,-196.2,1036.0,-24.48,-10.93,4.53,30.5
94200,0,0,0,12.13,-171.4,-121.3,966.8,-32.15,-3.11,3.15,30.61
94220,0,0,0.93,5.82,-115.8,66.9,970.8,-31.73,-10.26,-0.17,30.17
94240,1.68,0,0,2.0,-97.3,-7.9,994.0,-32.28,8.71,0.78,29.72
94260,0,0,0,0.99,-0.6,144.5,950.4,-27.38,3.67,-4.04,29.89
94280,0.22,0.7,3.26,0,-128.9,77.2,1025.5,-26.81,6.31,-4.99,29.6
94300,0,0,0,1.76,-95.6,192.3,1047.1,-24.71,30.6,-4.28,28.81
94320,0,4.84,2.98,1.82,94.1,132.1,1003.8,-14.54,25.87,-2.73,28.98
94340,0.91,0,3.07,1.99,15.0,92.8,970.0,-5.23,30.9,-5.46,27.89
94360,2.06,0,0,0.36,-60.9,132.6,989.9,1.37,12.74,-4.73,27.82
94380,74.87,28.24,4.62,0,20.0,186.9,961.7,7.88,11.25,-0.68,28.41
94400,57.24,48.22,16.47,2.95,15.8,186.4,924.1,10.49,14.6,2.53,28.93
94420,36.35,54.06,23.86,1.05,143.2,60.4,891.2,18.06,15.32,3.96,29.06
94440,13.89,52.4,38.14,2.55,180.8,38.0,792.4,15.92,11.88,3.73,29.68
94460,7.63,51.79,55.15,2.18,175.3,62.3,799.5,28.89,6.5,6.91,29.09
94480,1.39,50.7,67.05,0.1,138.2,113.9,846.7,33.12,4.6,3.58,29.92
94500,2.14,36.72,77.2,4.52,46.6,-29.0,814.5,30.31,-1.27,3.51,30.23
94520,2.88,23.11,86.83,0.63,26.0,-38.4,798.7,24.45,-0.92,-4.26,30.52
94540,0.95,14.92,83.52,18.11,45.4,-39.5,814.2,27.44,-2.27,-5.48,30.85
94560,0.67,8.66,78.2,25.29,54.1,-52.4,835.7,26.03,-9.53,-5.48,30.66
94580,1.22,5.66,66.06,43.25,97.7,-193.9,866.7,20.92,-15.18,-3.48,31.11
94600,0,1.88,50.81,56.75,-18.5,-53.0,942.6,8.34,-22.38,-4.85,31.42
94620,1.64,1.34,33.89,65.88,33.5,-109.1,998.6,8.61,-21.43,1.67,31.0
94640,0.69,0,24.05,61.64,-72.1,-149.9,947.8,-3.29,-14.21,-3.22,30.94
94660,0,0,16.83,65.69,-50.8,-215.8,943.8,-3.52,-25.08,-0.19,30.66
94680,2.01,0,6.12,47.27,-46.0,-79.5,963.7,-13.24,-13.32,5.49,30.47
94700,3.81,3.0,0,31.89,-90.3,-62.7,991.1,-14.72,-14.07,5.71,31.0
94720,0,0,7.88,20.09,-58.8,-40.1,975.3,-29.5,-10.15,2.74,30.34
94740,4.32,1.6,0.51,8.73,-178.3,-37.0,986.1,-28.77,-1.22,0.98,30.29
94760,0,2.38,3.04,5.15,-116.3,-102.1,990.9,-26.63,-3.03,1.52,30.16
94780,2.05,0,7.49,1.27,-87.4,98.5,976.9,-29.67,2.72,0.77,29.75
94800,0.28,3.5,0,6.0,-46.7,76.4,1050.5,-27.75,5.1,-2.3,29.23
94820,0,0,0,0,-184.6,134.2,1020.5,-26.06,14.0,-4.4,29.54
94840,0.85,3.34,3.21,0.64,-33.2,243.7,982.8,-22.24,19.03,-4.87,29.19
94860,5.03,2.18,3.06,0,-106.9,140.6,998.6,-13.04,7.01,-3.22,28.5
94880,5.05,0,0,0,-79.8,139.4,953.7,-13.1,23.48,-4.65,28.69
94900,0,2.82,2.89,0,82.8,102.8,978.2,-4.94,8.43,2.2,28.59
94920,74.34,27.31,4.41,0,19.0,199.2,929.7,7.58,22.63,2.46,28.02
94940,63.19,36.29,10.38,0,-61.7,296.1,906.0,8.76,28.13,5.39,28.64
94960,41.75,51.75,18.35,0,26.1,70.9,889.9,20.02,13.86,1.66,28.83
94980,19.57,59.42,30.31,0,5.1,181.3,860.1,22.32,13.57,3.03,28.97
95000,15.6,55.75,47.16,1.7,125.6,63.1,778.8,22.97,14.8,6.96,29.84
95020,4.45,46.53,68.49,1.0,104.7,54.3,828.0,25.5,2.21,1.94,29.8
95040,0,39.48,80.7,0.72,221.6,-67.4,838.9,30.7,-0.36,1.35,30.21
95060,0.63,31.28,86.12,9.78,66.2,-35.0,828.4,30.52,-1.17,-2.62,30.27
95080,0,17.97,83.08,13.87,47.3,-109.6,819.8,26.08,-4.61,-5.28,30.58
95100,0.26,3.24,82.5,28.49,98.9,-126.4,854.8,21.9,-11.43,-4.66,30.77
95120,0,4.21,66.44,33.71,9.8,-191.2,871.7,25.29,-8.68,-6.32,30.55
95140,1.61,7.1,55.72,43.77,135.2,-136.5,929.4,13.48,-18.31,-6.21,30.77
95160,0,0,36.61,63.05,-24.8,-160.2,1008.8,8.85,-15.02,-2.21,31.11
95180,0,0,26.74,65.99,-14.5,-16.9,1009.5,-1.43,-13.97,2.3,31.36
95200,0,0,19.2,66.23,68.3,-197.8,1021.1,-7.08,-16.57,2.26,30.97
95220,0,2.1,7.84,57.97,24.7,-150.1,1043.1,-14.68,-18.03,4.25,31.56
95240,0.91,0,5.68,42.54,-43.8,-126.8,1043.7,-13.51,-9.79,7.31,30.89
95260,0,0.54,0.05,25.0,-140.8,-21.7,1017.3,-21.02,3.67,7.13,30.96
95280,0,4.57,0.68,15.53,-56.1,-48.5,1012.6,-26.52,-7.63,3.94,30.55
95300,0.83,2.24,0,13.74,-142.1,32.9,1057.0,-26.38,-9.05,-0.03,30.31
95320,2.62,0,1.91,2.91,-4.2,27.0,1020.6,-30.05,-7.8,0.21,30.17
95340,0.56,0,0.24,6.22,-82.6,58.1,946.6,-28.06,2.14,1.16,29.89
95360,0,0,0,1.88,-43.5,42.0,1002.6,-24.87,6.77,-3.04,29.28
95380,0.92,0.97,0,0.04,-66.9,59.0,1036.6,-21.2,19.49,-2.41,29.09
95400,2.71,0.98,0,0,-70.4,172.1,966.1,-19.92,16.97,-6.3,28.79
95420,0,2.18,0,0,-63.1,141.7,1038.0,-9.24,7.07,-1.96,28.71
95440,0,0,0,0,-72.1,146.3,1029.5,-8.75,20.39,0.78,28.44
95460,79.97,27.89,5.49,0.65,54.9,180.6,991.5,0.87,22.91,2.1,28.2
95480,68.24,36.4,10.02,2.37,22.3,234.1,912.7,3.68,24.84,3.46,28.82
95500,45.43,44.6,15.88,2.0,88.3,107.2,892.6,10.18,13.81,2.41,28.59
95520,33.0,54.87,33.09,1.48,50.8,132.3,788.6,25.61,13.06,3.98,28.96
95540,14.58,53.49,49.33,0,95.9,93.5,767.4,20.69,16.25,5.06,29.16
95560,10.95,50.64,63.99,5.34,100.6,21.7,790.9,31.18,4.69,5.16,29.56
95580,5.07,43.63,71.17,4.81,0.8,-34.1,781.6,29.45,6.74,0.84,29.85
95600,4.45,29.04,85.83,5.03,161.0,-68.8,785.8,32.05,1.11,0.04,30.0
95620,0.1,21.76,87.5,6.78,168.7,-16.3,769.4,30.2,-4.87,-4.2,30.39
95640,1.49,14.09,78.45,24.95,40.0,-27.7,830.2,22.73,-7.38,-6.92,31.03
95660,0,3.2,69.89,33.93,190.2,-116.0,785.6,23.47,-22.26,-3.25,30.91
95680,1.51,5.22,59.78,47.31,42.7,-172.6,884.7,16.6,-17.65,1.02,30.84
95700,0.87,0,44.97,61.8,-35.5,-184.6,1003.2,8.74,-17.53,-3.66,30.85
95720,2.4,2.86,25.42,65.08,79.2,-83.3,987.4,3.68,-24.53,-2.02,30.98
95740,0,4.17,11.21,66.68,-54.1,-185.2,1018.2,-7.38,-15.46,-1.32,31.16
95760,0,0,8.86,54.26,-31.0,-186.9,980.9,-8.8,-19.12,1.45,30.9
95780,0,0,1.19,40.4,-64.7,-28.8,1003.5,-17.06,-15.58,7.39,30.62
95800,0,0,5.35,31.92,-161.3,-144.9,1007.8,-18.46,-17.78,6.98,30.88
95820,0,3.08,0,17.15,-117.6,-118.1,953.7,-27.17,-18.7,1.55,30.62
95840,1.94,0.99,0,10.65,-79.4,2.4,975.3,-32.36,-8.16,0.98,30.46
95860,1.79,0,0.37,0,-3.2,-11.7,1013.0,-27.75,-10.34,-0.56,30.01
95880,0.54,0,0,0,-161.3,-0.5,1017.0,-32.54,-1.42,0.31,29.58
95900,0,0.26,0.18,0,-61.6,-0.9,1021.2,-22.75,12.69,-9.99,29.34
95920,0,0,0,0,-96.5,112.3,989.7,-28.7,10.05,-5.66,29.07
95940,0,2.99,2.62,0.72,-84.7,82.8,1009.9,-22.63,13.52,2.54,28.81
95960,3.37,2.04,5.55,0.95,-38.8,148.4,1005.1,-19.21,25.67,-5.18,28.82
95980,3.52,1.69,1.16,0,-69.6,144.8,1006.9,-9.02,24.58,0.01,28.34
96000,78.11,19.74,2.86,0,77.4,212.0,1001.0,0.08,24.74,-0.72,28.21
96020,69.37,35.35,7.77,1.61,5.3,74.6,997.2,8.94,27.11,2.89,28.34
96040,50.35,43.36,17.22,0,104.8,128.7,918.8,8.29,11.49,4.06,28.59
96060,32.72,56.01,27.96,0.05,-14.2,147.3,920.2,22.83,12.5,0.02,29.45
96080,23.6,55.5,44.84,0,34.0,136.0,898.9,24.53,10.42,6.4,29.26
96100,7.04,56.46,61.2,5.09,101.1,53.5,813.1,22.86,7.42,0.27,29.73
96120,1.23,43.91,65.27,5.93,48.1,-35.6,828.4,26.18,1.39,0.72,29.98
96140,0,31.51,80.39,7.59,69.8,-10.7,763.1,31.91,6.34,-0.51,30.27
96160,0,21.77,84.65,11.83,102.9,-1.3,778.7,30.06,-10.4,-0.48,30.58
96180,0,10.69,81.09,18.12,97.3,-87.0,904.9,28.65,-13.88,-7.58,30.61
96200,0,10.9,71.32,29.77,114.8,-145.7,839.5,23.95,-15.3,-5.31,30.94
96220,0.84,3.97,65.77,42.79,100.4,-230.9,875.6,21.98,-11.92,-3.11,30.83
96240,3.17,0,47.67,60.57,13.8,-204.4,963.0,21.07,-15.62,-1.4,31.14
96260,2.46,1.92,38.72,65.02,52.8,-95.6,993.8,6.8,-24.79,-1.1,30.78
96280,1.25,2.15,25.41,67.95,-71.8,-60.4,970.1,1.24,-28.27,-0.96,31.05
96300,0,0,18.81,55.8,-70.7,-173.6,1025.2,-13.75,-15.6,1.96,31.19
96320,5.43,0,6.61,45.33,-37.1,-113.5,1055.0,-13.09,-25.59,5.28,30.73
96340,4.09,0,6.24,30.72,-42.2,-83.1,1005.2,-18.38,-13.56,5.14,30.79
96360,0,0,3.49,20.44,-63.7,-132.9,945.2,-25.37,-16.63,8.06,30.69
96380,0,0.81,0,14.44,3.1,-78.3,971.5,-25.97,-11.05,3.04,30.62
96400,0,0,0,8.52,-120.7,56.4,943.5,-28.41,-5.28,0.27,30.5
96420,0,4.55,0,2.23,-149.9,41.1,1059.2,-26.14,-0.06,1.55,29.84
96440,4.38,0,0,0,-119.5,-9.7,997.5,-27.53,5.14,-1.91,29.74
96460,4.33,2.73,0,0,-38.5,91.9,1032.3,-27.51,20.51,-2.88,29.45
96480,2.42,1.17,5.8,0,-90.7,166.1,1010.9,-18.9,7.35,-3.98,29.14
96500,0.97,0,1.16,0,-136.7,242.4,1035.4,-16.24,21.55,-6.55,28.74
96520,0,0,0,7.83,-36.4,4.0,1012.5,-7.5,33.05,1.9,28.42
96540,0.96,0.46,6.88,2.39,92.6,146.2,987.2,-3.46,6.57,-1.38,28.44
96560,76.46,33.64,9.42,0,163.5,72.6,972.1,6.87,16.26,1.18,28.07
96580,58.19,37.77,13.86,0,111.7,211.7,930.3,14.33,14.99,1.48,28.47
96600,43.5,51.24,19.4,2.41,50.3,196.0,820.4,15.06,17.82,8.69,28.85
96620,22.78,54.91,37.65,1.05,107.8,172.7,829.4,21.67,6.78,5.48,29.65
96640,9.01,58.67,48.99,0.43,151.3,61.5,807.5,24.86,7.63,2.11,29.49
96660,0,53.46,65.57,3.3,138.0,38.8,789.0,29.74,0.23,1.62,29.66
96680,0.97,43.19,80.1,11.26,81.2,-41.7,801.4,30.85,1.42,-1.71,30.1
96700,0,28.05,88.87,10.04,95.0,-72.7,797.9,35.33,1.01,-3.26,30.26
96720,1.97,14.19,89.01,13.1,119.3,-45.7,806.5,30.07,-7.5,-2.99,30.7
96740,0.6,4.4,78.4,23.06,110.0,-78.2,816.9,24.82,-9.93,-3.62,30.86
96760,1.35,8.17,68.53,39.39,76.6,-142.2,939.0,17.07,-17.26,-5.88,30.95
96780,0,0,48.08,58.04,55.4,-91.6,951.8,10.48,-14.35,-3.62,31.28
96800,0,0,35.25,68.78,-33.4,-9.0,996.3,2.57,-23.09,-0.63,30.99
96820,0,0,24.56,64.66,4.3,-118.8,1023.0,-2.21,-13.98,3.95,31.13
96840,0,0.97,12.42,57.9,-22.9,-188.8,1025.7,-6.89,-12.69,-0.71,31.16
96860,0,0,9.05,51.9,-99.8,-204.3,965.3,-11.59,-17.74,3.74,30.82
96880,0,2.64,5.48,40.06,-99.9,-185.2,1037.9,-24.52,-13.25,7.17,31.05
96900,0,0.64,0.91,25.24,-60.5,-121.5,997.1,-23.89,-10.77,4.05,30.91
96920,0,0,3.49,14.56,-62.8,-37.4,1022.7,-34.24,-2.64,1.28,30.3
96940,2.94,0,1.25,5.56,-114.5,-14.1,1039.4,-26.15,1.81,1.48,30.21
96960,0,1.06,0,4.73,-45.1,17.1,1024.4,-25.62,-2.38,-1.09,30.22
96980,0,0,0,3.73,-89.9,-12.5,997.9,-31.65,3.8,-2.85,29.76
97000,1.15,1.79,2.42,0,-49.8,73.9,1049.1,-24.14,14.48,-2.91,29.5
97020,1.19,0.69,2.93,2.99,-132.9,83.1,1008.8,-19.19,15.76,-6.25,29.29
97040,0.04,0,2.67,0,-30.7,108.5,994.2,-18.3,9.07,-3.61,28.66
97060,0,0.31,0,0,-60.4,100.7,979.5,-8.73,22.98,-3.96,28.58
97080,1.93,7.37,0,0.07,-79.5,75.0,962.5,-6.26,21.51,-0.62,28.33
97100,70.67,33.15,7.1,0,27.8,164.0,975.7,3.6,15.73,-2.31,28.13
97120,59.95,39.97,8.89,0,-3.6,138.9,962.9,14.99,12.62,1.95,28.46
97140,47.99,51.93,23.73,1.0,73.8,116.6,914.4,18.64,16.95,5.32,28.81
97160,27.92,55.65,35.07,0.75,98.1,78.7,867.7,19.23,15.57,4.29,29.17
97180,14.98,58.32,46.24,2.73,118.3,56.6,816.2,21.19,17.61,2.95,29.62
97200,1.08,53.15,62.01,0.59,111.8,32.4,872.3,29.88,4.47,3.64,29.7
97220,0.71,39.67,75.05,2.22,165.1,-1.9,807.3,26.98,6.95,1.16,30.13
97240,0,34.25,77.46,13.19,72.6,83.9,801.8,25.92,7.19,-0.55,30.16
97260,4.56,16.84,81.37,11.87,62.4,-106.7,812.8,25.48,-14.68,-4.56,30.27
97280,0.72,5.86,79.74,25.7,107.7,-57.4,790.7,26.76,-8.97,-6.17,30.53
97300,1.46,5.26,72.23,39.58,166.4,-112.3,810.6,20.88,-17.11,-7.06,30.64
97320,1.24,1.5,54.72,49.06,95.9,-220.4,905.8,19.91,-18.6,-4.35,30.93
97340,0,6.71,39.71,60.61,-5.7,-75.9,912.1,7.58,-18.43,-2.84,30.86
97360,5.22,0,25.95,59.98,-3.1,-101.4,963.3,2.82,-10.13,-1.62,30.61
97380,0,0,16.12,64.09,-58.7,-162.8,1008.2,-11.06,-16.8,2.2,30.72
97400,1.13,2.01,9.14,53.24,-122.1,-232.4,1014.0,-10.58,-17.46,5.8,30.67
97420,0,0.31,1.73,40.06,-94.5,-94.3,1043.4,-17.38,-23.56,5.73,30.72
97440,0.91,0,0.34,28.67,-24.1,-94.7,979.1,-28.09,-16.42,4.3,30.66
97460,0,1.0,0,20.5,-113.1,-57.8,979.4,-23.85,-8.5,2.58,30.56
97480,0,0,0,5.7,-124.9,22.4,1032.3,-25.93,-6.68,-2.03,30.35
97500,1.29,1.53,0,5.96,-77.4,-55.4,1017.6,-23.46,0.63,1.0,29.8
97520,2.01,5.46,0.68,0.46,-184.3,103.2,1014.0,-28.32,-6.1,-1.26,30.25
97540,1.15,0,2.88,0.75,-88.4,63.3,980.5,-28.85,7.6,-5.89,29.72
97560,0.32,2.09,0,2.71,-46.9,145.0,982.7,-21.92,13.0,-5.34,29.61
97580,0,0,0,0.58,-88.1,177.2,974.5,-13.2,10.19,-6.21,28.98
97600,0,1.95,0.39,0,-89.1,108.4,1027.6,-9.59,11.0,-2.23,28.32
97620,1.25,0,0,0,-48.9,98.9,1045.2,-7.27,12.97,1.29,28.18
97640,77.08,19.1,10.78,5.36,11.8,274.7,1003.6,-5.52,17.13,1.92,28.13
97660,68.3,35.79,8.26,8.6,63.1,126.2,974.2,5.8,16.35,4.76,28.45
97680,51.3,53.43,21.38,0,129.8,71.3,925.2,13.51,15.54,-0.68,28.43
97700,32.37,52.72,31.79,2.39,133.5,89.9,884.4,24.43,14.03,2.83,29.23
97720,17.45,63.64,44.17,0,145.3,23.0,816.1,16.81,21.62,6.01,29.55
97740,3.58,56.09,60.83,0,160.5,83.1,757.8,28.34,0.43,0.56,29.27
97760,2.26,42.94,71.64,9.31,91.7,41.2,783.5,32.61,-8.15,0.53,29.93
97780,4.56,35.22,76.71,4.2,64.1,-48.4,823.0,28.45,-7.36,0.26,30.11
97800,0,23.74,87.97,8.67,143.6,26.0,769.9,34.97,1.29,-0.53,30.04
97820,6.55,14.23,84.32,17.72,63.4,-96.4,906.2,27.54,-7.83,-2.34,30.64
97840,2.65,5.17,73.06,33.34,2.9,-98.5,838.4,21.19,-9.85,-8.34,30.69
97860,1.51,0,60.64,48.59,140.0,-68.9,920.9,11.53,-19.93,-6.62,30.7
97880,0,7.93,47.21,59.62,13.8,-78.2,929.1,9.19,-23.31,-4.62,30.92
97900,0.77,3.71,29.41,58.15,17.3,-179.1,1027.8,2.68,-21.89,0.54,31.01
97920,3.31,0.32,20.67,68.47,94.9,-148.2,981.3,-7.17,-12.68,3.08,30.93
97940,0,0,18.26,56.97,12.9,-130.8,1042.1,-6.46,-17.58,3.78,30.97
97960,0,4.04,5.29,50.07,-17.5,-99.9,1005.4,-14.54,-21.16,2.77,30.83
97980,0,2.63,2.1,32.14,-68.5,-100.4,1009.0,-19.38,-17.09,6.5,30.53
98000,0,1.39,1.66,21.79,-169.0,-63.7,961.6,-28.24,-9.82,6.35,30.55
98020,0,0,0,13.73,-98.0,-111.6,1006.9,-30.28,-5.77,1.72,30.31
98040,0,0,0,3.98,-87.9,-52.6,1039.0,-29.46,6.69,2.96,30.1
98060,0,0.8,1.66,3.03,-78.4,32.1,1055.3,-30.39,17.53,-3.19,30.07
98080,0,0.14,0,2.61,-56.9,83.7,993.5,-28.48,8.4,-3.32,29.57
98100,4.86,0,0.15,5.01,-74.0,135.7,979.3,-25.63,10.23,-4.58,29.4
98120,5.11,0,0.85,3.48,-98.7,108.2,988.4,-15.49,14.36,-4.89,29.03
98140,1.85,2.2,1.35,0,-6.8,201.2,997.0,-18.1,24.48,-2.31,28.62
98160,0,0,1.76,0,17.2,189.6,930.1,-10.05,23.1,-1.08,28.59
98180,1.26,0.13,6.21,0,75.9,134.1,939.7,0.03,25.18,-0.79,27.57
98200,73.93,27.37,15.0,1.3,2.0,135.9,937.9,7.85,21.62,3.67,28.07
98220,57.58,46.45,20.31,0,48.9,116.6,946.0,16.07,14.14,2.94,28.94
98240,37.08,51.83,31.76,0,10.1,66.8,877.8,15.16,16.75,4.91,28.85
98260,17.31,59.3,45.15,2.84,110.3,157.6,857.7,22.53,16.17,4.05,29.17
98280,10.26,53.93,60.74,0.31,61.5,80.0,821.9,23.38,7.6,1.92,29.7
98300,2.95,42.74,66.72,0,100.4,101.4,774.0,31.29,-3.0,-0.93,29.74
98320,0,36.02,82.69,7.93,196.1,-26.2,817.6,31.72,7.45,0.51,30.08
98340,0,21.12,83.14,10.74,69.0,48.2,701.0,31.76,-8.27,-3.05,30.23
98360,0,16.44,80.75,15.72,27.8,-195.0,816.1,34.57,-8.83,-4.41,30.67
98380,0,8.85,76.82,29.2,25.7,-80.1,853.9,21.71,-4.97,-6.57,30.8
98400,0,4.34,63.55,47.97,159.4,-115.8,873.3,16.22,-5.85,-2.9,31.04
98420,0,1.94,44.38,55.34,56.7,-156.9,883.2,10.26,-14.51,-3.49,30.93
98440,0,2.84,31.96,64.29,-47.8,-178.7,968.4,1.35,-22.74,0.06,31.17
98460,1.29,2.04,18.66,64.98,-24.8,-63.5,988.9,-1.88,-14.47,1.23,30.56
98480,0.91,0,12.29,66.99,-43.6,-223.4,1021.9,-8.67,-18.79,3.78,31.1
98500,0,0.49,8.49,48.09,1.6,-100.5,1005.7,-18.43,-8.34,1.63,30.46
98520,1.39,1.0,6.8,29.84,0.9,-62.8,1018.0,-22.41,-19.18,4.69,30.81
98540,0,0,0,19.01,-28.6,-135.9,1054.5,-23.2,-12.12,3.0,30.59
98560,3.65,0,6.0,15.3,-104.8,-59.1,971.0,-26.19,3.38,1.18,30.58
98580,3.27,0,5.82,10.03,-129.8,86.8,975.2,-30.11,-9.39,0.8,30.36
98600,0,0,3.41,3.62,-47.9,-13.5,1027.3,-35.94,10.61,-2.47,29.82
98620,5.24,0,2.36,0,-113.3,122.5,965.4,-28.01,19.86,-3.38,29.39
98640,0,0,0,1.49,-118.4,78.4,967.1,-24.47,14.58,-3.18,29.42
98660,0.64,0,0,0,-77.1,47.3,1012.7,-22.31,16.38,-7.28,29.14
98680,2.88,0.63,1.51,7.25,-31.3,180.2,993.1,-19.86,16.9,-0.94,28.87
98700,0,0.45,0,0,-91.2,219.3,992.4,-6.82,11.09,-3.95,28.51
98720,0,0,0,2.55,-47.6,115.2,1016.9,-2.84,26.08,-2.05,28.29
98740,71.5,26.02,11.16,0,72.7,36.9,955.4,1.56,16.19,-0.26,28.13
98760,61.09,40.95,10.93,0.22,85.4,128.6,932.2,10.05,18.15,4.95,28.47
98780,37.57,51.03,25.28,0,103.5,115.6,900.7,18.09,17.94,1.03,28.93
98800,23.81,56.45,34.11,0,113.7,11.7,846.3,20.16,12.22,6.79,29.28
98820,6.81,53.15,48.06,2.22,122.8,63.5,845.7,27.43,4.32,4.2,29.78
98840,3.5,50.1,65.62,2.35,115.1,54.5,796.2,31.21,9.45,-0.13,29.79
98860,0,36.63,85.37,6.13,190.6,42.9,806.8,34.3,-2.89,-1.84,30.42
98880,0,27.52,85.26,8.14,95.6,-3.3,788.8,31.15,-10.29,-0.76,30.32
98900,0,11.44,82.66,10.96,97.7,-16.8,816.7,23.67,-9.81,-2.27,30.43
98920,3.09,15.98,79.92,27.03,54.9,-55.8,828.6,27.13,-19.47,-6.59,30.63
98940,0,0,70.71,33.31,-55.8,21.1,846.4,17.25,-15.45,-8.15,30.67
98960,2.5,2.02,53.22,53.09,46.4,-126.9,904.4,10.63,-22.23,-1.98,30.98
98980,0,0,38.87,64.26,17.9,-98.4,952.2,7.35,-21.06,-4.59,31.12
99000,2.11,8.19,19.88,66.99,-61.9,-66.9,1022.1,-4.66,-17.94,2.94,31.03
99020,2.65,2.87,18.97,59.57,-111.3,-182.4,1016.8,-8.56,-20.62,0.53,30.8
99040,0,0,7.18,53.84,-91.6,-131.8,1007.3,-16.24,-24.28,3.44,30.7
99060,0,0,5.42,41.26,40.0,-191.5,995.8,-22.52,-12.5,2.29,30.79
99080,3.6,0,0,28.77,-96.4,-129.4,1003.3,-27.62,-12.16,5.38,30.78
99100,0.14,0,4.63,13.84,-52.0,13.7,912.5,-30.27,-9.85,5.9,31.2
99120,0,0,0,12.42,-84.8,57.2,1006.9,-24.97,-11.46,-0.64,30.28
99140,0.71,1.03,3.14,2.36,-85.6,30.7,1041.7,-34.24,-1.93,2.28,30.25
99160,0,0.8,0,1.5,-48.4,158.4,994.5,-34.07,3.69,-4.65,29.71
99180,0,6.27,0.55,1.51,-70.0,70.8,962.6,-24.24,17.72,-4.43,29.36
99200,1.41,0,0,0,-95.3,66.1,1037.8,-31.52,11.6,-3.6,29.53
99220,0,2.02,0,0,-135.6,157.4,960.4,-14.18,-0.54,-4.39,28.93
99240,0,4.84,1.65,0,-50.5,171.9,972.1,-13.39,21.34,-2.78,28.68
99260,0,2.44,0,0,-31.4,116.0,1010.2,-2.99,23.34,-0.93,28.31
99280,76.38,22.09,9.28,0.43,57.8,126.2,888.7,4.61,20.95,-0.91,27.97
99300,69.86,42.14,11.32,0,-18.2,201.6,978.0,7.77,13.86,3.8,28.88
99320,47.2,49.79,24.48,5.18,84.3,69.3,917.9,18.18,22.06,3.4,28.47
99340,21.29,58.93,33.27,4.83,68.4,73.8,888.6,22.06,10.23,3.83,28.96
99360,8.73,57.33,46.1,0,138.9,101.4,800.7,26.36,6.75,4.93,29.59
99380,9.48,54.99,59.29,0,200.9,2.6,818.8,28.59,1.19,2.65,29.77
99400,7.2,42.66,77.91,0.69,167.5,-94.7,758.5,33.67,-6.26,0.22,30.04
99420,1.34,26.48,84.12,3.25,80.6,48.1,806.3,30.36,-1.55,1.78,30.71
99440,0,15.56,84.94,17.05,75.8,-82.7,837.9,29.94,-5.72,-2.17,30.1
99460,0,19.39,84.28,19.6,-26.2,-97.5,808.6,22.92,-0.62,-5.97,30.78
99480,0.72,9.22,68.12,35.75,151.4,-126.9,880.9,18.64,-15.31,-3.98,30.68
99500,1.63,0.92,55.02,49.63,-34.9,-151.9,899.3,13.25,-9.13,-6.61,31.02
99520,0,0,38.73,62.31,-13.9,-180.0,948.8,8.15,-23.8,-2.38,30.91
99540,6.95,0.96,28.69,64.8,-58.3,-154.0,977.9,7.04,-20.0,0.21,31.0
99560,0,0,12.89,62.47,-12.8,-129.5,970.7,-1.06,-17.71,0.13,31.0
99580,9.77,0,9.98,50.37,-37.9,-190.0,1021.0,-8.47,-13.03,3.05,30.54
99600,0.76,2.23,5.5,47.05,-4.4,-137.7,1036.2,-16.21,-7.71,6.91,30.73
99620,1.15,3.09,4.93,26.79,-137.6,-130.2,1002.1,-16.45,-20.13,4.48,30.52
99640,0,6.81,6.16,22.76,-92.8,-34.3,1000.4,-26.65,-2.69,5.52,30.67
99660,3.74,0.14,0.72,11.93,-115.9,-7.6,1023.4,-28.7,-2.5,4.79,30.06
99680,0.71,0.83,2.42,7.15,-21.7,29.8,971.7,-30.05,-0.3,0.65,29.71
99700,1.83,0,0,2.75,-163.4,114.5,1004.5,-33.8,1.6,-0.89,30.0
99720,4.8,3.48,0.96,0,-146.1,137.7,991.9,-24.97,4.78,-3.45,29.66
99740,0,0,0,0,-21.3,80.2,977.0,-17.87,20.78,-2.47,29.34
99760,0,3.14,0,4.31,-100.8,111.8,1041.6,-19.22,12.62,-6.05,28.86
99780,0,0,0.54,0,-107.5,87.5,983.6,-9.98,5.82,-2.63,28.93
99800,2.75,0,0,2.24,-37.7,209.5,995.1,-7.29,26.7,-1.16,28.3
99820,69.82,19.52,3.99,0,-22.4,169.2,990.0,4.1,17.99,1.3,28.52
99840,70.71,39.1,14.37,2.56,-5.5,160.3,953.6,8.86,27.84,-1.43,28.48
99860,55.1,43.66,23.66,0,34.9,145.0,904.5,15.95,21.94,1.78,28.53
99880,30.9,52.42,33.38,0,46.6,149.9,857.6,17.68,18.31,3.87,29.4
99900,18.64,59.35,40.82,2.15,155.2,144.7,805.5,26.88,5.36,4.64,29.37
99920,6.06,55.57,55.14,2.49,101.1,123.8,787.0,27.27,10.36,1.68,29.64
99940,0,46.25,70.5,0,74.1,22.1,842.1,28.03,2.29,0.22,29.75
99960,0,30.19,80.63,6.53,84.4,3.3,771.2,31.67,-3.63,-3.29,30.11
99980,2.91,22.76,85.93,9.04,130.4,8.5,761.6,26.33,5.18,-2.17,30.39
100000,0,8.52,81.74,19.14,174.7,-37.7,865.4,23.83,-10.25,-4.72,30.35
100020,0,10.11,71.31,29.92,17.8,-62.3,876.3,27.59,-14.65,-2.48,30.51
100040,2.6,1.27,61.82,46.57,-40.9,-176.8,840.6,14.97,-15.2,-4.82,30.82
100060,2.99,3.18,47.03,58.96,42.4,-186.5,929.8,10.69,-27.93,-5.92,30.64
100080,0,0.12,31.71,62.86,112.4,-148.5,982.7,3.5,-23.28,-1.1,31.21
100100,0,1.02,13.94,68.21,12.2,-166.7,1032.1,-0.91,-20.12,-0.44,30.68
100120,0,0.7,9.83,59.2,-51.9,-158.4,1027.2,-5.44,-13.64,3.43,30.97
100140,0,4.34,4.66,40.62,27.7,-165.3,1003.7,-12.08,-13.06,5.3,30.83
100160,1.85,0,9.16,30.83,-2.4,-187.6,1017.4,-25.92,-11.66,6.29,30.8
100180,0.77,5.54,0,20.16,-55.4,-147.1,1028.9,-23.02,0.18,2.25,30.29
100200,1.65,0.78,0.44,11.12,-86.4,-68.5,1072.5,-25.4,-9.68,5.39,30.33
100220,0,2.41,3.37,6.54,-71.9,0.5,996.7,-31.31,-0.99,0.45,30.07
100240,0,1.09,2.52,4.0,18.2,107.9,1027.8,-34.26,-1.37,-2.67,30.4
100260,0,0,0.97,1.96,-124.7,60.4,977.7,-28.97,6.93,-2.55,29.74
100280,1.35,3.56,5.34,0,-66.3,188.0,997.0,-21.65,20.5,-3.68,29.61
100300,3.57,0,0,0,-94.7,28.5,985.5,-22.8,12.0,-4.05,29.36
100320,3.25,3.31,1.88,0,-66.2,89.9,1029.2,-15.69,24.96,-1.19,28.75
100340,0.08,3.87,1.58,1.32,-40.1,149.4,1007.1,-4.7,27.38,-1.51,28.11
100360,4.25,1.94,1.27,1.63,-2.6,114.8,1036.0,3.08,23.3,1.02,27.99
100380,77.73,34.1,10.01,0,-31.8,85.1,954.1,3.95,14.14,2.27,28.06
100400,62.5,36.5,15.72,0.13,-33.1,156.8,911.9,9.95,22.92,4.92,28.8
100420,36.17,52.35,28.41,1.46,2.4,84.8,875.9,18.63,24.82,4.5,28.79
100440,18.01,55.54,39.16,0,112.4,147.5,842.2,21.59,11.19,6.19,29.46
100460,10.14,51.19,52.91,0,110.3,149.0,837.3,22.88,6.72,6.29,29.69
100480,4.51,44.28,70.96,1.9,132.2,36.1,806.3,29.82,6.37,3.07,30.22
100500,2.61,33.99,81.37,4.84,107.8,-5.9,794.5,28.87,0.06,-0.45,30.38
100520,0,27.88,85.92,8.26,83.2,-21.2,821.2,25.11,-3.44,-4.34,30.29
100540,2.87,15.44,85.82,17.88,101.4,2.2,755.7,25.11,-1.23,-5.98,31.01
100560,0,8.44,72.74,27.32,82.7,-136.8,818.5,26.08,-13.05,-2.73,30.58
100580,0,2.03,66.99,33.9,29.5,-83.0,886.0,20.8,-18.66,-3.53,31.07
100600,0,3.97,49.06,58.33,35.1,-159.7,931.0,9.5,-22.31,-5.5,31.08
100620,0,0,33.2,64.06,-37.3,-145.4,975.1,1.65,-24.91,0.77,30.99
100640,0,0,19.08,67.92,72.1,-201.3,1037.4,-2.31,-15.63,-2.07,31.25
100660,0,4.03,17.31,63.5,4.7,-144.0,982.1,-9.57,-19.54,0.96,30.83
100680,1.37,1.42,12.51,47.67,6.5,-68.2,1016.7,-17.06,-27.12,2.75,31.0
100700,1.88,0,2.9,38.3,-53.6,-70.9,974.7,-21.53,-6.63,8.33,30.64
100720,4.99,3.04,3.18,22.65,-87.2,-82.0,994.3,-25.64,-7.42,3.28,30.54
100740,0,2.74,5.0,14.05,-116.0,-12.3,1021.4,-22.69,-12.08,3.0,30.36
100760,4.05,0,0,2.63,-129.8,1.9,997.6,-28.35,-8.71,5.79,30.25
100780,1.6,4.06,2.56,1.7,-136.3,-44.4,1005.3,-32.86,1.62,2.71,30.04
100800,0,0,0.27,3.25,-152.9,77.4,987.9,-27.9,12.04,-1.23,30.33
100820,0,0,2.49,0,-77.1,150.9,972.4,-23.1,13.6,-7.62,29.74
100840,0.8,5.98,4.47,0.06,-101.2,155.0,1004.6,-23.81,11.99,-3.49,29.25
100860,0,0,2.43,3.56,-6.8,190.4,1013.8,-17.28,21.28,-8.75,28.99
100880,0.33,2.53,0,0,-47.4,76.7,1012.6,-10.47,15.37,-4.93,28.58
100900,2.85,0.11,1.56,0,65.7,122.8,969.9,-1.87,11.92,0.14,28.35
100920,78.82,30.38,11.93,0,-17.1,132.7,942.6,1.41,19.92,2.2,28.26
100940,64.8,45.32,15.13,3.31,42.2,203.0,923.5,6.52,4.88,5.96,28.72
100960,41.38,53.32,24.86,1.79,29.9,167.1,871.8,17.44,19.04,3.79,28.84
100980,23.15,54.61,37.93,0.92,82.0,175.9,875.0,17.2,16.3,2.23,29.33
101000,11.09,59.16,49.24,2.71,101.2,128.5,808.2,26.67,8.29,2.72,29.2
101020,0.04,48.71,65.63,5.98,88.8,19.0,808.0,30.44,13.39,4.01,29.93
101040,0.27,40.85,77.39,1.66,190.0,-118.3,762.8,37.03,6.05,-0.77,29.8
101060,0,24.62,83.91,5.99,36.0,-22.2,809.5,28.3,-6.37,0.19,30.39
101080,0,23.03,90.53,13.85,170.7,-38.5,808.4,24.21,-8.0,-3.97,30.6
101100,7.17,7.14,79.53,30.06,83.6,-49.6,870.6,25.18,-17.76,-7.15,30.62
101120,4.37,3.13,64.91,35.66,11.2,-125.0,880.3,22.24,-21.32,-6.61,30.76
101140,0,0,52.3,51.08,49.7,-113.5,924.4,12.34,-30.46,-4.53,31.31
101160,0,0,34.94,62.17,51.7,-81.1,968.8,8.0,-16.54,-1.3,30.99
101180,4.1,0,24.84,68.78,50.0,-183.5,954.5,0.09,-19.4,1.7,30.68
101200,0,2.32,13.3,59.91,-68.4,-94.4,1039.8,-10.31,-26.29,2.12,31.29
101220,4.42,1.36,9.86,59.03,-29.1,-82.3,995.9,-13.07,-17.0,5.12,30.63
101240,1.52,0,1.97,41.33,-77.1,-76.7,981.3,-12.78,-22.04,4.25,30.74
101260,2.44,0,0,33.47,5.3,-84.5,995.1,-20.8,-10.22,7.79,30.53
101280,0.25,0,1.23,16.49,-100.4,-45.6,973.8,-28.04,-2.11,2.51,30.68
101300,0,3.26,3.66,6.52,-175.0,-57.0,1002.1,-32.78,-11.29,1.14,30.34
101320,1.21,0,0,0,-174.3,-62.5,968.0,-29.58,-1.73,-0.24,30.25
101340,3.33,2.2,0,6.77,-93.8,55.8,974.7,-27.29,2.54,0.68,30.01
101360,6.06,2.4,3.67,0,-125.3,-16.9,1025.8,-28.8,14.55,-4.61,29.46
101380,0.02,0,0,2.4,-76.7,124.2,1032.8,-21.46,11.59,-3.02,29.19
101400,3.49,0,5.11,2.26,-43.0,128.9,968.4,-22.54,6.35,-4.99,28.81
101420,0,2.1,0,0,-34.9,119.9,986.9,-10.18,24.55,-1.86,28.71
101440,0.69,2.35,1.68,2.42,-41.8,105.7,989.7,-3.29,18.27,-2.88,28.61
101460,75.18,27.21,0,0,56.8,115.3,996.6,-4.31,10.03,1.1,28.07
101480,67.85,40.21,20.12,5.48,-69.4,113.1,921.9,8.45,17.04,4.36,28.79
101500,42.86,52.72,22.08,0.32,51.0,91.4,866.2,14.26,14.95,1.81,28.76
101520,27.7,56.98,28.01,1.85,65.2,35.4,913.6,19.04,13.94,3.28,29.33
101540,11.3,58.96,44.58,0,125.3,158.8,851.8,30.3,13.38,6.59,29.39
101560,4.09,58.39,60.55,0,115.8,-12.7,844.8,34.8,7.92,2.19,29.46
101580,0,45.09,75.22,0,107.7,46.4,764.9,25.44,-0.99,0.46,30.17
101600,1.97,27.47,81.12,3.17,65.2,-99.5,798.3,30.17,-8.49,-2.21,30.36
101620,0.21,20.77,86.78,10.01,64.7,6.0,749.1,25.46,-13.72,-3.89,30.38
101640,0,13.36,90.23,19.59,51.4,-125.4,847.6,29.86,-10.36,-6.28,30.55
101660,2.86,2.21,67.83,36.71,13.8,-99.9,856.2,22.88,-14.17,-3.25,30.58
101680,0,6.71,58.96,47.3,88.5,-250.5,889.5,16.83,-15.22,-3.29,31.11
101700,0,2.03,41.92,62.5,23.7,-193.6,919.1,14.9,-19.73,-2.59,30.8
101720,0,0,31.28,63.43,90.2,-199.1,1001.1,9.7,-14.46,-2.23,31.13
101740,0,0.27,15.62,63.03,0.6,-181.5,1000.2,-5.32,-7.34,1.36,30.71
101760,1.19,3.41,12.99,57.89,27.1,-191.6,979.9,-9.98,-12.26,2.23,30.88
101780,0.65,0,2.09,45.94,42.6,-117.0,1030.5,-14.77,1.38,3.42,31.07
101800,0,2.94,3.4,31.65,16.1,-117.8,1011.9,-23.76,-8.73,0.86,30.71
101820,0,0,0.09,12.64,-65.9,-82.5,1001.6,-27.99,-17.89,2.47,30.44
101840,1.88,0,2.05,5.0,-199.9,-106.9,1014.7,-32.02,3.1,0.59,30.72
101860,0,1.89,0,3.5,-81.8,-19.5,1000.9,-26.7,3.56,1.66,30.01
101880,0,0.39,2.7,0,-115.1,7.6,1045.4,-23.49,7.21,-5.13,30.04
101900,0,0,0,0,-68.1,25.8,1000.0,-28.13,9.86,-0.24,29.35
101920,0,0,3.15,0,-31.7,183.3,995.6,-22.33,10.09,-3.6,29.3
101940,3.71,0.02,1.4,2.38,3.1,84.2,1003.9,-21.3,27.45,-3.13,29.14
101960,4.14,0,1.51,0,-26.8,114.6,943.1,-4.57,22.62,-2.81,28.66
101980,2.51,3.09,1.07,3.52,-37.7,175.4,961.2,-4.71,16.81,-4.49,28.11
102000,70.33,20.52,11.07,0,2.8,165.1,973.6,1.49,11.77,-1.01,27.64
102020,69.41,35.33,12.84,0,13.0,147.2,977.8,5.74,22.63,2.29,28.36
102040,56.92,47.88,17.84,0,33.0,110.1,887.1,12.45,23.34,4.43,28.82
102060,37.08,60.23,26.75,0,-0.1,58.9,922.1,20.93,7.5,6.79,29.12
102080,16.91,59.83,41.59,0,165.0,75.5,836.4,27.53,10.42,3.78,29.36
102100,8.61,54.12,56.28,4.03,29.5,41.6,824.1,30.08,1.72,2.74,29.42
102120,0,53.45,67.8,2.12,-9.0,71.8,761.5,33.24,1.66,0.26,29.84
102140,1.78,37.01,79.09,9.12,1.4,-65.7,798.8,30.04,1.06,-2.66,30.22
102160,0,21.45,81.62,14.72,156.7,-22.8,827.7,30.66,-9.18,-3.83,30.65
102180,0,9.77,82.21,17.6,73.0,-10.8,830.9,26.75,-14.51,-4.32,30.64
102200,0,11.45,75.13,27.3,67.2,-71.1,854.6,22.29,-15.42,-3.72,30.55
102220,0,4.28,56.55,42.76,40.6,-205.5,895.3,18.71,-11.79,-3.31,30.83
102240,7.83,0,50.43,61.66,102.9,-154.6,929.1,14.39,-21.57,-6.36,30.95
102260,0,0.23,31.53,71.33,7.3,-103.5,998.7,7.27,-19.44,-0.61,31.18
102280,1.57,0,18.74,64.74,2.3,-193.6,1001.8,-1.54,-13.04,1.52,30.99
102300,1.19,0,11.26,59.87,26.2,-133.5,982.3,-10.69,-16.44,3.25,31.21
102320,4.36,0,6.12,48.6,-31.2,-119.9,998.6,-12.2,-11.63,4.05,30.9
102340,0,0,3.63,32.98,0.4,-133.1,1027.4,-19.44,-16.7,7.36,30.93
102360,0,0,5.62,18.88,-101.5,-77.2,971.0,-28.26,-1.8,3.99,30.78
102380,6.44,0,4.19,10.59,-29.0,-57.6,1002.0,-28.72,-3.18,-1.23,30.7
102400,0,0,2.94,6.85,-167.1,-40.8,1020.7,-25.58,-7.02,-0.32,29.91
102420,3.45,0,0,1.63,-111.9,86.1,969.7,-32.04,2.0,-3.06,29.91
102440,0,1.4,0,0,-98.7,117.8,1007.1,-27.58,10.41,-0.16,29.63
102460,0,1.33,0,1.69,-115.5,-7.2,945.4,-25.14,9.42,0.56,29.4
102480,0,0,0,3.18,-0.5,136.9,1036.1,-17.59,8.16,-7.16,29.03
102500,0,0,0,0,-177.6,101.1,934.5,-9.81,20.6,-4.44,28.42
102520,0.4,3.45,0.63,0.91,14.7,130.6,985.9,-5.98,21.01,-1.11,28.45
102540,3.91,0,0,0,-24.6,164.7,1024.5,-1.86,17.25,-0.05,28.04
102560,70.4,29.73,8.48,0,184.5,212.8,976.2,11.39,25.56,-1.22,28.15
102580,60.69,42.26,11.24,1.91,23.3,298.4,972.5,10.41,26.52,3.05,28.43
102600,37.73,51.46,27.33,0,84.7,156.3,903.0,12.49,22.52,6.19,28.68
102620,20.54,51.73,37.69,2.46,89.0,151.7,865.1,17.3,14.4,7.85,29.47
102640,12.37,56.53,53.51,5.09,88.1,33.2,818.0,23.1,0.21,-0.09,29.5
102660,1.13,50.15,60.08,1.62,169.0,39.6,786.5,25.04,3.34,2.69,30.07
102680,0,38.55,82.11,0.43,55.9,19.1,835.7,31.85,-3.89,-2.94,30.04
102700,1.81,26.72,81.33,7.14,52.3,-54.7,816.7,32.48,3.74,-4.64,30.39
102720,3.61,13.59,84.93,15.89,57.9,-35.7,835.8,28.52,-2.14,-0.98,30.37
102740,0,12.78,81.02,21.67,30.5,-41.4,794.3,23.25,-3.29,-7.21,30.15
102760,3.86,5.36,69.16,42.11,-6.4,-155.7,893.8,24.17,-20.45,-4.69,30.42
102780,1.07,3.96,51.52,58.82,17.5,-193.3,897.6,13.55,-15.98,-4.05,31.08
102800,0,6.31,34.67,61.62,131.0,-166.1,929.4,9.53,-13.69,-1.08,31.07
102820,1.7,2.4,25.2,66.53,68.5,-80.1,1033.3,4.63,-20.5,-0.52,31.31
102840,0,4.42,9.49,60.8,16.9,-88.7,933.0,-3.52,-15.77,4.46,30.75
102860,0,0,12.61,47.69,66.7,-208.3,957.5,-19.48,-27.56,4.43,30.68
102880,0,0,0.64,42.25,-88.3,-135.5,979.3,-26.81,-9.65,6.02,30.88
102900,3.31,2.91,0,25.73,-143.7,-75.8,1054.9,-22.42,-9.63,5.52,30.65
102920,0.94,0.23,4.9,15.12,-36.1,-98.0,973.4,-26.45,-10.02,1.8,30.5
102940,0,1.88,0,7.07,-96.7,-27.2,1016.4,-24.01,-1.21,-0.65,30.32
102960,1.08,0,0,4.86,-77.1,-29.0,985.5,-31.34,-1.74,0.65,30.3
102980,1.66,0.8,0,5.44,-117.3,18.4,965.6,-29.53,9.64,-0.62,29.6
103000,1.28,0.04,0.01,0,-128.0,161.1,1017.3,-22.41,9.06,-1.92,29.46
103020,0,2.84,0,0,-83.4,69.3,977.1,-18.06,6.44,-1.98,29.51
103040,5.78,0,0.23,0,-90.9,174.2,966.0,-16.62,7.6,-5.95,29.1
103060,0,0,0.7,0,-13.9,6.2,941.4,-10.45,18.36,-5.19,28.99
103080,5.53,0,2.55,0,-34.2,150.8,998.7,-3.9,17.6,-4.51,28.57
103100,80.78,27.88,10.92,0,71.6,164.8,995.9,5.65,18.28,0.8,28.53
103120,65.3,38.77,16.16,0,35.1,183.8,897.4,11.03,17.55,3.3,28.58
103140,42.24,47.16,19.61,0,49.2,141.2,932.7,17.22,15.36,1.32,28.89
103160,22.82,59.22,35.67,3.74,110.1,146.5,854.2,22.92,14.84,4.54,28.89
103180,13.91,58.17,48.55,0,61.6,78.4,800.4,27.9,16.4,4.52,29.6
103200,9.42,50.68,63.57,0,49.8,55.1,881.3,30.26,13.24,4.13,29.71
103220,1.7,37.97,81.56,0.15,97.5,2.0,816.7,26.49,-0.79,0.16,29.85
103240,0,32.18,87.1,13.68,153.4,-7.3,737.4,26.54,-9.65,-3.13,30.18
103260,2.19,17.15,84.66,14.84,26.2,-74.6,781.5,26.3,-7.6,-6.91,30.37
103280,0.94,10.26,80.53,18.35,47.6,-143.6,805.9,27.86,-11.78,-3.91,30.42
103300,3.75,4.31,67.34,34.78,151.5,-95.8,830.9,19.91,-19.3,-4.77,30.99
103320,2.79,1.85,59.0,50.1,17.1,-140.1,875.3,19.04,-12.62,-5.53,30.78
103340,0,3.38,40.98,59.25,19.5,-131.7,937.9,8.75,-16.58,-4.75,30.67
103360,1.16,1.65,23.87,70.06,71.4,-187.2,1023.6,-0.34,-25.13,-0.21,30.93
103380,0,1.66,15.47,61.32,31.1,-226.7,1045.3,-9.77,-22.81,4.45,31.16
103400,2.08,1.48,5.18,60.81,16.7,-122.7,999.7,-17.07,-21.0,0.21,31.16
103420,0,0,3.71,40.15,-79.2,-292.8,1053.3,-20.38,-19.97,1.91,31.01
103440,1.81,2.22,5.28,22.99,-15.2,-80.9,983.9,-21.0,-11.43,7.94,30.37
103460,0,7.45,0.47,19.56,-60.8,-129.9,1005.7,-26.3,-9.63,5.35,30.2
103480,0,4.87,2.19,11.41,-146.6,-45.2,976.8,-29.89,-1.6,4.36,30.24
103500,0,0,0.47,6.88,-151.4,66.0,1033.1,-28.75,-6.13,-0.58,30.33
103520,1.26,0.31,6.32,0.77,-108.3,-43.6,993.4,-30.55,-8.22,-3.63,29.98
103540,0,0,1.36,0.26,-95.1,120.0,1003.0,-29.57,-0.53,-3.44,29.55
103560,0,0,0,2.17,14.0,14.2,1004.6,-20.99,14.49,-5.3,29.28
103580,3.85,2.61,0.11,0,-202.0,143.2,969.9,-20.76,19.84,-5.48,28.8
103600,2.42,0,0,1.1,-37.8,169.1,992.8,-8.58,18.43,-8.5,28.84
103620,0,0,0.91,0,26.2,74.1,1017.3,-4.27,19.77,-5.08,28.2
103640,72.83,19.24,6.44,0.13,24.1,111.9,994.3,0.81,29.33,-0.75,28.0
103660,74.04,34.98,13.25,0,86.0,101.4,961.6,16.05,16.47,5.26,28.39
103680,53.14,47.32,19.2,0,61.0,56.9,863.6,9.98,17.77,5.71,28.68
103700,31.38,52.44,31.82,0,114.7,35.4,868.8,18.26,21.01,7.89,29.22
103720,12.59,50.23,41.96,0,70.1,32.1,837.1,27.73,9.36,7.25,29.32
103740,2.01,51.34,62.21,0,129.3,30.7,821.4,28.14,6.74,2.46,29.95
103760,7.62,50.98,72.71,0,82.2,31.1,786.0,24.69,7.0,0.16,29.72
103780,5.03,30.69,86.29,5.19,111.2,-66.3,784.7,33.0,6.09,-2.6,30.27
103800,0,25.58,87.1,12.86,90.6,-58.7,760.2,28.62,3.4,-3.84,30.52
103820,2.32,9.32,85.7,20.57,145.6,-29.6,836.1,25.7,-8.13,-8.74,30.85
103840,0,7.18,69.56,36.07,95.0,-236.1,870.0,21.82,-6.8,-5.85,30.96
103860,0,3.84,65.92,43.24,60.7,-199.6,856.2,13.83,-16.18,-6.99,30.86
103880,2.83,0,41.29,59.81,37.5,-138.9,957.7,11.32,-15.2,-1.98,30.85
103900,1.79,0.27,27.48,63.72,2.7,-205.0,1005.8,5.43,-18.35,0.4,30.87
103920,0,0.6,21.26,62.14,2.5,-150.0,967.8,-0.56,-20.94,2.7,31.06
103940,3.65,0,14.61,60.12,32.2,-110.8,1038.8,-12.32,-19.53,-0.65,30.94
103960,0.32,0,3.0,43.8,-102.8,-125.5,1009.6,-14.28,-19.93,5.42,30.93
103980,0,0.18,0,28.87,-81.2,-94.6,982.6,-18.37,-15.12,4.57,30.76
104000,0,2.79,4.29,19.98,-68.4,-33.6,1015.8,-24.77,-21.45,3.1,30.64
104020,0,0,0,11.62,-163.5,-59.9,1022.9,-30.27,1.56,3.91,30.29
104040,0,1.05,0,2.23,-154.3,-24.9,1015.8,-29.4,2.26,1.05,30.12
104060,1.88,0,0.08,1.08,-88.6,70.0,979.1,-28.4,-10.81,-4.21,29.75
104080,2.81,0,0,4.84,-91.5,106.0,984.1,-25.1,13.89,-2.73,29.64
104100,1.93,0,2.23,3.95,-111.8,43.6,985.6,-24.54,18.99,-2.44,29.17
104120,0,2.62,1.44,0,-86.5,160.7,1040.0,-19.46,16.17,-4.9,28.67
104140,0.14,4.32,0,0,-70.2,196.3,973.4,-12.14,11.84,-2.63,28.86
104160,1.64,1.16,0,0,-7.6,99.0,987.6,-8.54,18.9,-5.14,28.11
104180,2.61,1.11,0,0.25,-22.8,168.2,1027.9,2.45,19.03,-1.21,27.85
104200,76.22,27.95,11.34,2.85,16.6,234.7,949.2,8.55,10.13,3.0,28.44
104220,54.42,43.7,18.47,0,-100.2,133.9,923.0,16.39,22.44,3.04,28.73
104240,28.95,56.37,24.33,0,111.7,0.4,868.1,22.4,20.64,8.69,28.7
104260,21.68,57.37,37.22,0,29.9,-61.5,884.8,26.87,17.08,7.46,29.46
104280,10.77,53.55,56.68,1.81,38.3,55.0,777.5,22.5,1.15,3.45,29.69
104300,2.99,45.47,65.82,6.62,71.6,105.5,845.9,34.39,10.04,3.83,29.78
104320,1.44,39.82,82.15,5.99,130.0,15.6,863.0,31.24,0.01,2.84,30.27
104340,2.82,23.78,80.94,16.79,5.6,-2.6,765.7,29.9,-10.26,-3.36,30.63
104360,0.07,14.77,79.11,21.46,28.8,-41.4,764.2,24.69,-2.62,-5.37,30.07
104380,0,6.69,75.24,31.35,155.9,-169.4,840.9,17.86,-14.31,-6.48,30.68
104400,0,9.78,57.14,44.77,37.6,-106.9,928.0,21.35,-13.82,-5.41,30.9
104420,0,3.28,40.9,51.86,120.3,-209.1,917.1,13.64,-15.81,-2.46,31.13
104440,3.9,0,36.2,67.78,-16.3,-13.5,964.4,3.9,-20.42,1.48,31.01
104460,0,0,18.14,65.95,42.7,-88.2,1012.4,-2.56,-16.79,0.25,30.61
104480,0,0,17.94,59.18,-19.0,-81.7,965.7,-7.3,-11.31,1.54,30.88
104500,0,0,7.0,48.64,-77.4,-76.2,992.6,-17.02,-2.79,4.42,30.89
104520,0.12,1.27,1.3,33.29,-94.9,-131.5,1002.3,-17.99,-13.07,4.8,30.77
104540,0,0,2.41,20.52,-161.4,-61.2,1025.4,-29.36,-18.22,5.37,30.76
104560,1.3,1.32,0,9.3,-97.2,-94.7,947.6,-37.36,-10.5,-1.39,30.25
104580,0,0,4.38,6.38,-59.6,-48.8,985.1,-30.41,6.97,0.23,30.28
104600,1.14,0.91,5.32,0,-33.3,-46.9,946.5,-29.6,-1.42,1.29,30.22
104620,0,0,0,0,-46.8,95.7,1006.0,-26.87,0.72,-2.99,30.15
104640,0,0,0,3.71,-68.9,107.2,996.4,-24.57,2.36,-7.85,29.28
104660,0,0,0,1.08,-59.7,73.0,944.0,-19.1,14.86,-6.28,29.16
104680,0,0,2.25,3.07,-74.2,114.1,960.9,-12.02,20.05,-6.19,28.91
104700,2.92,0.94,0.79,0.37,-127.0,148.3,1032.2,-9.29,12.05,-3.33,28.17
104720,0,3.48,0,0.71,17.1,106.7,962.8,-0.54,16.48,1.93,28.28
104740,80.12,30.95,10.46,0,58.2,135.2,987.2,3.42,19.14,0.85,28.3
104760,59.56,40.65,12.86,0,24.9,104.9,928.9,15.5,20.94,5.92,28.4
104780,40.64,50.23,22.78,1.26,54.6,135.8,901.9,15.98,19.16,6.42,28.8
104800,22.16,61.9,37.2,0,33.2,195.3,844.4,24.28,16.43,4.36,28.96
104820,9.77,55.64,56.88,1.36,62.5,33.4,837.4,33.69,4.73,3.56,29.53
104840,6.69,45.87,65.95,2.65,179.5,82.7,820.0,28.97,5.7,4.89,29.5
104860,0,41.61,80.43,6.83,-13.3,63.0,754.5,31.93,5.37,-0.76,30.16
104880,4.28,29.1,78.71,6.22,80.3,-65.0,831.4,33.37,-0.4,-1.46,29.97
104900,0,17.82,88.42,18.49,89.7,-101.0,811.5,31.34,-9.08,-4.24,30.75
104920,0,6.86,77.08,22.1,155.3,-142.7,856.9,21.21,-6.0,-1.92,30.45
104940,0,7.08,65.08,41.35,99.1,-65.9,938.9,19.21,-28.83,-5.79,31.13
104960,0.2,0,48.55,60.05,112.4,-146.7,956.7,12.14,-17.93,-2.37,31.16
104980,0,0,34.25,63.12,-5.1,-133.1,963.5,4.59,-19.09,-1.72,30.88
105000,2.45,5.28,26.33,68.95,5.2,-227.3,1073.1,-0.4,-20.36,-0.53,31.05
105020,0.32,0,17.73,59.02,49.3,-38.6,992.8,-2.05,-21.65,1.31,30.91
105040,1.54,1.67,9.69,52.88,-2.0,-223.0,1009.8,-16.35,-20.79,3.05,31.07
105060,0,0.52,5.52,36.76,-51.0,-153.5,1004.6,-19.45,-15.93,6.18,30.38
105080,8.54,3.03,0.84,25.12,4.5,3.8,997.3,-22.68,-11.66,5.28,30.58
105100,0,2.46,0.14,14.93,-37.2,-106.7,1013.6,-27.77,-8.43,1.15,30.38
105120,3.14,4.36,1.4,13.74,-60.3,16.2,1040.9,-28.36,0.83,4.94,30.23
105140,0,0,0,6.19,-30.3,43.5,995.3,-32.52,5.17,-1.46,30.15
105160,0,0,0.64,2.71,-102.8,-44.7,990.9,-32.22,1.94,-2.91,29.87
105180,0,3.13,0,5.22,-51.4,158.5,973.4,-30.57,6.39,-5.6,29.76
105200,0.8,3.42,1.65,1.81,-54.2,54.6,1023.8,-22.52,12.17,-4.97,28.87
105220,3.7,0,0,4.63,41.6,85.9,1012.3,-20.21,10.78,-4.75,29.0
105240,0,0.6,1.29,1.95,-38.9,22.1,984.8,-11.25,15.3,-3.72,28.78
105260,0,0,0,0,-1.3,119.2,972.7,-8.43,23.3,1.01,28.13
105280,78.13,23.95,6.75,3.38,20.3,153.5,1029.1,0.76,24.33,1.95,28.18
105300,65.55,35.97,12.58,3.65,97.1,190.3,936.7,9.6,13.36,3.38,28.23
105320,46.54,45.09,21.94,4.46,6.6,162.4,927.0,12.35,25.91,5.2,28.81
105340,24.9,58.22,33.03,4.79,74.3,174.1,862.8,20.26,13.92,2.36,29.46
105360,17.67,58.96,51.81,2.33,138.0,-25.2,901.8,20.97,9.43,2.37,29.57
105380,1.03,57.0,65.0,1.84,88.1,-13.0,791.9,29.08,0.7,1.35,29.84
105400,0,43.56,79.15,4.37,112.9,13.7,798.4,31.17,-0.35,0.63,30.21
105420,0,28.48,83.72,0.46,53.9,7.0,769.4,30.93,1.32,-3.95,30.07
105440,0.81,18.36,86.73,5.44,12.1,-14.8,820.0,32.62,-8.38,-4.08,30.73
105460,0,13.0,79.84,20.14,89.4,-28.0,835.8,24.93,1.03,-3.17,30.65
105480,0.13,3.34,69.02,33.72,34.6,5.0,918.7,20.93,-19.57,-5.68,30.64
105500,1.62,0.68,55.01,52.98,74.1,-101.1,905.3,11.21,-17.5,-5.53,30.84
105520,0,0.2,48.05,56.04,21.2,-136.8,948.0,13.25,-16.92,-0.48,30.73
105540,0,4.76,23.19,68.38,30.8,-196.8,1010.2,2.42,-16.95,-1.75,31.05
105560,6.46,0,16.35,62.61,-51.3,-138.3,1007.2,-5.4,-22.29,-0.66,30.98
105580,0,4.77,0.98,55.92,-87.9,-106.9,994.5,-12.13,-26.39,0.07,31.06
105600,5.33,1.29,3.26,38.32,-0.6,-78.1,982.8,-17.1,-7.57,3.81,30.53
105620,2.33,1.79,10.86,29.45,-37.8,-93.4,972.5,-20.34,-14.34,5.31,30.69
105640,0,0,2.27,18.59,-185.9,-3.0,1037.3,-29.5,-6.1,10.65,30.64
105660,0.47,0,0,8.2,-129.4,-111.6,1016.9,-31.08,-8.62,1.18,30.07
105680,2.95,0,2.03,7.21,-84.0,-52.9,1052.8,-24.59,-3.47,-2.54,29.87
105700,0,1.67,0,3.7,-157.1,182.0,1048.0,-30.88,1.33,-3.47,30.43
105720,0.6,0,0.97,2.44,-51.0,92.5,1009.9,-25.16,12.22,-3.21,29.45
105740,0,0,1.23,0,-21.1,98.1,896.2,-27.41,17.05,-0.1,28.93
105760,0,0,0,0,-90.0,7.3,971.2,-19.97,11.6,-7.37,28.88
105780,2.44,0,0,1.55,-75.8,191.0,944.6,-10.52,8.9,-1.31,28.63
105800,2.03,6.19,0,1.94,-67.5,41.8,1008.0,-4.97,15.62,-1.37,28.51
105820,71.1,19.34,0,0.87,-10.2,200.0,948.8,-1.11,25.51,-2.42,28.04
105840,68.41,31.58,7.87,1.77,42.7,177.6,986.8,8.31,21.5,0.66,28.51
105860,53.02,47.26,18.43,0.46,-12.1,101.0,920.1,10.28,25.29,3.63,29.07
105880,31.91,51.17,31.94,0.6,93.9,107.4,843.7,22.23,18.69,4.29,29.03
105900,19.99,57.95,49.54,7.62,106.8,124.6,854.7,22.16,21.88,5.53,29.56
105920,5.37,50.97,55.72,0.35,102.3,62.3,787.4,26.29,15.6,2.94,29.54
105940,3.46,46.61,73.28,2.23,83.2,-38.2,784.5,30.99,5.32,1.08,30.06
105960,8.57,30.45,83.22,7.46,105.4,-41.2,797.0,33.88,2.62,-1.94,30.48
105980,0,26.18,82.21,10.02,59.4,-152.6,840.1,24.76,-0.28,-9.15,30.37
106000,0.85,13.16,86.12,19.57,7.4,-17.6,859.1,24.59,-14.84,-4.92,30.34
106020,3.52,6.95,74.46,31.97,79.5,-133.8,910.6,25.3,-19.26,-5.16,30.73
106040,0,6.43,61.05,42.4,23.6,-74.5,854.2,20.0,-22.71,-5.44,30.46
106060,0.97,6.91,47.56,62.26,10.9,-27.4,910.8,11.12,-19.67,-1.94,30.94
106080,0,0,27.98,61.96,-61.1,-176.2,1036.3,4.19,-18.59,-1.6,31.27
106100,0.92,0,20.15,63.4,-82.1,-238.2,1043.6,-4.52,-17.12,2.94,30.92
106120,1.92,1.33,10.81,62.27,-12.0,-105.6,1030.7,-6.36,-16.78,1.46,30.8
106140,0,0,5.6,46.73,-39.0,-174.6,1014.1,-21.45,-29.27,6.84,31.0
106160,0.44,0,2.84,26.82,-114.2,-100.7,1029.1,-26.33,-15.36,4.53,30.74
106180,3.69,4.68,1.35,25.5,-117.4,-66.3,1023.0,-27.23,-6.32,3.21,30.69
106200,2.67,0.88,0,9.59,-117.9,-89.0,1043.3,-24.38,-0.49,1.14,30.77
106220,1.97,0,4.88,6.89,-84.1,-31.9,1013.3,-32.42,2.89,0.53,30.21
106240,0.46,0,1.32,2.53,-99.2,134.1,1035.5,-28.38,4.67,-4.97,29.66
106260,3.85,1.92,0,0,-36.7,-6.5,999.1,-30.1,4.1,-1.03,29.6
106280,1.3,0,0,6.23,-40.6,44.5,1016.9,-24.89,7.09,-5.75,29.37
106300,0.78,0,2.8,0,-91.3,56.2,979.4,-21.7,14.24,-4.51,28.86
106320,3.59,0,2.97,0,-13.7,-80.2,977.3,-11.16,21.76,-2.71,28.97
106340,0,0,0,5.02,-50.7,212.3,1031.5,-7.99,18.54,-0.11,28.42
106360,0,4.61,1.06,0,-7.0,179.7,988.3,-5.07,20.35,-1.57,28.12
106380,72.01,30.84,10.59,0,-28.6,82.3,938.4,10.15,15.76,2.79,27.84
106400,54.32,45.56,11.44,2.1,100.8,132.2,905.6,10.82,22.21,0.35,28.9
106420,37.64,55.16,22.3,0,28.4,133.8,867.9,21.06,20.02,5.94,28.97
106440,23.98,61.32,41.95,0,-54.5,108.8,870.5,24.3,18.28,4.65,29.13
106460,4.93,51.74,54.24,6.82,62.1,15.1,800.7,31.55,7.26,1.8,29.66
106480,0.65,49.11,67.51,2.01,27.7,29.3,816.3,27.13,8.73,1.61,29.7
106500,3.42,32.01,81.69,3.82,112.9,66.4,815.0,32.75,0.05,0.89,29.92
106520,1.83,20.53,84.66,12.87,62.8,-106.3,852.8,33.01,-2.56,-3.16,30.44
106540,0,20.53,88.44,14.97,32.9,-106.1,792.2,26.82,-11.58,-3.23,30.33
106560,0,7.73,73.44,27.55,60.1,-120.2,848.8,23.52,-1.25,-7.92,30.69
106580,0.16,3.08,63.59,44.81,56.5,-171.9,895.3,21.01,-3.32,-4.65,30.71
106600,1.48,0,47.1,55.21,153.3,-119.5,907.2,10.26,-13.12,-1.03,31.05
106620,0,5.82,38.91,64.13,-6.3,-197.0,945.1,11.42,-20.7,0.34,30.96
106640,4.13,3.25,22.06,63.78,-10.3,-158.9,1014.1,-3.09,-25.96,2.46,31.13
106660,0,0,11.72,61.83,-8.7,-174.9,975.6,-9.51,-22.84,1.77,31.26
106680,1.28,0,5.26,48.83,8.4,-75.6,973.7,-14.57,-24.03,2.83,31.05
106700,7.32,7.28,3.71,40.19,-73.7,-98.3,1024.9,-22.15,-15.07,4.29,30.78
106720,0.54,0,0,25.69,-74.1,-79.7,1039.1,-27.74,-2.22,2.63,30.4
106740,0,0,2.71,8.71,-55.7,-112.4,949.4,-24.74,-4.68,1.79,30.18
106760,0,0.07,0.72,15.25,-115.2,-26.7,957.4,-22.77,-4.0,0.73,30.46
106780,0,0.92,3.61,7.49,-144.6,18.7,1000.2,-31.67,-5.77,-2.13,30.01
106800,3.97,1.07,0,1.09,-74.9,31.3,982.1,-31.35,10.49,-1.97,29.9
106820,0.24,0,0.43,1.27,-79.3,100.4,975.5,-25.62,11.11,-6.33,29.22
106840,0,4.29,2.38,0,-50.1,137.1,934.8,-24.81,18.06,-4.74,29.06
106860,0,0,1.01,0.27,-18.2,61.3,991.8,-21.53,14.85,-4.46,28.76
106880,0.7,0,0,0,-127.3,194.6,1024.6,-6.73,12.69,-3.14,28.38
106900,6.64,0,8.02,0,-0.3,105.2,1032.4,-6.63,18.75,-1.72,27.83
106920,70.04,28.01,5.22,0.05,-37.0,138.4,999.5,3.07,22.23,4.03,28.25
106940,61.46,37.37,13.69,1.73,92.2,171.3,939.8,17.83,18.56,3.06,28.21
106960,39.57,52.13,20.01,4.88,-40.8,57.5,913.4,23.61,15.62,3.96,28.61
106980,24.41,56.74,42.71,3.21,82.7,106.4,861.5,17.18,12.49,3.35,29.39
107000,18.22,51.45,51.3,3.62,80.2,58.7,790.5,30.86,15.29,3.18,29.34
107020,0,53.81,70.3,0.2,53.8,30.9,822.6,22.86,6.51,2.79,30.0
107040,0,40.94,78.1,7.84,200.7,29.3,803.2,26.03,5.1,1.46,29.86
107060,0,24.83,84.24,4.49,30.4,-16.0,769.6,31.85,-8.76,-2.15,30.14
107080,2.48,13.64,84.08,12.77,73.2,-51.8,852.4,28.39,-0.72,-3.19,30.46
107100,0,7.59,80.44,23.01,43.2,-49.8,800.7,23.47,-4.7,-2.61,30.72
107120,3.69,4.28,76.45,39.04,89.5,-145.3,857.4,20.82,-11.04,-6.7,30.75
107140,0,5.7,51.93,53.45,55.5,-156.0,919.9,18.69,-14.78,-7.09,31.18
107160,0,0,40.42,59.64,-12.4,-180.6,990.8,7.48,-22.06,-1.65,31.2
107180,2.33,0,29.21,64.72,-40.7,-207.0,998.4,1.89,-15.1,0.69,30.52
107200,2.22,0,15.17,61.6,-101.7,-99.7,1021.9,-6.14,-21.31,4.35,30.86
107220,3.0,5.24,10.55,48.85,-26.6,-113.2,986.2,-10.76,-25.08,0.31,30.98
107240,0,0,9.49,43.47,-15.6,-128.5,1018.2,-21.05,-9.5,3.46,31.04
107260,2.34,2.21,10.29,28.04,-119.9,-98.3,1010.4,-28.69,-10.23,6.73,30.81
107280,0,0,0,17.65,-188.4,-107.6,1004.4,-24.76,-10.09,5.13,30.78
107300,0.22,0,0,14.65,-114.4,-43.6,1018.1,-29.79,-0.31,-1.24,30.18
107320,6.51,0.15,1.23,4.49,-90.8,41.8,1021.4,-33.88,-2.82,-1.1,29.97
107340,0,0,3.62,3.3,-167.0,-74.1,1011.7,-28.3,17.36,-3.94,29.84
107360,0,3.6,0,2.74,-108.3,94.3,1019.3,-26.6,15.37,-4.77,29.27
107380,0,1.23,0,0,-64.7,-8.8,983.3,-25.92,8.73,-6.21,29.39
107400,2.0,0,7.33,1.38,-151.8,148.8,988.3,-17.01,22.17,-1.88,28.84
107420,1.52,0,2.49,2.01,2.2,216.2,987.9,-12.9,8.62,-3.26,28.42
107440,1.12,0.28,3.02,4.36,29.2,142.7,1063.7,-0.03,18.26,0.62,28.3
107460,80.1,20.09,9.11,5.74,12.0,163.8,928.3,2.95,17.46,0.52,28.08
107480,66.13,40.87,12.51,0,78.5,93.7,937.2,14.49,18.56,6.22,28.5
107500,47.05,43.42,20.58,2.94,96.6,94.4,944.5,15.78,20.14,5.75,28.08
107520,30.05,59.57,29.63,0,46.1,168.7,821.9,26.05,8.93,4.06,28.99
107540,10.73,57.78,43.75,1.46,128.6,150.5,805.2,23.49,14.51,4.5,29.68
107560,1.81,50.65,61.72,0,54.8,53.9,794.6,27.65,11.22,5.76,29.76
107580,1.82,42.06,74.73,2.27,111.8,60.0,839.3,31.34,6.03,0.17,30.05
107600,0.91,40.74,83.99,9.22,39.5,-6.3,810.9,35.82,-7.81,-1.29,30.25
107620,3.47,21.3,86.63,11.53,37.5,-56.3,816.0,32.29,-5.65,-3.81,30.3
107640,0,13.91,85.45,28.58,14.8,-176.5,785.6,26.49,-8.37,-5.58,30.65
107660,0,5.98,69.67,35.99,154.5,-166.0,891.0,24.45,-13.19,-6.87,30.53
107680,1.36,1.88,64.53,41.71,133.2,-79.8,888.7,15.75,-11.55,-4.88,30.94
107700,0,0,41.68,58.8,21.1,-148.8,925.1,7.45,-22.23,-2.34,30.86
107720,2.47,0,30.74,67.99,30.4,-130.9,1010.8,-2.07,-24.08,-1.48,31.13
107740,0,0,15.45,63.4,-88.8,-153.8,997.9,-0.47,-8.19,1.68,30.94
107760,2.24,0,8.87,54.23,-101.8,-136.1,981.8,-13.54,-23.65,0.47,30.66
107780,2.24,0,5.14,42.83,18.7,11.5,993.7,-11.27,-21.7,6.15,30.57
107800,0.92,0.98,5.24,31.68,-112.8,-146.9,1042.1,-21.92,-18.37,3.96,30.66
107820,0,0.93,0,16.67,-72.1,-77.5,1008.0,-26.22,-8.75,5.24,30.43
107840,2.05,0.6,0,9.32,-119.1,-99.3,988.9,-30.11,-5.04,1.64,30.36
107860,0,0,1.64,3.05,-109.8,-28.9,985.1,-28.46,-5.58,4.24,30.1
107880,0,0,0,6.02,-23.3,23.0,988.9,-30.67,8.65,-4.76,30.02
107900,2.26,3.26,0,0,-88.5,116.2,948.4,-25.49,3.89,-6.21,29.77
107920,0.74,0,1.15,2.61,-73.5,131.1,989.5,-26.12,8.94,-8.06,29.38
107940,3.95,0,0,1.01,-140.5,50.2,1013.8,-18.4,17.53,-6.72,28.67
107960,0,0.48,0,1.98,-19.5,172.0,1051.8,-11.63,19.0,-6.3,28.46
107980,0,0,0,0,4.6,191.7,1021.6,-10.06,17.24,-1.62,28.41
108000,78.79,19.79,6.51,0,24.6,185.4,1043.8,-3.05,21.55,2.07,27.95
108020,68.35,37.88,10.28,0,26.0,186.7,955.1,7.0,22.89,3.17,28.67
108040,46.94,49.79,18.52,0,50.8,79.2,884.5,18.04,17.46,5.59,28.82
108060,34.65,50.25,27.02,4.3,97.5,83.5,847.7,22.09,17.93,8.07,29.05
108080,17.68,58.85,39.38,4.02,132.4,136.0,828.4,21.47,10.72,4.55,29.56
108100,5.9,60.76,58.05,0,22.2,53.1,812.1,22.74,2.36,5.51,29.76
108120,0,41.12,70.15,3.78,46.9,52.4,838.9,28.74,2.04,1.39,29.63
108140,0,36.51,79.56,5.81,73.4,29.8,805.5,26.19,-1.38,-2.37,30.22
108160,4.61,26.13,87.78,2.97,22.7,-33.6,784.3,26.79,-9.74,-5.01,30.09
108180,0,10.11,82.27,24.07,98.3,-114.2,820.6,29.9,-10.63,-4.59,30.65
108200,0,3.72,76.31,30.06,140.5,-136.1,785.7,18.27,-12.09,-1.41,30.8
108220,0,6.38,61.77,46.96,-2.2,-139.6,942.9,14.58,-3.29,-1.66,30.28
108240,1.89,0.21,41.65,51.32,85.2,-206.6,904.1,12.31,-22.97,-3.7,31.02
108260,0,3.16,35.32,67.49,-13.7,-124.6,961.1,-0.18,-18.81,-2.63,31.08
108280,0.7,0.21,20.37,62.69,80.2,-137.7,959.6,-5.12,-31.45,1.9,31.2
108300,1.54,0,17.66,57.78,-97.9,-106.8,979.3,-12.21,-22.96,1.23,31.28
108320,2.87,0,10.67,46.59,-31.0,-139.4,1007.5,-13.95,-18.17,2.55,30.85
108340,0,1.25,1.75,32.3,-62.5,-131.7,1008.4,-17.54,-12.24,7.36,30.71
108360,2.57,0,2.49,21.23,-39.7,-45.8,1020.1,-20.18,-8.91,3.04,30.76
108380,3.92,0,0,5.85,27.3,-136.6,1018.1,-31.45,-6.34,2.99,30.75
108400,0,3.29,0.21,2.84,-61.0,-11.6,941.0,-31.15,-6.02,1.21,30.1
108420,0,1.53,0,6.75,-94.5,28.3,1009.9,-31.73,3.43,-4.2,29.86
108440,0,2.88,0,0,-87.0,4.3,1014.6,-27.56,14.0,-3.43,29.82
108460,0,2.14,0.76,0,-100.0,132.2,1016.0,-26.19,7.87,-3.89,29.67
108480,0,2.08,0,0.9,-58.3,89.7,1028.4,-20.04,15.43,-5.27,28.93
108500,1.13,0.62,1.89,0,-57.5,90.1,994.0,-16.2,20.31,-4.8,28.81
108520,4.13,0.65,3.0,3.55,-21.3,234.5,1048.5,-5.48,22.31,-3.96,28.12
108540,5.24,0,2.88,0,1.1,86.9,974.9,1.48,16.89,-7.15,28.36
108560,73.21,27.18,7.44,0,-66.4,136.9,965.7,5.5,13.93,2.56,28.3
108580,60.17,38.43,17.61,2.5,-25.1,125.0,884.2,11.18,23.19,3.65,28.83
108600,32.06,47.09,21.04,4.78,103.7,142.3,904.7,14.02,21.86,4.49,29.09
108620,18.79,56.38,37.83,4.15,50.7,191.9,846.0,26.98,13.14,6.02,29.09
108640,11.6,53.22,49.25,4.98,58.3,-6.0,808.7,32.78,12.2,5.59,29.34
108660,3.51,52.63,68.46,0,36.5,7.7,812.4,26.77,6.53,5.58,30.1
108680,3.61,35.51,76.99,4.51,64.3,-55.7,795.3,31.82,9.47,-0.46,30.28
108700,0,24.71,88.0,9.56,127.1,-3.0,803.2,34.41,-5.82,-3.78,30.26
108720,0,9.05,84.97,16.53,87.4,-30.6,832.2,24.16,-14.76,-1.79,30.47
108740,1.23,6.53,74.77,28.24,120.8,-140.0,871.2,24.45,-7.17,-6.87,30.34
108760,0,5.56,62.06,36.09,59.4,-122.4,876.8,16.52,-16.52,-4.22,31.1
108780,0,3.68,50.39,54.14,24.8,-86.4,888.9,19.41,-17.84,-4.61,31.2
108800,0.36,5.68,40.65,60.48,41.8,-110.2,903.7,12.11,-21.0,-0.62,31.02
108820,0,0,27.18,66.77,100.6,-168.3,1000.6,-0.72,-26.68,3.15,30.89
108840,1.15,0,15.98,61.97,-46.6,-173.3,1011.7,-7.94,-21.0,2.72,31.09
108860,4.22,0,4.47,53.23,4.4,-106.9,989.5,-10.71,-15.83,4.59,31.04
108880,3.08,0.8,2.94,42.26,-2.6,-71.7,992.5,-21.66,-12.68,7.45,30.86
108900,0,0,7.51,19.1,3.1,-126.6,1018.3,-26.7,-11.75,2.46,30.78
108920,1.51,0.31,1.19,19.09,-49.7,-85.3,969.3,-28.47,-5.86,2.39,30.54
108940,2.35,2.27,0.76,11.04,-105.2,-33.8,959.5,-30.6,-6.21,2.69,30.52
108960,0,3.58,0,3.86,-147.9,50.6,994.7,-29.29,7.4,-3.66,30.05
108980,0,3.51,2.94,7.64,-141.3,59.9,1012.4,-30.28,-0.41,-5.13,29.9
109000,0,0,3.53,0,-32.7,128.8,1040.8,-23.55,4.33,-1.73,29.45
109020,0,0,1.73,0.09,-35.0,174.5,995.1,-14.92,10.03,-2.61,29.33
109040,0,0,3.22,2.5,-130.0,141.4,1041.2,-16.17,14.59,-3.93,29.1
109060,0,4.96,0.24,0,-163.3,88.8,1002.0,-4.74,18.4,1.95,28.53
109080,0,0,0,4.84,58.5,137.8,986.7,-7.94,21.96,-6.04,28.47
109100,77.47,22.89,8.04,0.59,38.7,95.6,987.4,0.97,16.0,0.23,28.07
109120,65.45,35.52,13.38,1.62,125.6,171.3,939.9,12.87,24.27,4.83,28.36
109140,43.48,47.49,22.76,0,8.9,62.5,876.5,18.1,11.08,4.6,29.19
109160,23.21,52.43,37.48,5.01,131.0,111.5,880.9,19.93,10.86,3.21,29.68
109180,6.45,53.47,47.06,0,152.9,106.4,847.5,23.91,6.21,4.44,29.75
109200,2.02,52.37,60.77,3.66,43.8,38.9,787.6,30.11,2.97,3.24,29.65
109220,2.09,41.83,77.14,0.32,86.8,8.5,822.0,28.51,-2.61,3.29,30.22
109240,0,29.38,81.23,6.84,83.3,52.1,821.3,30.04,-0.12,1.34,30.05
109260,2.56,23.63,86.98,14.85,71.0,-70.1,833.8,32.6,2.24,-3.48,30.59
109280,0,8.06,81.1,21.12,36.8,-61.1,849.7,24.27,-18.97,-4.44,30.68
109300,1.89,6.2,70.15,33.76,112.8,-70.9,857.4,19.7,-13.16,-2.95,30.8
109320,0,3.27,57.57,52.92,46.7,-151.3,901.6,10.38,-26.27,-4.62,31.1
109340,0,6.4,39.22,59.29,37.5,-57.7,875.8,5.72,-21.13,-0.63,30.78
109360,1.68,2.42,27.18,65.09,9.0,-188.4,969.8,5.64,-16.06,-0.69,31.2
109380,0,0,20.85,58.17,-90.4,-161.0,1021.2,-7.61,-23.05,1.73,30.83
109400,0,0,7.18,60.29,41.5,-36.1,1021.9,-14.42,-22.88,3.59,30.93
109420,2.05,0,7.6,47.03,26.1,-139.0,1006.3,-18.92,-8.16,3.64,30.61
109440,3.25,1.66,2.96,27.64,-43.6,-97.9,1024.2,-24.19,-10.47,6.77,30.36
109460,0,0.95,2.63,14.41,-64.6,-75.8,1024.3,-29.98,-8.72,4.53,30.53
109480,0,0,0,11.58,-179.6,-70.1,992.7,-31.32,-9.66,-0.15,30.57
109500,0,1.65,2.24,5.14,-128.7,64.5,1028.6,-31.97,0.83,-2.0,29.88
109520,4.79,0.88,4.06,3.16,-119.4,43.1,1037.5,-25.12,6.72,4.02,29.69
109540,0.23,4.59,0,0,-154.8,74.9,1005.6,-29.22,5.27,-8.78,29.3
109560,0,0,0,0.9,-95.5,244.7,1008.8,-19.74,11.9,-1.15,29.33
109580,2.89,0,0,0,-129.5,147.3,962.5,-19.6,20.45,-2.63,29.16
109600,2.09,0,4.6,0,-1.4,178.0,1011.1,-7.9,16.33,-2.47,28.58
109620,0,2.49,5.21,0,-49.4,141.9,989.9,-1.71,10.52,-0.47,28.7
109640,75.96,22.89,3.69,2.74,39.2,183.0,992.6,0.62,27.0,1.8,28.16
109660,68.34,29.69,10.66,0,-32.6,211.1,946.2,5.71,15.01,5.3,28.42
109680,45.95,48.05,21.34,5.42,23.6,142.5,927.9,12.54,16.7,8.49,29.06
109700,34.46,55.11,33.09,1.45,126.6,104.0,945.8,18.6,19.57,5.18,29.42
109720,19.31,52.95,45.38,0,34.0,178.4,840.9,25.45,12.82,2.87,29.32
109740,2.65,57.09,61.4,0,99.6,-16.4,806.9,26.42,6.12,5.85,29.9
109760,0,43.52,70.34,0,94.7,-8.1,772.0,28.84,5.15,0.27,29.8
109780,0,31.81,86.68,9.99,75.4,-41.2,799.0,29.79,-4.99,-0.54,30.16
109800,3.66,22.85,92.36,12.71,60.5,6.7,821.2,28.43,-15.16,-4.17,30.06
109820,2.71,16.56,79.56,18.36,169.3,-91.2,817.1,27.34,-13.95,-2.73,30.3
109840,0,6.84,71.17,34.08,77.4,-124.7,884.2,18.2,-8.5,-2.89,30.77
109860,0,7.58,56.47,42.67,160.4,-95.8,821.3,16.73,-20.38,-2.67,31.21
109880,0,0,50.95,54.4,38.5,-130.5,933.2,8.89,-21.74,-0.92,31.34
109900,0,0,34.57,65.09,17.3,-197.1,957.3,2.8,-17.73,-1.04,31.06
109920,2.57,0,22.03,65.59,-10.2,-165.6,1027.6,-6.31,-18.29,-4.23,30.71
109940,0.37,4.22,8.95,54.92,-46.3,-103.1,977.2,-13.0,-17.61,3.63,31.24
109960,0,4.04,5.62,46.47,-161.7,-240.6,1023.0,-18.56,-12.33,2.05,30.92
109980,9.76,0,2.83,29.11,-183.6,4.7,1046.5,-19.33,-13.03,7.4,30.77
110000,0,3.53,2.22,20.03,-110.5,-63.6,1010.3,-23.48,-10.31,5.4,30.67
110020,0,0,0,8.82,-91.7,-65.5,1042.5,-27.14,-6.67,5.38,30.33
110040,0,0,0.88,10.3,-37.4,-40.7,979.8,-27.63,1.68,1.2,30.11
110060,0,0,1.9,5.49,-50.5,10.5,979.9,-25.26,1.19,1.03,29.88
110080,0,1.13,0.43,3.95,-86.2,-9.3,1009.4,-26.66,17.33,-6.55,29.85
110100,2.92,0,3.91,1.2,-27.4,208.6,992.7,-27.64,19.27,-4.92,29.14
110120,0,0,0.43,4.14,-57.0,87.6,981.8,-21.81,20.59,-3.54,29.49
110140,4.49,0,2.5,1.91,31.5,125.1,985.4,-15.68,24.44,-7.16,28.79
110160,0,0.59,3.44,0,-39.5,129.6,1038.5,-1.08,14.13,-1.03,28.24
110180,1.41,0,0,0,67.6,181.2,1030.3,1.28,23.48,2.1,27.91
110200,75.18,36.38,9.08,0,-12.8,158.5,990.5,2.76,21.78,5.1,28.27
110220,58.39,41.97,15.67,0,71.2,284.7,926.2,15.97,23.46,-0.23,28.56
110240,35.74,52.31,21.5,0,90.5,69.3,845.2,18.41,9.21,4.06,28.51
110260,19.51,53.86,40.66,5.7,39.8,147.7,845.1,17.32,15.78,3.06,29.0
110280,9.17,53.96,54.15,0,155.3,114.7,788.6,31.67,15.8,5.33,29.66
110300,10.97,47.29,68.59,1.97,122.7,30.2,810.9,25.56,4.67,4.6,29.99
110320,2.85,32.9,79.88,4.82,75.7,6.2,821.1,29.75,-17.99,1.35,30.21
110340,1.47,23.5,85.28,7.1,27.7,6.1,850.3,30.52,-0.85,-2.1,30.47
110360,0,16.44,81.21,14.95,105.7,-43.6,810.1,33.44,-14.73,-4.43,30.5
110380,0,10.43,73.06,30.01,48.9,-78.9,871.9,22.81,-12.11,-5.97,31.02
110400,2.57,4.22,58.21,41.47,59.7,-164.3,880.2,16.29,-10.86,-9.22,31.01
110420,4.11,10.43,51.53,50.57,151.3,-211.6,957.4,15.8,-19.94,-4.05,31.0
110440,4.0,0,32.51,63.59,-0.9,-161.7,957.8,5.2,-16.06,-2.65,30.75
110460,3.57,8.12,18.65,68.48,-12.8,-117.7,1013.4,0.35,-17.15,1.31,30.84
110480,3.04,4.72,16.14,59.21,-55.4,-44.3,1006.0,-8.45,-17.36,3.99,30.52
110500,0,2.16,5.75,48.37,-4.6,-24.3,991.1,-16.2,-20.95,3.81,31.12
110520,1.19,0,4.77,35.67,-148.3,-121.3,950.4,-15.4,-2.79,3.9,31.19
110540,1.6,0,2.62,21.67,-40.5,-45.0,1019.6,-21.44,-12.8,2.05,30.69
110560,2.24,0,0.53,13.79,-189.9,-20.0,1017.5,-31.62,-7.96,4.2,29.95
110580,0,0,0.64,5.31,-122.7,-34.0,981.8,-28.85,1.46,5.76,30.38
110600,0.58,0.19,2.12,3.69,-11.2,-5.7,1028.9,-28.81,-5.61,-1.94,29.94
110620,1.15,0.29,1.68,1.22,-75.5,5.1,1080.5,-26.18,6.89,-2.51,29.84
110640,4.19,0,0,2.34,-105.4,88.5,992.4,-24.67,17.71,-1.5,29.52
110660,0,0.25,0,0,-89.2,65.2,953.6,-23.57,16.27,-4.91,29.39
110680,0,0,4.69,0,-14.5,38.8,1029.0,-11.23,19.39,-4.96,29.0
110700,0,3.62,0,2.58,-52.8,25.5,1031.4,-9.62,10.28,-1.76,28.67
110720,3.77,0,3.74,1.69,23.3,219.6,1008.0,-1.29,21.64,-2.56,28.21
110740,76.95,30.84,11.28,0.15,96.3,168.9,946.4,4.25,19.38,0.9,28.09
110760,57.76,38.86,14.84,1.9,22.0,98.6,903.8,13.49,20.95,2.98,28.3
110780,38.76,49.59,24.42,0,27.4,147.8,862.8,23.37,16.3,4.87,28.59
110800,27.53,61.99,37.47,4.65,54.2,124.5,826.5,20.6,-1.35,5.18,29.23
110820,3.19,57.24,48.13,0,170.5,45.0,821.7,25.02,15.53,3.78,29.68
110840,0,47.77,65.12,2.88,21.1,17.9,874.8,28.99,0.24,5.33,29.9
110860,0,39.05,82.31,1.5,130.3,5.1,848.6,29.59,5.36,4.5,30.21
110880,0,34.16,83.63,3.26,75.4,-34.8,850.3,28.65,-3.05,1.99,30.21
110900,3.53,17.28,81.46,10.21,105.9,-50.6,830.2,25.22,-11.68,-2.41,30.59
110920,0.29,10.98,85.1,25.13,195.0,-105.0,808.1,28.58,-14.33,-5.47,30.35
110940,0,6.44,66.59,40.7,-4.0,-148.4,861.2,22.05,-11.2,-4.85,30.84
110960,5.56,0.63,57.29,50.38,50.5,-90.6,918.1,17.9,-5.16,-5.57,31.18
110980,0,1.36,39.41,59.89,29.9,-143.9,977.8,4.34,-12.32,-1.34,31.2
111000,0,0,21.86,66.35,-10.8,-162.4,996.7,-1.64,-25.24,-2.5,31.11
111020,5.69,4.58,16.7,62.13,8.9,-188.4,992.7,-5.26,-19.55,-1.42,30.88
111040,0,1.46,8.76,55.59,-135.8,-215.0,1044.3,-13.36,-22.39,6.01,30.98
111060,0,0,5.17,38.36,-130.6,-135.9,1011.0,-24.99,-24.81,4.71,31.25
111080,0,0,0.27,28.68,-37.7,-116.4,1034.7,-23.54,-9.07,8.43,30.22
111100,2.0,0.22,3.96,15.73,-229.9,-7.3,989.9,-25.06,-3.55,3.78,30.56
111120,0,2.7,2.7,6.06,-75.8,21.0,1016.6,-28.71,-2.7,-2.22,30.4
111140,0,4.33,6.5,6.74,-84.0,23.5,1020.6,-30.62,-6.96,1.79,30.14
111160,0,0,5.31,0,-95.4,77.6,985.5,-24.18,1.34,-4.34,29.87
111180,1.53,1.16,0,0,-57.0,80.5,961.7,-26.79,6.43,-3.06,29.83
111200,0.73,4.25,7.23,2.48,-104.4,123.9,960.0,-20.62,17.13,-4.25,29.54
111220,1.91,3.61,4.99,0,-23.3,136.3,1028.2,-18.97,9.72,-8.25,28.69
111240,0,0,0,1.85,-52.3,219.1,999.6,-15.15,19.54,-2.89,28.49
111260,4.26,3.69,0.04,0.29,-19.6,207.9,1011.7,-5.86,16.47,1.75,27.97
111280,79.01,27.01,6.56,0,100.0,143.5,1035.6,-0.61,27.64,-0.36,28.08
111300,62.87,37.33,13.28,0.12,-4.3,139.5,915.2,10.76,11.5,0.0,28.73
111320,49.0,44.35,17.44,0.58,16.4,155.7,875.6,15.65,13.54,0.83,29.18
111340,29.13,61.15,32.75,0,96.1,129.0,800.9,18.48,7.89,4.56,28.82
111360,9.98,55.51,49.58,0.3,70.4,169.5,790.3,19.85,10.79,6.24,29.61
111380,4.77,54.1,60.92,1.23,121.5,2.3,785.0,27.01,16.78,3.01,29.81
111400,0,42.1,75.59,2.91,88.8,-48.4,780.5,28.51,4.62,-1.21,29.83
111420,0,25.46,79.87,4.58,-19.2,-60.2,780.1,22.37,0.47,2.14,30.29
111440,0.19,18.67,87.3,10.84,-4.8,-17.6,727.9,36.66,-15.4,-0.51,30.51
111460,0,11.68,82.84,23.78,232.2,-151.5,847.1,27.01,-3.47,-6.04,30.29
111480,4.39,10.16,71.19,41.99,77.5,-53.0,841.9,18.89,-10.34,-5.87,30.86
111500,8.53,6.6,61.15,49.29,83.1,-132.1,924.4,14.91,-18.49,-6.52,30.93
111520,0,2.78,43.29,60.94,19.9,-225.6,918.9,11.43,-16.62,-4.22,30.96
111540,2.49,0.91,31.21,63.99,-12.0,-185.6,996.1,0.35,-24.55,1.23,31.32
111560,0.01,3.13,20.95,56.36,-42.3,-136.9,1000.8,-2.35,-22.53,1.91,31.11
111580,5.28,0,10.49,54.37,2.2,-73.1,1021.3,-5.25,-24.25,3.26,31.11
111600,0,2.44,3.16,39.04,-76.5,-179.6,986.9,-19.97,-13.88,2.72,30.82
111620,0,1.51,1.22,30.76,-30.0,-122.0,1038.7,-20.83,-10.66,2.07,30.69
111640,3.13,5.42,5.15,17.84,-196.2,-79.8,978.0,-29.21,-11.22,4.81,30.71
111660,0.25,4.11,0.27,8.54,-85.2,-64.4,961.0,-29.04,-6.41,1.0,30.01
111680,0,0.99,2.67,4.09,-25.2,79.1,1010.0,-25.02,-2.57,-2.45,29.92
111700,0,0,0.88,5.33,-129.7,29.1,988.6,-32.51,9.12,0.25,29.89
111720,2.93,0,1.69,0,-92.6,100.9,961.6,-29.85,6.0,-2.17,29.46
111740,2.08,3.04,4.27,0,-75.3,131.5,1022.5,-18.08,12.67,-7.32,29.46
111760,2.89,0.48,0,0.58,-87.9,134.8,994.6,-15.36,15.78,-3.49,29.26
111780,0.24,2.88,0,0,-13.0,173.6,981.9,-8.26,22.36,-7.54,28.89
111800,2.14,5.98,0,0.12,24.5,92.1,1054.4,-4.49,18.0,-1.29,28.41
111820,73.75,23.39,1.15,0,56.7,132.0,1025.8,-7.87,15.23,-1.18,28.18
111840,69.59,32.68,13.18,0,-104.9,126.1,957.0,3.63,24.99,1.03,28.31
111860,51.4,37.16,19.37,0,47.1,125.7,860.3,13.14,22.95,1.02,28.91
111880,30.46,57.8,28.24,6.15,-39.4,203.4,890.1,18.55,19.66,2.99,29.01
111900,14.77,58.76,41.66,0,2.6,67.6,789.0,24.93,11.52,3.33,29.6
111920,7.06,55.85,59.11,3.55,145.8,36.3,798.1,31.11,7.11,6.49,29.64
111940,9.64,45.47,67.05,7.5,180.9,45.7,795.6,31.53,10.22,4.06,29.76
111960,6.71,31.06,85.07,2.25,84.5,-78.0,785.7,38.51,-5.97,0.06,30.31
111980,0,19.6,87.56,12.42,-14.5,-17.1,793.0,30.33,-2.25,-3.7,29.92
112000,0,10.6,82.16,20.76,119.9,-72.4,851.5,27.77,-9.15,-8.26,30.22
112020,0,4.41,71.79,29.67,60.5,-74.9,849.1,21.52,-15.42,-2.02,30.76
112040,4.94,9.38,58.83,45.27,152.1,-119.0,894.0,17.19,-13.84,-2.87,31.13
112060,0,2.53,44.45,59.43,74.0,-171.7,949.4,11.24,-18.29,-3.52,30.88
112080,0,0,35.4,64.19,-19.1,-53.0,910.5,4.41,-15.36,1.22,31.16
112100,0,6.93,23.76,65.0,-80.5,-135.9,998.7,-7.01,-21.12,2.63,30.94
112120,4.72,2.04,10.98,63.63,-13.4,-202.9,1001.6,-16.97,-19.61,4.28,30.86
112140,0,0,3.68,47.42,-37.1,-53.1,995.1,-11.37,-16.32,3.66,30.83
112160,0.72,0,2.88,30.69,-22.7,-146.3,975.0,-21.11,-12.36,5.65,30.6
112180,0,5.43,3.76,21.48,-98.1,-174.0,1041.6,-26.66,-10.45,7.74,30.71
112200,0,2.5,0.49,7.33,-52.2,11.8,967.3,-31.2,-12.6,3.64,30.64
112220,0.3,2.22,2.43,8.83,-201.0,52.1,1027.1,-30.33,-13.44,2.54,30.16
112240,2.59,0,3.44,9.19,-123.4,-67.2,992.4,-32.06,8.17,0.75,30.3
112260,1.92,0,0,5.68,-119.2,-15.2,1034.4,-22.49,4.35,-3.09,29.99
112280,0,0,0,0,1.7,54.0,944.0,-29.04,15.52,-5.85,29.28
112300,4.69,2.59,0,0,-10.9,110.7,955.2,-17.89,14.23,-3.6,29.0
112320,1.7,0.24,2.67,0,-108.9,161.3,1030.6,-13.23,19.62,-3.16,28.9
112340,3.84,0,3.86,4.04,-10.7,161.8,943.7,-9.2,12.61,0.64,28.98
112360,0,0,2.93,3.52,2.7,160.7,1038.6,-0.99,25.74,2.24,27.67
112380,70.98,30.63,13.66,0,5.3,45.2,926.4,2.9,25.46,1.1,28.52
112400,55.41,46.01,15.3,4.28,-8.1,106.0,928.3,13.63,13.27,3.62,28.59
112420,41.53,50.15,32.81,0,-28.4,191.5,904.7,15.37,16.35,3.86,28.79
112440,15.51,54.33,42.33,0,89.5,60.3,851.4,25.74,8.13,6.1,29.33
112460,5.24,58.67,53.12,3.37,110.3,-19.2,820.0,27.12,7.76,5.42,29.59
112480,2.58,42.18,72.77,2.85,45.1,23.0,807.8,30.97,7.9,2.93,29.52
112500,0,40.0,79.95,0,187.3,41.3,823.4,32.68,-2.35,-0.06,30.34
112520,1.35,23.06,83.72,5.76,108.0,-68.8,786.6,27.52,-4.79,-2.07,29.89
112540,0,12.33,83.07,16.76,121.6,-171.3,814.5,30.85,-12.66,-2.65,31.0
112560,0,7.13,78.01,26.4,70.2,-75.7,886.1,27.9,-8.35,-7.57,30.92
112580,0,3.93,65.28,38.78,66.6,-25.5,876.2,13.52,-14.79,-6.54,30.9
112600,1.49,2.98,51.85,52.62,112.4,-175.5,962.0,14.94,-21.89,-1.14,30.97
112620,0,0,34.52,64.07,158.4,-85.5,944.0,6.34,-26.92,-0.98,30.85
112640,3.45,2.87,26.72,67.32,-50.5,-194.5,1029.5,0.32,-24.87,-2.11,31.0
112660,3.17,0,15.07,54.93,12.1,-179.9,1013.6,-6.94,-23.74,6.01,30.7
112680,0,4.18,6.54,49.93,-43.0,-237.1,924.5,-14.64,-25.13,7.91,30.69
112700,3.22,0,1.3,35.28,-32.0,-111.2,956.1,-15.53,-21.36,3.05,30.69
112720,0,0,1.4,26.82,-53.3,-95.7,1010.8,-27.11,-20.06,7.33,30.92
112740,5.28,0,1.65,12.87,-142.3,-3.1,979.6,-25.75,-7.35,4.55,30.62
112760,0,3.32,5.43,11.19,-99.3,-71.3,1019.7,-30.87,-8.49,-0.81,30.46
112780,0,3.36,0.7,0.47,-134.2,44.7,999.4,-33.86,10.8,-3.96,30.25
112800,2.75,1.21,5.63,2.2,-68.7,31.6,984.3,-28.56,3.0,-3.09,29.59
112820,0,0,0,0,-128.2,142.4,947.7,-26.54,11.56,-7.82,29.63
112840,0,0.29,1.6,0,-69.3,179.2,1033.7,-22.59,15.78,-5.89,28.98
112860,1.04,0,3.28,5.51,-53.7,128.7,1033.3,-12.74,14.43,-2.01,28.86
112880,5.1,0,0,0.81,-23.1,167.7,979.0,-11.39,18.74,-4.72,28.53
112900,0,0,3.24,1.11,50.9,98.2,994.6,-1.84,11.93,-0.21,27.73
112920,80.75,27.93,9.38,0,91.0,158.7,1024.6,-0.52,12.36,4.2,28.18
112940,65.03,41.28,18.0,2.14,77.5,146.9,908.9,4.42,6.18,5.57,28.84
112960,44.99,48.68,21.09,4.53,14.5,221.0,868.7,18.64,18.41,2.24,28.92
112980,23.09,57.23,38.14,0,111.4,41.3,831.2,25.48,28.25,4.78,29.35
113000,10.46,58.95,49.24,1.62,-22.0,33.4,855.9,26.64,11.35,3.58,29.69
113020,0,46.85,63.86,5.81,99.5,-13.2,790.2,25.32,1.36,4.9,29.66
113040,2.13,36.67,76.05,3.07,135.2,134.1,831.3,32.35,5.3,-1.32,30.02
113060,0.72,28.93,78.91,5.42,47.4,-45.7,779.7,29.32,-4.53,2.37,30.11
113080,0,15.22,86.18,10.34,84.5,-72.5,825.3,25.42,0.72,-4.72,30.32
113100,0,10.61,82.92,23.34,112.7,-13.5,882.3,28.4,-10.71,-3.43,30.94
113120,0,6.17,69.8,39.64,-29.7,-120.6,927.6,22.28,-16.28,-2.16,31.0
113140,0,0,51.51,48.1,159.6,-137.4,862.3,11.89,-15.44,-4.54,31.16
113160,0.56,0.35,37.43,65.09,35.3,-147.8,977.5,9.32,-18.87,-0.01,30.99
113180,0,5.29,23.29,70.19,-13.9,-214.4,995.7,-2.92,-15.48,-1.76,31.52
113200,0,0.62,11.49,63.73,-20.1,-130.5,943.7,1.4,-15.99,3.4,31.29
113220,0,0.8,8.0,50.74,16.3,-136.0,1000.3,-12.41,-18.12,8.4,31.23
113240,0,0,5.96,36.71,-144.6,-162.6,991.6,-19.01,-13.35,5.73,30.97
113260,0,1.86,4.22,28.77,-50.2,-143.8,1051.6,-22.13,-13.09,6.81,30.64
113280,0,0,2.36,12.87,-24.7,-59.0,992.3,-32.59,-14.49,4.85,30.4
113300,0,0,2.07,7.69,-133.5,-0.9,1025.4,-33.58,2.88,1.33,30.46
113320,0,1.18,0.6,3.0,-179.3,4.2,1028.7,-31.54,5.05,-0.17,30.18
113340,3.22,3.41,4.23,2.86,-170.2,-34.8,1011.5,-26.9,10.53,-2.7,29.67
113360,0,6.88,0,0.58,-119.7,87.2,1057.4,-22.15,10.77,-2.53,29.71
113380,0,0,0,1.69,-86.6,110.5,981.9,-19.71,12.43,-5.86,29.34
113400,0,0.44,0,3.24,-17.9,132.2,1049.4,-18.57,13.58,-4.46,29.09
113420,0.28,0,0,0,-47.7,225.2,1008.3,-9.69,18.79,-4.36,28.42
113440,0,0,2.31,0.43,-6.0,179.0,965.8,-7.86,18.12,-4.1,28.84
113460,74.53,25.94,8.11,3.69,35.9,170.1,958.5,1.85,18.31,0.9,28.8
113480,71.57,32.0,13.57,1.21,-14.0,74.8,955.1,13.08,21.31,5.69,28.37
113500,49.7,48.22,18.21,0,67.9,213.0,943.7,14.25,13.9,5.02,28.72
113520,30.62,53.96,30.22,0,101.8,113.6,860.2,28.19,7.02,3.4,28.98
113540,19.77,55.36,48.01,0,74.9,37.9,780.5,24.24,5.48,1.93,29.15
113560,4.14,55.32,58.2,2.77,100.6,76.5,842.5,30.78,8.78,1.63,29.71
113580,4.14,40.59,74.65,2.21,93.1,65.5,785.9,31.04,2.05,-0.22,30.16
113600,0,31.52,80.25,3.95,-22.7,19.5,768.0,32.47,4.33,0.35,30.61
113620,0.49,25.58,85.15,14.8,51.6,40.9,837.8,33.05,-4.41,-2.61,30.44
113640,4.44,13.51,79.28,22.62,11.0,-85.6,875.5,24.9,-17.03,-1.87,30.46
113660,0.19,5.36,70.54,39.25,43.7,-138.7,849.9,27.65,-16.03,-3.57,30.87
113680,0.49,0,60.34,43.44,28.6,-151.5,894.2,19.29,-19.21,-5.51,30.75
113700,1.29,7.27,37.89,57.49,-10.0,-85.8,911.3,10.78,-16.22,-3.14,31.01
113720,0,1.72,26.44,66.09,18.8,-166.2,972.5,0.24,-14.19,3.72,31.09
113740,0,0,16.17,63.38,-68.6,-141.8,986.4,-1.72,-5.44,-0.52,31.29
113760,0,3.41,11.0,61.42,-63.1,-163.2,1044.0,-7.9,-24.49,-0.24,30.97
113780,1.15,0,4.86,41.05,-48.9,-218.3,1001.5,-16.91,-16.86,2.28,30.88
113800,0.3,2.72,0,26.69,-16.6,-115.9,990.3,-24.26,-4.09,3.58,30.76
113820,7.23,0,2.5,16.45,-171.2,-131.0,1013.7,-29.78,-10.56,1.51,30.66
113840,0,0.85,7.05,11.26,-119.2,-105.7,992.8,-27.55,-5.51,4.09,30.24
113860,0,3.06,0.2,6.32,-21.4,-85.8,1008.6,-34.49,-4.54,1.71,30.04
113880,0,0.62,0,2.11,-116.4,86.4,984.0,-27.97,8.28,0.2,30.01
113900,1.79,0,0.54,0,-104.8,90.8,1038.3,-26.93,6.53,-2.18,29.6
113920,0,0,1.6,3.86,-124.5,58.1,973.3,-22.09,11.32,-2.1,29.27
113940,1.06,0.58,0,0,-35.5,153.6,1030.2,-21.03,20.42,-5.18,29.0
113960,0,1.85,2.3,1.67,-45.2,179.7,1067.7,-16.73,16.0,-4.58,28.52
113980,2.59,4.96,3.19,1.02,-45.8,162.8,980.0,-5.09,15.74,-0.4,28.36
114000,79.03,21.74,5.23,0,3.5,171.2,947.9,2.19,24.35,-0.25,27.8
114020,68.42,32.11,16.0,0.89,-17.6,105.4,984.4,4.54,15.68,3.91,28.1
114040,54.08,47.64,16.48,1.45,22.4,142.8,898.6,13.31,10.53,4.23,28.59
114060,32.64,50.67,30.06,0,108.4,122.0,886.5,16.62,13.6,7.01,28.79
114080,19.49,59.95,44.02,4.26,135.8,80.9,826.9,26.0,4.47,4.26,29.66
114100,6.17,54.31,57.82,0.6,12.8,90.5,840.3,30.56,14.11,4.24,29.97
114120,6.11,46.5,67.88,0,102.8,80.9,770.3,29.99,10.58,2.45,30.12
114140,6.37,34.25,85.79,3.03,91.5,56.1,814.1,32.54,1.94,-1.03,30.35
114160,1.41,26.28,82.92,5.02,115.2,-76.5,847.9,29.86,0.09,-0.92,30.38
114180,3.12,18.68,78.1,19.76,131.8,-58.4,780.0,23.12,-10.24,-3.18,30.64
114200,0,8.59,75.64,33.37,68.2,-122.8,804.6,23.06,-11.6,-3.11,30.8
114220,1.12,9.07,70.75,40.33,114.6,-160.3,885.9,16.07,-23.43,-2.52,30.52
114240,1.04,4.51,44.29,56.19,61.8,-157.5,891.9,18.27,-19.51,-3.31,31.21
114260,0,3.05,29.57,63.89,-38.3,-209.8,932.8,5.44,-4.63,-1.01,30.84
114280,0,0,21.01,66.49,23.9,-160.5,922.6,1.11,-19.18,1.16,30.95
114300,0,3.91,10.89,64.23,11.8,-193.5,1003.6,-10.68,-22.7,2.95,30.89
114320,0,0,7.97,46.13,-124.1,-185.9,1008.1,-17.44,-24.83,8.96,30.95
114340,1.09,0.24,2.18,31.36,9.6,-88.4,1040.7,-27.77,-13.86,6.12,31.09
114360,2.51,0,7.01,23.4,-80.5,2.5,974.9,-24.19,-6.28,1.8,30.66
114380,0,3.11,0,5.39,-133.7,2.7,991.8,-31.12,-13.84,3.89,30.54
114400,2.26,0,0,10.63,-26.3,27.9,1021.1,-27.74,2.99,2.97,30.06
114420,1.71,3.44,3.31,4.47,10.6,37.2,926.3,-30.65,-7.67,-3.09,29.77
114440,1.56,0,5.44,2.74,-77.4,-30.1,1029.7,-29.72,3.93,-3.71,29.38
114460,0,0,0.73,0.79,-67.1,58.7,1055.4,-25.4,5.72,-6.59,29.47
114480,5.2,4.11,0,3.84,-132.9,104.3,966.9,-18.24,12.11,-3.65,29.22
114500,4.07,0,1.17,0,-80.0,185.0,1003.8,-11.14,15.0,-5.62,28.62
114520,6.51,0,2.88,0,-59.4,180.2,989.1,-6.99,21.78,-4.54,28.44
114540,4.02,0,0,3.81,-36.1,26.2,1012.3,-0.96,17.04,-0.86,27.84
114560,73.27,39.49,5.95,0,41.3,127.1,1014.0,1.53,17.91,0.8,28.74
114580,57.24,43.84,14.74,0,12.0,137.5,879.0,12.77,16.96,3.6,28.78
114600,39.75,54.88,25.87,0,91.4,185.5,910.0,16.64,12.0,3.11,29.25
114620,15.11,62.16,38.63,0,49.2,9.3,864.1,24.05,16.09,7.04,29.45
114640,6.18,54.35,54.95,3.43,86.8,5.0,817.9,23.36,6.98,7.27,29.46
114660,5.56,41.26,67.36,2.04,91.2,-39.0,848.6,25.52,5.92,6.72,29.91
114680,2.61,43.41,84.65,7.44,147.0,82.3,875.9,28.09,6.77,0.29,30.43
114700,0,28.58,82.25,7.49,122.2,-18.2,775.8,28.93,-3.85,-2.86,30.31
114720,0,17.87,82.67,19.76,54.9,-38.4,884.5,24.62,-7.81,-4.79,30.35
114740,4.9,6.97,71.5,30.49,106.0,-113.0,862.9,22.53,-5.34,-3.39,31.0
114760,1.88,3.24,65.8,38.9,-9.2,-28.5,881.7,19.89,-24.81,-1.99,30.82
114780,0,0,48.92,55.88,119.3,-146.6,887.5,18.91,-10.28,-3.29,31.07
114800,0.27,2.4,39.7,65.2,-35.1,-208.8,948.8,5.08,-22.14,-1.41,30.99
114820,3.79,0,25.14,66.13,19.7,-84.5,991.5,-4.51,-19.5,1.85,31.02
114840,0,0,16.22,61.11,-127.6,-130.7,992.2,-8.65,-18.88,6.08,31.23
114860,2.78,0,9.52,47.17,-26.4,-128.4,954.6,-11.22,-15.23,4.7,31.03
114880,3.81,0.92,4.45,41.25,-56.6,-197.7,1007.5,-17.77,-16.86,4.3,30.52
114900,2.07,0,0,21.61,-113.0,-134.0,1040.8,-29.2,-11.23,4.88,30.8
114920,0.9,6.0,2.36,17.77,-84.6,-95.1,1029.8,-26.02,-9.72,5.64,30.44
114940,2.03,0,0.77,3.85,-62.1,59.3,945.8,-29.49,-6.92,2.83,30.43
114960,0,0,0,2.2,-126.8,-72.1,1024.3,-31.65,2.78,-2.11,30.06
114980,6.58,3.32,4.98,4.04,-73.8,119.9,1019.3,-31.37,12.31,-1.98,29.79
115000,0,2.39,0,4.72,-94.5,86.1,931.0,-23.94,7.2,-5.35,29.6
115020,1.03,1.03,2.41,0,-30.8,95.3,1018.6,-17.76,9.61,-4.59,29.33
115040,0.37,5.8,0,0,-59.7,148.2,1000.3,-19.46,16.93,-6.27,28.7
115060,0,3.34,0,1.07,11.8,84.4,991.5,-15.65,20.91,-2.74,28.39
115080,0,0,0,0.9,41.8,187.9,990.0,-0.7,20.27,1.79,28.6
115100,71.58,31.21,7.95,6.58,-19.8,117.8,987.9,-1.05,17.75,0.24,27.74
115120,63.05,38.98,17.6,0,-34.3,150.4,924.8,8.8,23.29,-0.03,28.55
115140,41.86,53.35,20.04,0,24.7,225.9,924.8,13.58,2.51,8.99,29.07
115160,26.56,58.55,35.48,0,139.4,73.9,840.0,17.33,8.61,1.42,29.33
115180,11.9,62.35,45.54,0.59,117.3,84.0,819.1,25.32,5.57,1.39,29.59
115200,5.43,63.13,61.83,0,46.8,19.7,801.4,29.91,1.87,1.93,30.03
115220,0,43.3,78.9,2.34,18.6,-42.9,777.7,34.51,-3.92,3.53,29.97
115240,0,26.66,84.03,8.18,95.3,-46.4,848.1,23.99,1.5,-2.88,30.07
115260,3.52,15.3,84.72,12.39,109.3,-79.2,836.0,27.05,-2.32,0.62,30.52
115280,6.48,13.35,77.66,21.08,92.6,-138.5,759.8,19.89,-16.32,-6.51,30.73
115300,0,3.5,68.6,35.54,94.9,-32.3,889.8,22.62,-12.07,-4.67,30.94
115320,0.95,1.55,53.01,50.83,-34.5,-224.9,904.4,11.51,-22.46,-0.07,31.16
115340,4.59,0,42.48,57.89,-21.8,-160.5,964.5,10.97,-27.07,-1.43,30.96
115360,2.13,1.67,20.09,63.53,43.2,-208.5,989.4,0.64,-6.55,0.68,30.97
115380,0,0,15.83,64.66,13.6,-31.9,1003.0,-6.57,-24.91,2.03,30.77
115400,5.52,0,6.11,53.53,-32.8,-125.4,984.2,-9.34,-12.08,1.12,31.26
115420,1.22,0,1.7,42.34,-44.3,-38.5,1013.3,-17.18,-25.42,3.72,30.68
115440,1.09,0,1.68,29.35,-112.3,-64.2,977.2,-24.1,-11.28,3.82,30.64
115460,1.04,3.45,4.33,15.51,-104.5,-88.3,976.3,-27.0,-17.68,4.82,30.53
115480,3.38,3.9,0.67,8.51,-96.3,-12.2,988.4,-32.15,3.06,7.07,30.3
115500,0,7.73,0,0,-113.5,-37.4,1006.7,-29.64,-9.83,0.09,30.54
115520,0,0,1.05,0,-12.3,24.5,982.0,-24.93,7.23,-2.96,29.8
115540,1.05,0,0,8.49,-73.7,21.4,946.1,-22.97,6.33,-1.47,29.44
115560,0,0,0,6.59,-116.5,62.7,1008.8,-21.11,6.67,-5.11,29.25
115580,1.15,2.07,1.29,0,-44.9,18.1,1013.6,-20.4,6.3,-7.62,28.71
115600,3.29,0,1.27,0,-43.0,116.3,987.5,-14.16,11.07,-0.99,28.29
115620,2.12,0,1.87,0,-127.0,120.0,1063.7,-2.91,16.17,-1.36,28.44
115640,77.86,24.38,7.58,0,74.8,225.4,1000.3,4.44,25.14,0.22,28.48
115660,67.59,35.14,12.54,6.07,76.8,155.8,932.9,9.81,15.58,3.63,28.53
115680,45.36,44.95,21.2,0,61.0,51.1,903.6,10.36,21.45,6.29,28.47
115700,33.76,49.69,32.83,0,67.1,154.7,850.0,20.41,18.23,2.44,29.67
115720,16.27,60.05,45.71,0,90.2,141.4,849.4,23.16,2.59,5.88,29.35
115740,7.41,53.25,55.32,0.11,114.8,137.9,830.3,28.64,5.37,0.09,29.45
115760,0,45.32,79.19,3.42,228.6,-14.1,818.9,26.59,-0.43,3.94,29.8
115780,1.49,32.73,80.79,2.63,30.1,-51.4,807.0,28.88,2.4,-2.67,30.34
115800,3.17,22.25,90.84,10.9,66.9,9.2,795.8,25.4,-3.72,-5.95,30.44
115820,0,18.45,80.71,19.17,29.5,-55.6,787.8,28.58,-17.09,-2.33,30.56
115840,6.08,6.05,70.54,31.5,106.8,-63.5,887.6,18.08,-12.01,-2.62,30.89
115860,1.51,0,60.32,43.98,-0.7,-129.4,961.6,20.61,-21.65,-1.49,30.81
115880,0.28,0,47.14,51.25,2.7,-127.4,929.0,11.02,-19.94,-5.2,30.68
115900,3.07,2.57,31.19,59.74,8.4,-163.0,983.5,1.98,-23.24,-1.26,30.97
115920,0,0,26.21,63.9,-17.7,-140.1,943.8,-5.07,-21.09,3.7,30.97
115940,0.72,0,9.39,52.04,23.4,-224.5,968.9,-12.46,-27.32,5.9,31.09
115960,4.74,2.92,3.96,45.37,-166.9,-159.7,1026.2,-20.45,-22.34,-1.5,30.94
115980,2.83,0,4.43,34.91,-68.8,-105.5,980.1,-17.4,-1.39,4.81,30.54
116000,0,0,0,25.14,-148.3,-26.5,1063.4,-29.52,-6.88,6.54,30.38
116020,2.97,0.02,9.21,11.1,-50.0,10.1,966.1,-30.37,1.22,3.55,30.47
116040,3.66,0,0,3.59,-148.1,-34.0,916.8,-26.17,-2.27,1.97,30.05
116060,0.41,0,1.94,0,-218.9,58.8,988.3,-28.54,6.42,-3.63,29.99
116080,4.23,0,0.44,0,-8.2,-31.4,972.2,-25.76,16.25,-7.28,29.81
116100,0,0,0.41,0,-172.5,94.9,1007.9,-31.54,14.77,-5.2,29.58
116120,1.16,0,0,0,-57.6,78.5,963.0,-19.55,12.04,-2.13,29.15
116140,0,0.76,0,3.12,-55.6,20.3,1020.1,-13.84,18.81,-6.97,28.82
116160,0,0,5.15,1.08,-5.1,109.8,989.1,-9.77,24.55,-2.37,28.33
116180,0,0,5.4,0,-27.8,134.9,982.4,-3.93,17.81,-1.96,28.23
116200,71.16,31.88,5.81,5.18,-37.6,220.5,967.9,7.15,22.61,1.43,28.11
116220,58.14,44.84,18.43,0.6,75.2,151.5,875.2,9.19,16.71,6.75,28.56
116240,37.69,54.2,25.92,0,58.5,87.9,821.1,15.22,15.04,7.12,29.24
116260,18.55,55.84,40.98,0,21.9,95.0,792.0,25.32,12.94,4.33,28.88
116280,6.18,51.64,52.15,1.5,117.0,88.0,832.9,25.65,7.33,2.92,29.77
116300,0,45.04,73.31,2.09,76.6,-15.4,787.7,25.54,1.67,-1.02,29.68
116320,1.65,39.13,85.99,5.3,130.6,7.6,810.0,31.48,-0.61,-0.39,29.93
116340,0.03,29.34,84.13,11.65,12.0,-19.4,826.4,29.97,-14.33,-2.2,29.86
116360,0,12.32,85.9,16.0,103.2,-19.7,834.5,29.03,-13.71,-7.07,30.59
116380,1.36,10.29,74.6,28.77,74.6,-78.1,811.8,25.19,-14.2,-4.14,30.62
116400,0,1.5,61.05,42.05,68.2,-95.9,884.0,11.52,-19.93,-2.35,30.92
116420,0,0.47,43.01,53.75,92.8,-146.0,924.0,19.45,-19.25,-4.25,31.29
116440,2.3,0,32.42,66.55,48.6,-134.7,939.8,6.74,-21.87,-4.66,31.38
116460,1.35,3.36,20.3,73.27,0.3,-130.0,958.9,0.71,-23.01,1.94,31.26
116480,0.37,0,7.98,59.07,-9.6,-130.8,989.8,-8.31,-25.77,-0.5,31.29
116500,4.49,0,6.94,50.45,-45.8,-102.6,1001.1,-17.32,-16.51,5.56,30.95
116520,0,3.42,3.07,36.38,-91.8,-154.7,1023.8,-22.04,-10.42,3.42,30.78
116540,0,0,2.13,24.72,-22.5,-68.6,967.1,-25.01,-3.25,5.05,30.5
116560,0.38,0,3.17,11.66,-108.5,-14.7,1035.4,-27.22,-4.76,-0.15,30.51
116580,0,0,3.49,6.19,-139.2,-1.4,1013.0,-34.28,-1.34,0.51,30.17
116600,0,0,0,0,-133.0,-9.3,980.8,-27.57,8.31,-0.42,30.0
116620,1.3,2.03,0.29,3.26,-138.8,177.1,1006.2,-23.92,2.6,-6.96,29.73
116640,3.24,2.33,0.3,0.1,-49.0,70.7,1019.3,-24.82,14.92,-3.15,29.21
116660,0,6.38,3.25,3.35,-57.6,156.8,996.6,-22.32,14.22,-3.35,29.09
116680,0.21,3.26,2.07,2.38,-132.3,176.1,963.3,-19.04,20.11,-7.11,29.08
116700,2.27,0,0,0,-6.8,115.0,1009.2,-13.09,23.42,-5.94,28.62
116720,0.95,0,4.21,4.42,31.8,159.6,984.0,-2.9,28.41,-1.11,28.04
116740,74.12,28.64,6.17,0,59.3,153.6,993.4,3.85,20.05,2.56,28.22
116760,54.65,42.3,13.32,1.06,14.3,88.9,909.1,11.01,23.33,2.57,28.44
116780,45.16,48.27,23.76,3.91,82.5,205.1,870.6,20.98,11.13,9.17,28.61
116800,19.77,53.26,35.37,0,58.2,169.9,841.0,21.54,15.38,2.56,29.6
116820,11.58,58.86,53.64,0,43.7,152.4,875.6,25.88,6.6,1.86,29.74
116840,1.95,54.96,63.9,0,72.6,-26.1,792.1,26.18,1.33,5.0,29.58
116860,2.5,39.07,77.02,2.48,30.9,-49.6,780.0,32.94,-3.34,2.88,30.23
116880,0.67,25.78,83.02,10.93,82.2,-7.8,780.2,26.65,1.32,1.58,30.12
116900,0,19.63,84.92,14.49,70.5,52.7,824.2,28.52,-13.78,0.0,30.57
116920,0.42,10.38,80.66,28.79,50.6,-101.1,901.0,26.24,-8.92,-1.93,30.76
116940,0.04,5.54,66.32,38.65,78.4,-175.2,887.4,19.36,-24.39,-2.52,30.79
116960,0,0,56.22,51.54,101.6,-184.8,903.6,11.54,-19.39,-6.42,31.13
116980,0,7.8,34.32,56.57,91.4,-110.6,951.6,8.07,-23.79,-1.84,30.69
117000,0,0,21.89,70.13,40.7,-137.9,1023.8,1.01,-18.9,2.22,31.16
117020,0,5.08,18.91,64.01,-49.5,-149.7,1017.6,-8.08,-19.07,1.83,31.2
117040,0,5.3,10.17,49.9,-29.9,-161.1,980.4,-15.94,-14.28,6.44,31.2
117060,0.6,0,3.12,39.36,39.9,-74.6,1026.8,-20.87,-9.72,1.95,31.4
117080,0,4.06,0,26.96,-54.7,-67.2,990.7,-26.98,-9.87,5.05,30.67
117100,5.58,0,8.17,19.92,-146.1,8.7,959.6,-28.8,-10.91,3.45,30.53
117120,0.89,0,1.98,5.92,-178.3,-13.3,1015.9,-30.48,-3.63,1.93,30.06
117140,0,1.32,0,0,-75.3,89.7,1002.8,-36.17,-4.77,-2.34,29.82
117160,4.02,0,6.28,3.68,-101.0,102.1,1020.4,-23.71,-0.3,-1.23,29.82
117180,0,6.07,0,4.18,-107.2,29.7,999.3,-21.08,15.63,-0.93,29.4
117200,0,0.45,0,1.52,-63.0,160.2,1001.5,-25.15,4.9,-5.61,29.15
117220,0,0.37,0,0,-58.3,111.4,897.8,-14.7,16.39,-3.41,28.73
117240,0.94,0,0,0,-47.8,152.0,975.2,-8.69,19.51,-2.95,28.6
117260,0.04,0,0,1.08,-62.2,148.7,986.6,-5.15,12.44,0.76,28.4
117280,80.13,22.95,9.26,0,-18.9,52.7,962.4,0.1,23.11,0.77,28.07
117300,65.71,41.28,13.79,0.68,28.5,111.1,978.1,9.53,22.06,1.17,28.66
117320,43.23,46.82,16.52,0,101.5,170.9,885.0,17.07,27.06,3.21,28.84
117340,24.34,62.81,35.53,0,23.2,160.1,888.1,22.65,9.12,5.68,29.23
117360,17.52,59.53,47.49,0,119.0,176.9,835.9,26.75,6.99,5.7,29.43
117380,3.92,52.55,64.92,2.89,52.1,23.2,861.0,26.23,8.07,1.15,29.8
117400,0.18,40.1,73.71,2.3,127.3,6.7,743.2,29.94,5.8,3.56,30.11
117420,0,28.08,85.94,0,24.8,13.4,814.8,30.47,-6.71,-0.14,30.18
117440,5.36,21.19,88.55,14.1,58.4,6.6,786.4,30.15,-12.47,-2.4,30.46
117460,0.84,8.29,83.87,17.49,147.4,-79.2,833.5,27.05,-6.66,-0.08,30.6
117480,0,11.35,69.45,32.49,-1.0,-71.5,904.8,16.45,-10.25,-6.46,30.88
117500,6.13,0,52.56,46.59,46.9,-151.9,881.2,11.04,-8.92,-5.72,31.09
117520,0,2.78,43.57,64.38,107.4,23.9,953.2,10.55,-23.52,-3.78,30.97
117540,0,0,31.88,70.41,-49.7,-121.0,965.3,4.73,-21.5,0.84,31.0
117560,0,0,14.16,68.07,33.6,-109.0,953.5,-5.04,-20.79,1.28,31.23
117580,3.77,1.22,11.28,51.54,-24.1,-126.9,1030.0,-14.96,-22.93,3.51,30.9
117600,2.44,0,7.91,40.59,35.8,-148.4,997.9,-19.8,-9.0,7.51,30.9
117620,2.01,0,0,30.54,-77.0,-127.9,980.0,-23.13,-20.08,4.38,30.93
117640,3.48,0.8,0.28,14.26,-67.6,-11.5,984.0,-31.4,-11.96,7.15,30.74
117660,0,2.5,0,5.76,-167.7,-35.8,1011.6,-28.74,-2.29,1.52,30.52
117680,0,1.97,0,0.43,-0.7,18.9,997.9,-25.85,-5.59,1.0,30.18
117700,0,0,0,0,-52.7,-14.2,979.5,-33.03,-0.34,-1.34,30.13
117720,0,0,0,1.8,-103.5,146.7,959.4,-27.87,14.57,-4.28,29.85
117740,0,3.67,2.5,4.27,-190.4,95.1,1023.8,-18.07,12.53,-5.24,29.39
117760,2.26,0,0,3.65,-1.0,90.7,983.2,-21.1,20.18,-3.26,28.78
117780,0,3.38,0,0.42,-56.5,150.4,974.5,-7.08,22.5,-7.61,28.75
117800,0,0,0,0,79.7,151.0,1012.7,-6.7,16.28,-1.11,28.33
117820,81.3,24.84,5.22,0,39.0,52.2,1000.1,0.73,27.86,0.72,28.27
117840,68.59,36.92,14.17,1.04,-4.0,161.5,951.8,4.66,11.04,2.13,28.23
117860,49.61,47.55,18.93,0.74,71.8,19.0,962.2,7.63,23.58,4.18,28.38
117880,32.97,52.51,26.45,0,138.9,113.7,915.7,20.0,17.56,7.13,28.79
117900,14.89,57.16,43.87,0.92,94.6,110.1,842.3,25.66,16.85,2.58,29.22
117920,2.76,58.44,57.32,0,106.6,32.1,841.0,31.59,14.16,1.01,29.31
117940,0,43.2,72.61,2.43,103.8,7.6,801.9,27.04,4.63,1.08,29.89
117960,0,37.74,83.92,6.14,170.9,-67.9,783.4,24.87,1.77,1.43,30.51
117980,0,18.39,83.59,12.49,31.4,-22.0,774.7,27.76,-10.1,-5.1,29.87
118000,0.84,12.54,84.95,22.38,131.1,-63.8,844.4,27.62,-12.27,-5.42,30.57
118020,5.31,8.75,78.67,24.72,114.0,-138.5,881.4,18.21,-21.05,-3.42,30.8
118040,0,2.31,60.73,48.75,22.1,-98.0,957.3,17.38,-22.96,-0.92,30.71
118060,0.04,0,42.66,60.56,39.0,-237.5,917.5,9.25,-20.69,-3.85,30.98
118080,0,3.29,33.92,62.32,44.9,-167.9,979.8,5.11,-20.38,-1.7,31.03
118100,0,2.03,15.07,64.43,60.8,-210.5,1002.3,-10.75,-13.27,-0.07,30.94
118120,2.12,0.38,11.06,61.4,24.6,-121.3,1012.7,-11.4,-19.27,1.98,30.98
118140,1.19,4.12,6.39,55.52,41.7,-71.6,986.1,-16.08,-15.11,5.7,31.12
118160,0,0,4.42,27.89,-101.2,-171.3,1009.8,-10.74,-13.24,7.18,30.7
118180,0,1.5,2.72,19.27,-86.2,-118.0,974.7,-22.51,-13.39,4.97,30.83
118200,1.38,0,0,16.32,-20.0,-4.8,1013.8,-25.4,-1.76,4.23,30.3
118220,0.89,0.65,0,0.62,-225.0,-5.9,983.1,-29.19,1.91,1.37,29.96
118240,0,4.09,0,2.13,-157.8,39.6,1019.1,-28.66,-2.76,1.41,30.35
118260,1.46,0.06,0,5.85,-25.4,73.9,1017.2,-31.68,8.38,-3.27,29.83
118280,0.54,2.03,0,0,-51.5,57.0,1025.3,-24.1,11.32,-6.33,29.31
118300,4.2,0,0,0.42,-12.6,71.9,972.9,-19.15,15.23,-1.91,29.28
118320,4.37,0.48,3.32,0,-87.7,66.7,1026.7,-14.98,16.98,-6.4,28.89
118340,0,0.56,5.71,1.29,-24.2,110.4,1043.7,-13.74,10.74,-6.26,28.33
118360,0,0,5.04,0,81.7,130.1,986.5,0.81,16.59,-1.1,27.98
118380,66.66,35.64,4.6,0,-24.6,242.5,941.3,3.32,12.78,1.55,28.31
118400,58.39,44.52,14.75,0,114.7,250.9,867.0,11.37,8.12,7.26,29.14
118420,30.03,51.55,29.9,0,80.3,57.8,908.9,20.97,13.58,5.23,29.0
118440,17.95,59.86,36.76,0,50.4,105.3,836.9,22.57,12.64,7.26,29.01
118460,5.87,50.93,55.02,2.25,116.7,100.8,864.5,24.02,3.4,-0.14,29.45
118480,3.73,48.23,64.3,2.88,104.2,66.3,748.5,25.64,-2.65,4.79,29.89
118500,1.86,34.65,86.28,6.52,120.6,-1.2,836.6,35.52,0.65,-0.47,30.37
118520,0,22.17,82.55,12.54,117.9,-16.7,743.5,29.93,-11.53,-1.36,30.38
118540,0.36,16.49,83.31,15.17,145.5,-63.8,854.3,23.95,-16.69,-1.95,30.52
118560,0.24,7.42,76.1,24.18,218.2,-114.6,859.4,21.41,-19.4,-2.63,30.94
118580,2.31,6.98,64.64,43.04,111.1,-63.2,868.8,19.32,-21.19,-6.43,30.89
118600,0.3,2.29,46.3,55.84,62.2,-212.1,933.5,13.72,-14.46,-0.65,31.27
118620,0.08,0,36.66,61.7,-40.4,-223.4,955.7,2.39,-17.78,-0.49,31.04
118640,0,0,26.5,68.26,-35.1,-156.8,988.4,-1.3,-15.43,-0.37,31.05
118660,0,0,12.67,58.89,-40.2,-94.2,1010.5,-6.23,-23.48,0.78,30.79
118680,3.08,0,12.48,47.73,-13.8,-51.3,1061.4,-15.4,-19.78,6.82,31.15
118700,0,3.75,0.28,33.49,-71.0,-209.5,974.7,-17.26,-19.9,3.6,30.67
118720,6.13,1.83,0.75,21.41,10.9,-76.8,987.0,-24.58,-15.06,3.23,30.85
118740,0.77,0,2.63,12.89,-80.5,-78.0,998.8,-27.78,2.76,1.29,30.42
118760,0,1.86,0,10.7,-147.6,42.9,1005.1,-32.87,0.37,1.56,30.11
118780,0,2.67,0,6.43,-97.9,-16.1,979.3,-24.36,-1.81,2.18,30.22
118800,0.07,2.68,6.66,5.12,-97.9,71.6,1030.3,-28.58,5.49,-1.5,29.6
118820,0,0,0,0.98,-88.8,111.1,1024.7,-22.44,8.95,-3.21,29.6
118840,2.83,0,0,8.14,-55.5,153.3,1074.9,-19.21,11.88,-6.05,29.63
118860,0.09,0,1.94,1.96,-17.1,186.8,998.2,-14.34,21.05,-2.18,29.07
118880,1.98,1.75,2.72,0.06,-3.3,237.4,959.4,-8.93,30.14,-5.46,28.53
118900,0,0,3.75,0,9.5,93.5,1025.1,-2.24,17.81,0.67,28.0
118920,77.67,27.34,8.86,0.17,26.6,90.4,988.5,-2.52,18.13,0.29,27.96
118940,58.98,41.91,15.12,1.68,20.7,172.6,910.9,11.23,20.36,3.67,28.49
118960,44.0,46.58,27.89,1.46,79.1,179.0,871.6,17.59,17.31,2.9,28.77
118980,19.83,56.41,36.64,0.57,169.5,114.7,884.7,18.16,17.33,3.48,29.16
119000,11.29,58.02,49.93,3.49,129.3,83.6,811.6,22.79,8.25,7.01,29.26
119020,5.13,50.69,66.16,0,13.3,98.8,768.0,24.48,5.64,-0.19,30.04
119040,0,42.29,77.96,4.66,62.5,31.9,832.1,29.14,1.95,2.71,30.01
119060,1.69,27.77,85.89,7.32,-12.4,-82.6,832.5,28.42,-8.88,-0.02,30.59
119080,0,21.4,83.51,13.52,143.3,-4.0,789.9,28.23,-3.31,-3.87,30.36
119100,0,15.67,78.3,23.08,47.2,-85.6,924.3,22.43,-9.69,-6.53,30.68
119120,6.1,6.7,63.39,39.36,105.8,-186.8,859.6,18.75,-26.47,-8.9,30.89
119140,0.01,2.75,56.33,51.44,140.9,-75.1,914.9,19.59,-18.43,-7.42,30.98
119160,10.19,1.08,37.92,61.89,30.7,-119.4,992.3,6.69,-14.93,-2.09,31.09
119180,0,0,29.29,61.68,90.7,-239.4,999.7,4.57,-19.54,0.31,31.25
119200,0,0,18.56,61.96,-15.6,-88.5,1013.8,-7.22,-20.41,1.51,31.1
119220,0,0,14.42,51.57,80.7,-130.3,1031.3,-13.89,-17.88,4.5,31.15
119240,0.79,3.3,6.36,39.87,-105.5,-100.6,993.6,-17.88,-18.57,7.66,31.19
119260,0.35,0,0,24.01,-138.0,-74.3,1044.6,-23.36,-8.76,4.19,30.84
119280,1.44,0,0,15.94,-55.6,-82.7,1004.1,-31.68,-10.81,6.02,30.92
119300,0.34,0,1.79,3.79,-50.9,-22.1,971.9,-27.93,-6.95,3.73,30.13
119320,0,1.07,6.69,6.88,-147.7,-104.3,1020.3,-29.43,-6.47,0.43,30.1
119340,0,0,0,0,-162.6,13.6,984.6,-24.15,8.05,-5.47,30.19
119360,1.86,0,4.07,4.73,-9.2,33.6,1009.0,-24.56,9.24,-6.88,29.75
119380,1.94,0,0,0,-63.8,135.1,941.5,-23.24,16.47,-4.62,28.92
119400,0,4.22,0,0,42.7,125.1,995.2,-19.26,18.82,-8.55,28.93
119420,0.22,0,0,0.77,-91.1,202.7,926.8,-10.42,20.87,-5.03,28.59
119440,3.32,2.91,0.83,0,85.0,181.1,990.4,-3.04,17.16,-3.07,28.2
119460,76.58,24.68,5.37,2.09,117.9,105.0,1017.2,3.64,16.92,0.88,28.16
119480,61.56,29.69,12.85,0,70.6,118.3,964.7,9.07,11.58,1.08,28.65
119500,49.66,47.19,23.18,0,104.2,209.9,895.4,11.02,6.18,8.28,28.67
119520,33.48,49.82,35.64,3.85,170.5,169.4,877.1,26.68,18.03,7.65,28.98
119540,14.41,63.59,42.07,1.19,42.4,75.8,893.1,23.76,13.77,6.29,29.38
119560,5.74,60.74,61.2,5.13,17.2,59.5,837.1,22.76,14.92,1.92,29.76
119580,0.21,44.23,75.35,0,48.9,12.8,814.4,30.84,-4.25,-2.04,29.87
119600,5.47,32.61,75.66,7.29,160.3,35.7,786.2,34.7,-7.8,-3.23,30.1
119620,5.02,18.24,87.4,10.9,56.5,-98.8,811.2,27.66,-10.95,-4.31,30.23
119640,0.94,13.35,82.75,16.47,57.0,-3.0,832.9,22.69,-1.54,-5.52,30.5
119660,3.05,6.9,76.86,32.79,22.1,-77.0,823.2,23.53,-10.89,-3.19,30.66
119680,0,2.0,61.35,49.16,156.1,-114.1,879.3,14.35,-18.33,-1.36,30.85
119700,0,2.7,41.59,54.02,39.7,-125.3,931.5,15.51,-22.11,-0.31,31.07
119720,0,0.35,28.71,67.83,51.3,0.8,1009.0,-0.66,-20.83,2.12,31.02
119740,0,5.12,18.15,65.12,74.8,-203.9,1027.7,-6.63,-17.22,2.89,31.21
119760,4.91,0,8.3,50.16,12.3,-84.9,965.9,-6.81,-15.5,2.56,31.13
119780,4.3,0,1.63,40.39,-105.6,-136.5,993.1,-14.95,-17.58,3.68,30.95
119800,4.32,4.26,0,26.85,-92.7,-86.3,1034.2,-24.4,-15.8,7.66,30.8
119820,0,3.04,1.42,19.31,-138.7,-55.8,962.9,-24.53,-15.06,4.79,30.49
119840,0,0,1.75,8.92,-130.2,-91.1,1013.0,-27.48,-8.01,4.5,30.18
119860,1.81,2.37,0,2.5,-133.3,-87.0,958.5,-33.9,-4.95,-3.68,30.23
119880,0.65,0,1.7,2.74,-44.4,47.4,1032.5,-34.94,6.45,-1.44,29.85
119900,0,0,0,2.51,-150.1,-4.6,960.6,-27.66,9.21,0.51,29.58
119920,0,3.62,0.98,0,-117.9,78.1,994.8,-29.27,17.84,-7.77,29.45
119940,2.03,0.84,0,0.43,-36.3,188.1,963.8,-18.45,24.98,-2.72,29.05
119960,0,0,4.44,0,-32.4,140.5,1031.9,-13.53,16.17,-4.12,28.49
119980,0,0,4.12,3.77,35.9,121.7,989.8,-7.82,7.64,1.32,28.28
