timestamp_ms,p0_n,p1_n,p2_n,p3_n,accel_x_mg,accel_y_mg,accel_z_mg,gyro_x_dps,gyro_y_dps,gyro_z_dps,temp_c
0,78.25,20.92,1.41,0,51.0,115.8,996.6,2.38,25.34,1.58,28.15
20,71.82,36.4,11.68,0,-19.7,137.8,909.3,18.53,19.72,-4.23,28.1
40,53.61,40.74,18.27,0,63.7,116.1,934.9,21.09,19.93,6.95,28.87
60,44.43,54.62,19.06,1.92,4.9,75.1,858.7,31.59,12.8,9.2,29.07
80,19.36,60.15,36.59,0,65.6,78.5,885.7,47.58,12.52,6.22,29.92
100,7.47,55.07,53.19,0,114.5,8.8,888.6,53.41,9.09,3.64,29.67
120,3.43,48.23,69.93,0,60.6,49.8,825.5,56.28,15.35,2.16,29.91
140,1.3,42.7,77.82,4.45,148.0,-27.8,805.7,57.04,6.93,-1.28,29.95
160,0,27.63,85.29,0.65,72.4,-121.9,780.9,62.18,-4.99,-1.5,30.57
180,0,16.96,74.68,11.77,165.9,-92.5,827.3,51.56,-10.53,-4.38,30.45
200,2.8,8.44,75.94,26.79,116.6,-18.4,868.4,48.58,-12.06,-1.51,30.69
220,3.92,4.25,67.66,35.22,119.1,-69.7,855.3,44.49,-12.22,-7.69,31.06
240,0,8.83,55.49,52.05,20.8,-144.2,913.7,28.42,-12.87,-7.85,31.11
260,0,0,38.59,57.78,83.4,-172.8,953.6,19.24,-22.48,-3.27,30.92
280,0,0,27.71,66.37,71.4,-139.1,982.8,5.42,-21.94,-4.34,31.13
300,0.71,0,16.49,65.75,-24.7,-131.9,983.3,-10.12,-18.85,1.34,31.14
320,3.0,1.61,10.21,56.87,30.5,-153.3,992.4,-21.1,-18.28,1.24,30.92
340,0,0,6.79,42.55,-76.5,-175.6,1000.8,-31.74,-18.41,5.72,30.93
360,0,1.04,1.6,32.57,12.0,-90.6,1048.8,-37.59,-16.89,4.1,30.8
380,0,1.4,0.78,19.85,-68.0,-71.7,975.4,-50.52,-9.5,0.02,30.45
400,0,0,3.1,9.55,13.6,14.1,977.2,-56.04,-7.32,2.02,30.76
420,0.45,0,0,7.22,-18.1,-11.4,1041.9,-67.07,0.85,1.54,30.38
440,0,3.61,0,3.54,-148.0,9.5,981.9,-57.77,-1.57,-4.07,29.76
460,4.45,1.88,0.11,4.27,-27.1,48.6,1024.6,-52.95,2.65,-3.43,29.62
480,3.74,3.58,0,4.63,-28.3,122.1,940.1,-50.73,13.25,-4.09,29.46
500,2.56,5.76,3.92,0,-192.9,45.9,1026.3,-39.49,17.77,-3.38,29.02
520,0.12,0,3.13,0,4.9,83.8,964.2,-33.72,15.37,-7.04,29.03
540,1.63,1.53,3.69,0,6.1,184.9,993.1,-20.75,16.33,-6.98,28.88
560,0.99,0,0,0,-13.0,80.7,979.8,-10.2,15.53,-0.33,28.49
580,74.4,29.0,10.42,0,42.5,176.3,996.8,10.55,18.2,-0.86,28.11
600,64.71,37.31,7.47,2.41,-12.3,182.2,962.7,21.61,23.42,0.28,28.71
620,45.69,44.87,19.38,1.87,67.1,132.6,927.5,37.17,18.16,1.05,29.42
640,32.06,57.46,31.15,0,25.3,51.4,857.6,34.88,12.69,6.39,29.17
660,12.69,53.28,45.47,3.32,50.2,66.4,823.4,48.68,16.78,3.42,29.37
680,0.16,49.88,56.07,6.08,39.0,39.7,809.7,55.39,-0.69,2.62,29.58
700,3.1,44.95,69.93,0.51,3.4,39.9,777.1,62.32,8.22,1.96,29.96
720,0,35.78,76.91,2.51,108.7,-88.9,810.2,64.34,-1.68,0.59,30.09
740,0,21.62,81.76,5.65,59.1,-100.5,821.2,55.6,-1.33,-5.34,30.09
760,3.99,10.6,76.49,16.89,108.4,11.6,792.2,47.54,-15.43,-3.86,30.73
780,0,11.33,74.08,27.35,131.8,-7.3,833.2,40.23,-19.54,-6.35,30.63
800,1.09,1.73,58.47,44.63,-2.1,-86.7,890.8,35.29,-15.67,-5.81,30.62
820,0,0,50.58,59.11,-20.5,-46.3,949.3,27.27,-17.67,-6.26,31.02
840,0,2.88,35.65,65.22,34.9,-116.1,995.6,13.87,-21.87,-0.4,30.9
860,0.1,6.39,23.57,70.0,-11.4,-88.6,986.2,-0.07,-16.84,3.52,31.09
880,1.35,0.34,9.36,59.68,17.4,-184.5,1002.8,-10.71,-20.66,3.96,31.1
900,0,0,9.01,51.84,-38.0,-114.5,1021.0,-28.29,-12.54,4.55,30.71
920,0,2.31,0,41.07,-68.5,-82.3,963.7,-34.87,-8.8,4.75,30.83
940,4.67,4.97,0,23.48,-95.2,-137.7,1070.3,-51.03,-10.93,3.65,30.95
960,0,1.66,2.27,13.62,-63.8,-89.5,1008.8,-51.47,-8.0,5.54,30.39
980,0,1.77,0,8.17,-120.6,-64.2,1042.0,-59.24,-9.28,3.82,30.58
1000,0,0,2.76,0,-133.4,-43.2,1030.4,-62.32,1.71,0.45,30.15
1020,2.08,0,0,5.86,-29.9,49.1,986.0,-60.95,-1.48,-5.38,29.57
1040,0.87,0,3.31,0,-22.0,31.6,1012.1,-50.06,5.41,-4.96,29.63
1060,0.92,1.76,3.33,2.99,-92.7,85.9,1030.1,-44.09,6.16,-5.09,29.53
1080,4.26,0,0.22,0,-52.0,34.9,963.4,-38.06,15.69,-5.26,29.35
1100,0,2.85,0,0,-10.5,175.4,1024.4,-28.33,19.47,-3.71,28.74
1120,2.78,3.23,0,3.23,23.7,117.8,1019.8,-15.82,16.08,-1.7,28.26
1140,0,0,8.67,0,-2.1,225.2,1001.9,-3.62,18.29,-0.34,27.97
1160,72.72,26.41,13.15,0,22.7,109.4,959.7,11.15,13.05,1.68,28.26
1180,60.05,39.39,14.19,3.69,-50.7,102.9,939.4,22.52,22.48,4.17,28.69
1200,39.91,52.12,22.34,0,40.3,175.5,874.5,31.99,14.06,5.15,28.85
1220,20.74,55.49,36.74,0,55.6,41.1,864.5,46.4,12.1,4.09,29.12
1240,14.25,58.47,51.07,0.31,45.7,-22.4,817.5,55.77,11.25,1.71,29.78
1260,2.59,53.77,64.73,2.41,98.7,68.4,786.3,53.87,4.66,3.36,29.46
1280,4.57,43.29,73.25,1.5,127.4,9.2,803.5,56.67,0.42,-0.59,29.89
1300,0,24.07,80.17,8.94,130.7,-9.2,766.4,58.26,-9.09,-0.55,30.52
1320,0,14.4,79.49,13.38,133.7,-14.1,825.6,49.42,-17.24,-0.38,30.63
1340,0.2,9.85,76.89,17.32,71.0,-133.5,835.0,49.36,-5.72,-5.95,30.77
1360,0.81,1.97,71.46,32.6,101.9,-118.0,891.8,40.88,-11.27,-6.19,30.83
1380,0,7.18,57.94,47.44,38.3,-84.0,939.0,31.75,-16.84,-4.86,30.97
1400,0.26,1.38,40.61,54.3,40.3,-163.0,969.3,25.95,-20.47,-2.96,31.13
1420,0,1.04,32.31,68.03,14.1,-204.6,941.7,2.51,-12.97,0.69,31.05
1440,0,1.33,18.01,61.62,-5.2,-165.8,1000.9,-10.71,-3.84,-0.37,31.13
1460,0,0.3,19.57,54.48,-10.2,-189.5,964.9,-20.64,-12.94,5.04,30.89
1480,0,0,7.23,47.51,-57.3,-196.9,1029.4,-32.41,-14.48,5.98,30.95
1500,1.0,3.48,0,32.44,-95.5,-67.2,958.1,-43.26,-13.14,5.01,30.7
1520,5.09,0,0,18.69,-28.1,-162.0,964.3,-48.15,-14.61,5.71,30.94
1540,0,0.84,0,12.29,-118.5,-57.9,1037.0,-55.56,-5.5,2.38,30.6
1560,5.04,0,0.09,5.44,-116.3,-99.5,996.4,-63.78,4.96,-1.06,30.4
1580,2.17,2.61,1.08,3.04,-106.0,72.4,991.5,-61.31,1.39,-0.08,30.19
1600,0.45,0,0,1.67,-98.5,67.0,995.9,-57.96,11.37,-3.34,29.52
1620,2.92,2.79,6.51,3.0,-64.7,146.0,1011.0,-50.61,7.46,-3.98,29.46
1640,0,0,0,0,-51.0,141.7,993.0,-44.66,15.31,-8.88,29.32
1660,0.81,1.19,0,0.39,-46.1,150.0,998.1,-29.27,17.68,-3.27,29.05
1680,0,0,2.58,0,-102.6,69.7,997.5,-23.41,21.78,-5.08,28.86
1700,3.69,0.71,0.76,0.39,-20.8,214.7,990.6,-13.51,22.45,-3.15,28.04
1720,78.06,24.24,8.2,0,-30.1,102.2,995.8,3.94,28.44,1.52,28.3
1740,60.7,37.14,15.82,1.28,87.8,162.9,934.8,18.44,24.52,3.28,28.49
1760,48.13,47.02,19.47,5.88,89.4,65.2,892.3,28.58,18.13,2.95,28.78
1780,32.95,51.36,30.32,0,29.7,107.1,876.7,36.88,18.97,4.29,29.38
1800,14.62,57.89,46.15,0,91.5,157.0,846.8,54.99,14.59,1.82,29.31
1820,8.75,52.38,59.54,4.13,202.5,18.7,784.2,53.02,5.5,3.69,30.07
1840,1.01,41.46,71.91,2.11,137.1,73.9,763.8,58.1,7.42,1.78,29.6
1860,0.79,36.87,74.45,3.18,58.7,35.4,772.5,61.0,3.32,-0.54,30.51
1880,1.44,23.81,85.66,8.25,49.3,-132.4,799.3,60.54,-22.02,-2.27,30.35
1900,0,14.19,77.23,19.12,36.6,-79.8,853.0,53.84,-13.1,-3.65,30.57
1920,0.05,9.54,69.47,25.72,146.8,-92.4,774.0,43.89,-17.67,-1.83,31.17
1940,0,1.66,64.43,38.52,73.9,-163.8,906.4,43.42,-25.29,-6.87,30.68
1960,0.43,1.97,43.57,48.85,-0.5,-155.9,912.8,26.54,-14.53,-4.05,30.96
1980,1.08,0,36.32,64.09,29.3,-157.1,971.7,9.9,-10.33,-2.47,31.12
2000,0.88,1.35,20.77,64.34,71.0,-162.1,981.0,3.31,-18.53,2.44,31.21
2020,0,0.15,10.37,64.38,-80.2,-175.4,1037.2,-10.25,-18.84,-1.27,30.99
2040,6.04,0,11.74,51.95,-70.1,-93.1,992.4,-26.01,-12.79,1.34,30.84
2060,3.23,0,9.38,43.52,-33.8,-89.9,1022.0,-36.03,-10.68,8.73,30.7
2080,0,0,1.32,29.59,-150.8,-101.7,1035.5,-43.35,-15.55,4.19,30.73
2100,0,0.38,0,12.49,-65.1,-65.5,991.2,-51.16,-6.28,6.91,30.27
2120,3.45,0,0,6.46,-112.5,-29.5,953.5,-55.45,-1.86,4.07,30.41
2140,0,0,3.86,2.64,-126.4,47.3,1015.7,-61.09,-2.06,1.89,30.02
2160,0,0,0,3.26,-192.2,68.4,1025.2,-60.61,0.43,-3.14,30.02
2180,3.27,2.48,0,2.62,-185.6,19.2,1035.6,-55.6,10.62,-1.64,29.8
2200,0,0,8.52,2.08,-133.5,132.3,1021.5,-46.63,9.51,-2.35,29.25
2220,0.66,0,0,0,-159.7,95.9,950.2,-41.39,19.28,-5.44,28.83
2240,0,0,0,1.65,-58.8,122.1,971.7,-37.13,14.17,-4.74,28.98
2260,3.04,0.47,0,0,2.9,111.3,977.6,-17.07,14.8,-3.55,28.16
2280,0,0,0,0,150.1,138.6,985.9,-4.9,14.23,-0.97,27.81
2300,70.45,28.82,5.92,2.24,77.6,198.5,1007.2,5.99,14.71,-2.05,28.2
2320,65.5,40.48,19.08,0,11.2,193.1,928.8,25.2,20.25,3.94,28.63
2340,41.8,52.45,22.7,0.84,90.2,143.5,868.6,32.58,20.08,3.11,29.05
2360,20.65,54.2,35.02,0,98.2,125.4,796.3,47.59,7.44,5.05,28.78
2380,11.92,59.96,45.54,0,113.3,58.5,781.8,52.78,7.94,7.78,29.28
2400,8.44,52.47,62.01,0.27,145.8,-16.9,867.8,59.48,10.38,5.31,29.87
2420,4.03,40.16,75.54,0,58.8,14.9,851.0,53.13,-0.07,0.89,30.44
2440,0,31.23,84.69,4.97,29.8,12.7,791.4,61.37,-8.81,-4.81,30.38
2460,0,15.62,83.43,13.68,135.0,55.0,806.2,59.2,-10.71,0.81,30.17
2480,0,13.62,77.34,22.44,98.9,-30.6,806.7,50.13,-11.28,-4.65,30.73
2500,6.84,1.54,69.51,41.11,105.6,-143.0,885.5,39.84,-19.77,-3.86,30.8
2520,0.05,0.15,56.61,46.04,98.6,-104.7,963.6,26.63,-15.38,0.17,31.02
2540,0,0,45.62,58.87,94.1,-199.6,905.1,16.76,-8.43,-4.84,30.91
2560,0,0,26.67,59.32,65.2,-177.5,1015.4,3.57,-12.29,0.08,30.81
2580,2.03,0,21.81,63.95,-45.9,-113.9,980.5,-8.43,-30.52,2.73,31.12
2600,7.99,1.73,11.59,56.04,32.6,-78.5,972.0,-17.6,-14.78,2.98,30.82
2620,0,0,12.38,43.53,-15.2,-166.2,922.1,-30.08,-16.88,5.15,30.85
2640,0,0.83,4.7,29.73,-74.7,-19.2,1031.6,-37.67,-13.77,5.01,30.77
2660,0,3.61,7.58,23.22,-58.5,-54.1,949.2,-49.32,-14.23,5.1,30.38
2680,0,0.62,1.93,10.43,-156.6,20.9,1009.7,-54.41,-5.47,1.79,30.83
2700,0,0,0,6.85,-153.0,-48.3,1034.7,-61.03,-2.06,1.12,30.55
2720,0.52,0,0.64,2.57,-65.8,3.1,996.4,-56.39,0.52,-3.54,29.91
2740,2.4,8.95,3.44,2.2,-86.6,6.0,1012.3,-58.42,5.41,-3.74,29.95
2760,0,3.71,1.86,0,-110.7,37.0,973.2,-53.01,3.59,-4.76,29.47
2780,5.66,0,0,0,-33.7,48.1,1003.7,-51.72,11.4,-7.9,29.45
2800,0,0,0,0,-114.7,78.3,971.1,-35.56,6.8,-5.49,29.23
2820,0,0,0,2.36,-11.4,110.3,1002.6,-20.79,13.85,-2.85,28.88
2840,0,0,0,0,-35.7,103.1,992.9,-11.11,16.13,0.07,28.57
2860,79.42,19.71,10.58,0,-75.1,170.9,943.6,1.74,16.5,1.87,27.65
2880,72.11,31.81,9.68,0.59,30.6,125.4,942.2,13.53,19.59,5.45,28.49
2900,47.8,44.42,15.32,3.46,-12.8,168.3,913.4,31.61,15.47,2.58,28.71
2920,26.78,50.54,29.21,4.12,45.2,75.2,911.9,38.14,16.48,6.1,29.01
2940,17.05,51.83,40.21,8.37,148.6,141.4,868.2,47.18,12.19,2.65,28.97
2960,6.41,55.24,57.17,0,61.3,77.9,805.6,54.12,9.81,4.77,29.59
2980,5.15,45.65,70.97,2.2,78.9,22.6,812.6,59.97,9.24,1.79,29.32
3000,2.8,35.17,75.53,0,138.3,-63.4,767.6,62.67,-5.51,-1.97,30.01
3020,0,24.08,84.36,8.62,139.3,17.1,827.8,55.42,-6.67,-1.4,30.32
3040,0.47,10.95,77.59,10.16,144.2,-99.4,862.6,57.01,0.09,-4.29,30.04
3060,0,13.54,74.94,23.19,46.2,-77.5,811.8,47.33,-7.5,-2.1,30.72
3080,1.53,0,66.99,40.08,38.7,-57.2,858.9,38.08,-14.62,-1.61,30.66
3100,3.14,4.25,52.28,51.96,85.3,-187.1,933.3,30.8,-21.4,-3.72,30.96
3120,0,0,35.08,57.38,14.4,-153.2,875.8,14.34,-16.19,-1.41,31.21
3140,5.62,0,27.15,62.86,34.5,-174.4,954.6,-0.48,-22.83,-5.42,30.71
3160,0.67,0.64,17.09,61.62,-68.8,-122.1,1014.9,-7.96,-17.69,2.32,30.64
3180,0,2.91,6.84,51.14,-6.8,-102.9,1029.3,-23.12,-8.87,4.87,30.76
3200,0,1.58,8.28,37.49,5.1,-180.4,995.4,-36.92,-11.37,5.9,30.82
3220,3.69,0.05,0,28.27,-87.2,-47.7,994.9,-42.92,-10.56,9.75,30.48
3240,1.65,3.23,3.32,16.58,-28.1,-74.7,1032.7,-50.11,-10.13,3.08,30.94
3260,0,0.42,2.83,7.04,-120.0,-4.8,981.9,-56.83,-11.81,4.02,30.57
3280,0,5.16,0.89,7.59,-102.0,-17.8,1027.9,-61.02,3.29,5.23,29.92
3300,1.65,1.6,0,5.84,-182.9,97.3,1010.7,-61.36,9.65,-2.06,30.18
3320,0,0,0,5.04,-31.5,112.6,1035.2,-56.71,13.22,-2.2,29.73
3340,0,0,0,1.21,-102.1,82.7,1031.8,-50.1,7.8,-5.25,29.31
3360,0,2.48,0,0.3,-130.5,181.6,986.4,-42.44,17.13,-2.16,28.89
3380,2.1,0,0.25,0,-57.6,118.0,1019.5,-36.01,20.47,-4.07,28.93
3400,0,0,0,0,7.8,76.2,1004.2,-24.09,16.98,-5.21,28.82
3420,2.12,0,0,0.74,3.3,157.5,1007.6,-1.03,19.14,-0.29,28.31
3440,73.86,24.62,5.75,0.72,48.9,203.0,962.2,5.94,22.85,-0.74,28.34
3460,62.89,35.36,10.33,1.42,31.7,232.7,906.1,24.81,14.74,4.57,28.63
3480,46.85,50.75,25.5,4.01,37.8,87.8,884.1,38.14,22.25,5.38,28.74
3500,29.29,59.23,29.58,0,107.4,54.3,894.7,42.96,15.98,5.85,29.02
3520,8.2,56.68,46.55,0.38,128.2,2.5,832.1,51.94,13.48,3.94,29.59
3540,8.13,50.6,63.01,0,158.5,21.2,779.6,58.63,6.04,3.22,29.93
3560,0,49.38,76.15,0.79,143.4,63.0,811.9,58.27,5.73,0.27,30.22
3580,0,36.31,76.98,6.72,137.3,-39.5,772.5,60.35,-2.51,1.93,30.17
3600,0,18.2,87.09,8.43,82.4,-105.7,812.5,61.75,-0.08,0.45,30.23
3620,4.8,12.83,78.1,17.72,89.8,-88.3,836.1,52.48,-0.9,-2.08,31.06
3640,0.77,2.61,71.17,23.26,77.5,-142.5,854.0,43.5,-6.57,-2.76,30.73
3660,3.5,1.9,57.28,39.51,100.3,-107.0,862.3,33.29,-25.34,-7.11,31.1
3680,2.47,0,45.33,50.47,44.6,-43.1,948.5,22.35,-14.65,-2.22,31.25
3700,2.74,2.17,32.69,58.35,41.8,-185.8,1017.2,10.25,-27.36,-2.89,30.63
3720,0,0,16.92,59.68,8.3,-215.8,1035.3,-5.16,-19.37,-0.1,30.71
3740,1.35,0.73,13.94,58.59,-28.9,-117.1,1006.4,-18.14,-23.82,2.02,30.81
3760,2.12,0,6.49,45.89,-134.3,-107.2,977.0,-29.35,-18.19,5.93,30.85
3780,0,0,0,35.77,-64.4,-66.0,1004.8,-39.57,-7.51,2.43,30.95
3800,3.58,0,3.62,22.59,-6.0,-49.4,986.3,-44.2,-11.16,6.9,31.21
3820,0.43,0,1.61,12.64,-31.3,-47.4,972.7,-57.98,-17.98,3.49,30.11
3840,4.19,4.58,1.4,11.12,-88.0,-69.5,986.7,-59.28,-15.64,5.0,30.42
3860,3.16,3.45,1.76,0,-146.2,44.1,1028.4,-55.75,-0.35,0.98,30.33
3880,2.16,4.62,0.32,1.89,-111.1,-16.4,985.6,-60.95,3.91,-3.55,29.92
3900,0,0,0,2.26,-103.3,38.9,977.2,-55.28,0.98,-8.33,29.55
3920,2.21,0.28,0.03,0,-114.7,52.3,1013.6,-52.64,16.88,-5.87,28.8
3940,1.28,0,0,3.71,-96.6,80.2,974.1,-33.87,18.04,-4.29,28.62
3960,0,1.42,0,0.41,-119.9,202.8,1007.8,-26.74,14.79,-5.17,28.71
3980,3.21,0,1.27,3.0,4.4,144.9,1037.8,-7.94,17.82,-3.09,28.26
4000,73.93,23.08,7.1,0,33.1,214.2,931.7,1.65,26.51,0.79,28.43
4019,69.8,27.92,12.4,0,117.3,95.6,982.4,11.7,18.67,2.05,28.37
4040,51.37,41.63,17.14,0.68,47.7,60.6,859.5,28.96,12.42,1.34,28.81
4059,35.3,57.68,23.18,5.15,-32.2,116.2,861.7,36.98,12.34,4.41,28.85
4080,16.4,59.42,37.77,3.98,45.0,99.9,808.4,45.76,19.22,2.0,29.24
4100,4.47,54.28,47.5,1.56,170.6,63.2,849.0,48.14,14.82,4.41,29.36
4120,0,41.99,64.12,4.83,100.4,23.8,844.4,55.96,9.0,0.76,30.12
4140,2.33,39.46,76.08,3.97,24.7,-60.6,811.8,62.23,1.58,1.65,30.4
4160,0.35,26.78,86.44,7.49,29.6,-128.3,741.0,64.04,1.26,-1.63,30.08
4180,1.71,8.47,85.04,6.7,114.9,-39.7,810.0,55.09,-3.01,-1.46,30.54
4200,0,9.55,75.78,27.13,96.4,-176.9,845.1,52.01,-3.97,-4.32,30.87
4220,1.4,3.53,66.54,33.48,133.4,-31.1,812.5,43.17,-3.31,-4.05,30.92
4240,0,2.63,53.62,44.09,124.4,-164.2,867.0,28.32,-22.61,-4.55,30.99
4260,2.36,3.33,41.68,61.62,-18.0,-124.5,923.3,22.49,-22.84,-3.44,31.25
4280,0,0,28.61,62.75,-2.6,-139.5,982.2,6.27,-32.46,-4.45,30.94
4300,1.69,0.86,13.14,60.73,-51.0,-228.5,961.6,-9.76,-22.92,-2.11,30.78
4320,0.04,0,10.25,55.1,-36.7,-141.0,982.9,-21.3,-16.74,0.81,31.18
4340,2.15,1.15,6.65,43.14,-77.1,-87.3,1021.7,-30.46,-12.04,3.4,31.05
4360,0,0,3.45,26.27,-176.4,-28.9,944.8,-41.46,-17.62,4.68,30.82
4380,0.23,0,0,22.1,-127.1,-84.8,967.8,-51.62,-12.67,3.15,30.62
4400,1.27,0,2.21,6.6,-18.7,-69.9,982.7,-55.95,-4.57,0.89,30.6
4420,0,3.16,2.32,5.2,0.0,-52.9,970.7,-60.37,3.92,-0.21,29.81
4440,0,3.33,0,4.85,-98.4,4.5,953.0,-61.48,6.99,-0.05,30.07
4460,0,3.06,4.21,4.7,-60.9,95.0,955.3,-55.09,2.61,-6.26,29.71
4480,0,3.32,0,3.99,-0.1,15.9,1007.7,-52.17,10.61,-5.9,29.41
4500,0,0.12,0,0,-72.6,135.5,988.1,-36.75,21.21,-4.27,29.1
4520,0,0.5,2.97,4.16,30.0,150.5,998.7,-29.88,13.49,-0.74,28.56
4540,1.99,2.05,0,0.38,25.6,97.9,1003.9,-23.42,21.19,-0.11,28.34
4560,0.96,0,0,2.85,-51.3,138.8,1017.8,-9.78,16.49,-2.64,28.62
4580,72.64,25.54,11.4,2.26,-6.0,195.2,985.8,2.9,28.51,-3.31,28.06
4600,63.28,36.94,10.36,0.13,76.6,107.0,906.1,18.45,15.29,1.24,28.51
4620,52.87,50.69,25.08,1.0,35.3,148.9,907.8,35.37,13.11,3.93,28.53
4640,28.98,55.33,26.27,0,139.9,37.7,868.1,44.03,20.57,6.5,29.68
4660,15.45,56.61,44.35,4.85,62.0,-3.9,814.7,49.02,19.39,4.32,29.09
4680,5.88,52.68,54.29,3.93,155.4,40.5,823.9,61.72,8.46,0.84,29.61
4700,0,46.25,72.91,3.37,150.2,-7.1,862.8,54.46,1.0,3.29,29.88
4720,4.41,28.74,75.91,0,119.9,-33.7,831.9,58.21,1.89,-3.22,30.25
4740,0,24.01,85.43,8.6,112.3,50.4,870.2,56.52,-4.05,-5.84,30.48
4760,0.5,9.73,81.13,20.74,27.0,-109.4,859.6,51.53,-3.41,-2.66,30.6
4780,2.77,10.91,71.3,27.43,34.1,-228.6,876.1,47.67,-6.65,-6.09,30.37
4800,0,3.14,60.07,40.95,102.3,-100.2,902.7,34.62,-8.09,-3.13,31.06
4820,0,0.04,49.97,55.49,54.7,-141.4,917.0,26.35,-20.34,-4.66,30.77
4840,3.7,3.68,36.11,60.32,-17.1,-111.4,938.7,8.28,-9.63,-2.6,31.25
4860,3.85,1.48,20.75,70.13,-60.5,-184.4,1001.7,-7.29,-16.47,0.41,30.91
4880,0,0,16.87,57.28,-31.3,-120.4,996.5,-17.53,-30.01,3.31,31.08
4900,0,2.44,4.68,46.24,-4.5,-150.9,1043.9,-30.01,-16.47,4.33,31.04
4920,7.17,0.17,6.53,34.46,-47.2,-167.3,966.7,-37.68,-4.79,2.22,31.22
4940,4.5,1.51,0,17.21,-97.0,-62.4,1010.3,-50.84,-16.16,3.68,30.85
4960,0,3.75,2.09,11.0,-74.2,-113.3,1003.4,-51.94,-11.27,4.66,30.91
4980,4.42,0.36,1.02,6.41,-60.2,-47.8,975.2,-59.97,-8.22,2.34,30.1
5000,0.18,0.5,0.29,5.99,-81.7,9.7,999.2,-56.41,-1.86,-0.5,29.97
5020,0,0.96,0.53,0,-165.0,-44.7,1048.5,-56.53,6.18,-2.68,29.93
5040,0,0,0,2.25,-61.9,15.8,1057.6,-54.55,12.38,-0.12,29.17
5060,2.89,3.36,0.64,0,-33.2,92.7,969.1,-50.66,25.1,-2.56,29.24
5080,0.87,1.23,0.23,0,-69.0,108.6,1049.2,-37.28,16.14,-4.28,29.19
5100,0,1.1,0,0.67,-16.7,47.9,1053.8,-26.39,24.47,-3.75,28.82
5120,0,4.25,4.92,0.72,-5.8,183.1,1026.7,-14.53,20.96,0.16,28.5
5140,0.42,0.88,4.12,0,105.7,140.0,969.0,1.27,18.17,1.31,27.84
5160,69.93,29.77,7.2,0,134.8,200.6,917.4,8.14,24.07,2.72,28.46
5180,60.86,46.04,13.54,0,5.3,101.6,918.6,15.38,23.64,2.27,28.89
5200,42.28,55.2,26.06,0,97.3,54.1,912.7,37.29,12.62,3.14,29.03
5220,21.87,57.37,35.56,0,127.5,116.6,852.2,47.6,7.34,2.87,28.76
5240,11.73,45.16,51.85,0,72.2,32.7,804.6,55.31,11.65,6.44,29.61
5260,0.98,53.71,63.45,5.39,33.8,112.9,829.5,57.3,1.7,5.64,29.88
5280,3.85,34.46,78.28,8.09,41.6,27.1,828.4,62.67,8.19,1.64,30.17
5300,1.08,28.11,79.9,6.21,150.2,25.4,815.4,58.54,-4.9,-1.39,30.11
5320,0,24.65,77.06,14.52,139.0,-18.3,824.4,52.45,-8.36,-5.7,30.55
5340,2.05,11.0,75.16,21.0,60.2,-99.9,819.4,47.5,-16.6,-7.36,30.46
5360,0.44,4.43,64.11,36.33,96.7,-219.1,897.0,49.31,-20.14,-3.42,30.94
5380,0,0.41,54.53,39.38,56.3,-200.9,902.6,28.42,-14.79,-6.25,30.94
5400,0,0,44.7,54.64,-17.1,-122.9,896.7,23.65,-24.84,-5.28,30.77
5420,1.04,0.44,21.49,65.26,40.9,-116.1,988.7,12.21,-24.33,-3.67,30.79
5440,0,0,20.37,61.54,35.5,-117.6,1006.1,-7.32,-26.2,-2.27,31.14
5460,0.46,1.99,11.68,60.27,-81.3,-74.6,1020.7,-24.65,-25.61,5.16,30.84
5480,0,1.02,2.83,47.59,-97.7,-110.1,975.8,-38.18,-21.71,0.28,30.98
5500,0,3.73,5.45,34.36,-185.9,-91.0,1019.2,-39.72,-9.04,2.18,30.8
5520,0,0,3.3,22.38,-68.9,-126.2,993.5,-52.45,-3.77,3.72,30.25
5540,1.23,0.25,0,11.52,-85.7,-46.9,985.5,-56.38,2.43,3.01,30.3
5560,0,1.12,0.35,3.61,-190.7,37.6,1028.7,-57.0,4.47,1.89,30.11
5580,6.3,0,0.82,7.24,-60.6,60.3,970.4,-63.57,4.55,-0.49,30.22
5600,0,0,2.8,3.09,-41.2,167.7,998.0,-60.05,0.81,-1.31,30.03
5620,1.09,7.13,0.72,2.99,-106.0,8.5,1013.3,-49.77,19.02,0.29,29.43
5640,0,0,0,0,-57.2,191.8,1012.9,-37.88,17.53,-10.0,29.22
5660,0,0,0,2.57,49.7,50.6,1041.4,-32.94,18.63,-5.85,28.95
5680,2.13,0,2.64,3.37,-5.6,63.7,964.3,-22.71,16.86,-4.5,28.33
5700,0,3.84,0,0,5.4,198.4,1061.0,-8.23,26.05,-4.77,28.74
5720,77.11,27.82,5.61,0,-31.5,192.8,988.6,2.44,20.08,-0.05,28.11
5740,59.6,32.82,17.42,4.75,137.0,127.5,1027.6,15.74,24.04,0.88,28.67
5760,44.88,45.91,21.53,1.88,24.9,74.5,919.2,31.38,26.58,0.98,28.71
5780,27.33,52.62,32.63,0,87.5,128.4,855.1,37.19,9.92,6.34,29.14
5800,20.69,61.03,38.23,5.82,114.3,74.5,851.9,51.68,9.61,4.14,29.42
5820,7.72,52.34,59.26,0,64.7,96.8,876.9,56.15,2.05,8.5,29.35
5840,2.57,47.66,65.82,0,138.7,-35.5,807.0,58.86,4.13,3.88,30.0
5860,2.38,30.79,80.33,0,64.3,3.2,774.9,58.86,-6.58,2.05,29.98
5880,4.34,27.41,85.57,10.81,41.8,31.7,810.3,51.45,-2.76,-2.14,30.15
5900,0,11.79,85.27,16.51,-4.5,24.8,799.5,48.06,-9.9,-2.57,30.97
5920,0,8.15,76.42,20.42,146.7,-143.6,827.6,47.0,-12.43,-5.56,30.8
5940,0,7.57,65.42,42.37,94.3,-123.8,954.5,38.59,-16.61,-3.07,30.95
5960,0.16,7.23,47.31,48.59,21.9,-105.5,985.1,27.32,-16.71,-8.36,30.92
5980,0,0,31.58,63.41,33.2,-149.6,916.7,14.21,-22.2,-5.13,30.78
6000,0.83,1.4,21.58,68.17,-139.7,-186.6,949.2,-4.07,-17.95,2.27,30.97
6020,2.08,0,12.87,58.78,-58.8,-136.4,985.7,-14.44,-12.23,3.86,30.79
6040,0,0,11.19,52.1,-60.4,-165.9,1025.1,-30.4,-20.37,5.32,31.22
6060,0,0,3.14,38.43,-49.0,-223.0,971.8,-34.89,-24.17,4.72,30.75
6080,0.47,0,1.84,27.2,-113.6,-78.6,1034.5,-43.19,-5.45,7.06,30.97
6100,0,1.52,0,23.84,-60.2,-32.0,1013.2,-55.01,-17.95,3.18,30.14
6120,2.79,0.5,1.96,4.42,-127.1,61.6,926.2,-61.32,-7.16,2.18,30.29
6140,0,9.08,2.24,4.95,-119.9,8.6,994.2,-62.63,6.45,-3.02,30.37
6160,5.27,0.12,0,2.67,-83.7,52.1,1028.7,-56.15,6.67,-5.65,29.98
6180,0,2.59,1.39,0,-93.9,80.2,981.6,-51.41,2.53,-2.38,29.72
6200,0,1.27,0,0,44.5,89.2,1013.5,-49.01,18.67,-5.6,29.31
6220,0,2.66,0,0,-58.3,153.9,957.2,-41.16,29.11,-7.81,29.12
6240,0,3.52,4.19,3.25,-44.6,125.8,1006.5,-31.84,14.41,-3.98,28.65
6260,0,3.85,0.5,0,-19.9,101.5,1012.8,-18.55,18.62,-2.82,28.45
6280,3.4,0.35,3.37,0,-12.3,135.7,950.1,-1.37,16.28,-1.73,28.04
6300,72.71,29.16,10.18,3.91,7.2,125.9,954.9,5.24,23.99,2.05,28.26
6320,60.68,36.36,12.89,0,59.8,91.3,835.8,20.22,19.76,1.8,28.44
6340,39.13,49.47,26.68,3.03,-3.5,119.4,859.0,38.35,12.02,7.59,29.2
6360,25.48,55.94,32.55,0,8.0,37.0,900.3,42.84,11.47,10.07,29.09
6380,10.0,55.02,51.52,3.63,136.3,93.7,829.5,51.93,3.91,5.46,29.58
6400,4.15,50.45,62.74,1.06,133.0,-24.5,779.4,63.13,0.72,2.83,29.75
6420,4.02,38.13,74.48,0,104.8,125.0,796.9,58.44,-1.49,-2.17,29.9
6440,3.1,26.34,83.6,7.7,91.9,-10.3,813.0,62.86,-5.07,-3.23,30.17
6460,0,18.17,85.51,12.58,87.3,-9.3,838.9,54.94,-6.32,-4.77,30.45
6480,0,10.17,70.87,20.97,47.4,-83.3,827.8,49.59,-12.2,-6.02,30.31
6500,1.17,3.89,75.58,32.94,133.8,-151.2,823.2,48.86,-17.81,-4.02,30.71
6520,2.38,6.6,54.53,40.0,-65.1,-70.3,852.4,27.03,-12.88,-5.64,30.62
6540,0,0,40.13,51.22,8.2,-150.2,913.3,18.35,-24.69,0.65,31.06
6560,2.38,0.46,35.23,60.99,-19.3,-198.8,1032.3,6.62,-18.58,-2.28,31.07
6580,3.67,3.1,19.15,61.76,-42.3,-233.5,1016.8,-6.16,-24.64,-3.5,30.77
6600,0,2.28,14.02,55.4,-21.2,-145.1,984.8,-19.9,-18.9,-0.82,30.81
6620,0,0,10.59,45.46,-43.9,-177.7,965.8,-35.22,-20.46,3.95,30.54
6640,4.94,0.58,6.86,32.2,9.5,-73.1,1017.4,-40.13,-14.17,2.19,30.81
6660,2.58,0,0,19.88,-28.0,-62.4,939.8,-53.18,-9.99,1.26,30.64
6680,0,0,7.66,15.42,-51.9,-176.9,1019.5,-59.68,-8.06,6.34,30.72
6700,2.83,0,0,5.73,-84.4,-89.0,956.9,-59.0,6.37,0.11,30.21
6720,0,0.75,0,5.64,-92.2,42.0,1002.4,-57.13,-1.35,-2.38,30.06
6740,2.35,0,3.65,3.41,-141.9,69.5,1010.5,-56.18,8.86,-2.9,29.85
6760,2.3,1.16,0,2.41,-43.9,-1.2,1001.1,-55.85,10.5,-2.28,29.75
6780,0,0,0,0,-159.3,146.8,1015.3,-49.62,16.09,-5.23,29.13
6800,0,0,1.13,0,63.0,231.6,971.3,-33.51,10.16,-3.82,28.59
6820,0,0.07,2.02,0,-41.2,38.0,1005.6,-22.4,24.29,-1.53,28.71
6840,0,0,0,0,-38.9,226.8,985.7,-13.11,16.13,0.36,28.54
6860,75.85,23.48,5.99,0,-61.2,127.2,975.8,-0.62,20.13,0.57,27.65
6880,66.26,33.23,13.07,0,53.4,151.8,981.5,14.19,18.43,5.16,27.95
6900,55.44,42.36,16.71,0,82.5,211.2,940.8,27.02,12.82,8.25,28.56
6920,30.38,52.79,27.83,0.23,95.7,23.6,874.7,39.71,19.43,4.01,28.86
6940,17.74,53.99,35.32,5.57,41.6,115.6,828.8,45.44,12.49,4.75,29.32
6960,7.66,52.39,51.07,0.29,102.8,36.0,787.1,54.08,15.71,4.68,29.76
6980,0,44.45,72.31,0,124.6,-32.8,838.5,59.54,1.79,2.34,30.05
7000,0,39.75,77.44,7.58,155.4,-34.9,798.9,63.69,0.52,3.84,30.28
7020,3.06,21.66,79.94,5.09,131.2,-41.3,795.5,56.78,-9.29,-2.07,30.07
7040,0.62,13.44,82.25,15.86,44.9,-124.3,808.6,54.85,-5.74,-1.93,30.63
7060,4.94,5.58,77.03,27.0,81.2,-49.3,824.4,46.79,-12.7,-7.79,30.72
7080,0,3.6,64.04,36.29,-11.4,-118.1,841.5,38.94,-10.9,-8.96,30.52
7100,0.96,3.44,54.32,49.94,23.9,-150.4,892.3,28.32,-16.88,-3.1,30.67
7120,0,0,31.76,63.9,11.1,-123.0,1006.1,14.19,-18.43,-4.01,31.21
7140,0,2.31,26.4,62.63,-86.1,-173.8,983.7,-1.35,-19.48,-2.49,30.83
7160,0,4.19,15.99,62.62,-33.5,-173.4,993.2,-7.08,-17.73,2.27,31.13
7180,0,0,11.03,52.48,-35.5,-88.5,998.1,-22.75,-21.63,7.03,31.11
7200,1.9,0,2.86,41.33,15.3,-222.3,985.4,-37.89,-14.05,0.63,30.56
7220,2.03,0,4.55,28.46,4.3,-83.9,936.0,-44.34,-8.61,4.43,30.69
7240,2.3,4.84,0,15.65,-101.6,-113.7,972.8,-57.08,-9.44,3.93,30.4
7260,0,8.08,0,11.89,-25.0,-48.2,1045.9,-58.21,-5.78,2.09,30.56
7280,1.69,0,4.07,4.3,-61.8,-21.0,975.4,-63.22,-8.78,2.33,30.04
7300,1.63,0,0,0,-146.2,111.4,992.2,-58.95,3.19,-2.21,29.92
7320,0.2,0,1.46,2.99,-99.1,95.8,1032.9,-49.74,13.02,-6.28,29.75
7340,0.49,3.56,2.48,0,-133.2,28.4,1004.0,-54.96,19.27,-6.06,29.21
7360,0,6.25,0,0,-93.7,63.7,998.8,-38.16,14.84,-3.06,29.04
7380,0,0.82,0,0.01,-174.1,79.3,1016.7,-32.27,15.11,-6.06,28.61
7400,0,3.52,0,2.26,64.3,149.8,1077.3,-12.51,24.58,-5.82,28.56
7420,0,0.1,2.17,0,-1.3,122.3,947.1,-1.09,20.61,-0.68,28.48
7440,80.21,25.81,6.51,0,-52.6,180.0,1002.7,7.71,17.66,-2.82,28.19
7460,57.62,38.61,10.78,0,-0.4,236.2,907.4,24.44,12.8,2.86,28.58
7480,43.56,50.5,22.64,4.29,49.7,80.8,910.7,32.08,22.54,2.66,29.1
7500,20.73,57.03,30.17,0,73.0,140.9,882.1,44.17,13.09,5.72,29.47
7520,13.05,56.7,48.13,0,8.9,69.3,834.0,50.95,20.92,4.03,29.33
7540,6.72,52.88,61.67,0,153.6,88.7,857.4,55.11,11.74,2.92,29.41
7560,2.74,40.07,75.2,4.92,135.7,32.9,826.8,59.41,10.23,1.93,29.82
7580,3.58,35.75,79.01,8.9,-2.1,-17.8,811.6,61.74,-2.1,-0.6,30.17
7600,0.92,22.7,75.28,10.03,101.4,-39.1,812.2,55.3,-4.98,-1.48,30.48
7620,0,13.08,76.77,21.76,87.5,-28.8,809.1,54.21,-12.98,-0.93,30.62
7640,0,5.49,71.79,30.99,4.9,-72.9,866.1,46.35,-11.25,-4.3,30.75
7660,3.36,2.39,58.35,45.18,76.3,-30.6,869.8,31.14,-17.43,-4.73,30.8
7680,5.53,3.34,43.11,54.76,47.2,-117.1,930.6,23.47,-19.0,-2.36,30.59
7700,0,5.16,33.59,61.02,123.5,-121.3,1017.5,8.94,-18.9,-1.11,31.01
7720,0,0,19.59,63.64,24.9,-205.6,1057.4,-0.41,-30.69,-1.61,30.92
7740,7.11,2.33,12.27,62.41,-134.6,-159.3,1048.1,-13.78,-11.5,3.55,31.12
7760,0.47,0,5.45,50.22,-70.4,-219.0,1019.5,-20.48,-18.77,2.53,31.15
7780,0,0,0,33.58,-89.8,-130.5,1004.7,-40.05,-16.86,5.12,30.88
7800,1.4,0,2.65,25.35,-107.3,-70.1,1013.7,-52.11,-14.39,6.05,30.87
7820,0,5.27,2.37,15.74,-110.5,-62.5,985.9,-53.21,-7.94,3.72,30.45
7840,0,0.57,4.39,8.99,-34.9,-60.4,997.3,-58.08,-6.99,1.13,30.25
7860,0.92,0,0.11,3.26,-150.9,89.3,1005.0,-59.4,5.04,-0.67,30.1
7880,3.2,5.05,0,7.58,-144.0,111.6,955.4,-55.07,2.35,-3.92,29.85
7900,1.16,0,0,1.0,-84.2,-5.6,982.4,-55.54,20.56,-1.68,29.59
7920,0,0,0,0,-64.1,124.9,1027.9,-47.71,19.71,-3.64,29.26
7940,0,0,1.85,5.41,-50.0,186.3,1012.0,-29.59,23.88,-1.91,28.88
7960,0,0,1.23,1.64,-153.8,192.1,949.2,-28.31,26.29,-6.13,28.53
7980,0,5.52,0,0,-20.0,85.4,993.1,-6.77,20.91,0.41,28.53
8000,72.28,23.23,8.22,0,-7.9,168.8,1001.3,-3.05,10.48,-2.3,28.23
8020,74.32,26.9,10.8,4.77,122.5,147.4,920.9,14.52,15.02,-2.65,28.53
8039,50.51,38.97,18.25,0,53.7,166.8,916.8,27.51,21.95,3.25,28.77
8060,34.53,52.42,27.27,0,51.0,118.0,864.6,39.26,14.41,0.43,28.89
8080,22.72,59.38,33.8,7.29,32.1,4.8,867.9,45.76,22.15,9.38,29.06
8100,13.72,55.15,48.18,2.54,135.4,63.8,847.5,54.75,7.73,2.96,29.9
8119,2.36,42.01,67.02,0,123.0,60.0,844.2,56.58,0.43,4.82,29.82
8140,3.97,38.61,76.46,3.29,144.6,-60.2,794.3,57.65,-5.59,1.69,30.11
8160,1.13,29.94,82.93,8.54,162.5,-17.0,790.1,63.3,-2.84,-3.76,30.4
8180,2.63,15.8,79.59,9.14,118.9,-30.6,781.8,58.52,-1.22,-9.43,30.37
8200,2.54,7.31,74.66,23.25,164.3,-100.5,826.6,49.78,-10.91,-5.75,30.75
8220,0,5.43,63.86,34.68,17.9,-68.5,859.5,40.86,-20.04,-2.4,30.85
8240,0,3.03,54.52,46.81,132.7,-60.9,873.7,31.73,-8.0,-6.61,31.25
8260,0,2.48,32.76,57.0,-45.7,-163.3,955.9,21.36,-18.09,-1.49,30.87
8280,0,0,30.27,66.01,-8.3,-152.1,990.3,0.93,-21.63,1.49,31.13
8300,2.83,2.85,19.91,58.43,70.5,-152.8,960.1,-11.97,-18.54,2.62,31.07
8320,0,0,10.94,54.7,14.5,-149.7,992.3,-20.09,-19.45,1.52,30.94
8340,2.07,0,4.46,43.04,17.8,-45.8,1014.3,-36.15,-11.84,2.45,30.78
8360,2.38,0,3.16,33.96,-87.8,-109.8,970.8,-38.3,-19.41,4.71,30.91
8380,8.84,0,3.12,16.36,-62.1,-150.5,982.4,-46.79,-4.93,0.61,30.67
8400,0,0,0,9.36,-80.7,-73.7,1011.5,-52.97,-7.07,5.21,30.76
8420,0,0,2.09,2.9,-78.0,-9.2,1004.6,-61.24,-1.27,2.06,30.19
8440,0,0,4.19,8.16,-106.9,-25.7,958.4,-55.9,3.57,-1.48,30.5
8460,0,0,0.01,3.01,-53.1,89.0,994.8,-50.15,14.27,-3.7,29.56
8480,1.46,0,4.18,2.7,-121.1,104.3,1031.2,-60.84,9.74,-2.44,29.26
8500,5.72,0,1.58,4.71,-22.0,108.3,1017.8,-42.56,7.31,-7.61,29.07
8520,0.62,0.01,0.69,3.52,-51.4,177.5,966.5,-39.61,11.94,1.36,28.49
8540,1.65,0,1.63,2.1,-15.8,60.3,993.2,-25.68,22.8,-5.99,28.36
8560,12.01,0,1.22,0,-1.2,132.9,996.1,-4.86,4.89,-1.31,27.98
8580,78.6,24.97,7.35,4.07,-24.5,143.5,946.8,6.16,19.27,1.19,27.98
8600,64.68,34.02,9.18,0,16.3,170.6,943.7,18.99,19.01,3.11,28.3
8620,45.43,52.24,20.44,0,-52.0,118.6,856.9,31.35,17.68,2.38,29.09
8640,27.0,55.41,34.98,1.25,95.7,18.1,886.6,40.62,17.82,5.04,29.29
8660,14.63,57.0,44.63,1.34,43.2,-14.7,856.0,46.21,14.07,8.75,29.26
8680,0.86,53.18,55.45,1.14,72.9,142.0,824.4,56.45,0.96,2.7,29.66
8700,0,42.95,73.07,2.4,19.9,-12.9,790.6,56.4,5.72,2.41,30.03
8720,5.92,37.02,81.23,3.07,149.1,-4.2,826.9,60.78,-6.1,-1.96,30.42
8740,1.65,24.04,87.17,3.31,119.6,-118.1,761.9,53.77,-6.96,-4.98,30.33
8760,0,16.33,82.34,20.89,83.2,-103.7,809.5,51.08,-5.8,-5.1,30.47
8780,2.92,6.68,74.86,29.05,38.4,-173.3,875.4,44.91,-11.64,-0.86,30.68
8800,0,7.75,57.64,42.64,20.4,-78.2,842.9,30.48,-15.23,-6.28,30.89
8820,0,0,50.21,52.46,99.4,-172.2,927.1,19.9,-15.44,0.15,30.95
8840,0,1.5,28.97,57.91,85.5,-116.5,939.5,10.57,-19.62,1.55,31.02
8860,0,1.87,23.02,60.72,14.7,-26.9,1013.7,-3.68,-20.3,0.37,30.74
8880,0,0,11.38,63.09,-10.2,-130.4,963.8,-13.02,-18.38,3.9,31.13
8900,0,0,10.13,52.58,71.8,-153.8,1036.4,-30.2,-13.33,6.09,31.05
8920,2.0,0.88,4.43,38.91,-41.9,-71.5,1020.4,-36.13,-21.18,5.42,30.68
8940,0,5.01,4.9,29.47,-146.9,-72.4,977.2,-52.39,-17.28,7.18,30.67
8960,0,7.0,0,11.1,-124.3,-187.3,973.1,-52.92,-12.27,6.03,30.36
8980,0,0,0,6.99,-88.5,-0.1,999.2,-59.3,-8.1,-0.84,30.16
9000,1.35,1.97,0,0,-109.6,7.1,978.3,-59.0,-8.93,-3.42,29.99
9020,1.1,0,0,1.65,-108.0,-38.4,964.4,-55.61,10.78,1.04,29.94
9040,0.04,0.01,3.82,0,-154.8,181.5,962.2,-54.8,2.92,-2.5,29.44
9060,1.8,0,0,2.34,-106.9,93.1,1032.5,-44.48,13.89,-3.15,28.87
9080,0,2.25,1.81,5.13,-91.8,127.8,979.2,-38.9,22.88,-5.79,28.76
9100,4.78,0,0,0,27.9,220.9,995.7,-26.82,15.36,-6.15,28.48
9120,1.34,5.68,0,0,73.4,66.6,985.9,-13.91,16.23,0.25,28.43
9140,0,0,0,0,65.3,183.4,1028.4,-5.88,16.76,-1.77,27.98
9160,70.61,33.5,7.17,0.85,34.9,93.7,965.9,7.67,29.12,2.63,28.44
9180,57.32,43.18,15.75,4.49,-8.7,182.9,948.9,22.05,14.79,1.49,28.82
9200,37.65,50.12,21.03,0,49.5,90.9,868.4,35.97,16.06,4.33,28.8
9220,24.38,60.37,34.41,0,81.6,99.1,850.1,41.96,14.51,4.9,29.07
9240,11.66,53.39,52.77,0,74.3,91.0,802.6,54.1,4.14,2.89,29.46
9260,8.57,50.47,64.87,2.32,129.2,113.5,779.9,62.76,-2.74,3.81,29.99
9280,0.13,42.06,76.14,1.03,130.2,20.2,816.7,61.04,5.3,0.23,29.98
9300,0.45,26.27,86.77,7.97,85.2,-46.5,771.3,54.61,-5.57,-4.04,30.33
9320,0,19.08,79.78,12.13,31.2,-67.3,800.1,58.73,-13.05,-4.18,30.69
9340,0,11.69,81.05,23.8,3.3,-73.8,818.1,50.2,-18.7,-2.61,30.54
9360,0.22,8.11,67.01,34.34,48.2,-206.1,890.5,43.59,-20.84,-8.63,30.62
9380,2.3,0.06,52.66,45.14,44.2,-115.1,869.5,32.33,-15.87,-2.47,31.1
9400,2.19,0,41.47,60.16,124.3,-154.8,973.9,18.5,-15.79,-3.72,30.62
9420,0,3.23,29.36,66.11,21.3,-156.3,980.9,5.4,-10.39,-1.38,30.62
9440,4.81,0.36,19.02,66.3,22.4,-157.2,965.5,-8.44,-14.39,1.06,31.12
9460,4.5,2.87,14.05,55.69,39.1,-156.7,1037.4,-25.29,-27.61,3.06,30.88
9480,0.7,0.29,2.87,45.71,-96.2,-144.0,979.7,-35.49,-11.8,3.62,30.74
9500,0,0.95,5.85,31.65,-38.3,-93.6,992.5,-46.08,-12.83,4.54,31.2
9520,0,2.07,0,20.84,-86.9,-127.5,1055.3,-47.96,-13.1,6.69,31.0
9540,5.21,4.48,0,10.94,-93.2,49.1,958.5,-56.05,-10.06,2.37,30.49
9560,0,0.64,3.68,6.5,-54.9,-46.8,1037.6,-56.32,-4.55,1.96,30.48
9580,3.96,0.63,2.39,0,-87.3,-36.2,978.8,-61.96,3.43,-1.09,29.89
9600,2.56,3.14,0.68,0,-145.8,83.1,998.6,-56.01,6.36,-1.41,29.99
9620,2.45,1.59,5.91,0,-72.9,74.5,1006.1,-54.79,7.81,-2.2,29.49
9640,0,4.94,2.83,4.11,-133.9,138.5,1034.4,-44.18,19.52,-2.49,29.21
9660,0,1.89,0.03,5.28,-20.4,128.5,990.5,-34.23,20.04,-4.08,28.84
9680,0,1.86,0.07,0.63,-79.7,81.4,1022.5,-21.18,25.24,-3.0,28.4
9700,5.57,0,4.79,5.72,6.7,83.2,1008.6,-7.3,15.84,-0.91,28.37
9720,77.57,24.61,6.99,0,-60.3,111.3,1006.8,6.17,16.26,2.5,28.34
9740,67.78,31.11,17.27,0,46.5,39.2,922.0,12.79,23.31,2.56,28.31
9760,47.42,45.86,24.54,0.32,42.7,140.7,887.9,31.04,19.05,5.14,28.66
9780,27.96,57.85,30.58,1.17,46.5,114.4,884.9,38.66,6.88,6.06,29.01
9800,9.71,65.18,43.96,0,78.0,65.0,864.8,46.52,13.57,6.68,29.28
9820,8.05,51.78,46.36,1.0,56.7,142.4,796.7,55.04,5.64,6.75,29.9
9840,2.89,44.06,68.69,3.95,22.2,40.8,825.4,63.47,-2.91,3.19,30.06
9860,6.54,30.72,81.29,9.66,49.4,-58.7,809.4,64.99,-1.5,-1.92,30.25
9880,1.02,22.61,85.13,7.75,121.3,84.6,836.4,57.52,-0.47,-0.23,30.4
9900,5.16,12.21,85.66,18.95,52.2,-93.2,838.3,49.74,-15.27,-4.81,30.49
9920,0,9.72,69.36,25.14,-18.3,-164.0,827.4,47.29,-21.42,-5.77,30.55
9940,3.36,3.12,57.51,45.07,138.3,-85.9,853.3,37.78,-7.3,-8.73,30.93
9960,3.39,3.07,46.66,52.2,0.1,-127.0,930.3,22.88,-13.79,-4.05,30.77
9980,2.22,0.07,32.0,59.98,87.1,-136.3,945.9,10.35,-19.16,-4.33,30.98
10000,0,0,25.53,65.92,-74.6,-157.4,963.8,1.46,-25.43,-1.11,30.92
10020,0,1.18,13.83,61.62,-27.1,-134.0,1001.2,-6.26,-14.8,6.19,30.98
10040,0,0,7.11,49.77,-28.3,-124.6,980.5,-25.04,-30.33,2.25,30.73
10060,6.04,0,13.14,38.38,-92.0,-238.6,998.1,-34.79,-19.83,3.85,31.16
10080,1.64,1.76,5.6,29.12,-233.0,-122.2,980.9,-41.83,-24.32,7.13,30.81
10100,0,0,0.21,21.19,-68.8,-112.7,936.3,-54.29,-15.83,3.13,30.74
10120,1.55,0,4.79,5.45,-25.2,-140.8,982.4,-62.11,1.8,3.9,30.12
10140,0,0,3.65,2.86,-31.8,39.7,1007.0,-61.37,2.58,0.11,29.87
10160,0,0,7.71,3.08,-121.0,88.0,999.0,-59.0,-1.11,-1.35,29.77
10180,1.05,0,0.98,0,-111.6,48.0,950.0,-53.57,12.09,-4.3,29.38
10200,1.52,0.91,0,0.12,-69.2,148.1,982.3,-50.24,14.53,-4.16,29.68
10220,0,6.21,2.5,0,-31.5,35.0,963.7,-37.94,13.72,-4.27,28.71
10240,5.66,0,1.58,0,-30.7,167.7,1000.3,-29.01,17.62,-2.23,28.77
10260,0,0,1.48,1.01,-9.9,202.0,981.7,-17.38,17.82,-4.4,28.04
10280,3.23,0,0,0,73.2,130.2,980.0,-7.56,20.6,-2.15,28.26
10300,76.13,31.69,2.9,1.42,62.2,146.7,935.3,17.03,20.49,1.91,28.11
10320,66.02,38.73,12.19,0,-33.1,103.6,907.9,25.16,19.9,2.84,28.82
10340,43.47,47.42,25.83,4.14,31.8,81.1,885.6,32.37,18.15,1.46,29.13
10360,23.41,59.79,33.2,0,138.5,171.4,822.9,40.02,8.89,2.27,29.16
10380,10.51,55.74,50.21,0,37.4,135.0,864.7,47.09,3.56,3.95,29.36
10400,6.16,51.0,60.67,0,70.5,-1.3,744.5,60.15,4.1,1.35,29.56
10420,0.54,40.01,73.72,0,126.5,60.5,794.2,59.24,4.56,0.16,29.95
10440,2.31,30.36,83.85,8.71,38.9,-95.1,787.8,61.63,1.2,0.67,29.97
10460,0,20.42,80.63,13.7,105.5,-43.0,781.6,65.75,-1.54,-3.87,30.58
10480,0,16.72,79.28,15.03,91.8,-43.4,850.1,56.58,-16.79,-6.36,30.55
10500,1.45,5.95,74.06,36.77,43.4,-80.4,824.2,42.66,-13.85,-0.17,31.0
10520,3.86,0,55.43,46.45,-21.1,-104.4,924.2,32.21,-17.68,-10.47,30.75
10540,3.16,7.0,46.43,59.54,178.7,-219.5,921.2,19.06,-12.97,0.59,30.99
10560,2.89,5.09,30.96,63.21,-1.4,-169.4,953.1,8.69,-24.04,-1.79,30.86
10580,5.63,0,19.67,56.58,29.5,-65.5,995.4,-3.69,-28.22,-0.26,30.94
10600,0,0,11.6,61.65,-96.4,-153.5,1063.1,-23.1,-14.28,2.78,31.05
10620,0.92,0,4.61,49.75,-46.5,-190.9,1004.0,-29.58,-15.35,6.25,31.04
10640,1.21,3.28,5.05,37.65,-106.7,-56.5,989.2,-45.38,-20.62,3.54,30.76
10660,1.43,6.85,2.66,26.73,-109.5,-27.4,1023.0,-45.85,-12.17,4.81,30.56
10680,2.92,0,0,17.33,-42.3,-105.4,1017.8,-55.8,-6.9,6.0,30.88
10700,0,6.09,5.98,9.65,26.8,-97.2,1011.6,-57.6,-6.51,0.72,30.43
10720,0,0,0,4.76,34.0,-29.6,938.4,-60.39,0.17,-0.95,30.24
10740,0,0,0,0,-156.1,66.5,1051.1,-55.93,4.41,-2.53,29.86
10760,0,0,2.0,1.64,-51.7,85.1,1040.7,-51.53,7.2,-5.24,29.2
10780,3.09,0.86,1.52,0,-29.5,6.9,975.1,-45.63,13.9,-7.95,29.37
10800,0,2.07,7.71,0,-40.6,79.0,1009.7,-34.93,16.43,-2.96,28.78
10820,0.14,0,1.47,0,28.1,180.4,1001.6,-27.19,13.59,-1.87,28.36
10840,2.89,0.05,0,3.73,8.1,254.9,1021.0,-11.0,20.65,-0.84,28.53
10860,77.81,20.42,4.49,0,46.1,188.0,1067.2,-0.84,15.07,1.47,28.12
10880,66.58,34.81,10.28,0,-86.2,58.8,987.6,13.78,28.98,-0.33,28.37
10900,51.22,45.28,14.65,0,108.0,197.9,887.7,26.42,23.16,3.01,28.83
10920,30.45,61.99,22.28,0.31,157.9,123.9,838.9,37.46,13.96,4.92,28.82
10940,20.61,52.71,41.2,0,45.8,83.7,845.0,50.61,8.82,4.86,29.47
10960,9.2,54.46,50.01,1.02,84.9,72.9,824.5,55.74,3.84,2.21,29.82
10980,1.08,40.05,60.15,2.51,100.6,0.8,758.3,54.73,3.15,3.52,30.2
11000,0,35.47,80.76,0,163.5,-13.7,792.8,64.87,-2.48,-1.74,30.05
11020,0,26.44,80.13,7.32,63.2,-68.9,868.7,63.78,-0.49,-3.89,29.91
11040,0,10.43,81.04,11.5,134.1,-28.2,813.4,50.92,3.33,-3.28,30.47
11060,0,12.75,73.57,23.2,132.4,-93.6,845.6,43.99,-18.36,-3.1,30.73
11080,0.63,7.85,65.68,42.91,22.7,-131.9,860.0,37.09,-21.48,-5.82,30.87
11100,0,0.98,49.02,52.57,7.8,-126.9,889.4,25.7,-11.42,-4.48,31.19
11120,0,0,38.36,57.88,78.7,-74.2,925.5,14.67,-15.53,-2.2,30.91
11140,0,0,26.94,62.83,14.6,-130.1,988.8,2.3,-27.29,-5.63,30.95
11160,0,2.61,20.66,63.57,-36.3,-141.8,952.1,-12.27,-13.85,2.04,30.97
11180,0,0,7.33,58.63,-81.7,-126.9,1018.3,-24.05,-16.34,-0.22,31.04
11200,2.32,1.68,2.75,41.72,-154.4,-126.5,975.3,-33.19,-20.96,3.97,30.81
11220,0.19,2.38,2.95,32.59,-112.6,-98.5,998.3,-43.18,-9.93,3.36,30.57
11240,0,2.47,0,20.88,-146.4,36.9,1029.0,-54.35,-20.47,2.77,30.73
11260,0,5.25,0,16.82,-135.8,37.7,1055.3,-58.56,-1.62,6.34,30.14
11280,1.18,0.46,4.44,8.29,-120.1,2.6,984.1,-61.54,-5.69,1.21,30.34
11300,0,1.35,0,3.84,-16.9,77.2,1065.4,-58.77,0.27,-4.95,29.89
11320,1.65,3.7,0,4.16,-108.3,202.0,1017.1,-55.26,6.94,-3.31,29.72
11340,0,0.6,6.18,0,-19.1,36.0,1027.7,-49.15,5.34,-0.32,29.57
11360,1.57,0,2.59,0,-128.5,249.7,977.1,-43.81,14.4,-5.84,29.39
11380,1.67,5.76,0,0.24,-85.1,190.5,1029.3,-28.14,18.56,-5.59,28.98
11400,2.01,0.94,0,0,9.1,127.3,1036.8,-18.95,13.79,-1.98,28.63
11420,2.79,0,1.02,0.16,-70.1,174.8,995.7,-5.1,20.2,-0.55,28.01
11440,72.83,29.45,9.97,0,112.3,216.5,964.2,9.15,22.13,0.95,28.11
11460,59.09,33.52,12.81,3.44,62.5,63.9,895.0,20.9,12.88,-3.12,28.46
11480,42.48,51.22,27.87,5.44,-7.3,151.7,865.3,26.47,12.29,3.04,28.97
11500,23.66,53.65,35.36,0,107.9,161.7,800.3,41.44,18.76,3.37,29.18
11520,15.58,58.99,44.26,0,41.0,31.2,818.0,51.66,3.86,8.53,29.35
11540,0.69,52.45,62.65,3.14,92.1,-33.4,817.7,58.97,6.3,3.05,29.85
11560,3.13,36.04,72.63,0,84.2,-46.5,754.9,53.7,-9.03,1.44,29.96
11580,5.24,33.93,78.57,6.22,123.8,-17.9,786.7,55.51,-1.73,-4.56,30.13
11600,0.36,20.65,89.58,12.87,57.9,-57.1,765.0,62.76,-9.03,-0.91,30.84
11620,2.49,10.41,77.95,20.38,128.4,-23.6,829.7,55.01,-7.4,-3.19,30.18
11640,1.3,3.21,72.67,27.86,64.2,-150.6,833.7,42.98,-9.0,-6.65,30.61
11660,0,2.98,54.47,47.51,48.3,-142.3,932.7,32.99,-18.76,-4.68,30.87
11680,0,1.11,42.84,53.37,-43.2,-80.0,927.6,21.32,-20.96,-3.33,31.2
11700,1.16,0.65,28.77,60.39,123.1,-168.7,975.6,15.36,-17.5,-0.69,31.27
11720,1.1,0.79,25.9,66.51,83.5,-218.7,1009.9,-8.02,-22.25,3.94,30.87
11740,1.9,0.86,18.76,58.18,-120.2,-115.5,1031.8,-13.42,-23.14,3.11,31.28
11760,0,0,0.24,49.95,-105.9,-146.2,969.5,-32.86,-12.1,5.4,30.96
11780,0,0,5.82,34.44,-49.0,-249.3,1001.3,-39.58,-15.32,4.49,30.78
11800,0,2.78,6.17,24.49,-43.3,-160.8,957.1,-49.22,-6.12,4.95,30.74
11820,1.68,2.64,0.57,17.74,-42.1,-15.9,974.9,-47.77,-6.67,4.95,30.61
11840,0,4.23,3.76,8.46,-65.2,24.4,959.7,-65.0,-2.96,0.94,30.24
11860,0,0,3.4,7.1,-52.5,-10.7,1011.8,-62.46,0.52,-3.01,30.09
11880,0,0,4.94,1.17,-35.9,4.5,1005.9,-59.47,-5.62,-2.75,30.02
11900,9.16,5.39,0,2.4,-45.7,63.7,974.6,-55.48,12.27,-5.81,29.74
11920,0,0.66,0,0.23,-39.9,150.9,993.3,-48.78,8.58,-6.88,29.35
11940,0,2.73,0,0,-45.1,90.2,1020.6,-36.83,7.91,-8.57,29.4
11960,1.96,1.34,0,0,-63.6,94.1,982.0,-25.16,13.65,-2.17,28.66
11980,5.84,0,2.48,0,5.8,41.7,1008.5,-14.26,15.06,-3.29,27.98
12000,73.29,16.51,6.92,0,-12.8,21.6,1053.4,0.75,26.47,-2.06,27.88
12020,69.48,35.69,15.11,0,28.8,121.3,966.0,8.22,20.49,5.11,28.05
12040,52.76,48.43,16.95,0,-31.7,126.8,892.6,25.19,28.23,5.92,27.97
12060,32.67,53.22,22.72,1.84,69.4,94.9,866.3,37.74,8.04,5.91,28.88
12080,18.75,54.53,36.66,0.8,60.1,97.5,847.4,46.67,22.22,5.49,29.25
12100,11.51,56.58,50.49,0,77.7,-6.1,889.0,50.57,8.9,6.65,29.42
12120,4.69,50.44,65.79,0,189.0,84.3,746.9,54.87,10.42,0.35,30.26
12140,0,37.91,77.49,0,44.2,75.4,849.8,55.83,1.82,-2.9,30.15
12160,0,27.25,83.91,10.16,168.6,5.8,783.6,52.73,-0.73,-1.13,30.48
12180,0.2,19.19,83.99,12.8,176.7,23.1,863.4,53.47,-12.68,-6.37,30.53
12200,0.41,9.21,82.85,21.21,115.8,-96.5,836.1,51.21,-9.41,-3.73,30.93
12220,5.26,1.32,68.39,31.46,87.1,-121.3,859.9,42.89,-4.88,-7.19,30.63
12240,0,2.48,55.89,50.03,27.7,-68.5,925.3,30.69,-11.89,-5.23,30.76
12260,3.07,0,48.47,59.15,62.9,-140.1,923.0,19.59,-13.06,-4.57,31.09
12280,6.44,0,23.39,63.93,47.4,-158.5,984.4,-1.0,-20.31,1.03,31.05
12300,3.14,0,17.07,57.48,-48.4,-109.8,1001.4,-10.15,-18.08,2.18,30.86
12320,0,0,12.36,59.15,-140.4,-184.8,979.8,-17.69,-17.19,3.76,31.15
12340,4.01,1.15,5.04,43.67,-61.7,-93.5,976.4,-33.48,-12.15,4.84,31.35
12360,4.55,0,1.29,32.24,-56.0,-71.1,1026.4,-44.2,-15.05,4.38,31.06
12380,3.53,0,1.31,21.25,5.8,-100.0,999.4,-49.14,-11.31,4.78,31.06
12400,1.53,0,0,10.76,-116.6,-14.3,993.3,-60.64,-10.1,4.2,30.04
12420,0,1.38,0,5.66,-81.6,-68.3,1005.0,-64.6,-1.88,3.46,30.37
12440,7.98,2.5,0,0,-143.0,-1.0,998.8,-61.48,4.81,-4.1,30.17
12460,0.91,0,0,7.36,-91.4,167.4,964.8,-58.84,10.64,-4.07,29.71
12480,0,3.47,0,0.52,-102.9,94.4,969.8,-52.45,10.97,-2.2,29.65
12500,1.21,0,0,3.85,-99.5,156.8,1010.1,-41.28,24.19,-8.59,29.15
12520,0,2.19,0,0,13.1,68.2,1024.5,-40.84,17.54,-4.07,28.59
12540,0,0,0,0.11,-133.8,90.9,1003.8,-19.17,17.94,-4.03,28.21
12560,2.63,0,0,0,35.6,68.0,1031.6,-9.04,19.15,-1.89,28.24
12580,77.35,27.67,11.98,0,-1.8,218.5,1040.9,2.29,18.11,1.55,28.18
12600,63.08,35.05,17.44,2.71,48.9,71.7,925.8,19.87,22.56,1.61,28.35
12620,45.27,43.6,19.49,5.34,6.5,138.2,885.3,22.67,19.82,1.73,29.12
12640,27.77,55.32,27.96,0.35,21.9,146.6,886.0,48.31,7.93,5.31,29.54
12660,8.91,56.54,45.8,0,155.6,169.4,841.5,49.28,16.5,1.82,29.67
12680,2.1,58.53,57.69,0,98.3,7.4,841.0,57.58,8.58,5.1,29.57
12700,1.32,44.97,70.07,6.99,112.7,46.1,803.0,62.42,1.09,2.51,29.88
12720,0,27.53,79.86,6.8,211.1,87.6,832.6,62.29,-3.1,-2.41,30.4
12740,3.72,25.0,83.22,5.76,83.2,-45.4,790.1,53.28,-6.05,0.02,30.45
12760,0.1,11.57,81.85,16.74,137.6,-39.9,821.7,48.43,-3.18,-6.14,30.67
12780,0.04,6.76,66.21,33.42,116.4,-131.9,804.1,43.66,-9.0,-1.91,30.84
12800,0,3.76,63.83,41.65,98.3,-108.6,842.5,37.07,-19.44,-5.0,31.08
12820,0,3.74,45.65,51.09,20.1,-178.6,902.2,23.29,-8.96,-1.12,31.24
12840,0,0,35.39,68.64,46.5,-164.0,908.9,12.16,-24.29,-1.36,30.86
12860,2.75,0,24.09,69.8,-69.6,-215.9,954.5,-2.96,-21.32,1.24,30.99
12880,0,2.97,11.96,59.72,-47.2,-155.9,983.5,-19.77,-19.39,4.93,31.21
12900,5.91,0,5.82,52.75,-37.9,-23.5,1043.7,-30.4,-23.35,3.25,30.69
12920,0,1.79,0.25,40.41,-105.7,-90.0,1011.7,-38.92,-15.75,3.67,30.51
12940,1.68,0,0,22.45,-32.0,-139.5,1007.1,-48.84,-6.22,5.92,30.6
12960,0.22,0,1.8,20.56,-148.8,-33.6,946.7,-51.52,-8.24,6.29,30.89
12980,5.64,3.62,5.7,6.72,-63.0,-102.8,1000.0,-56.63,-2.07,2.6,30.68
13000,3.15,0,0.23,4.46,-104.4,-58.7,982.0,-59.68,6.07,-4.51,30.11
13020,0.44,0,0,5.75,-58.1,89.3,1034.5,-59.1,0.39,-3.53,29.73
13040,0,3.42,0,0.14,-132.8,79.3,970.3,-53.01,7.41,-0.61,29.57
13060,0,0,0,3.14,-37.1,82.6,1019.2,-45.25,19.97,-3.31,29.46
13080,3.17,1.8,4.17,0,-43.4,160.6,940.9,-35.19,13.78,-3.89,28.92
13100,0,0,0.02,0.19,-78.5,76.0,980.0,-28.85,15.73,-4.03,28.71
13120,2.86,0.25,1.27,0.7,2.9,138.3,930.8,-17.03,19.63,-3.24,28.58
13140,5.41,0,2.45,2.02,-12.3,193.7,1019.9,-4.47,26.42,1.18,27.95
13160,73.65,31.39,11.86,0.77,-73.6,146.3,963.4,13.06,15.43,2.9,27.91
13180,62.23,42.01,17.25,0,68.1,158.1,960.4,23.61,12.03,3.53,28.76
13200,38.17,51.31,24.75,0,92.7,74.5,864.0,34.21,19.47,4.37,29.02
13220,26.97,57.76,39.4,1.3,142.2,136.1,849.5,41.95,9.88,5.95,29.34
13240,10.83,54.91,48.98,0,44.3,106.6,828.3,55.3,7.51,-0.29,29.53
13260,8.53,46.68,63.31,0.97,64.7,-20.2,825.5,60.89,2.76,-0.29,29.3
13280,1.06,38.25,78.43,8.49,115.2,59.7,800.2,57.7,6.56,-2.42,30.37
13300,3.67,25.33,78.56,4.77,43.1,-36.8,804.3,55.97,-0.19,-2.99,30.49
13320,0,13.94,86.48,12.31,205.2,-110.2,758.5,56.75,-5.41,-3.03,30.75
13340,0,9.75,80.43,14.92,155.5,-96.8,783.2,47.88,-9.11,-4.79,30.74
13360,2.05,1.74,66.45,30.14,69.6,-118.4,902.1,38.63,-17.91,-5.06,30.82
13380,2.45,5.74,53.87,46.81,-3.4,-75.4,876.5,32.97,-13.63,-4.3,30.82
13400,0,7.81,45.65,59.69,18.6,-167.3,920.5,20.35,-28.96,-2.8,30.58
13420,0,0,27.91,63.3,31.1,-169.0,1010.4,8.08,-13.47,-4.38,30.77
13440,0,0,16.65,65.15,31.4,-171.3,988.2,-4.88,-17.28,0.13,31.06
13460,2.28,0,8.28,55.76,82.6,-112.9,1007.5,-16.75,-18.94,7.3,30.69
13480,0,4.4,5.6,53.46,-82.6,-146.6,1063.0,-36.0,-17.35,7.93,30.86
13500,1.84,0,5.85,33.66,-78.9,-211.8,1018.9,-43.09,-14.42,5.75,30.61
13520,2.83,0,0.04,17.89,-13.5,14.1,927.2,-53.09,-16.99,3.13,30.52
13540,0,0,2.54,10.68,-219.6,41.3,1013.4,-56.52,-14.03,8.05,30.24
13560,0.79,4.3,1.67,2.74,-153.5,0.5,968.5,-58.08,-9.69,4.23,30.15
13580,3.27,0.95,0,5.8,-83.7,-10.8,976.1,-58.49,7.0,-1.22,29.93
13600,2.18,0.73,0,0.71,-80.6,9.1,992.6,-57.47,5.24,-3.6,29.57
13620,0,0,0,2.03,-130.5,128.1,989.4,-52.11,7.66,-1.88,29.84
13640,0,0,0,0,5.7,113.1,989.7,-41.85,8.09,-5.59,29.21
13660,0,3.32,2.54,0,2.4,114.7,1012.4,-28.31,9.47,-5.94,28.6
13680,3.28,0,1.92,1.49,-10.2,99.0,1025.5,-18.02,18.86,-1.96,28.91
13700,0,0.45,0,0,-52.5,211.8,1026.0,-11.04,19.93,-4.7,28.47
13720,74.21,23.28,10.57,2.17,-56.0,148.5,976.9,4.85,13.77,-1.28,27.99
13740,67.43,30.71,19.82,4.81,107.5,154.8,974.1,16.19,17.93,3.0,28.14
13760,52.56,42.7,19.6,0,122.5,164.2,926.2,25.63,12.58,2.79,29.18
13780,32.13,57.05,31.97,2.04,80.6,32.2,903.6,36.87,6.38,2.54,29.01
13800,7.41,57.93,47.54,0,92.0,66.8,868.8,49.28,10.9,4.82,28.99
13820,3.9,54.26,51.6,0,97.5,115.4,774.3,56.43,11.82,5.74,29.41
13840,1.21,46.2,68.07,0.68,124.5,44.1,770.5,58.82,10.3,4.15,30.01
13860,3.6,33.12,80.86,4.8,56.3,35.3,788.5,56.66,-1.01,4.51,30.17
13880,0,24.15,87.6,10.33,99.5,-137.5,847.1,55.21,-2.11,-4.16,30.19
13900,0,15.8,89.33,20.32,35.4,-157.0,845.7,54.54,-7.78,-2.4,30.47
13920,1.34,3.79,71.16,29.28,90.4,-40.6,845.9,47.98,-4.79,-3.07,30.86
13940,4.67,4.38,53.76,42.44,87.5,-134.9,877.5,33.83,-22.51,-3.61,30.79
13960,0,1.22,48.18,61.44,36.9,-171.2,873.7,22.79,-20.05,-1.72,30.74
13980,0,0,37.66,56.3,26.5,-170.2,956.0,15.56,-19.73,-0.23,31.19
14000,0,1.38,22.93,57.76,58.1,-120.9,999.4,0.04,-26.27,-1.54,30.99
14020,0,0,13.72,65.23,-29.1,-183.5,1070.1,-11.85,-22.42,4.99,30.74
14040,0,4.71,12.41,50.02,56.4,-120.5,995.3,-26.66,-21.69,6.59,30.69
14060,2.26,0.74,2.56,38.13,-83.8,-100.6,1018.4,-38.42,-20.59,8.55,30.91
14080,2.57,2.15,5.26,24.66,-99.5,25.9,1052.9,-47.24,-13.6,4.37,30.93
14100,1.16,0,5.39,15.35,-63.0,-125.9,991.5,-53.5,-3.97,3.76,30.48
14120,0,0,0.09,9.65,-161.7,22.7,1034.8,-54.17,-9.32,-0.19,30.62
14140,0,0,0.39,9.32,-95.0,11.0,1017.9,-59.52,-1.77,-0.64,30.16
14160,1.89,2.24,0,5.99,-107.8,39.7,1053.8,-62.14,4.82,-3.43,30.12
14180,0,2.42,0.89,1.12,-109.2,4.1,1060.4,-54.43,10.81,-4.86,29.87
14200,0,2.83,0,3.55,-51.6,95.3,990.6,-50.04,8.35,-6.78,28.92
14220,3.42,0,1.66,0,-120.0,60.4,994.4,-37.28,21.48,-4.77,29.1
14240,1.58,6.4,0,0,-92.5,119.8,1000.6,-25.07,18.43,-6.05,28.52
14260,1.49,3.27,3.11,5.16,-81.3,31.4,1008.7,-12.66,23.82,-1.2,28.64
14280,0,0,0,0,-34.0,199.0,997.5,-1.72,11.31,-0.69,28.15
14300,71.68,31.45,1.31,0,11.1,87.4,983.1,7.54,17.72,0.16,28.14
14320,57.41,44.94,7.48,3.04,-10.9,184.4,929.7,21.87,16.18,3.98,29.01
14340,40.23,46.89,18.51,4.62,103.3,212.6,919.0,34.92,20.73,6.77,28.93
14360,23.54,56.5,33.95,0.77,64.9,80.1,872.7,43.58,20.77,3.17,29.04
14380,11.49,52.16,48.24,0,41.5,109.7,750.6,52.16,5.65,4.31,29.67
14400,5.1,49.34,67.47,4.16,67.9,75.6,792.6,55.09,5.94,1.65,29.76
14420,2.32,36.59,70.81,10.57,131.1,-29.0,790.7,64.06,-5.99,-1.36,29.63
14440,3.75,30.9,76.78,7.76,191.6,-61.7,766.3,61.71,-7.21,-2.15,30.59
14460,3.73,17.83,86.65,14.42,34.1,-48.6,847.8,55.64,-7.5,0.14,30.47
14480,0,6.98,80.59,15.48,28.4,-60.7,821.8,48.33,-9.37,-6.66,30.34
14500,0,4.24,66.8,32.23,109.1,-161.8,903.6,40.78,-9.61,-4.36,30.65
14520,2.39,4.38,59.88,44.54,53.2,-176.4,908.0,31.72,-22.79,-4.53,30.61
14540,0,3.37,47.07,57.3,71.1,-148.8,919.6,19.98,-29.36,-2.49,30.9
14560,0,0,29.77,60.32,-67.0,-118.9,1003.5,11.48,-21.73,0.61,31.3
14580,1.74,0,17.8,66.24,-2.8,-123.9,1010.5,-4.27,-24.93,0.79,31.06
14600,7.4,0.2,16.04,57.59,38.3,-79.8,985.3,-17.51,-9.45,1.97,31.07
14620,0,0,8.15,49.44,-3.2,-139.9,988.9,-28.36,-16.49,5.74,30.88
14640,3.69,0,2.39,36.2,23.9,-136.5,1046.4,-38.65,-14.77,5.07,30.58
14660,0,0,3.07,21.08,-73.0,-68.3,1054.0,-49.1,-2.44,8.06,30.58
14680,5.79,0,3.09,16.27,-104.8,-56.9,1012.9,-58.07,-1.27,3.84,30.42
14700,0,0,3.06,9.11,-140.5,-11.7,1021.3,-59.63,-4.84,-1.83,30.01
14720,0,0.63,0,3.72,-89.2,-76.9,973.2,-64.93,2.39,-0.97,30.16
14740,1.8,0,0,1.38,-61.8,95.7,1025.1,-56.56,9.48,-0.48,29.71
14760,0.97,0,0,0,-169.4,109.8,1007.5,-51.73,4.26,-5.12,29.96
14780,2.64,0,4.82,4.05,-76.6,76.3,1072.3,-44.78,18.81,-4.28,29.53
14800,1.44,2.58,0,0,-13.7,53.8,1007.2,-34.45,11.31,0.13,29.05
14820,1.46,0,0,1.71,-65.6,132.0,1029.9,-19.81,9.9,-5.99,28.39
14840,0,0,0,1.67,20.3,157.0,989.1,-9.1,18.61,-2.46,28.56
14860,75.92,20.06,7.85,0,29.5,140.2,1009.9,4.42,16.08,-1.33,27.94
14880,63.79,38.18,9.14,0.86,30.4,136.5,860.3,14.08,16.27,-0.13,28.58
14900,52.7,41.72,23.29,0,46.7,224.1,930.2,24.67,31.08,5.64,29.12
14920,33.93,56.44,24.52,0,-25.8,109.7,898.4,38.82,13.36,6.96,28.93
14940,22.07,57.7,37.0,2.65,89.6,71.3,795.6,47.75,5.76,4.75,29.6
14960,6.52,53.98,56.41,0.81,123.0,119.5,818.7,56.42,12.32,3.87,29.66
14980,1.07,45.21,65.62,1.93,140.0,25.9,761.7,64.31,4.86,0.29,29.93
15000,0,33.41,79.91,0.85,40.6,3.8,798.2,63.75,-2.87,0.69,30.1
15020,0,25.34,80.34,8.59,56.0,-80.6,795.4,56.44,0.99,-2.73,30.52
15040,1.47,17.67,82.1,17.02,139.3,-101.3,814.4,55.57,-10.89,-5.47,30.46
15060,0,9.61,71.94,19.76,25.1,-58.2,863.3,46.47,-13.27,-7.82,30.59
15080,0,7.31,62.92,37.49,93.0,-128.4,857.8,40.17,-16.41,-4.44,30.72
15100,2.85,2.8,53.28,50.61,25.1,-180.8,951.3,23.94,-13.58,-2.66,31.05
15120,0,0,38.62,56.44,-7.1,-203.7,965.9,18.19,-13.8,3.98,31.19
15140,0,0,28.28,67.67,19.3,-125.5,1021.1,5.81,-14.34,0.54,30.94
15160,0,3.38,13.5,58.96,-10.7,-95.3,975.3,-9.27,-13.64,3.67,31.21
15180,5.57,0,8.47,52.14,9.5,-42.2,1005.7,-24.31,-18.95,4.71,30.87
15200,2.02,7.7,2.98,41.22,-55.8,-87.0,1018.6,-33.07,-6.46,9.06,30.78
15220,0,2.54,1.78,28.6,-62.6,-109.0,1006.3,-46.13,-16.1,3.21,30.24
15240,5.83,4.03,3.56,20.26,-162.2,-44.2,981.9,-47.48,-7.39,2.65,30.81
15260,2.03,0,0,10.08,-182.0,-103.0,996.7,-53.99,-3.03,1.89,30.45
15280,3.86,0,0,8.21,-136.2,24.5,977.0,-57.49,-3.38,-1.54,30.37
15300,0,0,0.11,3.04,-155.6,62.7,1028.2,-62.55,6.62,-1.07,29.94
15320,4.98,0,0,0,-86.7,109.1,988.8,-60.8,8.01,-6.39,29.5
15340,0,0,0,2.25,-168.1,96.0,1001.7,-49.22,15.21,-3.03,29.63
15360,3.49,1.34,4.26,0,-146.7,21.8,935.9,-45.51,15.58,-4.95,29.03
15380,4.13,5.27,0,0,31.4,145.8,1004.7,-36.29,11.83,-6.0,28.8
15400,0,4.1,0.78,0,-24.7,183.1,974.8,-17.07,19.07,-1.02,28.81
15420,1.38,0.17,0,4.41,46.2,175.6,992.7,-10.45,19.39,-1.66,28.34
15440,72.81,26.15,8.06,0,13.8,193.6,991.9,13.64,22.18,4.08,28.25
15460,67.23,34.17,16.57,3.85,84.9,176.8,925.8,22.92,20.01,5.25,28.64
15480,35.54,45.13,24.14,0,30.8,128.0,925.1,30.18,16.59,4.08,28.99
15500,25.41,58.08,36.17,6.04,103.7,34.2,845.2,47.01,20.15,4.77,29.02
15520,10.94,54.94,47.7,0,127.1,54.0,810.1,50.54,6.7,3.49,29.5
15540,7.68,57.76,58.41,2.72,97.6,-35.3,866.1,53.1,15.14,5.66,29.8
15560,7.18,41.28,71.69,0,96.6,27.9,828.4,55.71,5.28,2.94,30.1
15580,0,33.81,84.73,6.94,65.7,-8.8,815.5,55.24,4.74,-2.43,30.16
15600,0,14.51,91.9,11.1,154.2,-65.0,783.9,56.19,2.82,1.27,30.44
15620,0,15.19,77.76,18.76,46.9,-58.7,773.9,55.6,-9.33,-7.04,30.77
15640,0,12.04,68.8,32.43,75.5,-143.5,851.7,41.55,-16.91,-7.41,30.8
15660,0,1.8,58.27,46.04,55.0,-117.6,893.5,29.67,-8.77,-2.98,31.07
15680,0,2.13,44.6,53.93,84.3,-133.4,930.0,12.42,-11.06,-4.76,30.91
15700,2.92,0.11,29.25,65.36,26.0,-161.9,1000.7,9.57,-17.81,-2.19,30.87
15720,0,1.09,20.53,65.53,-51.2,-214.9,1036.6,-6.75,-20.8,0.14,30.91
15740,0,0,14.78,61.77,-52.9,-142.9,969.6,-18.0,-25.07,1.43,30.65
15760,5.4,0.5,5.51,49.82,-73.8,-182.0,965.3,-30.66,-6.04,2.1,31.09
15780,0,0,8.62,32.43,-20.9,-35.5,1038.7,-45.03,-11.81,10.36,30.97
15800,0,4.13,2.75,25.56,-137.0,-105.8,988.3,-47.35,-13.09,0.47,30.67
15820,0.21,0,0,15.74,-115.0,-98.5,1001.6,-56.07,-9.83,4.91,30.53
15840,0,1.05,0,10.68,-156.4,-99.1,1074.5,-55.97,2.02,0.91,30.19
15860,0,0,0,0,-117.9,48.6,968.1,-61.94,2.31,-1.64,30.13
15880,0,0.42,0,5.24,-118.8,55.4,1071.6,-60.05,2.5,-1.57,30.19
15900,0,0,0,0,-140.0,20.8,956.7,-52.19,10.75,-5.34,29.63
15920,0,2.89,0,0,-75.9,133.8,987.6,-44.21,5.04,-5.09,29.49
15940,0,0,0,6.68,-35.8,143.9,1034.5,-35.56,10.03,-6.12,28.75
15960,1.35,0.11,0,0,-10.5,211.3,1019.8,-24.21,22.31,-1.06,28.67
15980,0,1.93,0,0,0.6,246.6,994.7,-16.57,25.59,-3.36,28.51
16000,74.89,21.37,6.72,1.84,8.9,167.2,970.7,-0.26,20.55,0.15,28.07
16020,69.63,28.52,12.05,0,33.1,212.9,935.4,15.3,17.99,-0.77,28.39
16040,53.21,42.34,14.73,0.19,51.7,233.1,961.4,26.18,12.6,4.11,28.74
16059,33.46,52.47,25.46,0,22.5,110.0,895.9,34.82,20.83,4.5,28.89
16079,16.93,59.63,39.13,3.43,120.0,27.5,818.7,47.08,12.29,6.8,29.05
16100,6.68,53.46,58.06,5.87,53.0,31.2,805.5,53.78,15.21,1.66,29.73
16120,3.59,48.09,62.53,0,121.7,101.0,809.7,57.83,5.82,5.96,30.11
16140,0,33.32,77.44,7.42,35.8,63.9,754.8,56.43,-1.66,1.91,30.28
16160,0,28.21,81.25,13.37,194.5,-4.2,852.9,61.67,-0.48,-2.04,30.65
16180,1.85,16.78,82.7,10.53,38.7,-1.4,808.5,54.31,-14.27,-1.91,30.55
16200,0,9.81,77.02,28.86,77.6,-156.9,885.7,48.95,-12.32,-6.02,30.36
16219,0.23,0,62.23,37.11,72.4,-68.6,865.7,39.5,-17.91,-2.25,30.79
16239,0,5.79,52.95,41.89,14.4,-214.5,830.2,25.22,-21.61,-3.44,31.09
16260,2.95,5.43,41.52,58.54,-23.2,-88.3,989.2,19.22,-20.57,-4.09,31.06
16280,2.98,0,26.39,67.52,110.9,-123.5,948.6,-2.21,-14.09,-2.17,31.15
16300,0.51,0,19.99,62.9,-5.4,-91.6,1012.0,-9.14,-27.97,4.46,31.09
16320,0.45,4.41,8.61,54.87,-30.2,-143.6,971.5,-21.44,-23.07,6.95,30.79
16340,0,2.75,9.09,42.23,4.8,-110.3,1014.4,-32.4,-15.4,3.42,31.04
16360,0,0,0,32.77,-68.3,-152.4,995.4,-37.49,-15.0,7.52,30.64
16379,1.74,0,7.11,20.79,-33.8,-54.4,960.9,-48.38,-15.66,5.37,30.22
16400,3.39,0,0.6,14.27,-79.4,-13.5,1033.1,-53.05,-1.51,5.33,30.35
16420,0,1.07,6.12,4.51,-90.7,-15.9,991.4,-60.57,-4.05,1.27,30.2
16440,0,1.27,1.36,2.03,-115.8,-1.2,1003.0,-57.39,-4.85,1.39,30.21
16460,0,1.76,0,0,-13.4,-34.9,954.0,-52.98,7.54,-4.93,29.9
16480,0,0,5.5,2.5,-60.5,36.9,980.2,-51.02,10.32,-2.26,29.44
16500,3.39,0.21,6.3,2.56,-187.2,67.8,1021.2,-46.08,18.22,-4.27,28.86
16520,0,0,2.64,5.48,-154.7,125.5,950.6,-36.92,14.8,-6.53,28.67
16540,1.42,0,2.42,1.39,-84.1,172.3,1009.9,-22.06,29.24,-2.35,28.36
16560,1.72,0,0,0,-71.1,127.3,994.0,-12.99,24.14,-3.47,28.11
16580,72.66,28.92,5.17,0.75,-62.7,168.7,987.4,6.7,20.56,-0.3,28.03
16600,55.95,39.21,15.36,2.46,-48.7,36.7,950.5,18.52,15.06,7.16,28.66
16620,45.62,46.96,22.89,2.08,13.3,216.3,882.1,27.66,13.63,7.71,29.33
16640,23.87,52.85,28.93,0,132.6,65.3,823.8,42.85,17.31,5.62,29.18
16660,14.72,58.49,42.05,4.78,58.8,90.0,826.4,51.07,8.54,2.68,29.47
16680,8.9,49.17,57.62,8.97,54.4,-55.8,841.5,56.95,-1.56,4.68,29.35
16700,1.11,42.99,69.69,0,100.8,-50.0,847.3,64.59,7.87,0.64,29.99
16720,1.66,32.61,79.85,1.15,159.8,35.5,764.6,59.81,-8.84,-0.76,29.88
16740,0.07,22.87,84.29,3.32,44.2,-44.7,809.9,58.53,-3.2,-1.25,30.78
16760,0.34,11.88,81.75,21.97,89.0,-119.3,845.2,53.54,-16.97,-3.86,30.47
16780,0,8.98,74.5,23.59,49.3,-102.0,828.6,46.36,-9.57,-5.55,30.92
16800,0,1.89,60.7,37.73,109.5,-118.3,867.1,33.06,-20.0,-2.58,30.24
16820,1.89,0,44.21,56.7,109.2,-119.3,902.6,25.63,-16.46,-0.86,31.32
16840,5.26,0,29.64,55.53,6.3,-318.2,951.7,13.96,-29.94,-1.27,30.75
16860,0.87,0.78,25.27,65.93,4.1,-169.4,955.0,2.03,-19.07,2.65,31.33
16880,0,0.37,13.03,60.89,-41.1,-135.7,1027.3,-17.16,-12.99,5.42,31.12
16900,0,0,8.2,48.7,-102.2,-96.9,987.5,-27.46,-18.36,5.15,31.04
16920,0.56,2.41,6.34,34.39,-40.9,-163.6,1011.7,-35.21,-14.75,3.28,30.8
16940,0,0.21,3.01,28.23,-1.3,-76.7,1039.2,-44.33,-5.15,6.98,30.71
16960,0,0,1.65,16.47,-29.3,-65.9,1012.3,-54.03,-10.21,4.77,30.8
16980,0,0,0.74,10.48,-99.5,-5.9,970.4,-57.14,-9.34,0.73,30.51
17000,0,2.18,0,3.69,-86.9,44.9,1031.9,-61.21,-1.0,0.06,30.12
17020,0,2.6,3.56,0,-81.4,93.5,1000.3,-60.7,4.15,-3.86,30.03
17040,5.65,0,0,1.61,-102.2,45.5,1023.2,-54.79,20.69,-4.7,29.66
17060,0,0,0,0,2.6,129.7,967.1,-48.7,12.34,-4.07,29.21
17080,1.54,2.97,0,1.14,-74.7,142.5,1028.9,-38.44,10.44,-5.55,28.9
17100,8.82,0,0.91,0.17,-86.6,45.5,999.9,-24.62,11.16,-2.69,28.32
17120,0,0,2.08,0,54.3,151.7,999.3,-20.44,20.74,-0.63,28.21
17140,1.34,0,7.92,0,-145.0,150.6,991.9,-1.46,28.74,-1.11,27.89
17160,74.47,29.13,11.97,0,-35.0,200.1,925.2,8.68,24.27,4.83,27.92
17180,56.41,39.11,22.11,0.71,128.2,231.1,898.5,24.85,16.08,3.22,28.34
17200,37.68,48.87,23.98,0,53.3,137.1,855.4,32.97,10.28,3.61,28.79
17220,28.62,58.07,40.17,0,12.0,92.8,851.1,45.62,4.46,4.52,29.19
17240,4.96,56.55,51.76,5.94,86.5,135.4,863.8,50.57,6.69,6.14,29.3
17260,6.09,51.98,62.15,2.0,144.1,12.9,819.1,58.35,-2.11,3.01,29.81
17280,8.22,43.56,79.52,3.76,167.9,49.0,724.6,61.15,0.32,1.65,30.47
17300,3.65,24.0,82.46,6.82,90.2,-62.0,732.5,58.11,-8.8,0.36,30.32
17320,0,15.76,87.12,10.26,154.7,-92.2,847.1,53.36,-9.43,-2.39,30.34
17340,0,8.82,76.35,19.12,138.4,-169.9,837.3,46.75,-19.52,-7.18,30.91
17360,0,2.74,68.44,36.37,117.7,-83.0,784.3,40.55,-14.4,-6.3,30.76
17380,0,0.6,61.91,46.5,14.6,-69.6,841.8,32.11,-14.08,-5.34,31.23
17400,0,0,42.87,60.62,53.6,-175.1,948.8,19.48,-20.03,-4.38,30.73
17420,3.35,2.37,30.48,66.48,36.2,-186.1,1018.2,5.92,-15.89,-4.73,31.03
17440,5.7,0,24.88,62.65,-144.0,-204.9,990.7,-8.42,-25.11,-0.56,31.15
17460,0,0,9.38,57.2,-110.2,-250.8,981.2,-9.52,-26.81,2.64,30.99
17480,1.24,0,7.19,40.66,-77.4,-168.8,995.8,-31.84,-12.01,2.73,31.03
17500,2.15,0,0.1,29.33,-115.0,-168.7,999.8,-41.56,-12.53,5.11,30.6
17520,0,0.44,2.39,20.33,-148.7,-88.0,991.1,-46.44,-2.71,1.09,30.8
17540,2.7,0,4.71,11.6,-119.3,-19.9,1001.4,-56.48,-0.32,3.23,30.14
17560,0.64,0,4.09,8.81,-28.8,35.1,993.6,-63.04,8.03,4.32,30.12
17580,0,6.86,4.75,10.19,-84.3,-11.1,1000.8,-56.69,0.83,-0.65,29.86
17600,1.72,0.67,5.13,2.57,-227.2,-8.1,958.2,-56.06,1.58,-5.81,29.61
17620,4.04,1.64,0,0,-186.6,67.6,1013.2,-52.49,4.4,-4.12,29.5
17640,2.75,0.88,0,2.11,-59.1,92.5,1008.6,-41.87,19.42,-6.1,29.26
17660,0,0.06,3.39,1.6,-126.2,61.3,1006.2,-35.21,14.3,-4.78,29.03
17680,0.98,0,0.54,0,-6.8,147.6,1050.9,-20.0,19.97,-5.79,28.45
17700,0,0.55,5.75,0,-86.8,139.7,1002.1,-3.49,21.08,-2.97,28.12
17720,71.88,26.08,5.83,2.09,-53.3,135.3,1020.6,-3.81,18.5,2.1,27.94
17740,62.89,37.48,10.53,0,38.6,123.6,864.0,21.38,19.33,-0.03,28.47
17760,44.35,51.0,20.08,0,-21.0,20.4,830.7,26.52,20.7,3.19,28.77
17780,28.94,54.16,26.61,4.3,32.2,170.9,821.5,39.21,11.26,3.61,29.3
17800,16.56,55.38,46.72,0,79.0,60.9,797.3,48.81,12.14,4.68,29.28
17820,6.16,56.15,53.93,0.21,121.2,65.9,824.7,59.64,7.06,6.13,29.71
17840,4.51,46.95,64.87,1.03,168.2,-2.9,744.0,62.64,16.17,0.29,30.27
17860,7.35,39.04,73.6,8.1,175.7,-27.9,815.7,64.88,5.85,1.95,29.81
17880,0,25.82,86.09,10.09,83.4,-92.0,767.7,63.3,-7.9,-1.87,30.36
17900,0,12.72,83.58,19.45,78.5,-13.2,798.9,54.68,-8.43,-4.15,30.61
17920,0,8.52,78.73,25.09,46.5,-50.3,861.4,46.82,-12.75,-6.62,30.8
17940,1.07,0,66.45,39.23,-15.0,-131.6,939.6,38.33,-4.87,-3.72,30.94
17960,0,0.45,47.33,51.36,0.4,-103.1,900.0,24.74,-21.94,-1.4,30.78
17980,0,0,32.26,63.31,-18.3,-197.2,925.9,11.66,-23.36,-3.6,31.04
18000,3.04,0.26,28.0,62.57,-85.1,-141.8,1025.3,-0.7,-20.61,0.59,30.74
18020,0.35,3.11,18.79,65.87,-19.1,-191.7,989.3,-7.48,-12.19,2.71,31.02
18040,0,0.55,8.8,54.11,-15.7,-165.8,1009.5,-22.67,-16.85,8.19,30.87
18060,0,2.88,2.14,38.86,-52.0,-101.3,1004.5,-36.32,-15.56,2.54,30.92
18080,0.04,2.62,4.64,21.24,-92.3,-131.7,993.8,-50.21,-10.9,6.97,30.59
18100,0,0,0,16.85,-171.6,-6.7,1042.4,-52.91,-5.97,6.15,30.52
18120,0,4.58,0,10.8,-125.9,-35.9,947.1,-61.95,-5.4,-0.16,30.21
18140,1.93,5.69,4.45,3.06,-121.5,-68.0,1014.2,-67.74,0.8,0.7,30.35
18160,0.47,0.99,1.11,1.85,-105.6,44.9,1009.9,-57.86,9.81,-0.83,29.99
18180,3.42,2.26,0.54,2.75,-17.4,118.2,997.0,-50.83,17.34,-7.55,29.68
18200,1.04,0,3.19,0,-80.2,35.1,1025.4,-49.54,13.41,-6.5,29.2
18220,0,1.42,0.92,0,-112.6,-32.5,1025.2,-38.51,6.1,-6.22,28.96
18240,1.84,3.71,0,1.74,-185.9,18.4,1016.9,-24.28,15.52,-1.91,28.7
18260,0,0,2.96,0,-48.1,122.4,1042.2,-14.27,15.89,-2.08,28.49
18280,0,0.25,1.84,1.85,-20.2,169.5,976.4,-6.65,16.3,1.28,27.87
18300,74.1,28.74,8.14,0,-86.1,121.3,934.0,5.67,4.71,-1.4,28.36
18320,59.25,38.67,14.42,0,59.1,150.1,916.3,25.09,21.03,1.48,28.62
18340,37.3,47.33,24.54,0.08,133.6,168.2,796.1,36.76,13.94,5.91,29.02
18360,18.65,56.61,33.79,6.88,33.9,121.2,870.4,50.09,24.11,1.41,29.31
18380,16.38,57.84,51.37,1.47,-37.6,33.8,813.5,50.46,10.51,-2.43,29.47
18400,4.19,49.68,67.67,1.04,142.4,50.7,815.9,60.28,10.36,1.63,29.55
18420,3.08,40.54,74.44,5.65,115.6,13.2,786.8,56.27,-6.2,-2.84,29.73
18440,0.94,33.61,83.26,8.8,101.1,-103.9,887.2,64.03,-0.8,-1.66,30.71
18460,0,14.36,85.56,11.72,67.3,-72.0,847.2,62.1,3.23,-4.79,30.44
18480,0,14.65,77.77,21.33,176.6,-135.6,815.0,51.7,-11.81,-2.62,30.8
18500,2.74,6.76,71.69,33.91,-31.7,-104.4,876.1,48.46,-19.29,-2.33,30.95
18520,4.88,4.26,59.92,43.87,34.0,-127.8,887.7,31.48,-21.55,-5.65,30.95
18540,6.24,2.46,38.52,55.61,8.6,-190.7,937.4,19.36,-16.36,-3.56,30.7
18560,5.38,0,35.52,61.83,-3.4,-127.2,946.0,15.23,-10.91,-2.73,31.09
18580,0.35,2.11,18.8,63.76,-90.2,-126.3,993.0,-9.47,-17.34,-0.45,30.75
18600,0,0,10.54,53.21,-81.0,-208.4,950.5,-20.36,-26.82,0.36,30.66
18620,0,0,5.15,43.1,7.4,-208.9,1049.2,-38.27,-18.79,6.4,30.83
18640,3.82,0,4.24,38.21,-110.1,-113.9,981.4,-41.15,-8.77,5.03,30.81
18660,0,0.44,1.02,23.27,-148.2,-104.2,1010.7,-50.0,-11.16,2.59,30.83
18680,0,1.19,0,16.59,-24.0,-94.8,1000.9,-51.32,-7.75,3.9,30.15
18700,0.38,3.83,0,7.34,-63.7,-28.7,1037.5,-61.7,-4.7,2.54,29.97
18720,2.52,0.69,0,3.26,-18.5,3.0,1037.9,-59.16,10.31,-1.33,29.91
18740,0,0,5.3,0,-96.8,71.6,1015.0,-60.27,1.19,-0.25,29.86
18760,0,0.84,0,0,-176.1,77.0,990.8,-54.03,16.28,-1.65,29.4
18780,0,2.6,0,4.86,-98.2,41.6,1032.3,-43.14,8.27,-3.0,29.38
18800,0,0,0,0,-91.5,137.0,1022.7,-34.96,22.23,-2.67,28.97
18820,2.76,0,0.94,0,-149.7,206.2,1030.9,-29.63,14.98,-1.97,28.33
18840,0,0,0,2.75,-105.8,118.9,984.4,-14.01,15.62,2.75,28.14
18860,79.94,30.26,7.76,0.42,-21.9,229.8,1045.0,8.9,29.03,0.56,28.29
18880,69.34,29.09,12.54,0,150.3,97.1,939.5,17.38,29.95,0.1,28.1
18900,46.81,47.03,14.13,0,60.3,94.2,918.2,28.18,31.71,1.71,28.55
18920,31.54,53.7,22.83,4.32,118.7,115.5,912.0,34.92,16.86,5.57,28.83
18940,21.82,57.04,39.14,2.12,31.0,102.3,861.1,46.8,10.26,3.92,29.18
18960,12.7,49.11,51.9,3.41,117.2,93.4,797.6,56.32,6.3,5.51,29.37
18980,2.12,45.82,72.96,2.6,73.9,24.6,808.5,59.8,-2.96,2.58,29.65
19000,0,42.63,76.3,7.68,112.2,-16.4,769.4,62.17,-3.83,-2.83,29.9
19020,1.26,22.16,79.3,7.62,63.5,-18.8,791.7,57.08,0.37,-1.66,30.4
19040,0,17.18,83.13,14.66,125.4,-66.3,809.6,57.15,-12.43,-4.42,30.59
19060,0,8.13,76.36,30.44,154.4,-52.8,857.7,44.57,-10.81,-6.47,30.51
19080,0.3,5.97,59.26,37.9,91.5,-176.9,876.4,40.7,-13.53,-3.06,30.74
19100,0,0,46.97,55.92,114.8,-110.4,870.2,30.32,-21.02,-5.26,30.88
19120,3.37,6.06,37.11,62.11,58.4,-37.2,964.8,19.87,-14.2,-0.5,31.41
19140,1.57,0,25.87,65.8,47.9,-162.6,992.5,0.06,-17.39,-1.05,31.16
19160,0.97,1.26,18.89,59.32,-57.2,-167.7,968.7,-10.73,-21.62,2.69,30.67
19180,0.07,0,12.58,53.39,10.2,-185.9,964.5,-24.13,-13.33,3.71,31.31
19200,0,0,1.8,42.27,-89.8,-107.8,987.6,-33.97,-15.13,7.3,30.86
19220,0.95,0,5.74,21.75,-78.9,-184.1,1024.0,-43.61,-13.22,5.34,30.92
19240,0.71,0.19,0,25.67,-122.6,-15.5,1024.1,-53.49,-12.13,2.96,30.98
19260,0,0,3.05,10.37,-93.7,-33.2,1052.2,-58.38,-15.42,0.93,30.63
19280,0,5.32,0.35,5.8,-108.7,0.5,1015.2,-62.29,-2.43,-1.32,30.6
19300,6.37,1.69,4.2,2.84,-166.5,59.1,956.0,-58.26,9.2,0.55,30.21
19320,5.41,10.88,0,0,-134.9,66.7,1069.0,-54.52,19.99,-3.16,29.54
19340,0,0,0,0,-101.0,132.7,1000.5,-47.56,1.66,-4.3,29.51
19360,2.94,0.04,1.47,0,-21.2,85.0,988.4,-43.37,12.7,-4.82,29.15
19380,0,0.4,0,0,-143.9,110.2,973.5,-26.41,11.07,-2.71,28.42
19400,0,3.91,0,0,11.0,122.9,993.4,-13.93,18.83,-3.4,28.58
19420,0,4.61,0,0,-6.3,176.3,1020.4,-6.37,17.65,-4.84,28.1
19440,74.92,29.8,8.77,0,17.8,82.0,957.9,9.01,18.92,0.71,28.02
19460,60.79,37.24,13.02,2.89,55.8,100.8,940.4,22.01,16.39,3.46,28.44
19480,36.54,48.18,20.62,0,87.0,153.5,885.0,29.89,11.07,4.52,28.72
19500,25.38,55.72,35.38,5.4,-12.4,156.0,884.0,43.01,15.1,4.59,28.97
19520,12.24,58.7,49.37,0.51,124.4,109.0,827.0,49.72,19.66,1.66,29.5
19540,5.37,50.86,59.35,0,134.6,120.1,784.0,56.75,7.84,3.45,29.9
19560,3.96,38.12,75.54,1.99,133.8,19.8,789.5,59.36,0.47,1.13,30.16
19580,0,35.09,82.15,10.79,136.9,-10.3,797.4,62.27,1.16,-3.61,30.05
19600,0,11.44,79.0,16.21,49.4,14.9,816.2,59.89,-11.34,-4.54,30.27
19620,1.01,12.33,81.03,22.12,98.3,61.3,877.4,47.0,-5.66,-3.71,30.39
19640,0,3.51,77.24,30.21,6.0,-159.6,874.2,43.93,-14.2,-5.17,30.79
19660,0,5.84,61.85,45.98,-30.7,-172.1,889.1,33.96,-14.24,-2.93,31.13
19680,0,0,49.77,54.27,59.2,-125.0,911.3,23.38,-21.53,-0.37,30.92
19700,1.02,6.14,30.32,63.24,13.6,-108.0,974.9,4.81,-16.56,-3.67,30.88
19720,0.85,1.35,26.17,65.66,-46.6,-69.0,984.9,-3.23,-24.06,-0.93,30.74
19740,0,1.83,17.95,54.91,-44.6,-177.2,1003.0,-19.17,-21.52,2.13,31.16
19760,4.25,3.8,6.59,45.08,-125.5,-325.1,978.8,-30.68,-17.37,5.93,30.97
19780,0,1.62,4.07,38.17,-56.5,-83.2,983.2,-41.78,-7.56,2.09,30.93
19800,2.93,0,1.87,24.55,-159.0,-144.8,986.8,-52.16,-8.53,4.72,30.74
19820,1.5,0.17,0.43,13.49,-162.1,-49.2,1000.6,-51.46,-12.41,3.92,30.77
19840,0.68,0,0,2.31,-170.0,-44.6,966.9,-58.65,3.95,0.1,30.65
19860,0,0,0,2.49,-62.6,72.0,1007.1,-58.97,-1.58,1.77,29.99
19880,2.22,0,0,0,-102.4,20.3,1004.1,-53.97,2.67,-4.25,29.92
19900,0.89,0,0.63,1.56,-124.9,43.2,992.5,-51.85,1.09,-4.63,29.58
19920,0,1.83,0,4.46,-21.6,80.8,1021.7,-50.62,14.87,-5.15,29.58
19940,3.11,0,4.34,1.08,-26.5,52.0,974.7,-36.25,16.29,-4.14,28.93
19960,0,1.45,3.24,1.47,12.7,80.3,973.0,-28.35,20.18,-0.86,28.76
19980,0,0.86,0,0,-49.8,120.1,993.4,-17.09,21.54,-2.09,28.32
20000,76.79,22.59,6.04,5.12,4.9,139.1,1019.4,-0.42,15.97,0.38,28.17
20020,67.91,30.54,6.65,0,-89.1,169.9,948.5,16.2,14.18,1.81,28.51
20040,55.14,43.12,13.81,0,3.1,167.3,843.4,27.32,15.2,6.24,29.11
20060,30.68,54.87,32.13,1.09,71.4,174.5,858.5,36.57,16.49,6.98,28.99
20080,23.34,48.74,31.98,1.39,29.9,54.9,845.5,45.15,17.78,8.36,29.21
20100,10.21,50.66,53.16,0,108.0,99.3,847.8,52.52,15.46,7.45,29.99
20120,2.95,47.47,57.77,0,129.4,-19.0,855.1,57.92,10.32,6.04,29.74
20140,3.37,37.9,74.81,2.78,108.8,75.8,763.6,56.85,-4.1,1.59,30.02
20160,0,29.37,87.12,4.08,46.1,-61.9,796.2,55.42,-4.01,-3.43,30.23
20180,0,17.11,83.81,14.1,156.9,-142.1,780.5,54.96,-3.39,-2.36,30.49
20200,0,6.59,75.63,20.66,111.0,-48.6,884.4,45.91,-10.93,-4.98,30.6
20220,0.98,1.6,64.1,39.77,106.6,-61.5,850.2,48.82,-12.23,-3.78,30.96
20240,0,2.1,55.85,46.13,-50.0,-27.3,947.3,30.27,-19.94,-2.7,31.05
20260,0.98,0,41.42,58.69,8.9,-58.0,920.7,15.61,-23.94,-0.53,31.21
20280,6.02,1.47,33.34,62.58,-64.9,-120.5,1027.3,6.17,-22.65,0.86,31.14
20300,0,0,22.15,65.43,-5.1,-182.8,994.1,-14.34,-8.58,0.73,31.22
20320,0.42,1.0,15.64,55.96,-37.4,-126.9,948.3,-21.68,-11.48,4.53,30.66
20340,0,0,8.63,40.42,-106.3,-83.0,998.3,-32.78,-16.28,3.71,30.51
20360,3.18,0.09,3.36,35.06,-100.7,-83.3,950.4,-46.15,-15.4,4.52,30.8
20380,0,0,5.59,19.91,-47.5,-88.2,983.0,-52.55,-11.05,3.17,30.67
20400,3.62,1.44,2.45,8.21,-81.7,9.3,1054.4,-52.52,-11.14,1.31,30.34
20420,0,0,0,3.87,-125.4,-11.3,983.0,-62.59,5.1,0.82,30.26
20440,3.64,0,0,0,-58.4,64.0,994.3,-55.47,1.1,-3.58,30.12
20460,0.4,0,0.22,3.16,2.7,59.0,1004.9,-52.93,7.31,-3.31,29.56
20480,2.33,0.03,0,0.02,-85.3,84.6,969.5,-46.03,18.07,-0.51,29.33
20500,0,0.24,0.82,3.33,-66.7,48.6,982.1,-43.14,22.42,-5.02,29.03
20520,0,2.05,1.99,0.19,-51.0,164.4,951.6,-27.22,21.61,-2.67,28.71
20540,0,2.18,2.07,0,10.5,124.7,981.4,-20.21,20.52,-0.97,28.37
20560,0,1.63,0,0,31.2,126.3,971.1,-5.7,21.13,3.16,28.77
20580,77.88,20.63,5.81,0.52,29.5,159.1,947.1,9.66,12.51,2.64,27.94
20600,64.03,35.74,12.49,0,31.2,228.1,1007.0,19.19,23.55,4.39,28.22
20620,47.59,50.87,19.27,0,128.0,124.3,898.2,31.2,12.93,6.03,28.77
20640,25.9,56.06,31.59,1.96,-3.1,-19.8,888.2,40.05,11.76,5.4,29.08
20660,16.91,57.64,45.75,1.54,96.8,82.2,841.4,51.46,8.53,1.17,29.8
20680,6.13,53.32,57.52,0,74.7,62.5,827.3,55.62,9.5,5.21,29.71
20700,0,44.6,72.54,0,41.8,119.6,805.0,55.77,-5.49,-2.24,29.62
20720,0,29.88,80.2,5.92,106.1,-47.8,771.9,59.85,0.69,1.43,30.18
20740,0,17.71,82.25,11.16,185.9,-65.0,807.2,56.89,-1.9,-3.81,30.75
20760,1.58,16.55,85.61,16.16,26.5,-46.3,861.5,49.5,-6.16,-5.7,30.73
20780,0,11.21,69.9,29.08,102.9,-120.5,878.8,51.43,-14.97,-1.55,30.76
20800,5.73,6.73,64.74,42.67,125.6,-144.9,954.3,36.87,-16.9,1.63,31.04
20820,0,0.87,44.03,52.66,78.9,-207.6,893.9,18.04,-19.3,-3.39,31.21
20840,0,2.18,33.48,63.14,27.4,-193.4,949.6,7.89,-24.03,-2.02,30.82
20860,0,1.61,19.6,63.78,-62.0,-95.7,963.5,-1.21,-18.85,-2.47,30.79
20880,0,0,8.95,59.11,16.5,-220.8,997.7,-13.19,-24.48,2.21,30.84
20900,2.72,0,2.49,50.53,15.1,-142.6,1014.9,-28.44,-17.44,4.03,30.95
20920,0,6.42,7.65,42.36,-149.7,-237.3,1010.0,-39.57,-14.4,10.62,30.83
20940,0,2.29,3.3,24.98,-58.1,-53.6,961.8,-47.69,-22.19,6.67,30.71
20960,0.62,0,4.08,12.66,-235.0,-19.1,1004.1,-56.29,-9.18,2.69,30.36
20980,1.08,0.88,0,6.23,-140.1,-43.5,991.0,-60.59,-1.56,1.82,30.35
21000,0,2.55,2.07,3.86,-104.7,6.1,972.1,-57.98,-2.68,2.01,30.28
21020,0.85,1.13,0,7.75,-63.9,-39.4,998.9,-62.16,-0.48,-1.46,29.94
21040,1.1,0,2.93,0,-91.6,-31.4,955.7,-55.16,7.78,-4.64,29.69
21060,0,0,3.51,0,-100.5,163.0,965.2,-48.63,6.29,-5.3,29.25
21080,2.34,5.04,0,0,-28.8,121.7,1000.6,-36.5,15.66,-7.89,28.95
21100,0,0,0,0,55.7,152.7,997.9,-25.31,23.67,-1.36,28.51
21120,0,0,0,1.9,102.3,165.3,1024.8,-14.64,18.21,-2.54,28.15
21140,0,2.55,2.94,3.27,63.4,116.0,978.2,-1.68,21.42,0.39,28.13
21160,69.68,31.52,8.98,2.68,-107.6,126.6,965.5,10.84,13.5,4.31,28.26
21180,57.32,36.4,13.67,0.39,33.4,127.6,924.4,20.93,23.25,6.0,28.85
21200,39.79,50.6,27.89,3.28,34.3,161.5,861.6,38.13,9.39,3.29,28.95
21220,26.51,54.73,37.66,2.98,12.7,19.2,894.7,47.92,14.55,7.21,29.15
21240,11.96,57.52,47.95,6.59,162.0,57.9,895.6,50.53,8.04,5.11,29.72
21260,2.47,50.06,63.77,0,80.2,74.5,756.2,53.41,-1.09,2.64,29.82
21280,0,37.55,72.78,0,93.3,-40.4,777.5,59.97,6.61,-2.07,30.15
21300,0,27.29,83.53,6.18,107.8,12.2,829.7,62.29,0.16,-1.35,30.08
21320,2.83,20.67,80.58,8.64,30.3,-71.4,820.7,56.39,-10.84,-3.86,30.76
21340,2.55,10.71,76.56,22.27,68.2,-111.8,859.7,45.5,-14.03,-4.63,30.75
21360,0,7.85,65.42,36.14,164.6,-110.7,834.1,43.76,-20.64,-5.96,31.03
21380,0,2.84,56.72,48.42,96.4,-181.3,820.2,30.47,-14.97,-4.61,30.93
21400,0,0,47.32,64.11,53.9,-84.0,935.6,18.06,-19.21,-1.35,30.93
21420,0,0,28.07,60.49,31.8,-157.7,926.0,7.83,-16.33,1.62,30.78
21440,0,0.76,24.39,58.27,70.0,-204.8,952.2,-4.66,-16.84,1.13,30.89
21460,0.81,0,11.53,57.41,-18.2,-99.0,990.0,-20.35,-21.53,3.85,30.94
21480,0,1.54,5.69,45.82,24.0,-84.3,1014.8,-34.01,-12.7,5.42,30.58
21500,0,5.06,1.7,28.89,-30.7,-134.7,971.4,-47.31,-6.06,4.4,30.74
21520,0,1.46,2.72,17.51,-97.8,-117.9,1008.1,-51.63,-10.41,10.95,30.57
21540,1.36,0,5.07,15.31,-76.4,-56.6,985.1,-56.26,-10.39,1.09,30.4
21560,0,0,1.4,8.42,-112.0,42.3,996.5,-54.65,8.9,1.8,30.08
21580,0.04,1.01,4.41,3.87,-129.5,-43.3,1050.0,-59.3,-2.7,-0.08,29.89
21600,0,0,4.54,0,-48.1,58.1,1033.3,-57.98,6.15,1.19,29.82
21620,0,0,1.17,0,-100.4,65.4,1040.6,-49.18,8.87,-0.24,29.17
21640,0,3.39,0,2.33,-56.0,147.6,1040.2,-44.96,13.51,-4.78,29.36
21660,3.38,0,1.12,3.0,-132.4,89.3,1002.7,-29.48,2.75,-6.28,29.02
21680,1.87,0,0.5,0,-60.0,99.5,1028.3,-26.72,16.87,-2.08,28.71
21700,0,0,0,5.8,-35.5,207.5,947.3,-10.99,26.71,-4.45,27.67
21720,75.67,23.34,3.97,3.94,5.6,114.4,986.5,0.44,24.3,-0.7,28.25
21740,68.2,34.43,13.73,0.09,37.9,127.5,931.6,9.41,20.9,4.22,28.49
21760,52.87,47.78,18.9,3.18,57.2,157.6,863.1,26.13,19.32,2.49,28.89
21780,27.85,59.69,27.68,0,37.3,37.3,907.6,39.35,16.36,10.93,29.0
21800,12.08,55.94,39.76,1.53,64.8,148.6,848.9,44.01,6.64,6.62,29.67
21820,10.7,53.01,61.73,2.9,50.4,44.5,831.2,54.06,10.12,1.48,29.68
21840,4.01,49.0,67.54,7.37,43.6,118.0,797.3,60.0,0.33,4.34,29.95
21860,0,32.28,83.63,2.08,113.7,-50.2,812.2,55.27,-3.69,-1.82,30.11
21880,7.75,22.51,85.22,6.66,171.3,-59.3,782.4,63.83,-5.55,-1.23,30.43
21900,0.27,12.72,80.73,13.69,23.1,-57.6,821.3,51.59,-3.45,-2.23,30.59
21920,0,6.56,76.14,22.32,29.6,-78.6,816.1,45.95,-15.11,-9.98,30.36
21940,0,0.57,67.22,38.74,43.7,-189.7,863.7,34.16,-16.32,-4.84,30.94
21960,0,0,52.17,57.29,6.2,-136.8,879.2,27.15,-18.28,-5.28,31.03
21980,0,1.2,35.81,56.83,-14.2,-175.6,914.8,14.83,-18.66,-2.85,31.04
22000,0.64,0,23.52,71.98,2.6,-151.6,1034.4,-1.18,-28.42,-3.42,30.53
22020,0.28,0,11.34,52.83,34.6,-126.5,990.8,-12.76,-15.94,-1.41,31.09
22040,2.26,0,7.99,51.18,-12.7,-140.6,988.3,-23.08,-12.59,2.62,31.27
22060,3.59,0,5.16,37.71,-91.3,-156.2,990.2,-37.62,-27.31,2.37,30.83
22080,0,0,3.63,23.08,-28.3,-198.9,1046.4,-50.31,-11.34,4.21,30.74
22100,1.64,6.34,1.52,12.32,-78.2,-141.4,1007.6,-51.01,-6.63,4.26,30.6
22120,1.65,0,5.94,6.15,-44.6,29.2,996.5,-57.26,-4.74,5.18,30.34
22140,0,0,0.46,4.3,-103.9,-38.7,976.2,-63.06,-0.98,1.65,30.08
22160,0.94,0,0,0,-95.1,-32.2,1049.7,-52.95,7.56,-1.32,29.8
22180,0,0,2.15,6.82,3.1,-24.1,955.6,-53.54,2.5,-3.46,29.53
22200,0,0,4.26,0,-33.5,49.8,1047.1,-46.12,6.12,-5.71,29.3
22220,5.34,8.32,0,0,-64.9,76.6,978.9,-37.7,11.53,-7.46,28.97
22240,0.24,1.48,0,0,-62.8,77.8,961.7,-23.78,16.9,-4.99,28.96
22260,1.02,0,1.16,0,-40.1,47.9,1018.7,-12.62,25.23,-6.71,28.91
22280,5.96,1.95,0,0.9,51.1,186.2,993.6,-8.08,13.6,-2.57,28.31
22300,71.24,29.97,12.45,0.17,-15.6,223.2,950.9,13.07,26.79,-1.55,28.47
22320,58.57,37.85,10.67,0,29.3,55.8,973.5,22.87,20.18,2.26,28.49
22340,37.22,50.77,18.07,0,51.1,151.0,875.0,30.61,21.34,4.86,28.88
22360,22.67,53.98,35.1,0,52.2,128.4,882.7,45.64,13.35,3.29,29.03
22380,13.42,57.13,48.43,1.46,80.9,82.9,898.4,49.18,4.94,1.2,29.54
22400,1.6,50.2,67.31,0,86.0,-46.5,797.8,60.67,-0.61,2.02,29.67
22420,0.9,36.26,66.7,0.52,132.3,-43.3,842.7,54.22,0.24,-0.33,29.77
22440,0,33.92,85.33,4.5,69.9,-40.1,772.2,61.44,-4.88,-0.0,30.45
22460,1.79,26.4,85.79,12.39,122.8,-57.1,785.7,55.66,-4.53,-2.61,30.29
22480,0.49,8.62,76.19,21.46,77.4,-54.0,811.5,53.09,-2.57,-5.09,30.44
22500,1.17,4.13,68.31,33.17,104.3,-30.5,866.5,41.58,-6.11,-5.59,30.39
22520,2.76,4.23,63.45,48.02,37.1,-109.6,853.4,36.08,-24.92,-7.27,30.89
22540,2.84,0,42.24,56.97,-11.0,-236.1,931.2,15.67,-17.31,-6.53,30.53
22560,0,1.13,32.44,61.43,-3.5,-120.6,1006.0,3.84,-5.59,-1.88,30.86
22580,0.02,0.35,14.38,57.81,-126.5,-234.5,1011.0,-0.5,-22.56,3.5,31.05
22600,2.73,0,8.08,62.01,8.5,-77.6,1035.0,-14.35,-13.44,3.02,30.75
22620,0,0,4.89,42.34,-44.5,-111.0,987.5,-36.7,-21.17,2.94,31.09
22640,0,3.65,5.63,37.14,-88.1,-86.9,996.7,-44.15,-22.52,3.55,30.97
22660,0,3.47,7.74,21.55,-182.7,-67.3,1051.2,-48.47,-5.11,6.66,30.87
22680,3.88,0.78,0,17.43,-23.6,-14.4,967.2,-55.68,-8.49,6.83,30.55
22700,0,1.63,0,9.47,-117.8,-48.0,986.5,-59.9,10.67,0.01,30.28
22720,0,0,1.32,3.9,-99.3,7.4,967.2,-59.45,5.99,-3.43,30.14
22740,4.35,1.62,1.29,2.84,-119.5,70.3,1015.4,-57.17,-0.34,0.25,29.48
22760,1.1,0.81,1.02,0.93,-120.2,91.2,987.6,-52.27,13.94,-0.21,29.62
22780,3.22,0,0.88,0,-154.0,-22.3,1010.7,-43.38,9.23,-6.74,29.3
22800,0,1.89,3.25,0,-89.1,181.2,976.1,-39.25,10.26,-5.2,28.95
22820,2.0,0,0,0,-62.5,80.2,1005.9,-22.21,17.46,-8.49,28.64
22840,2.19,4.34,1.74,0.81,33.6,140.4,962.0,-11.5,12.09,-6.41,28.25
22860,83.25,23.6,0,2.41,11.9,155.3,972.2,8.54,17.92,-1.48,28.12
22880,71.97,39.94,15.52,0,-24.6,63.9,958.5,15.79,11.25,0.08,28.28
22900,48.8,39.33,16.99,0.57,89.6,46.6,904.5,27.93,20.52,2.7,28.49
22920,33.03,56.19,26.01,0,43.0,99.6,866.6,38.3,11.58,3.49,29.12
22940,17.69,60.5,42.08,0,116.4,200.5,839.1,47.4,8.78,3.62,29.24
22960,10.74,56.31,61.12,0,183.0,159.4,816.9,51.68,16.5,-1.07,29.45
22980,4.98,49.95,65.3,5.48,115.3,119.0,800.2,57.94,4.59,1.41,29.39
23000,0,38.4,78.54,4.35,16.3,-4.6,774.4,63.16,2.44,-0.13,30.27
23020,0,23.07,83.5,7.86,169.7,-96.7,821.1,57.27,-17.62,-2.61,30.41
23040,0,17.64,80.59,23.34,140.3,-128.2,810.0,53.62,-6.57,-4.96,30.67
23060,0,9.13,74.38,25.13,67.3,10.7,866.7,47.53,-6.83,-4.22,30.55
23080,1.09,0,63.14,39.23,107.3,-106.8,916.4,40.83,-18.84,-5.71,30.57
23100,0.53,1.07,55.03,51.41,91.6,-87.7,905.8,28.77,-22.08,-2.34,30.52
23120,2.27,0,36.42,62.71,-26.4,-80.2,926.2,16.04,-14.1,-2.51,30.85
23140,0,0,31.5,58.44,-9.6,-127.6,977.9,4.56,-18.35,-0.41,30.64
23160,2.03,0,19.34,60.49,-42.1,-140.3,996.7,-12.2,-23.45,3.26,30.89
23180,5.06,0.54,9.18,53.23,-66.8,-207.0,989.6,-28.22,-23.36,1.44,30.87
23200,0.54,4.87,1.6,32.68,11.0,-132.5,948.0,-37.03,-19.89,4.9,30.71
23220,0,0,4.14,24.23,-151.5,-59.9,1000.0,-48.99,-13.19,3.0,30.94
23240,0.76,0,2.82,13.81,-92.3,-37.6,1090.0,-53.95,-9.47,8.94,30.43
23260,3.93,2.51,1.83,10.89,-133.2,12.2,968.8,-55.41,-12.51,4.51,30.46
23280,0.75,0,0.32,9.97,-95.7,36.3,991.2,-60.48,6.64,1.82,30.37
23300,0,0,0,0.57,-45.5,32.4,997.1,-57.15,4.64,-0.03,29.81
23320,3.05,3.23,0,2.08,-126.8,68.0,1027.7,-57.78,5.31,-8.0,29.75
23340,0.54,3.54,3.31,0,-131.3,40.4,997.6,-44.36,24.11,-4.3,29.44
23360,2.03,2.88,0,0.86,-57.9,88.4,1028.8,-33.34,12.57,-6.58,29.25
23380,0.48,0,3.39,3.39,-81.5,158.5,990.6,-31.44,7.14,-1.01,28.99
23400,0,4.03,0,0.52,72.9,190.3,970.4,-10.69,8.86,-3.97,28.45
23420,0,0,0.48,4.32,-57.5,191.2,978.8,-4.83,17.08,-1.36,28.1
23440,74.91,27.34,6.22,1.43,24.9,247.9,980.3,4.78,16.99,1.38,28.33
23460,57.93,42.8,10.07,0,17.4,170.9,975.0,25.11,16.63,1.0,28.6
23480,45.2,50.66,22.86,0,89.6,225.1,865.0,27.51,19.42,5.27,28.98
23500,26.47,55.64,31.6,0,36.2,88.3,850.9,41.76,17.0,0.52,28.84
23520,17.07,49.56,44.15,0,-1.2,48.5,807.6,52.17,4.77,6.48,29.59
23540,6.73,49.98,53.74,3.36,155.5,-33.6,803.1,57.97,8.47,2.62,29.65
23560,2.7,44.32,73.24,1.18,87.3,78.4,798.6,61.79,7.34,3.44,29.98
23580,0,38.82,83.24,8.51,40.1,64.2,796.0,57.97,-4.49,0.71,30.1
23600,5.65,21.63,85.22,12.47,119.3,10.5,778.0,60.58,-4.66,-2.04,30.36
23620,1.17,8.64,79.64,19.81,49.2,-21.0,798.5,56.12,-14.7,-2.87,30.19
23640,0,7.05,72.49,30.76,2.0,-189.6,851.0,43.09,-24.69,-4.11,30.7
23660,0,2.07,58.81,44.91,73.8,-79.0,862.6,35.04,-19.54,-3.85,30.67
23680,3.8,0,48.35,51.02,103.3,-212.9,911.9,23.36,-26.5,-2.07,31.07
23700,3.26,2.29,29.74,66.68,51.2,-183.8,961.4,7.6,-13.11,-2.03,31.05
23720,1.3,0,19.18,64.25,37.5,-132.5,966.2,-3.55,-19.21,-0.43,30.78
23740,0,1.78,12.65,62.48,-74.2,-19.5,1033.4,-19.71,-19.66,-2.2,30.95
23760,0,0,3.46,51.58,28.9,-135.9,987.1,-31.49,-23.34,4.22,30.77
23780,0,0,4.39,40.57,-34.7,-146.0,1012.9,-35.73,-20.93,8.98,30.56
23800,1.15,0,0,24.16,-38.5,-31.8,1025.3,-50.34,-10.69,0.58,30.7
23820,0,0,0.59,11.95,-58.2,-160.5,1038.0,-55.29,-8.21,2.84,30.35
23840,4.37,0,0,6.25,-95.7,-43.8,1026.9,-61.95,-2.33,1.57,30.61
23860,0,0.22,1.07,2.48,-79.7,54.5,1002.3,-57.74,3.71,1.07,30.33
23880,1.05,0,5.71,0,-60.4,0.2,1044.1,-53.09,3.89,-0.49,29.84
23900,1.39,0,0,0.44,-107.9,41.8,983.3,-50.78,8.04,-2.32,29.5
23920,0,4.42,0,1.92,-54.1,82.8,950.0,-43.96,17.17,-2.57,29.42
23940,0,0,3.79,0.68,-85.6,108.5,991.1,-38.29,19.47,-4.02,29.01
23960,0,2.11,0,0,-128.9,21.0,1033.5,-19.3,15.34,0.15,28.81
23980,0.45,0,0.27,2.66,-77.0,161.2,966.6,-6.83,24.3,-1.0,27.86
24000,77.98,19.89,3.68,3.33,3.7,172.1,1005.6,-0.59,13.13,0.51,28.05
24020,72.61,32.94,11.44,0.16,106.4,158.5,968.8,11.83,19.33,3.73,28.62
24040,57.67,37.53,21.04,3.37,29.4,200.4,947.9,23.0,19.46,2.79,28.73
24060,32.27,52.26,27.0,0.53,111.6,118.3,868.4,36.96,12.47,3.99,28.81
24080,22.04,55.77,40.18,0,97.2,94.5,819.6,44.19,21.33,3.15,29.3
24100,6.28,54.31,51.79,4.84,35.6,75.4,860.0,54.6,0.92,4.79,29.44
24120,7.15,45.83,66.12,3.98,179.9,29.1,776.6,53.44,4.81,2.35,29.52
24140,0,39.63,80.24,2.47,168.7,68.2,779.7,55.86,7.94,2.6,30.35
24160,1.02,30.07,85.43,8.94,214.7,-30.6,794.8,57.37,0.26,-1.56,30.15
24180,0.17,16.16,81.03,16.17,118.8,-28.4,822.9,53.99,-8.74,-1.62,30.48
24200,1.5,2.97,78.41,27.43,127.1,-76.1,886.3,41.64,-3.33,-5.87,30.95
24220,4.93,11.12,67.18,29.8,61.2,-237.9,857.9,38.88,-15.81,-3.18,31.12
24240,0,0,55.51,51.5,-23.5,-63.2,904.0,25.14,-10.92,-2.2,30.74
24260,0,6.72,35.63,60.25,42.4,-189.4,880.6,16.03,-23.98,-1.38,31.29
24280,2.03,0,29.16,64.68,-11.9,-170.4,1013.2,3.75,-15.45,-0.81,31.11
24300,0,3.01,19.51,63.76,22.4,-194.8,958.8,-5.45,-23.66,-1.87,31.35
24320,4.42,1.41,4.27,65.43,-32.1,-82.9,993.5,-17.23,-20.2,1.46,31.12
24340,3.16,3.79,4.05,43.77,22.0,-90.3,991.9,-36.72,-14.66,4.36,30.62
24360,0.63,0,6.37,32.97,-180.4,-136.6,1024.1,-44.08,-6.2,0.04,30.86
24380,0,2.14,2.32,22.95,-117.0,-47.6,981.6,-48.99,-11.2,1.05,30.82
24400,0,0,0,11.6,2.0,-94.5,1018.7,-55.55,-4.74,2.47,30.61
24420,2.92,2.51,0,6.17,-244.0,7.0,1055.3,-58.6,0.51,-2.9,29.62
24440,0,0,8.0,1.85,-100.5,-44.2,994.2,-57.3,4.15,-1.11,30.17
24460,0.24,0,4.99,0.88,-85.2,68.8,1016.3,-60.28,7.09,0.19,29.77
24480,1.13,0,0,1.52,-22.6,90.7,971.3,-52.89,5.81,-2.5,29.49
24500,1.62,0,0,5.18,1.3,129.5,984.4,-41.95,15.26,-4.75,29.26
24520,0,0,0,0,-51.8,98.2,1050.3,-30.14,19.11,-6.21,28.68
24540,1.93,0,0,0,-20.5,111.4,994.9,-17.73,26.78,-4.29,28.71
24560,0,0.99,0,0,-64.8,64.0,1022.0,-6.6,16.38,-1.25,28.15
24580,81.34,29.65,3.8,1.72,-13.9,161.6,981.2,4.73,14.07,0.63,28.37
24600,64.22,34.43,10.39,0,6.2,86.3,983.2,23.19,11.09,6.59,28.41
24620,50.58,43.32,18.8,0,6.1,64.4,933.9,31.67,16.48,3.39,28.68
24640,31.81,57.78,29.22,0,127.5,96.8,864.9,43.55,20.75,3.64,29.31
24660,10.08,60.93,44.63,2.63,162.9,3.7,821.2,49.2,9.29,7.09,29.46
24680,2.38,51.05,60.29,0.94,158.7,108.6,844.9,55.24,4.97,-1.91,29.72
24700,1.84,44.35,68.66,4.52,155.1,81.9,849.1,59.52,-1.84,-0.6,30.0
24720,7.16,36.75,78.8,4.7,53.1,15.5,800.1,60.95,0.96,0.76,30.37
24740,0,19.97,87.39,13.79,140.5,-116.7,863.2,60.99,-3.15,1.07,30.58
24760,1.99,8.8,80.02,13.91,137.4,-28.9,836.9,47.07,-10.85,-5.11,30.27
24780,0.43,7.53,72.39,30.87,73.7,5.3,899.7,40.33,-9.87,-4.21,30.5
24800,0,6.44,63.0,45.03,-45.3,-99.3,875.2,35.18,-13.35,-4.65,30.81
24820,1.98,2.9,47.81,49.82,44.9,-182.2,870.5,27.16,-14.05,-4.15,30.86
24840,0,0,29.12,67.2,106.9,-130.7,942.4,14.25,-31.31,-1.35,31.2
24860,1.47,0,24.04,63.38,-103.4,-102.4,960.7,4.9,-19.66,-2.04,30.87
24880,0,1.43,12.11,59.46,57.0,-127.5,1007.0,-14.29,-22.76,4.49,30.91
24900,2.93,0,10.19,51.05,-98.1,-183.1,1059.6,-25.69,-16.9,4.42,30.86
24920,0,0,8.91,38.28,5.5,-68.6,984.8,-41.24,-10.76,3.93,30.4
24940,3.44,0,3.04,26.32,-65.0,-187.2,1044.4,-50.33,-11.99,4.0,30.75
24960,0,0,0,16.37,-88.8,-140.4,1033.6,-52.86,-9.87,2.78,30.56
24980,2.33,0.4,0.56,11.51,-90.3,37.7,994.8,-63.24,-1.56,2.94,30.53
25000,0,3.6,0,1.88,-24.4,20.0,908.5,-59.82,1.93,0.24,30.2
25020,0,0,0,1.04,-116.4,68.1,955.4,-54.06,10.63,0.2,29.54
25040,1.08,5.6,5.44,2.8,-68.6,95.1,1001.8,-56.93,3.88,-4.58,29.88
25060,1.24,0,2.27,1.57,-40.6,181.8,1046.4,-42.62,2.69,-4.18,29.41
25080,0,0,0,0,-65.3,174.1,1023.2,-32.76,21.6,-5.18,29.08
25100,0,0.63,3.77,2.67,-63.6,199.1,1007.8,-26.13,15.29,-2.53,28.81
25120,4.3,0,0,1.8,-46.6,105.4,1006.4,-12.71,18.65,-1.6,28.34
25140,0,0,2.19,0,11.7,230.5,966.9,0.23,16.87,0.47,28.2
25160,70.15,30.97,9.68,1.46,28.1,86.1,965.1,10.76,26.35,2.21,28.75
25180,56.64,47.5,15.84,1.78,44.5,90.5,912.0,26.83,9.86,3.18,28.7
25200,37.8,48.79,23.25,0,19.6,189.8,885.5,36.56,16.62,6.68,28.84
25220,27.4,54.71,34.44,0,176.6,28.7,879.2,40.84,14.24,7.89,29.13
25240,11.14,58.25,53.89,1.83,158.1,63.1,820.5,49.46,11.85,4.95,29.32
25260,9.71,47.3,63.76,0.62,131.5,-14.8,765.8,56.14,-4.19,1.03,30.15
25280,0,39.87,73.17,0,32.5,99.8,760.6,61.53,-0.77,1.74,30.33
25300,0.88,28.7,77.82,2.97,70.3,62.7,811.4,58.1,-3.6,1.06,30.61
25320,0.63,21.62,90.05,8.95,30.1,-7.2,814.9,51.56,-14.06,-4.63,30.68
25340,0,11.21,83.08,21.6,91.4,-38.1,763.4,50.84,-6.14,-2.77,30.7
25360,0,0,69.52,32.98,64.2,-116.7,898.0,40.92,-25.81,-4.59,30.88
25380,0,8.17,51.57,46.02,4.0,-122.8,878.0,29.75,-13.24,-3.77,30.78
25400,0,7.37,45.15,59.07,34.9,-145.1,924.6,20.29,-16.87,-1.68,30.44
25420,0.89,0.31,29.23,64.95,36.9,-257.8,1004.7,6.95,-17.96,1.21,30.96
25440,0,0,17.89,60.99,23.4,-146.4,951.6,-5.98,-21.42,1.75,31.11
25460,0,0,13.42,56.69,-0.5,-100.0,978.9,-21.41,-22.1,6.03,31.04
25480,1.19,1.89,4.3,49.82,-56.5,-184.0,976.8,-30.8,-18.62,4.62,31.05
25500,0,0,6.25,28.35,-52.6,-65.9,1005.7,-44.0,-15.62,2.99,30.56
25520,0.17,0,3.09,14.89,-95.5,-106.0,999.2,-48.91,-7.56,2.5,30.31
25540,1.58,4.1,3.26,11.12,-126.6,-68.8,1046.5,-53.71,-5.37,0.93,30.58
25560,0,0,5.23,5.17,-99.5,-123.6,1035.2,-57.4,-8.91,0.36,30.21
25580,0.92,1.98,1.3,3.16,-120.7,71.3,1026.4,-58.45,-4.64,0.27,29.91
25600,0,0,0,0,-133.1,1.9,1008.5,-56.08,0.13,-2.88,30.09
25620,2.48,0,0,2.09,-115.8,135.8,1005.2,-52.65,4.57,-4.54,29.82
25640,0.9,0.61,0,0,-114.5,143.6,1070.1,-45.23,10.51,-2.19,29.34
25660,1.09,0,0,5.01,-65.9,121.8,1011.1,-29.89,17.76,-4.21,28.95
25680,0,0,0,1.93,-66.1,125.6,997.6,-29.65,21.56,-4.25,28.66
25700,0,0,0,2.45,73.7,207.2,957.0,-8.62,21.38,-2.41,28.1
25720,72.78,28.56,8.38,0,101.1,168.8,974.2,-2.5,11.37,1.17,27.92
25740,68.15,29.65,12.0,0,-7.1,158.5,954.7,14.98,23.24,-0.82,28.77
25760,53.28,43.29,18.26,0,23.6,154.1,922.5,27.99,15.03,3.79,28.73
25780,33.81,54.79,25.99,0,124.0,119.5,848.0,37.98,13.85,2.01,29.18
25800,16.98,56.9,38.52,0,-8.6,31.8,844.6,47.06,15.27,6.25,29.29
25820,9.33,51.78,65.32,0,96.9,109.2,783.8,49.45,8.55,3.32,29.65
25840,0,43.52,74.28,0,128.0,22.5,859.6,53.82,0.71,5.97,29.87
25860,0,37.33,81.02,0,122.0,20.2,742.7,58.29,-1.82,1.01,30.36
25880,0,29.16,83.08,0.77,58.6,-106.3,777.8,58.53,-3.64,0.96,30.23
25900,0,10.79,80.4,16.94,82.4,-6.7,843.0,56.41,-12.35,-5.44,30.29
25920,0,3.0,69.92,24.84,92.2,-64.8,835.8,48.8,-13.64,-3.58,30.98
25940,0,2.91,63.9,43.23,87.5,-6.2,905.9,41.36,-19.84,-6.02,30.78
25960,0,2.51,52.06,50.08,111.0,-113.5,969.0,30.41,-22.75,-2.62,30.91
25980,0.52,2.31,35.91,62.55,44.2,-83.0,938.0,13.95,-17.54,-2.25,31.53
26000,0,2.65,27.18,61.93,38.7,-210.8,994.9,-1.33,-17.0,2.24,31.14
26020,0,4.66,17.78,63.7,-15.8,-147.2,1003.8,-12.13,-22.0,3.59,30.73
26040,1.4,0,8.54,55.53,-61.6,-42.8,1009.8,-25.0,-6.15,6.37,30.93
26060,0,0,7.29,42.76,-12.3,-87.8,1019.6,-32.69,-17.72,4.85,30.92
26080,0.11,0,1.35,28.27,-100.8,-106.8,966.0,-47.3,-16.84,6.77,30.52
26100,0.93,2.38,0.48,22.08,-68.2,-21.3,1017.2,-50.39,-13.6,4.63,30.41
26120,0,0,1.6,8.5,-134.7,-87.5,1005.2,-59.88,-9.81,2.55,30.45
26140,0,0,0,0.01,-86.2,23.7,1002.3,-58.36,-6.22,0.47,29.99
26160,0.82,1.76,0,4.35,-171.2,38.1,1067.2,-56.54,8.16,-3.6,30.28
26180,0,0,0,2.87,-97.3,15.8,992.9,-60.44,4.41,-2.6,29.86
26200,0,1.88,1.24,5.0,-108.3,57.4,965.4,-44.05,8.89,-8.73,29.44
26220,0.03,2.5,0,2.07,-138.3,90.4,1022.2,-37.86,5.94,-3.6,29.02
26240,2.13,0,3.07,1.25,-115.3,150.8,959.8,-26.81,16.07,-6.46,28.61
26260,0,0.75,0,1.72,-100.5,90.9,1055.2,-10.42,9.0,-3.45,28.4
26280,4.59,2.71,0,0.1,-50.9,201.5,982.7,-2.55,20.46,-1.0,28.18
26300,71.06,23.74,13.66,0,4.5,145.5,932.9,10.56,14.77,4.64,28.08
26320,59.24,39.29,12.22,3.72,94.0,146.3,909.5,23.11,10.05,2.34,28.46
26340,41.73,48.67,22.06,3.37,106.3,95.5,867.5,35.24,15.45,5.99,28.86
26360,21.46,52.3,42.94,4.62,104.9,71.7,899.9,45.2,23.29,8.59,29.04
26380,12.12,56.28,45.51,2.1,42.7,70.1,816.2,49.82,8.52,7.61,29.81
26400,2.88,48.62,66.94,0.06,48.7,134.2,840.8,57.13,13.0,3.36,29.66
26420,6.57,46.52,67.18,3.64,80.7,68.8,817.4,63.1,0.34,0.65,29.99
26440,0,25.26,80.18,10.88,139.7,27.5,788.7,56.76,-7.93,-2.84,30.49
26460,1.5,22.19,82.39,14.41,140.2,-31.6,818.3,54.48,-9.64,-3.53,30.48
26480,0,14.56,77.41,22.37,129.7,-170.6,871.6,52.59,-11.41,-5.72,30.59
26500,3.39,9.5,66.78,35.52,36.3,-82.0,845.9,40.63,-11.82,-2.98,30.55
26520,1.36,0.19,63.17,44.86,75.9,-119.6,871.1,32.83,-23.15,-5.76,31.03
26540,0.09,3.08,41.6,57.47,71.3,-219.9,938.8,27.1,-19.95,-1.55,30.91
26560,0,2.47,26.62,68.29,-18.1,-119.7,941.6,4.1,-20.45,-1.91,30.74
26580,0.46,0,17.49,64.44,-5.6,-58.4,968.2,-10.97,-17.83,2.32,30.87
26600,0.83,0,12.38,58.25,-38.0,-113.7,1068.7,-18.1,-16.44,5.43,30.96
26620,0,0.79,3.32,49.86,-20.1,-204.2,1007.0,-30.34,-14.55,2.94,31.03
26640,0,0.67,5.13,34.56,-7.1,-101.6,990.7,-40.3,-12.7,2.15,30.73
26660,1.92,0,0,19.68,3.0,-101.1,959.7,-45.54,-14.15,4.99,30.37
26680,0,2.22,0,18.08,-128.2,-39.0,973.9,-52.39,-4.65,1.45,30.28
26700,0,0,0,9.07,-88.1,-37.3,1015.0,-59.09,-3.02,3.91,30.69
26720,0,1.33,0,5.62,-117.6,32.8,991.1,-59.71,7.29,-8.16,30.15
26740,3.12,0,5.34,4.68,-60.9,22.2,1003.2,-58.89,12.62,-3.31,29.37
26760,2.57,0,1.38,1.72,-185.5,94.2,985.3,-52.61,2.39,-7.26,29.49
26780,0.82,3.79,0,0,1.7,130.7,985.8,-45.9,20.29,-5.31,29.3
26800,0,0,0,0,-32.3,104.6,1033.9,-33.72,18.65,-1.09,28.83
26820,2.57,0,1.41,1.55,-80.5,167.5,1001.5,-23.23,20.72,-1.96,28.37
26840,0.26,0,2.01,3.64,-9.7,137.5,1031.3,-12.15,21.38,-0.38,28.3
26860,72.27,21.84,0,0,-102.8,211.6,988.4,0.24,27.65,1.6,28.23
26880,69.95,32.05,10.43,2.68,28.1,199.1,929.6,11.15,15.62,1.66,28.35
26900,48.56,38.15,16.98,4.9,62.5,132.6,884.4,25.0,20.32,4.09,28.94
26920,30.42,53.29,24.13,2.14,-37.3,154.7,841.8,35.18,12.23,4.36,28.6
26940,19.89,63.86,36.72,4.29,105.9,102.5,815.7,46.34,10.95,5.94,29.42
26960,9.11,56.0,53.28,1.31,18.4,107.5,837.6,55.12,14.97,6.96,29.69
26980,2.96,40.66,61.97,5.81,64.6,67.6,804.8,58.23,12.21,4.91,29.83
27000,1.35,33.55,86.04,5.51,189.6,-27.1,816.2,58.6,1.25,1.27,30.01
27020,0,20.27,86.0,6.88,119.0,8.1,819.7,54.31,0.11,-4.82,30.4
27040,1.01,18.17,84.41,23.64,158.4,-61.1,830.0,53.13,-6.97,-5.78,30.39
27060,0,9.79,74.43,25.9,44.9,-24.8,879.3,50.27,-11.64,-1.37,30.4
27080,2.75,10.41,71.36,41.33,123.5,-112.6,904.2,40.57,-10.26,-5.14,30.68
27100,0,0.49,53.47,50.86,27.9,-152.3,912.2,28.88,-23.47,-2.65,30.84
27120,0.01,0,39.94,62.4,39.4,-79.3,990.3,16.0,-14.17,-4.06,31.15
27140,0,0,26.81,62.68,44.6,-82.3,965.6,5.33,-15.42,-0.07,30.87
27160,0,11.98,11.37,60.39,-2.3,-187.4,982.6,-11.51,-9.66,4.46,31.11
27180,0.5,0.23,9.67,63.88,-54.0,-211.4,958.3,-26.76,-21.63,1.9,30.83
27200,0,0,3.88,43.6,-42.9,-154.1,1028.7,-30.91,-28.8,2.54,30.75
27220,0,0,0.04,29.87,-14.3,-91.6,1028.6,-44.37,-13.71,3.33,30.73
27240,0,2.86,0,19.05,-60.7,-109.1,952.4,-55.42,-5.15,3.29,30.74
27260,4.58,0,0,8.54,-2.5,-54.5,1018.6,-59.31,-3.89,5.12,30.36
27280,4.42,0,0,8.4,-65.2,-56.9,1001.0,-63.84,-3.98,-3.78,30.25
27300,0,4.4,4.41,2.25,-133.7,18.4,1016.4,-58.44,-3.91,0.46,30.04
27320,0,0,0,3.83,-17.4,-25.4,1009.7,-54.35,1.41,-1.84,29.51
27340,0,0,3.15,0,-18.1,23.6,1029.0,-50.71,11.17,-8.46,29.64
27360,0,0.99,0,1.52,15.4,100.0,994.8,-40.25,18.05,-4.96,28.75
27380,0.59,1.37,0.17,0,-37.9,146.0,980.8,-29.95,17.5,-3.51,28.94
27400,0,0,0,6.0,-92.2,164.9,1006.3,-21.1,16.93,-2.2,28.81
27420,2.89,0.52,5.74,4.88,-18.7,157.3,998.6,-3.4,15.63,-1.87,28.25
27440,76.07,31.11,4.98,0.36,31.6,272.2,995.4,7.85,20.37,0.31,28.2
27460,60.9,40.62,11.72,0,-4.9,179.6,914.7,17.14,15.77,3.86,28.66
27480,49.02,50.88,22.9,0.99,78.2,171.2,894.6,31.32,21.98,3.74,28.44
27500,24.57,55.14,36.07,0,-1.7,115.9,856.7,43.29,17.18,3.15,29.01
27520,13.06,57.78,44.1,0,10.9,52.4,818.4,49.44,5.09,1.73,29.22
27540,5.02,53.23,63.96,1.55,163.8,89.7,791.3,53.64,7.21,4.06,29.69
27560,4.58,43.38,76.08,0,105.0,-7.2,797.0,63.26,2.4,2.66,30.1
27580,0,31.29,80.15,4.41,73.8,7.9,814.9,54.5,-6.32,0.3,30.23
27600,6.02,21.44,85.51,13.92,62.1,-3.7,878.4,57.07,-4.46,-3.63,30.44
27620,0,7.68,78.11,13.47,4.4,-55.3,824.4,49.67,-13.6,-2.01,30.58
27640,0,7.78,74.81,30.15,-15.7,-109.0,800.3,47.31,-20.37,-4.86,30.85
27660,4.21,3.37,54.69,44.0,74.3,-92.1,887.7,34.21,-13.73,-6.81,30.91
27680,0.38,3.98,44.02,53.12,51.2,-254.6,911.7,22.69,-28.23,-4.64,30.78
27700,0,1.43,30.1,66.15,65.1,-138.3,1010.1,11.26,-12.62,0.46,31.06
27720,3.06,4.05,18.28,63.52,-32.3,-106.1,985.9,-4.29,-21.6,1.96,30.85
27740,3.3,0,11.98,61.07,-28.7,-130.9,1020.3,-17.32,-14.93,0.11,31.08
27760,0,0,2.49,49.27,-83.4,-194.7,1071.9,-24.92,-14.56,2.93,30.65
27780,0,0,11.04,38.93,-85.3,-179.0,994.4,-38.98,-12.41,2.68,30.74
27800,0,0.42,2.26,22.04,-82.7,-203.9,966.6,-48.17,-14.24,6.23,30.96
27820,1.81,2.46,3.6,19.24,-128.1,-82.6,980.4,-57.19,-4.46,2.9,30.51
27840,0,0,0,14.38,-101.3,-98.0,1027.2,-53.68,5.84,0.95,30.52
27860,0,2.52,0.8,5.83,-99.7,-27.7,1000.8,-63.37,-5.82,-1.23,30.1
27880,5.16,0,1.39,2.57,-132.6,29.2,978.0,-59.79,13.18,-0.91,29.67
27900,1.37,0,1.41,3.49,-152.4,9.6,1041.7,-51.95,2.28,-4.81,29.75
27920,1.52,0.66,0,3.53,36.1,85.0,1042.5,-45.75,6.21,-7.39,29.06
27940,0.71,0,0,0,-39.7,208.8,983.0,-39.97,21.21,-3.11,28.7
27960,5.77,1.41,0,0.49,-77.2,209.4,1002.4,-27.18,18.84,-1.92,28.62
27980,0,0,0,5.63,8.4,152.3,1038.5,-11.98,18.55,-0.94,27.87
28000,76.38,20.76,6.07,0,67.7,112.9,938.3,-0.13,24.91,-2.16,28.07
28020,71.12,28.25,11.78,0,-7.7,114.1,1014.3,12.79,20.78,1.69,28.49
28040,53.71,44.09,17.54,3.66,26.9,110.8,957.0,25.33,9.18,7.89,29.03
28060,31.23,55.59,25.67,0,156.4,157.1,907.8,36.42,21.9,5.55,29.05
28080,15.43,59.15,36.99,0.11,43.8,40.8,809.2,49.83,13.17,6.14,28.85
28100,8.05,50.19,51.59,3.76,125.3,42.5,878.0,50.85,6.39,4.49,29.69
28120,0,42.03,63.09,1.39,34.7,-22.0,740.4,65.96,3.96,2.49,29.92
28140,4.14,35.37,73.33,8.39,88.9,0.6,800.7,60.71,2.03,0.56,29.98
28160,0.4,31.1,83.05,7.18,165.5,-15.3,788.2,56.86,-4.67,0.5,30.4
28180,0,13.39,87.47,13.8,58.8,-30.0,821.1,54.85,-14.01,-0.74,30.46
28200,0,6.09,73.62,24.13,69.0,12.2,902.4,47.09,-8.41,-5.18,30.82
28220,0,0,66.62,31.87,122.0,-105.1,823.0,44.9,-15.6,-5.9,30.99
28240,0,3.9,46.8,48.91,98.7,-122.2,851.3,28.5,-22.46,-2.89,31.06
28260,0,1.92,41.7,61.42,43.9,-173.1,931.9,17.64,-20.83,-2.05,31.09
28280,0,0.51,30.91,63.29,-19.8,-212.6,967.0,1.0,-15.31,-0.85,31.15
28300,0,0,16.37,63.64,-45.8,-89.2,984.4,-15.02,-22.75,0.04,31.07
28320,0,5.69,3.56,57.2,-85.6,-128.5,951.5,-20.38,-21.51,2.12,30.67
28340,0.05,0.75,5.29,41.89,-52.4,-112.1,927.5,-33.25,-27.15,4.09,30.75
28360,1.11,5.43,6.33,33.1,-78.5,-84.6,1011.6,-48.5,-21.22,3.21,30.81
28380,2.9,0,2.27,20.11,-115.9,-246.6,990.4,-51.11,-18.9,4.44,30.69
28400,2.58,0,1.7,9.8,-89.2,20.5,994.2,-58.85,-12.59,3.39,30.22
28420,4.08,0,0,5.92,-65.9,-47.8,925.0,-60.81,-2.16,5.27,30.45
28440,0,2.67,2.1,0.03,-72.9,79.5,952.7,-57.72,2.02,-2.09,29.92
28460,0.57,0.22,0,3.04,-114.9,60.9,1008.5,-59.22,8.92,0.81,29.61
28480,0,3.88,0,2.06,-134.5,59.3,981.4,-50.8,10.98,-5.46,29.45
28500,0,0.56,0,1.29,-142.4,91.9,1058.8,-38.12,10.83,-5.11,29.22
28520,0,0,0,0,-42.1,152.1,938.7,-37.26,17.38,-2.01,28.59
28540,0,0.42,0,0,-117.9,197.9,1044.0,-20.46,15.54,-7.09,28.56
28560,1.82,0,0.14,0,60.1,119.7,1039.6,-11.29,22.54,-5.56,28.08
28580,76.05,28.53,3.49,1.72,-52.0,143.1,972.5,1.65,13.16,4.63,27.91
28600,64.36,35.26,3.91,1.83,47.2,67.0,899.7,25.64,12.57,3.72,28.47
28620,45.53,47.25,19.67,0,-15.3,155.6,938.1,28.11,22.63,6.33,29.06
28640,30.83,53.87,22.73,4.02,74.1,119.3,905.1,41.71,14.27,8.17,29.18
28660,15.04,52.58,41.22,0,35.7,102.3,840.1,51.18,13.7,3.29,29.7
28680,7.53,47.08,60.96,0.06,165.6,44.8,848.1,61.5,11.63,5.14,29.6
28700,5.51,39.62,66.89,2.64,128.4,31.7,823.3,64.76,5.84,-0.69,29.87
28720,0.73,31.88,75.54,5.18,127.2,-55.9,785.7,60.49,-5.14,1.02,30.18
28740,0,22.09,81.5,15.84,71.5,-36.1,829.1,60.27,-0.17,-1.89,30.71
28760,3.36,17.04,78.2,19.7,111.7,-87.5,849.3,54.42,-13.55,1.02,30.2
28780,5.82,7.48,71.56,22.73,75.0,-125.0,814.0,48.38,-12.95,-5.47,30.65
28800,0,1.5,59.25,42.42,2.3,-30.3,898.0,34.05,-18.65,-4.13,31.0
28820,0.14,1.73,49.06,51.06,68.7,-204.3,924.7,25.17,-26.06,-1.29,31.45
28840,2.19,2.13,33.91,55.52,-44.7,-154.6,966.2,9.2,-24.03,-3.5,31.17
28860,0.33,0,28.3,67.22,-128.4,-137.0,979.2,-5.68,-14.42,0.75,30.83
28880,1.19,0,13.25,63.8,-5.9,-99.6,1003.1,-18.45,-24.09,1.37,30.48
28900,0.68,0,12.49,49.04,42.1,-99.4,995.3,-24.47,-14.65,2.08,30.78
28920,0,1.58,6.57,38.6,-60.5,-65.2,1028.0,-41.1,-10.07,2.77,30.92
28940,0,3.14,1.61,25.84,-83.8,-14.8,966.8,-49.05,-21.76,6.05,30.91
28960,0,1.85,0,15.09,-138.2,-99.2,969.6,-51.46,-6.91,2.87,30.53
28980,4.43,0,0,10.76,-54.0,-34.3,992.4,-60.65,-10.19,4.9,30.4
29000,0,1.83,0,6.49,-78.0,-20.0,940.6,-58.97,-0.7,0.36,29.87
29020,0,1.29,2.43,0.11,-190.4,118.5,944.0,-58.58,7.62,-2.34,29.95
29040,5.43,0,0,0,-77.5,114.3,994.6,-52.87,6.56,-4.93,29.44
29060,1.0,1.15,0,0,-106.7,184.1,988.7,-46.75,8.29,-4.32,29.46
29080,1.68,1.33,2.79,0,-117.3,199.7,985.9,-33.37,23.02,-4.0,28.63
29100,0,0,0,0,2.5,104.1,985.7,-29.02,20.83,-3.84,28.74
29120,0,0,1.99,1.83,-68.7,67.0,1049.6,-12.83,22.37,-4.89,28.44
29140,0,0,0,0,9.4,117.7,1022.9,0.67,15.32,1.08,27.62
29160,68.39,29.48,9.45,1.65,-43.3,173.8,954.2,10.31,12.59,3.91,27.98
29180,52.62,47.91,15.05,0,46.7,116.6,904.3,21.18,7.48,2.05,28.44
29200,40.18,48.61,26.15,0,41.2,182.5,896.6,36.43,12.39,9.54,28.42
29220,15.07,57.7,32.48,0,15.6,31.1,859.0,46.57,13.14,3.1,29.1
29240,6.01,54.88,51.72,1.62,84.2,84.8,802.5,52.15,10.53,4.89,29.39
29260,0,49.18,65.9,3.25,145.9,11.8,818.7,56.64,-1.49,0.38,29.41
29280,3.42,38.9,72.8,3.87,91.4,-24.9,812.6,60.6,0.36,-0.4,29.63
29300,0,28.98,80.5,6.65,65.8,-73.7,795.8,56.45,-3.42,-4.07,30.3
29320,0,17.91,78.35,14.16,86.1,-126.8,821.7,52.34,-11.83,-8.39,30.69
29340,0,6.45,80.51,19.81,165.0,22.5,857.3,45.58,-11.74,-3.9,30.43
29360,0.94,10.86,70.57,37.81,34.3,-125.0,792.1,40.49,-20.27,-4.06,30.68
29380,1.47,3.33,54.8,48.96,9.1,-200.6,907.0,27.87,-24.59,-4.22,30.72
29400,0.99,0,39.86,56.43,96.6,-152.1,944.2,18.37,-21.88,-2.82,31.2
29420,0,2.84,27.46,62.77,22.3,-154.1,945.0,3.42,-25.9,-2.34,31.28
29440,0,3.74,14.26,62.27,-67.2,-183.2,985.4,-8.11,-17.31,-0.17,30.95
29460,0,2.2,12.05,53.52,-7.9,-107.3,1034.8,-22.96,-18.28,1.33,30.99
29480,5.15,0.83,5.81,46.34,-62.5,-69.3,1014.2,-37.16,-18.05,0.15,31.09
29500,0.28,0,2.26,32.45,-16.4,-170.7,943.9,-43.78,-15.76,7.47,30.91
29520,2.77,0,0,19.42,-132.4,-54.0,1005.3,-54.66,-10.89,4.78,30.76
29540,0.89,0,2.49,12.93,-98.6,-97.3,1035.2,-57.21,2.88,6.61,30.37
29560,0,1.27,0,1.91,4.2,-95.9,975.2,-59.68,-6.28,-0.79,30.3
29580,0,0,0,2.76,-81.7,37.5,982.6,-62.45,0.74,-1.0,30.01
29600,0,0,0,0,-56.5,75.4,1013.2,-57.02,6.26,-3.11,29.75
29620,0,0,6.68,0,-50.2,131.3,961.5,-49.7,10.83,-4.19,29.71
29640,1.98,0.22,3.54,0.61,-102.7,45.8,972.3,-42.15,15.19,-6.81,29.2
29660,1.72,0,4.75,1.22,-66.5,129.2,1038.3,-35.75,19.86,-4.66,28.86
29680,0,5.2,0,0,-76.6,236.0,962.6,-21.38,24.78,-4.04,28.19
29700,3.17,2.97,5.32,7.29,-88.7,96.4,1034.7,-8.11,12.36,-0.27,28.39
29720,80.22,22.23,9.36,0,-28.7,120.7,977.2,5.88,13.43,-1.37,28.22
29740,69.45,29.29,14.65,2.41,68.3,143.1,910.0,15.39,29.42,4.02,28.4
29760,52.83,47.83,16.61,4.28,107.4,91.2,916.1,30.07,22.08,1.85,28.78
29780,28.61,49.6,29.18,0,-42.2,83.6,893.8,34.62,12.5,6.96,28.7
29800,17.48,60.14,44.29,3.2,107.0,66.2,853.6,48.74,11.15,3.76,29.42
29820,5.58,51.1,53.88,0,64.5,140.3,813.7,52.53,-0.47,0.64,29.67
29840,1.66,46.2,65.54,2.32,40.8,33.8,782.9,63.04,9.53,3.58,30.19
29860,4.16,32.24,82.42,3.76,13.4,-29.6,829.5,59.39,4.08,0.16,30.12
29880,4.35,26.2,82.26,7.37,-13.8,-74.4,786.5,56.04,-3.97,-3.37,30.27
29900,0,13.9,80.09,13.62,78.0,-35.0,809.4,54.82,-7.26,-3.66,30.55
29920,0,11.6,72.23,27.46,101.5,-62.3,856.4,42.3,-13.47,-5.07,30.31
29940,0,3.33,66.59,47.84,101.0,-119.0,890.1,33.16,-9.51,-2.66,30.78
29960,0.02,2.04,52.93,57.0,12.4,-117.0,930.2,25.5,-14.9,-3.1,30.78
29980,1.55,4.42,34.27,61.26,-34.3,-128.7,913.9,12.18,-30.96,-0.98,30.73
30000,6.57,2.26,20.86,63.81,29.9,-225.5,960.9,1.23,-19.11,1.44,30.77
30020,7.53,0,14.71,62.06,-32.8,-206.2,1045.6,-16.88,-20.17,2.03,30.81
30040,0.79,0,13.15,54.11,-99.4,-36.2,1037.5,-27.16,-21.23,3.4,30.97
30060,0,5.34,1.82,37.35,-8.5,-115.4,997.0,-35.62,-16.42,3.68,31.08
30080,2.11,0,2.72,31.08,-12.1,-27.4,1023.1,-43.86,-7.05,5.17,30.72
30100,0.62,0,0,14.4,-90.7,-97.6,1028.6,-56.1,-13.17,1.77,30.42
30120,0.38,0,1.22,8.48,-111.7,-22.5,959.6,-59.01,-10.41,4.86,30.21
30140,4.06,0,1.61,6.25,-125.7,-73.5,997.1,-55.85,5.03,-3.97,30.16
30160,0,0.33,0,5.36,-56.2,93.3,977.9,-58.46,7.57,0.48,29.81
30180,0,0,1.4,6.68,-125.2,101.7,999.4,-58.43,5.68,-4.29,29.44
30200,1.92,0.39,0,0,-90.2,154.4,991.1,-47.02,10.32,-2.91,29.18
30220,3.8,1.56,0,4.62,-85.3,130.1,1032.3,-40.74,17.77,-4.44,29.04
30240,0,0.84,0,0,2.7,158.0,1004.8,-36.01,16.26,-5.3,28.35
30260,2.1,4.91,1.98,0.19,-95.4,291.9,1009.1,-19.64,20.61,-1.89,28.61
30280,0,0.48,1.92,3.84,118.9,80.3,968.1,-5.46,8.59,-0.24,27.95
30300,74.18,30.58,7.8,1.71,-53.7,110.2,960.1,7.86,11.91,3.3,28.34
30320,59.79,44.14,9.59,2.97,136.7,109.8,956.4,23.59,25.13,1.48,28.48
30340,41.17,46.16,20.18,0.25,40.8,110.1,890.8,31.37,16.19,4.86,28.81
30360,22.43,58.95,32.7,2.19,113.3,163.8,897.2,43.03,14.22,5.73,29.39
30380,5.7,55.29,48.67,0,80.7,72.1,836.3,51.19,14.53,6.46,29.59
30400,1.85,53.85,66.92,0,114.3,49.5,794.2,55.99,0.91,4.29,29.79
30420,0.41,41.09,78.32,1.55,-7.0,12.3,847.9,62.72,1.97,-1.93,29.7
30440,5.3,28.05,83.45,0.97,-13.9,32.3,783.0,61.36,-3.37,-1.25,30.56
30460,0,20.27,86.44,8.13,103.4,-58.1,752.5,57.15,-7.08,-0.12,30.52
30480,3.44,8.88,74.78,19.46,199.8,-101.9,851.8,49.34,-8.83,-3.86,30.59
30500,3.41,5.89,67.73,32.61,100.2,25.1,851.1,41.33,-21.47,-5.25,30.88
30520,6.27,0.79,59.45,44.6,61.8,-89.4,839.0,32.97,-21.99,-2.93,30.88
30540,0,0,45.2,57.49,2.3,-153.9,954.6,17.09,-17.94,-2.21,30.75
30560,0,3.51,35.81,60.55,27.9,-142.2,976.2,2.7,-22.39,-1.29,31.31
30580,0,0,20.02,59.17,-65.2,-163.8,977.9,-3.98,-16.57,-2.41,31.1
30600,3.46,0,12.58,58.23,42.7,-106.7,981.7,-19.6,-18.15,4.59,31.24
30620,0,3.02,12.49,42.26,-113.4,-98.7,1030.7,-32.2,-11.94,5.36,31.11
30640,0,0.22,0.8,33.52,-46.4,-129.6,970.4,-40.14,-25.62,4.43,30.73
30660,0.08,1.33,0,24.45,-37.0,-24.8,1027.2,-49.63,-18.28,4.39,30.81
30680,0,0,3.0,13.81,-55.7,-74.6,961.7,-58.55,-6.39,0.95,30.05
30700,5.66,0,0,6.98,-95.9,-17.1,1013.7,-61.84,-2.57,2.7,30.28
30720,2.34,3.85,1.31,5.89,-103.3,9.0,1022.8,-58.09,-2.11,-4.92,30.11
30740,0,3.18,0,0,-113.4,68.6,966.7,-61.3,-4.92,2.08,29.87
30760,1.04,2.06,0,0,-23.7,71.2,1038.5,-51.42,7.77,-5.3,29.66
30780,0,0,0,1.63,-133.5,34.9,959.7,-47.38,11.35,-3.15,29.36
30800,2.93,0.17,0.36,0,-52.2,209.5,973.4,-33.68,13.6,-3.74,28.85
30820,0,1.26,0,4.83,79.7,103.3,989.9,-21.11,22.97,-5.08,28.83
30840,0,0,1.55,1.42,5.0,150.0,969.0,-10.41,26.67,-2.09,28.24
30860,73.08,29.11,11.51,1.04,49.1,101.5,944.1,-5.31,23.2,-0.69,27.97
30880,66.01,36.99,5.69,0,71.2,194.3,959.3,14.65,20.42,4.88,28.41
30900,55.55,45.78,12.92,0,-24.6,76.9,886.8,26.55,16.99,3.14,28.64
30920,29.71,52.4,32.03,4.44,65.6,161.7,913.0,36.86,10.95,4.52,29.14
30940,15.54,59.36,36.08,6.12,107.9,35.7,864.7,48.58,11.02,4.49,29.33
30960,9.52,49.19,54.14,0,140.9,59.0,777.0,56.35,11.31,5.03,29.7
30980,3.0,54.47,64.43,6.95,100.8,-56.5,805.4,55.66,2.52,2.44,29.86
31000,0,36.59,79.74,3.78,54.0,-134.1,842.6,60.39,3.5,3.19,30.08
31020,0,31.01,80.76,8.0,141.4,-96.5,865.4,56.24,-3.64,-4.0,30.6
31040,0,15.67,85.27,15.45,133.7,-60.6,836.0,52.86,-3.89,-6.2,30.62
31060,0,5.88,68.87,24.03,86.7,-122.4,833.1,49.71,-8.89,-4.8,30.72
31080,0,3.85,61.54,36.25,-21.3,-60.2,841.4,39.4,-12.04,-2.84,30.31
31100,1.89,2.66,51.25,49.52,70.6,-205.3,971.4,33.35,-21.22,-2.81,30.8
31120,5.62,2.94,37.73,60.16,31.7,-93.6,1039.4,15.15,-14.93,-2.55,30.96
31140,2.15,0.66,31.88,66.47,47.8,-124.7,944.7,2.03,-14.11,0.89,30.57
31160,3.51,3.62,17.89,59.35,-7.1,-168.8,1014.3,-13.45,-22.57,2.48,30.47
31180,0.38,3.89,7.56,54.23,22.9,-227.5,982.9,-23.45,-18.81,5.14,31.1
31200,1.96,0,4.19,41.31,-90.0,-159.5,1032.2,-34.11,-9.97,3.61,31.1
31220,0,0,4.53,31.04,-64.6,-32.1,988.8,-46.94,-19.41,6.42,30.84
31240,0.43,0,0.9,19.59,-97.0,-150.4,1090.3,-55.72,-9.68,3.68,30.84
31260,0.12,1.64,0,10.16,-117.6,-65.2,973.9,-59.36,-9.75,5.7,30.37
31280,3.57,0,0,2.05,-103.4,26.6,1005.5,-59.07,3.3,1.51,29.87
31300,0,0,0,0,-78.0,46.7,1013.4,-59.68,9.27,0.52,30.0
31320,0,3.67,0,4.68,-52.0,15.7,976.2,-54.72,7.17,-3.16,29.86
31340,9.22,0,0,0,-138.4,40.8,1031.0,-51.21,16.6,-4.02,29.55
31360,0,0,1.82,0,-78.4,96.1,996.3,-42.33,7.48,-8.4,29.29
31380,0.48,0,0,0,-55.1,173.1,1032.5,-27.36,9.46,-5.92,28.88
31400,3.01,5.51,1.63,0.04,16.4,112.2,983.1,-16.53,17.01,-3.71,28.59
31420,0,1.08,0,0.61,-14.7,184.7,995.0,-13.33,22.5,-1.07,28.23
31440,80.57,22.97,10.92,0.51,-10.3,159.5,997.5,6.95,17.41,0.77,28.1
31460,64.91,37.49,11.88,0,-8.7,191.5,880.5,25.29,22.34,3.39,28.51
31480,42.08,52.08,21.67,0,24.5,145.1,942.6,31.61,12.26,4.57,28.99
31500,22.62,54.9,30.55,0,79.8,233.1,797.0,39.05,10.8,6.2,28.92
31520,13.34,54.58,44.62,0,15.9,27.2,815.0,46.21,18.05,6.84,29.42
31540,0,51.79,59.77,7.41,25.5,33.9,760.7,58.79,-1.4,5.02,29.82
31560,0,44.1,67.77,0,100.7,-25.0,777.3,59.64,-1.09,-0.26,29.8
31580,3.84,30.24,79.23,1.04,73.3,70.4,810.4,59.27,4.61,-2.91,30.18
31600,6.78,14.95,79.76,9.92,39.3,3.4,785.8,62.26,-4.98,-3.55,30.61
31620,0,13.81,80.58,16.56,174.6,-64.0,791.0,52.38,-16.0,-4.36,30.61
31640,2.95,8.74,75.66,30.24,53.1,-82.6,881.1,42.31,-23.28,2.05,30.43
31660,0.69,9.68,61.74,42.65,122.4,-116.3,932.7,33.37,-15.12,-4.95,30.76
31680,3.95,0,45.93,48.35,75.6,-103.9,892.7,21.14,-15.35,-5.73,30.9
31700,0,4.35,33.07,64.27,-12.7,-170.4,960.7,11.06,-22.4,-2.93,31.21
31720,2.88,0,21.45,68.39,67.8,-156.8,1021.2,-3.95,-13.66,2.01,31.0
31740,2.89,0,8.3,60.18,3.9,-44.8,982.8,-12.23,-13.17,-0.24,30.93
31760,0,5.11,6.1,50.76,-86.1,-173.7,1023.2,-26.71,-14.97,1.89,30.75
31780,0,0.21,8.83,34.03,-137.6,-85.5,962.7,-41.91,-13.71,3.99,30.56
31800,0,1.64,0.59,23.43,-53.6,-96.0,996.7,-48.98,-5.49,6.07,30.53
31820,2.16,0,4.6,15.52,-139.7,-55.4,1010.0,-53.84,2.92,4.84,30.5
31840,0,5.47,0,9.63,-5.1,-53.8,963.5,-57.5,-0.83,3.7,30.75
31860,5.61,0,0,2.35,-131.2,-127.2,992.2,-61.48,4.51,-0.36,30.0
31880,0,0,0,1.29,-30.1,49.6,1019.7,-59.91,12.8,-2.92,30.0
31900,0,3.58,3.29,3.18,-9.6,132.8,1014.2,-55.71,2.5,-6.41,29.52
31920,0,1.65,0,0,-57.8,108.0,1029.0,-50.3,9.69,-4.25,29.23
31940,0.07,0,2.47,0,-25.9,68.4,964.2,-36.78,20.34,-5.23,28.81
31960,4.6,0,3.04,0.36,-0.9,167.1,1014.0,-24.38,24.16,-3.22,28.87
31980,0,2.33,3.21,1.31,-39.9,110.0,980.8,-16.87,15.24,-2.5,28.45
32000,82.62,21.91,5.43,0.63,27.5,110.1,998.7,3.27,12.85,-2.16,27.93
32020,71.8,36.24,7.35,0,29.2,195.2,904.7,14.65,23.37,3.87,28.14
32040,56.18,41.05,16.49,0,94.9,176.6,906.7,22.66,15.22,6.26,28.83
32060,37.24,56.59,25.33,3.65,37.9,-13.4,881.8,34.67,19.71,2.86,28.87
32080,11.39,53.79,37.44,0,-29.9,69.9,790.4,46.64,9.82,6.04,29.42
32100,8.7,53.98,53.51,3.07,135.2,115.3,840.9,53.28,10.74,3.13,29.38
32119,1.97,43.95,66.5,1.62,86.0,72.5,803.4,57.16,13.75,1.41,29.6
32140,0,39.59,71.25,0,198.5,-17.5,822.0,61.28,-7.42,0.03,29.76
32159,1.3,25.89,84.68,10.02,26.2,27.2,765.0,59.67,-1.63,1.36,30.44
32180,2.95,12.53,83.36,8.49,89.2,11.4,747.6,54.28,-8.74,-3.11,30.53
32200,1.89,6.72,79.27,25.48,102.8,-179.5,850.7,55.0,-14.04,-2.8,30.7
32220,0,1.33,68.36,35.1,66.6,-69.4,859.8,44.6,-24.84,-2.73,30.55
32240,2.62,6.61,50.49,48.48,17.8,-149.5,845.1,36.61,-15.57,-4.82,30.35
32259,0,3.71,40.05,61.92,69.2,-76.5,966.2,11.8,-28.74,-1.98,31.05
32280,0,0,28.05,71.07,14.5,-247.0,972.2,1.68,-18.2,-3.26,30.61
32299,0,3.09,17.85,62.82,-112.4,-136.9,957.9,-7.43,-27.1,0.99,30.91
32320,0,0,11.39,56.02,6.4,-102.9,1001.5,-22.65,-26.25,4.83,30.71
32340,0,1.27,5.81,46.96,-45.9,-174.4,1031.9,-27.59,-16.15,5.68,31.42
32360,0,0.34,0.24,31.23,-89.1,-148.2,980.2,-43.46,-6.07,2.91,30.8
32380,0.89,0,1.78,18.2,-90.1,-67.4,1050.4,-54.83,-6.69,2.93,30.9
32400,0,0,2.99,10.96,-158.1,-13.7,942.8,-55.03,-9.37,4.93,30.61
32420,3.12,0,0,5.81,-146.0,-40.0,990.4,-58.85,-0.09,-1.52,29.91
32439,0,0.16,0,8.13,-191.3,68.3,1061.2,-62.39,1.17,2.77,30.21
32460,0,2.2,0,0,-205.7,0.4,1063.2,-49.55,13.15,-4.28,29.94
32479,0,2.1,0,4.05,-48.0,63.1,1042.9,-51.79,4.13,-4.68,29.63
32500,7.79,5.83,0,0.64,-21.8,93.8,1014.1,-48.34,9.98,-4.88,29.24
32520,2.28,0,0,0,-107.1,79.5,1038.2,-32.23,21.71,-4.35,28.81
32540,0.03,0,0,0,-34.6,84.7,991.1,-20.85,21.42,-1.79,28.84
32560,0,0,0,0,-102.3,162.0,999.9,-7.32,13.08,-3.11,27.92
32580,69.97,18.65,10.32,0,27.8,154.8,945.7,6.31,19.75,2.59,27.81
32600,64.46,36.23,14.43,1.73,47.2,73.2,964.4,18.08,19.4,2.63,28.32
32619,44.84,47.05,21.78,0.3,104.4,60.3,899.5,32.28,20.88,5.1,29.09
32640,28.04,54.01,26.9,0,35.2,104.7,842.6,43.05,17.77,4.99,29.14
32659,15.91,58.89,42.04,1.51,108.1,54.4,805.7,56.12,6.75,3.16,29.38
32680,6.5,49.47,54.33,5.95,117.5,99.9,798.2,55.09,11.57,6.84,29.7
32700,4.75,41.45,66.05,8.67,81.3,-1.8,789.6,56.2,8.14,1.4,29.92
32720,0,32.04,82.96,4.5,21.2,-74.8,775.4,59.08,0.67,-2.83,30.38
32740,9.28,21.5,88.65,11.17,139.7,-92.3,761.3,59.42,-0.87,-3.68,30.76
32759,2.17,7.68,80.49,14.05,132.9,-30.2,741.5,57.1,-17.08,-6.15,30.74
32780,0,9.93,75.18,29.0,43.9,-123.1,895.8,41.38,1.24,-3.96,30.67
32800,0,3.1,55.67,38.66,103.6,-177.0,885.7,35.98,-22.27,-4.17,30.81
32820,0,3.0,46.5,51.63,-56.3,-180.2,969.7,22.36,-26.06,-2.89,31.01
32840,0,2.77,36.29,60.81,79.8,-122.1,982.4,8.4,-17.61,-0.88,30.78
32860,1.89,0,22.37,64.27,-26.9,-127.5,1061.1,1.04,-20.89,0.2,30.82
32880,0,0,21.92,61.35,-26.8,-150.8,1030.7,-16.18,-20.46,1.0,30.92
32900,0,0.99,9.72,44.73,-25.4,-179.3,993.9,-25.29,-24.7,3.15,31.21
32920,0,5.98,2.29,36.99,-35.8,-164.5,994.7,-36.68,-16.07,4.43,30.74
32940,0,0,0.49,24.42,-24.6,-154.7,978.1,-43.75,-13.77,4.5,30.88
32960,0.43,0,3.78,17.53,-14.9,-72.4,1044.3,-52.29,0.2,4.96,30.47
32980,0,0,2.14,9.16,-113.9,2.9,926.0,-59.48,-1.24,0.8,30.21
33000,0,0,0,1.69,-7.1,1.9,998.7,-56.09,0.17,0.96,29.71
33020,0,0,4.53,0.46,-24.2,138.5,1038.2,-63.59,7.81,-1.46,30.13
33040,0,1.63,6.26,0,-163.1,1.9,992.1,-50.62,13.86,-2.95,29.76
33060,0,0,1.04,0,-154.6,103.2,967.4,-52.23,7.39,-8.63,29.17
33080,0,4.57,2.69,0,-77.7,169.3,1008.2,-30.11,18.0,-5.4,29.02
33100,1.09,1.63,0,0,-102.2,103.3,998.3,-26.69,21.54,-6.24,28.64
33120,0,0,0,0,15.2,96.0,1035.5,-10.76,10.76,-0.69,28.56
33140,0.25,0.78,4.23,0,-75.4,185.2,1001.4,-0.58,19.52,-4.85,27.92
33160,71.18,27.99,7.97,0,-41.1,161.9,1001.5,11.89,11.84,3.3,28.47
33180,62.12,40.21,16.5,0,152.9,85.2,917.4,22.43,18.49,4.75,28.54
33200,39.38,47.89,27.22,1.51,99.8,123.3,864.3,34.22,16.07,7.34,28.71
33220,22.3,59.63,34.96,0,78.4,28.6,892.0,47.15,13.51,6.0,29.26
33240,9.84,55.35,50.28,0,-7.0,51.4,855.5,49.4,6.14,4.36,29.24
33260,6.29,49.53,67.91,0,166.4,62.3,783.6,59.13,2.38,5.69,30.0
33280,0,39.48,74.01,3.56,200.3,-60.5,787.0,58.29,-0.09,3.87,29.83
33300,0.65,30.44,86.3,4.43,228.3,11.8,754.2,61.72,-2.88,0.01,30.44
33320,0,19.3,82.02,14.62,42.2,-34.6,813.4,58.52,-9.07,-2.63,30.33
33340,0,10.66,77.05,20.36,110.3,-72.7,825.9,49.59,-11.22,-4.08,30.36
33360,0,4.59,72.16,35.74,26.6,-0.1,800.7,42.38,-10.13,-3.11,31.04
33380,0.19,1.73,61.67,48.07,-71.3,-118.3,911.1,34.92,-18.44,-3.52,31.11
33400,0,3.59,40.84,56.22,48.9,-206.3,912.7,17.01,-24.89,-5.78,30.98
33420,3.97,2.68,28.09,62.39,10.3,-170.7,967.7,6.46,-13.12,-0.18,31.22
33440,2.37,0,16.24,61.99,12.3,-141.0,1005.7,-1.71,-23.15,1.62,31.11
33460,0.15,0.93,9.7,56.81,44.4,-74.6,920.4,-22.71,-26.19,3.43,30.89
33480,0,0,3.11,47.51,29.4,-151.7,968.3,-31.7,-19.47,4.37,31.01
33500,3.14,0,0.58,37.76,-108.3,-35.7,990.8,-47.32,-22.73,9.45,30.83
33520,0,0,2.9,25.45,-136.4,-99.1,1041.3,-49.72,-16.04,1.9,30.67
33540,0.83,0,2.71,9.43,-100.9,-105.7,968.6,-56.65,0.1,4.16,30.87
33560,4.99,0,1.24,7.68,-72.2,16.0,962.9,-62.54,-8.28,1.3,30.2
33580,1.07,0.67,0.73,3.8,-121.6,-30.9,1028.6,-64.59,-4.49,-1.12,30.0
33600,0,4.26,0,3.03,-83.7,-16.3,1060.9,-52.31,6.72,0.0,29.74
33620,0,0.81,0,0,-18.2,63.7,991.7,-49.27,4.04,-5.92,29.37
33640,0,3.88,0.28,0.29,-80.5,87.9,997.1,-46.13,14.86,-4.37,28.68
33660,0,1.06,0,0,50.7,160.0,1018.1,-32.66,11.85,-8.05,28.74
33680,0.84,0,1.51,3.88,20.1,112.9,951.2,-26.98,16.6,-4.5,28.48
33700,1.03,0,1.83,0.37,-34.1,48.3,1024.6,-4.47,11.64,-3.24,28.55
33720,76.23,27.92,10.17,3.33,33.3,187.5,1038.3,1.27,26.53,1.23,28.06
33740,67.48,39.25,7.94,3.28,63.7,141.6,924.5,16.56,18.08,1.66,28.46
33760,43.11,44.54,25.52,3.19,17.9,177.2,926.4,25.75,16.26,7.86,28.73
33780,31.4,58.47,31.87,0,-11.7,113.9,884.5,42.2,11.4,8.2,29.44
33800,15.22,59.0,40.56,0.17,108.5,94.2,923.8,48.16,7.9,4.42,29.18
33820,5.73,57.54,56.0,2.99,72.6,101.3,819.3,54.02,-1.29,0.32,29.45
33840,2.28,45.93,64.25,3.86,130.1,41.4,803.2,56.98,2.25,4.74,29.34
33860,0,38.55,80.66,5.12,100.1,23.5,781.6,60.12,0.66,0.94,29.88
33880,5.85,25.36,84.21,14.24,78.6,-74.4,832.2,60.93,-2.04,-2.81,30.24
33900,4.15,16.8,86.13,19.23,118.2,-102.9,773.8,56.3,-5.43,-5.46,30.66
33920,2.38,6.96,76.04,25.78,69.1,-147.4,821.9,44.55,-15.38,-6.29,30.68
33940,0,0,60.48,43.57,118.8,-129.9,860.7,31.76,-16.5,-5.26,30.84
33960,0,0,49.18,53.09,0.1,-132.7,874.8,24.39,-12.55,-0.96,30.87
33980,0,4.32,41.19,59.85,26.0,-61.8,930.9,12.28,-20.53,-3.32,31.15
34000,0,0,27.62,64.24,-45.1,-158.8,956.0,0.64,-21.23,-4.77,30.96
34020,0,1.53,12.49,51.54,-28.1,-66.0,962.8,-11.56,-23.58,4.36,31.12
34040,0,2.76,7.92,51.7,-0.8,-113.8,972.1,-22.53,-19.68,4.63,31.03
34060,0,1.88,7.47,37.5,32.1,-164.9,1002.0,-37.69,-11.35,5.06,30.55
34080,0.3,6.38,3.35,22.95,-62.0,-30.6,997.4,-49.48,-12.91,0.74,30.69
34100,0.5,3.4,1.21,14.77,-58.5,-79.3,1013.5,-53.4,-9.76,0.91,30.63
34120,0,0,5.64,10.1,-66.5,-29.9,996.3,-60.86,-6.05,1.72,30.36
34140,2.29,0,0.85,6.84,-69.9,18.2,941.2,-58.89,-13.36,-3.15,30.25
34160,0,0,2.5,6.79,-101.6,-105.3,1038.6,-54.0,-12.0,-5.06,30.03
34180,0.53,2.53,0,4.98,-159.7,153.0,1015.1,-62.33,9.68,-3.44,29.77
34200,4.02,2.49,0,0.25,-217.8,158.4,1001.1,-46.0,1.42,-1.96,29.31
34220,0.92,0,1.41,3.08,-100.9,131.2,1011.6,-41.65,23.64,-4.98,29.04
34240,0.97,0,3.09,0.59,-23.9,147.1,1036.6,-27.76,14.37,0.16,29.07
34260,0,0.81,0.61,2.99,-97.5,148.9,1012.2,-21.47,18.36,-3.94,28.23
34280,0.13,9.78,2.45,2.26,-15.4,72.5,954.7,-6.77,24.47,-1.95,28.49
34300,70.67,26.25,10.58,0,26.1,115.9,981.0,8.64,15.68,-0.71,28.47
34320,60.6,41.45,14.03,0,38.6,232.4,860.0,28.0,20.69,3.52,28.69
34340,39.74,48.55,25.46,0,11.2,155.4,827.3,35.36,20.03,4.88,28.82
34360,31.21,49.36,33.47,0,88.0,41.0,867.5,45.49,17.57,9.19,29.17
34380,14.73,56.45,50.38,0.39,55.4,40.1,842.2,44.28,5.0,4.32,29.8
34400,2.6,51.4,66.96,0,152.9,17.9,805.8,52.32,5.04,2.0,29.76
34420,5.15,42.02,72.88,2.47,114.8,72.4,767.6,61.09,5.51,1.61,30.05
34440,0.7,30.41,79.11,5.77,126.4,59.2,849.5,60.37,-0.06,-1.82,30.16
34460,1.31,17.44,83.96,17.58,128.7,-21.9,767.8,53.92,0.13,-4.07,30.39
34480,5.71,9.09,79.29,17.67,181.0,-11.5,846.6,56.42,-10.09,-5.66,30.7
34500,0,0.38,63.76,34.54,88.2,-102.7,864.2,45.36,-13.26,-4.07,30.78
34520,1.51,4.51,57.88,46.35,32.6,-234.6,907.8,34.67,-14.74,-3.47,31.07
34540,0.09,1.7,38.69,53.55,68.8,-99.1,896.8,18.59,-17.44,-4.21,31.12
34560,8.13,4.09,31.14,67.15,-9.8,-153.0,1004.6,7.49,-25.93,2.12,31.19
34580,0,1.31,18.41,67.9,-35.5,-217.8,1016.5,-6.07,-15.4,3.41,30.81
34600,0,0,14.44,59.28,-48.8,-115.2,1003.5,-15.11,-16.66,3.16,30.85
34620,0.74,1.95,5.39,53.63,-9.9,-56.5,957.0,-32.15,-17.27,3.9,31.1
34640,1.01,2.12,3.2,37.9,-38.5,-120.9,1054.0,-45.68,-2.87,4.68,30.87
34660,0,0,4.83,27.43,-50.1,-49.2,979.2,-51.68,-12.16,4.38,30.56
34680,3.93,3.08,2.07,13.8,-61.3,-49.2,1017.5,-58.54,-4.99,3.53,30.58
34700,0,2.66,8.56,9.4,-194.8,41.6,994.5,-55.13,-2.48,1.34,30.22
34720,1.34,0,0,0,-163.0,-3.9,1037.6,-64.91,-5.14,-1.39,30.27
34740,3.81,0,0.61,3.67,-106.2,30.8,997.8,-56.16,8.57,-2.36,29.98
34760,0,0,0.39,1.62,-135.5,97.0,1002.1,-50.59,2.51,-6.58,29.44
34780,0,1.67,0,7.04,-25.7,72.9,1029.5,-42.27,13.79,-2.59,29.21
34800,2.13,0,0,4.41,-26.4,106.0,1053.1,-33.68,16.08,-5.0,28.7
34820,0,0,0,0,-113.9,164.0,1005.5,-21.8,17.86,-2.63,28.55
34840,0,2.86,2.91,3.76,-82.7,181.2,955.0,-17.68,17.33,-0.86,28.06
34860,75.36,25.91,5.33,0,17.0,153.1,984.3,-0.8,24.28,-1.47,28.05
34880,67.63,31.91,17.15,0,0.5,175.4,973.4,12.73,29.89,4.32,28.42
34900,48.81,43.37,17.26,6.01,15.5,130.8,941.9,24.24,23.52,4.42,28.65
34920,34.68,47.29,28.97,0,73.8,173.8,850.0,33.58,18.92,3.99,29.2
34940,15.9,54.87,40.74,0,23.6,70.1,857.8,47.77,12.11,3.71,29.23
34960,7.63,62.92,50.01,1.42,80.1,103.5,871.0,52.74,12.39,2.76,29.7
34980,1.11,42.03,65.22,0,148.2,24.7,819.4,54.74,4.55,5.79,29.4
35000,6.27,36.01,71.79,1.56,121.9,-10.3,866.6,62.44,0.02,0.89,30.25
35020,0,31.91,85.5,11.88,74.1,-66.3,830.6,63.34,-7.51,-0.92,30.59
35040,0,15.44,87.8,14.27,71.8,-110.7,843.8,51.9,-10.5,-4.62,30.56
35060,0.09,5.86,75.92,24.35,116.1,-142.7,888.4,52.74,-9.34,-6.47,30.66
35080,2.98,7.7,65.02,38.24,85.3,-158.8,860.8,35.98,-14.42,-5.21,31.19
35100,0,0,56.01,51.84,20.6,-71.5,900.8,30.39,-4.19,-1.42,30.88
35120,0,4.18,38.39,59.34,53.0,-50.5,1002.2,18.98,-25.57,1.89,30.81
35140,4.01,1.89,34.54,65.07,-97.5,-143.9,1014.7,7.53,-14.04,2.35,31.16
35160,0,1.4,14.62,60.4,38.4,-164.6,954.1,-11.62,-18.15,3.36,31.1
35180,0.91,0,12.26,55.6,-15.7,-94.3,994.7,-21.39,-20.77,4.03,30.93
35200,2.7,0.78,4.05,36.32,-90.2,-64.9,991.7,-36.73,-14.01,5.32,30.59
35220,0,4.74,1.42,25.87,-100.3,-205.5,972.1,-47.16,-8.33,9.01,30.91
35240,0.5,0,0,20.23,-120.0,-61.5,1005.8,-51.23,-11.78,5.7,30.21
35260,0,0,0,13.76,-54.3,-31.2,977.4,-56.32,-10.9,4.04,29.84
35280,0,0,0,7.54,-50.0,-16.8,967.8,-53.73,-1.65,0.87,30.45
35300,0.48,0,0,0,-69.5,16.1,981.5,-55.61,6.35,-2.12,29.98
35320,1.14,0,2.41,0,-122.1,-13.0,1017.2,-55.11,3.96,-4.82,29.99
35340,0,1.34,1.74,2.19,-158.5,55.9,982.9,-50.51,12.53,-4.5,29.33
35360,1.76,0,8.02,6.64,-45.8,203.1,976.5,-37.35,10.8,-6.66,29.27
35380,0,0,0,0,-6.6,135.7,988.8,-33.75,13.51,-5.26,28.47
35400,2.05,3.07,0.93,0,-0.8,119.9,1020.9,-19.82,17.6,-2.96,28.5
35420,3.91,0.6,1.08,8.72,-44.1,171.5,1063.2,0.01,15.69,-0.74,28.42
35440,81.38,22.57,7.29,0.51,-40.4,100.8,1003.5,8.33,11.57,2.84,28.3
35460,61.57,38.19,9.07,0,-19.2,126.0,936.7,24.74,17.89,3.81,28.02
35480,45.92,49.8,25.35,0,55.8,77.8,898.4,34.52,9.44,3.62,28.84
35500,22.16,53.21,36.44,0,95.8,54.6,878.9,44.59,23.47,7.55,29.32
35520,13.27,51.26,41.22,0,95.4,58.2,824.6,49.44,13.11,8.91,29.32
35540,9.94,49.17,54.95,0,63.1,108.7,848.8,58.59,16.58,3.74,29.42
35560,7.85,40.32,73.6,7.44,118.7,42.5,761.3,60.78,-7.2,1.16,30.1
35580,0,28.71,82.32,10.67,77.3,89.3,784.3,57.84,-2.87,-0.63,29.9
35600,1.78,16.47,81.42,10.06,90.9,-97.6,803.5,57.29,-10.96,-3.64,30.71
35620,2.97,12.34,83.49,16.44,38.9,-99.2,824.8,53.82,-11.98,-6.52,30.85
35640,4.82,5.81,70.75,33.22,-13.4,-87.8,734.8,45.38,-12.15,-4.1,31.04
35660,0.4,2.82,55.91,47.87,36.1,-160.7,930.3,33.63,-19.12,-2.81,30.91
35680,0.55,2.54,47.92,51.47,-52.7,-190.8,900.9,16.79,-19.87,-1.22,30.59
35700,0,0,33.03,63.1,9.5,-120.3,944.7,7.53,-26.98,-1.73,30.52
35720,4.85,1.86,18.53,68.7,-89.2,-186.2,973.5,-5.25,-12.7,-0.61,30.77
35740,0,0,10.84,57.29,-40.1,-205.4,968.2,-12.87,-14.1,2.15,30.87
35760,5.31,0.88,12.76,51.33,-69.5,-190.9,1004.6,-31.63,-22.79,2.55,30.82
35780,0,0.77,1.63,36.31,-50.1,-47.4,1031.7,-38.36,-16.38,5.97,30.41
35800,1.04,0,1.61,20.07,-26.3,-72.1,1056.0,-49.42,1.15,3.26,30.97
35820,1.23,0,3.01,20.67,-174.0,-60.6,1024.1,-54.95,-8.81,4.62,30.61
35840,0,0.87,2.98,8.69,-122.0,-35.1,941.2,-61.26,0.3,-0.01,30.58
35860,0,0,1.98,7.8,-64.4,-4.4,998.4,-60.07,-2.56,-2.24,30.15
35880,0,0,4.39,0.2,-89.3,24.4,988.2,-61.75,4.59,-6.47,30.09
35900,0.97,0,0,2.37,-85.7,44.3,993.4,-54.78,9.05,-5.31,29.58
35920,0,0,2.87,0,-126.0,47.8,955.1,-43.1,8.56,-5.34,29.56
35940,3.59,5.78,0,1.37,-111.1,142.7,993.1,-32.72,8.5,-9.89,28.68
35960,0,0,0,0,-97.6,123.1,1027.6,-26.05,18.33,-4.57,28.89
35980,1.18,1.57,0,1.86,13.5,141.4,1028.7,-18.95,21.61,-1.52,28.51
36000,75.85,20.54,7.21,0,-72.0,185.3,969.7,-1.71,18.22,-2.28,27.81
36020,69.78,37.32,6.93,1.28,0.8,111.6,938.9,16.18,11.62,2.72,28.2
36040,57.8,41.17,12.81,0,43.6,45.4,925.5,22.73,12.0,2.63,28.75
36060,36.23,55.14,25.15,0,141.1,186.9,943.8,42.36,12.66,5.4,28.65
36080,20.66,60.52,37.81,0,139.4,95.4,848.3,42.97,12.94,0.24,29.44
36100,6.46,52.94,48.02,3.4,90.4,26.5,849.2,55.94,11.93,0.76,29.21
36120,0,47.46,59.31,8.18,80.7,74.2,812.2,56.86,7.31,-0.61,30.06
36140,1.36,43.8,76.2,0,195.3,42.6,825.0,60.44,-3.61,0.13,29.93
36160,3.34,29.43,86.85,7.37,102.8,-5.4,776.2,61.8,9.28,-5.09,30.29
36180,2.75,20.76,84.79,13.43,107.1,-53.6,844.1,50.39,-4.19,-4.62,30.88
36200,0.03,8.06,78.7,24.66,41.0,-89.8,839.2,47.45,-12.48,-6.77,30.59
36220,3.81,8.39,63.2,34.19,94.7,-43.3,849.0,35.53,-8.93,-3.53,30.78
36240,3.03,4.21,51.05,54.77,-62.6,-91.0,924.1,22.26,-31.52,-3.4,31.03
36260,0.55,0,40.6,59.9,-81.8,-125.5,970.1,16.72,-15.15,-3.59,30.7
36280,0,0,29.52,62.32,8.8,-125.5,998.1,3.29,-15.52,3.83,30.75
36300,0,4.8,13.97,57.6,27.2,-102.9,1024.5,-10.93,-23.87,-2.28,31.05
36320,0,0,11.45,54.98,-10.0,-156.4,1022.6,-20.22,-12.34,1.56,31.2
36340,0.99,3.77,12.21,44.84,-2.4,-66.8,1018.1,-25.19,-25.39,3.97,30.97
36360,0,2.71,0.02,31.95,29.2,-56.6,1030.9,-41.95,-16.41,7.68,30.92
36380,0,0,2.54,21.24,-236.6,19.7,988.1,-55.54,-13.44,6.08,30.4
36400,0,0,2.47,14.55,-48.0,-28.4,1004.5,-57.05,-6.73,4.6,30.61
36420,0,0.6,0,4.9,-55.6,-71.4,1069.2,-62.55,-5.35,-0.6,29.93
36440,0,1.47,0.78,2.25,-75.1,30.5,1006.0,-61.27,-3.91,-2.83,29.95
36460,0,0.79,0,0,-41.0,46.8,1001.2,-53.25,0.74,-4.78,30.02
36480,3.96,1.12,0,0,-55.1,56.4,1004.2,-48.78,10.1,-7.6,29.65
36500,7.5,0,0,0.9,-114.4,109.6,1033.1,-41.69,12.33,-1.35,28.97
36520,1.79,1.77,0,3.45,-5.5,202.1,988.7,-34.42,13.21,-4.83,28.69
36540,1.31,6.28,0.78,0.79,-57.5,224.0,1024.5,-19.24,18.38,-4.07,28.6
36560,0,0,0,0,-42.7,187.4,983.5,-8.7,19.55,-1.38,28.0
36580,73.39,25.02,8.9,0.92,-36.0,208.4,1006.9,2.79,15.25,-1.1,28.17
36600,66.14,35.39,13.92,1.56,-21.6,241.8,983.3,15.26,19.05,5.86,28.4
36620,47.3,43.83,19.55,0.94,33.0,228.5,897.9,28.64,17.94,5.11,28.73
36640,31.34,51.31,30.51,0,74.9,79.0,893.3,36.96,5.78,5.47,29.3
36660,11.41,60.28,47.04,0,84.2,212.4,845.7,44.37,15.26,3.34,29.58
36680,10.72,49.33,62.11,1.51,66.1,86.8,795.3,52.08,4.56,2.66,29.51
36700,3.49,45.99,70.7,8.88,136.3,-18.0,860.0,60.63,-7.75,1.37,30.13
36720,0,35.2,84.34,8.99,103.6,-38.6,827.0,61.51,-6.47,4.71,29.83
36740,2.83,16.06,81.85,10.32,118.9,-41.9,802.9,54.08,-11.23,-5.74,30.51
36760,0,13.03,78.6,15.36,132.7,-62.5,863.5,49.64,-4.44,-6.01,30.54
36780,5.0,9.2,79.68,30.21,67.9,-108.8,865.8,42.15,-13.86,-4.03,30.75
36800,0.83,5.06,61.29,39.12,49.4,-122.7,917.6,36.38,-21.27,-4.34,30.59
36820,2.84,0,53.94,57.7,61.1,-156.4,938.4,21.07,-13.78,-6.25,30.78
36840,1.15,0,30.78,61.13,46.0,-113.3,974.1,7.0,-12.3,-2.39,30.95
36860,0,0,21.03,62.18,-8.2,-91.7,1004.5,-2.91,-22.53,0.56,31.19
36880,0.5,2.37,13.45,64.38,2.4,-161.8,1008.0,-12.15,-12.16,0.57,31.04
36900,3.73,5.48,8.27,43.56,-42.6,-143.6,964.8,-27.49,-11.38,2.96,30.7
36920,0,3.49,2.36,40.2,-63.0,-193.7,989.7,-41.0,-10.82,5.85,30.59
36940,0,2.34,3.9,25.33,-58.3,-75.2,973.7,-44.6,-6.25,3.31,30.65
36960,0,0,0,18.0,-150.0,-162.6,977.4,-52.63,-12.82,3.3,30.67
36980,0,0.24,0,11.22,-40.8,-77.0,1039.0,-54.93,-7.08,2.14,30.36
37000,0.6,3.72,2.32,4.37,-16.8,21.3,1047.8,-58.27,3.34,0.03,30.37
37020,4.05,0,1.66,0,-116.8,49.1,1021.0,-65.34,7.22,-3.29,29.69
37040,2.29,1.57,0.22,4.05,-97.6,164.7,1022.2,-52.92,5.24,0.33,29.67
37060,0.32,2.75,0,0,12.6,111.4,1002.5,-45.52,11.08,-3.24,29.03
37080,1.63,2.26,0.28,0,-99.5,91.5,1030.4,-42.2,8.87,-0.92,28.96
37100,0,0.53,1.02,3.19,-27.8,179.7,1044.9,-34.51,17.67,-0.66,28.75
37120,1.93,0,0,0.98,-32.0,128.3,1021.0,-16.56,25.51,-0.96,28.22
37140,0,1.97,0,0,33.1,197.0,1032.9,-2.95,31.95,-1.36,27.86
37160,69.96,24.2,6.5,0,46.7,193.6,970.6,10.12,21.68,1.95,28.33
37180,59.96,40.48,14.37,1.09,55.6,51.2,925.9,23.79,32.48,4.21,28.65
37200,39.83,51.56,29.09,6.26,61.4,100.2,864.3,36.14,9.39,3.05,28.83
37220,20.53,56.72,35.23,1.98,121.3,28.3,867.0,44.46,16.24,2.98,29.85
37240,10.29,61.66,45.71,3.2,117.1,46.2,851.1,51.69,15.87,2.99,29.2
37260,4.74,46.53,67.95,0,65.6,5.6,768.8,52.74,6.19,1.66,29.91
37280,4.27,44.64,74.19,6.47,65.8,46.3,787.4,57.38,0.9,4.03,29.86
37300,1.91,25.59,83.27,4.04,81.8,-33.0,747.9,61.93,-3.74,-3.13,30.52
37320,3.09,17.42,83.96,14.41,132.8,-58.5,808.8,56.39,-14.92,-1.17,30.49
37340,0,14.97,81.21,24.3,72.6,-99.6,856.8,48.71,-7.46,-2.8,30.86
37360,0.28,6.34,61.26,33.83,62.0,-68.9,926.7,35.42,-17.94,-0.39,30.9
37380,0,7.2,57.65,42.38,169.1,-104.2,876.8,28.77,-13.65,-5.51,30.99
37400,0,0.43,36.89,59.33,-11.8,-167.0,893.5,15.48,-17.21,-3.14,31.12
37420,3.01,2.41,29.78,62.21,9.7,-127.0,957.6,10.93,-18.66,0.84,30.91
37440,0,0.76,21.61,65.85,24.9,-176.8,997.7,-8.91,-24.46,-0.38,31.46
37460,2.89,4.28,7.72,56.19,-35.5,-162.7,952.1,-16.48,-20.44,0.47,30.85
37480,2.27,0.69,0.87,46.67,-71.8,-163.7,1033.4,-29.49,-22.9,7.43,31.14
37500,0,1.02,7.03,27.81,-88.2,-74.8,1004.1,-43.71,-21.56,5.37,30.97
37520,5.7,2.46,5.32,20.7,-65.3,-152.5,956.6,-50.77,-15.07,5.23,30.74
37540,0,0.96,0,12.83,-55.3,-82.5,962.5,-63.16,-4.54,4.61,30.27
37560,1.69,1.45,0,7.4,-149.1,-62.4,954.0,-59.6,2.14,1.78,30.16
37580,3.68,0,0,1.39,-81.0,40.0,1003.4,-57.46,4.31,1.37,29.97
37600,0,0,3.47,2.6,-5.7,108.1,940.9,-56.34,8.33,-2.19,29.54
37620,0,0,0,3.06,-132.7,89.5,939.2,-52.08,4.86,-3.5,29.58
37640,3.14,0.17,0,0,-35.8,42.7,974.4,-38.46,4.44,-2.75,29.39
37660,0.97,0,0,0,-119.5,81.3,986.5,-33.73,15.58,-7.49,28.73
37680,6.29,0.68,0,0,17.5,110.9,1038.2,-27.52,21.25,-1.04,28.67
37700,0,2.68,0,0,-60.7,168.9,976.2,-12.4,12.29,-4.27,27.89
37720,76.67,22.49,7.22,1.64,-66.7,234.7,1017.5,-0.39,15.91,5.91,27.93
37740,63.99,30.55,14.84,1.93,35.2,180.7,917.3,17.04,15.62,3.9,28.78
37760,46.9,43.84,15.8,0,36.2,163.3,990.5,29.06,17.48,5.77,28.92
37780,34.05,51.24,30.34,2.02,4.2,109.0,847.9,37.7,4.46,3.9,29.07
37800,14.07,53.34,44.57,2.17,130.2,83.3,831.2,48.35,14.84,4.17,28.87
37820,5.17,52.59,61.47,2.36,127.5,137.2,792.5,48.09,7.38,0.88,29.26
37840,4.85,45.39,70.7,1.33,94.4,87.3,817.4,60.5,1.91,3.96,29.82
37860,1.94,35.56,83.59,6.49,77.1,27.0,802.3,51.14,1.75,1.48,30.16
37880,0,23.05,79.53,5.08,123.1,26.8,798.5,61.26,-12.67,-3.5,30.33
37900,2.88,16.78,83.32,15.83,203.0,-129.0,858.9,52.61,-10.91,-5.29,30.52
37920,0,11.21,74.05,29.59,107.8,-35.1,852.4,52.95,-6.14,-3.98,30.79
37940,1.57,3.87,64.79,43.59,-1.7,-183.5,917.7,32.12,-15.97,-4.16,30.81
37960,0,0,53.97,56.75,58.9,-113.9,934.3,28.96,-21.72,-5.43,30.97
37980,0,0,33.74,59.42,10.7,-225.1,992.5,11.69,-18.1,-3.68,30.83
38000,2.23,0.89,22.51,61.54,55.4,-185.8,959.1,-3.99,-19.09,0.21,31.09
38020,0.34,0,14.34,59.92,-40.6,-168.2,980.2,-13.64,-23.15,3.53,30.56
38040,1.98,6.5,10.3,56.7,-57.0,-153.8,922.4,-23.34,-23.35,0.93,30.75
38060,2.35,0,6.76,41.64,-90.5,-120.7,991.6,-36.88,-11.4,2.42,30.61
38080,2.86,0,5.18,31.59,-112.8,-11.7,987.2,-40.88,-16.97,10.98,31.07
38100,0,0.4,3.88,17.48,-41.8,-96.4,999.9,-54.12,-16.89,2.93,30.36
38120,0,0.03,5.77,10.18,-90.7,-9.6,995.1,-59.38,-6.89,2.37,30.65
38140,0,5.23,3.01,2.2,-102.6,45.4,958.4,-62.08,-5.75,0.59,30.2
38160,0,0,4.71,1.18,-123.1,172.0,1039.3,-59.85,18.23,-2.73,30.23
38180,3.88,0,0,3.75,-52.2,27.2,1061.0,-58.25,2.09,-3.6,29.66
38200,0.76,1.75,0.94,2.24,-79.9,44.5,1051.3,-45.76,16.55,-7.45,29.07
38220,5.05,5.51,0,1.71,-31.7,83.9,999.8,-34.65,18.33,-6.38,29.18
38240,0,1.44,0,0,-144.8,55.1,987.4,-26.68,15.19,-2.96,28.83
38260,0,0,0,0,-57.0,156.2,985.8,-17.19,13.47,-3.69,28.18
38280,0,0,0,0,-24.9,250.3,1052.6,-2.6,18.43,2.29,28.09
38300,70.97,30.53,6.3,0,-84.2,207.3,980.3,6.67,21.96,2.57,27.93
38320,56.45,40.02,8.85,2.06,68.2,266.4,959.7,22.31,18.52,1.3,28.85
38340,39.53,52.56,23.97,2.78,92.6,4.9,929.0,28.91,17.52,3.62,28.85
38360,27.94,51.57,34.42,2.65,123.7,151.1,843.6,51.47,11.47,3.73,28.86
38380,14.71,58.13,55.13,0.35,198.9,7.4,837.4,52.02,11.31,3.98,29.13
38400,3.8,49.24,64.72,0,132.4,40.2,850.3,56.17,11.49,3.74,29.98
38420,7.01,43.9,76.3,3.26,68.8,50.8,788.1,60.34,-2.31,3.3,30.14
38440,1.51,30.95,79.4,5.85,176.2,-72.8,823.7,59.51,2.27,-0.63,29.97
38460,0.16,17.25,84.76,12.67,46.2,-64.6,781.2,52.58,-2.55,-1.11,30.67
38480,2.55,6.49,75.31,18.13,104.3,-123.7,804.6,51.74,-20.21,-3.64,30.62
38500,2.17,8.65,69.44,28.86,101.9,-50.2,866.7,38.44,-12.44,-4.88,30.92
38520,0,1.7,60.58,47.69,24.9,-89.5,900.2,34.17,-14.41,-4.01,30.88
38540,0.47,1.82,46.39,54.62,-0.4,-226.2,918.1,16.23,-14.54,-3.11,30.94
38560,0,0.56,32.45,61.84,-54.8,-176.8,978.9,9.43,-25.17,-0.48,31.08
38580,0,0,19.53,62.37,-13.1,-147.8,1047.8,-2.41,-17.38,6.12,31.13
38600,5.51,0,10.56,59.75,-25.2,-102.0,1056.2,-24.44,-22.86,3.26,31.16
38620,3.84,0,9.26,45.54,-2.6,-91.6,995.5,-22.18,-18.36,5.75,31.13
38640,0,0.01,8.15,31.66,-157.4,-114.3,997.4,-39.32,-15.49,4.56,30.9
38660,0,0,2.34,19.98,-78.9,-80.3,1002.9,-48.68,-15.69,6.76,30.68
38680,0,0,3.05,14.43,-150.1,-6.3,1010.8,-55.8,-3.11,0.52,30.54
38700,0,0.7,3.11,1.17,-80.1,-34.7,1082.2,-60.05,-7.09,6.53,30.19
38720,0.2,2.23,6.98,2.12,-143.6,-0.1,1008.6,-56.98,-2.4,3.56,30.27
38740,0,0,0,0,-138.0,53.6,1017.0,-60.14,7.12,-0.25,29.67
38760,1.12,1.2,0,0,-75.3,57.6,1009.1,-53.95,15.3,-4.53,29.46
38780,0,0.53,0,0,-64.9,143.2,979.3,-43.49,15.47,-3.63,29.11
38800,0.29,0,0,0,-4.5,151.1,984.9,-34.32,11.95,-4.78,29.11
38820,3.49,0.85,0,4.32,-48.7,158.5,977.2,-23.92,16.93,-2.63,28.58
38840,0,0,1.45,3.41,15.1,123.9,992.1,-12.18,18.29,-0.76,28.3
38860,76.79,19.41,5.86,0,-18.8,189.3,961.3,2.66,26.89,2.68,27.58
38880,68.38,28.92,14.83,0,-84.5,130.5,942.3,13.24,18.37,1.39,28.42
38900,48.96,44.12,17.73,0,56.8,111.4,901.4,26.04,13.44,2.03,28.99
38920,32.69,52.65,25.39,0,25.4,46.5,867.3,33.57,10.89,2.44,29.19
38940,21.79,56.29,40.55,0,81.7,133.6,855.0,44.2,11.6,3.11,29.33
38960,10.57,52.88,52.17,4.71,96.5,88.2,824.9,52.46,6.4,7.73,29.59
38980,5.93,48.11,70.26,7.42,135.1,35.7,819.2,60.52,15.5,-3.77,29.73
39000,9.01,32.02,72.41,1.76,34.8,77.5,797.1,59.34,7.72,0.49,29.98
39020,0.67,24.62,81.53,5.49,128.8,-87.8,796.7,61.42,4.35,0.32,30.52
39040,1.0,17.57,86.33,13.4,85.1,-84.2,824.3,55.14,-11.36,-3.54,30.79
39060,0,5.64,77.45,26.81,92.1,-97.4,801.8,50.17,-10.61,-4.14,30.72
39080,2.5,4.77,62.71,39.18,127.4,-138.5,902.4,40.06,-25.53,-1.38,31.04
39100,0.97,0,50.34,50.52,-30.4,-201.4,919.1,28.66,-6.33,-4.66,30.73
39120,1.71,1.23,37.08,61.26,24.4,-174.1,935.9,10.82,-16.65,-0.72,31.0
39140,0,0,16.59,62.95,15.1,-107.2,1038.1,3.59,-16.76,1.2,31.23
39160,0.98,0,17.97,63.82,-9.3,-155.0,978.0,-17.12,-25.04,1.56,30.91
39180,0,0,6.18,57.38,-19.8,-70.7,1032.0,-26.84,-18.55,6.38,30.99
39200,2.6,2.41,7.64,43.01,26.3,-91.6,1026.2,-29.01,-11.16,7.17,30.65
39220,0,0,4.44,26.41,-167.3,-138.6,977.2,-42.28,-15.62,4.59,30.96
39240,0,1.68,6.26,23.82,-183.9,-40.3,987.1,-55.56,-10.64,4.63,30.66
39260,0,1.18,0.01,11.37,-112.3,10.4,1045.9,-50.96,-11.96,3.96,29.98
39280,2.43,1.81,5.36,5.72,-64.5,-36.5,1001.9,-57.95,1.4,2.17,30.13
39300,0,0,1.44,3.47,-75.5,-1.7,1003.8,-64.53,13.28,-0.45,29.85
39320,4.01,0,0.81,2.01,-120.8,52.7,993.2,-54.62,7.59,-2.96,29.99
39340,0,0,2.43,3.19,-32.9,169.5,1024.9,-46.91,16.2,-4.24,29.46
39360,3.6,0.92,0,4.7,-22.4,122.7,996.4,-38.29,22.68,-6.92,29.01
39380,0,0.17,0,5.12,-87.7,115.9,986.7,-32.59,18.33,-5.39,28.7
39400,0,3.78,0.16,0,-24.7,129.7,971.2,-19.67,12.98,-3.79,28.39
39420,0.26,0,0.68,0,66.2,220.3,986.4,-7.61,26.28,0.03,28.22
39440,79.44,25.87,8.19,0,-32.1,125.0,1009.1,12.32,16.0,4.76,28.49
39460,61.09,35.58,13.6,4.44,92.0,147.1,882.6,22.54,24.46,2.86,29.09
39480,41.17,45.16,26.14,0,-36.8,173.2,910.7,33.84,18.19,1.84,28.68
39500,27.09,53.2,32.17,1.48,104.0,65.7,894.0,42.11,5.55,1.89,29.13
39520,13.17,63.33,47.77,1.95,33.0,77.6,781.6,51.63,10.58,5.94,29.39
39540,0,47.88,58.09,0,116.5,61.2,856.0,52.39,14.7,3.07,29.68
39560,7.22,45.04,71.02,0.51,149.4,1.4,800.7,59.26,5.51,-1.44,30.1
39580,1.06,28.31,81.79,8.97,95.4,17.7,810.1,60.85,4.85,-1.59,29.85
39600,0,15.0,84.6,7.89,51.4,-21.4,783.7,57.89,-2.44,-3.0,30.38
39620,0.34,9.01,81.96,21.56,100.2,-154.8,808.0,52.43,-12.19,-4.83,30.38
39640,0,4.94,73.19,32.97,17.7,-107.9,835.2,42.73,-10.12,-7.05,31.11
39660,4.53,4.02,63.85,44.72,83.2,-57.8,895.9,31.45,-14.16,-4.08,30.79
39680,0,2.6,49.28,50.91,-27.5,-63.4,898.8,21.24,-14.35,-5.48,30.89
39700,0,0,32.05,64.17,142.9,-188.7,970.4,6.72,-20.4,-3.5,31.04
39720,1.17,0,19.32,62.07,-3.4,-25.8,1016.9,-3.85,-11.68,2.45,31.13
39740,0,0,14.52,59.75,-43.3,-201.3,974.2,-12.62,-13.42,2.27,31.32
39760,1.77,2.3,10.82,50.59,-94.8,-156.7,979.9,-24.48,-12.44,4.04,31.09
39780,1.7,0.1,7.77,35.33,-82.3,-142.6,1027.9,-39.66,-21.75,3.9,31.0
39800,0.93,0,1.26,19.71,-72.7,-113.7,972.3,-46.98,-10.45,4.93,30.91
39820,0,0,4.72,11.91,-132.3,-82.0,979.6,-55.13,-0.39,5.33,30.75
39840,0,0,0,5.54,-55.3,-87.4,1020.3,-60.65,-2.97,4.34,30.22
39860,5.15,2.39,3.79,0,-140.0,-60.0,964.0,-65.0,11.15,0.74,30.16
39880,3.89,0,2.4,1.88,-82.0,-3.1,989.0,-56.95,16.91,0.57,29.77
39900,0,0.1,3.67,0,-131.0,83.1,1047.5,-47.94,12.11,-5.34,29.66
39920,0,0.52,0,0.6,-74.8,56.6,1030.8,-43.36,9.43,-4.08,28.98
39940,0,6.16,0,1.69,-34.2,162.4,1006.2,-38.55,8.64,-6.3,29.04
39960,0.44,0,0,0,-64.9,4.6,1041.7,-27.66,18.01,-1.98,28.61
39980,0,2.4,0,0,-65.6,99.4,940.3,-7.33,21.67,1.09,28.33
40000,72.25,18.76,2.71,0,44.2,159.5,1020.1,5.2,13.96,-3.23,28.34
40020,66.24,32.95,9.66,0,-80.8,132.4,966.0,12.52,7.72,-0.57,28.3
40040,53.0,49.23,16.65,0,71.3,161.9,947.6,24.73,26.81,3.27,28.7
40060,37.31,50.74,24.53,4.06,99.2,145.9,898.1,41.51,17.21,1.2,28.87
40080,18.42,56.59,39.43,3.98,75.9,40.5,877.6,44.31,6.67,3.81,29.43
40100,14.26,53.91,52.49,0,141.2,66.1,814.3,57.83,4.62,4.46,29.39
40120,3.46,48.59,72.83,0,67.3,104.2,849.7,56.1,9.56,3.35,29.94
40140,2.08,39.79,76.48,7.25,38.4,26.9,799.4,63.22,2.64,-1.0,30.08
40160,0,24.61,84.16,4.1,102.3,0.1,749.1,56.49,-6.89,-3.03,30.13
40180,1.41,14.13,80.35,11.1,51.4,-15.5,869.1,54.91,-5.66,-2.56,30.5
40200,1.27,11.78,79.51,21.49,100.1,-209.5,849.4,48.33,-8.43,-5.63,30.61
40220,0,6.15,68.02,30.99,-22.6,-103.4,874.1,42.34,-15.53,-3.08,30.6
40240,0,0,52.04,50.2,83.0,-93.2,944.2,27.99,-16.86,-5.69,31.11
40260,1.62,0,41.72,62.85,-12.3,-238.1,928.3,11.9,-34.72,-7.56,30.89
40280,2.33,0.24,30.74,60.82,-99.2,-97.1,1037.6,-1.29,-30.44,2.75,30.62
40300,0,3.19,21.68,60.98,-17.4,-160.0,1019.3,-10.7,-25.74,0.82,30.63
40320,4.48,0,8.38,57.73,-68.6,-215.0,989.5,-22.67,-18.28,2.77,30.86
40340,5.05,0,7.78,45.31,3.9,-122.5,1001.5,-36.7,-10.59,3.72,31.02
40360,1.47,3.49,5.58,30.95,8.1,-168.1,997.2,-44.04,-8.37,5.33,30.73
40380,0,2.34,0,17.07,-151.3,-61.4,977.2,-46.76,-4.02,8.1,30.59
40400,2.78,0,0,15.7,-52.9,-2.7,1004.9,-50.13,-10.75,0.36,30.49
40420,0,0,3.0,2.13,-147.7,55.7,990.1,-59.08,1.31,0.71,29.96
40440,0,0,2.73,5.07,-77.1,-13.3,1014.2,-62.75,1.45,-2.32,29.66
40460,0,0,0,2.32,-69.2,30.4,973.7,-57.26,7.67,-2.97,29.78
40480,0,2.13,0,0,-109.2,-38.2,1031.2,-44.8,16.78,-4.69,29.46
40500,0,1.53,0,3.63,-26.5,132.9,1047.5,-42.67,10.76,-5.76,29.24
40520,0,0,0,2.83,-85.5,93.2,934.6,-29.99,19.25,-3.15,28.88
40540,2.95,0,2.31,2.92,9.9,71.0,1018.5,-22.75,16.04,-2.58,28.46
40560,2.58,0,3.85,0,-22.0,78.0,1010.4,-10.86,15.84,-3.16,28.26
40580,71.71,27.46,8.82,0,-48.7,108.1,949.3,4.65,9.64,4.06,28.0
40600,64.05,36.55,10.54,0,50.1,235.1,934.2,22.19,20.87,0.87,28.22
40620,41.73,47.42,16.07,1.76,23.0,129.0,910.3,31.2,13.33,2.07,28.8
40640,28.61,53.43,35.68,0,96.0,130.2,806.2,35.9,19.33,6.81,29.01
40660,16.05,55.92,43.96,0,95.6,75.6,836.1,53.14,9.59,1.36,29.48
40680,3.73,51.99,57.72,0.18,150.3,53.0,849.9,56.72,9.77,3.1,29.63
40700,6.03,42.76,70.99,0.66,129.0,14.9,830.0,56.9,7.12,3.47,30.07
40720,0,31.56,82.55,3.73,104.9,57.2,757.2,55.96,-4.42,-3.07,30.5
40740,0,22.75,84.03,11.3,179.6,-10.8,868.8,57.42,0.69,-3.12,30.4
40760,0,21.38,75.79,19.2,63.5,-8.8,823.2,53.15,-18.46,-5.3,30.89
40780,2.77,9.22,75.7,28.07,162.9,-100.2,862.0,49.43,-16.55,-3.63,30.82
40800,1.39,4.37,56.73,35.63,117.7,-169.2,896.1,39.65,-15.52,-5.22,30.92
40820,0,3.35,44.85,49.45,9.9,-48.2,902.2,22.67,-25.94,-5.07,31.22
40840,5.28,4.16,32.98,63.62,47.4,-123.7,948.3,13.19,-24.96,-2.59,31.25
40860,0.31,0,25.19,65.85,-49.4,-151.8,940.3,-2.87,-7.27,-1.91,31.09
40880,0,5.7,8.46,55.43,28.2,-206.4,1044.2,-10.99,-26.67,1.06,31.01
40900,0,0,9.18,56.53,-1.8,-80.6,984.6,-27.58,-23.03,5.8,30.75
40920,0,0,8.31,38.62,-117.9,-72.1,985.5,-40.97,-9.81,4.83,30.64
40940,0,3.01,1.95,21.83,-102.9,-82.7,1051.8,-45.11,9.42,3.47,30.62
40960,6.37,1.1,4.75,10.12,-62.2,-106.4,963.7,-56.39,-15.67,1.48,30.27
40980,0,0,0,5.3,-112.7,-22.2,1031.4,-57.94,-3.43,5.78,30.58
41000,1.99,0.49,0,4.66,-145.3,-23.2,975.0,-63.43,0.52,-1.28,30.27
41020,0,1.81,2.77,0,-178.7,30.5,945.1,-61.81,-0.41,-3.69,29.89
41040,4.33,0,1.17,0,-90.8,25.5,1032.6,-56.43,12.52,-3.16,29.43
41060,0.57,0,0,0,-9.2,108.1,1006.9,-47.11,10.44,-5.44,29.2
41080,4.98,0,0,0,-79.4,67.3,1098.6,-38.79,28.55,-6.36,28.72
41100,1.55,0,0.15,5.81,-48.3,184.5,1040.7,-31.87,13.13,-4.11,28.8
41120,0,0.53,0.69,0,33.0,96.0,948.8,-13.76,24.77,0.65,28.4
41140,2.28,0,0.72,4.26,-36.9,222.4,977.8,-2.79,15.34,0.09,28.19
41160,68.46,29.56,7.18,0,-45.8,185.2,957.0,12.41,25.74,1.66,28.26
41180,53.99,46.79,13.85,0,38.5,94.6,895.6,22.03,13.59,3.41,28.5
41200,40.05,53.74,26.18,3.19,119.9,121.1,852.7,36.71,10.22,7.54,28.72
41220,19.9,52.6,41.45,2.35,43.3,118.9,908.6,47.38,23.82,5.08,29.07
41240,6.28,60.85,50.87,2.4,87.5,63.7,851.5,46.33,10.63,5.34,29.78
41260,0.61,50.85,67.88,0.93,59.1,19.7,825.5,58.29,5.09,3.17,29.93
41280,3.64,46.81,73.55,0,30.2,38.1,763.6,60.85,-4.93,1.81,29.91
41300,0.78,27.53,84.92,5.5,190.0,-29.4,765.8,59.33,-4.51,-1.38,30.65
41320,0.07,20.28,82.77,11.96,133.5,-151.9,873.0,59.16,-0.07,-3.89,30.49
41340,4.32,6.07,71.14,23.08,106.6,39.2,813.9,49.23,-16.02,-4.69,30.58
41360,0,6.07,67.85,32.23,98.5,-128.5,855.7,42.47,-5.24,-5.27,30.74
41380,0,2.71,50.29,43.94,75.8,-62.2,904.1,36.94,-13.93,-6.32,30.83
41400,2.87,0,42.76,60.45,115.0,-203.7,940.6,24.53,-16.29,-2.96,30.74
41420,0.11,2.82,31.5,65.86,44.5,-179.0,994.3,2.79,-21.34,-2.96,30.87
41440,0.45,0.54,15.91,65.56,63.8,-93.3,1025.4,-6.42,-20.68,1.53,31.23
41460,1.48,5.63,11.64,56.45,-60.9,-84.8,1002.7,-18.7,-18.93,2.84,30.95
41480,0,0,8.28,40.28,-106.7,-145.4,1024.8,-33.14,-26.85,6.43,31.14
41500,0,4.8,5.34,33.09,-18.1,-98.8,994.0,-43.29,-15.13,3.41,30.98
41520,1.5,0,0,25.47,-144.7,-56.4,1017.3,-53.85,-13.54,6.32,30.8
41540,0.4,2.64,0,10.73,-109.1,-70.4,927.6,-60.06,-5.59,-3.56,30.4
41560,3.03,0,0,5.54,-30.4,35.5,1016.9,-54.72,-8.0,1.67,29.99
41580,7.09,3.86,0,0,-64.8,73.4,992.3,-59.22,1.96,-0.87,29.76
41600,0,0,0,4.2,-114.9,-21.1,968.3,-59.31,8.56,-1.21,29.26
41620,0,0,0.13,5.61,-154.8,22.9,947.2,-49.46,15.34,-1.02,29.41
41640,0,0,0,2.16,-33.2,160.9,1026.6,-39.19,18.34,-7.17,29.49
41660,1.34,1.61,0,0,49.7,152.3,1009.6,-33.87,20.9,-3.43,28.9
41680,0,2.2,1.6,2.07,-103.0,192.4,1039.1,-20.39,13.2,-6.69,28.76
41700,0,3.1,0,0,-17.2,105.2,1003.0,-8.33,19.6,-1.93,28.1
41720,75.08,27.99,5.08,3.93,96.3,173.4,1060.4,7.82,15.78,3.14,27.96
41740,67.63,36.64,11.57,1.57,-27.4,155.5,976.7,15.7,21.25,2.04,28.75
41760,46.37,48.54,18.3,0,-71.4,165.3,917.9,26.0,15.12,2.77,28.93
41780,28.49,53.38,28.62,4.63,91.2,59.7,854.1,37.04,12.49,0.35,29.32
41800,16.48,55.12,37.27,0,141.3,84.2,845.0,52.69,6.57,6.22,29.1
41820,5.75,57.58,58.14,0,130.1,-6.6,836.2,52.24,9.0,5.83,29.67
41840,0.58,46.02,74.06,3.68,16.9,84.7,797.5,60.3,8.02,2.43,29.92
41860,0,38.53,75.02,7.43,77.2,-44.4,831.6,58.74,6.73,-0.26,30.2
41880,2.06,25.03,82.93,12.02,139.4,-81.4,845.1,54.39,-3.83,-3.43,30.05
41900,1.43,11.41,77.69,10.72,76.6,-12.7,809.3,56.2,-14.18,-2.98,30.46
41920,0.78,4.46,76.92,26.76,105.8,-134.1,897.7,45.7,-10.75,-2.0,30.84
41940,3.0,4.05,60.29,39.99,24.2,-159.7,838.1,32.72,-9.77,-6.61,30.59
41960,0,3.02,50.6,50.2,51.7,-89.3,919.8,26.92,-16.18,-0.9,31.15
41980,0,0,33.14,59.55,70.2,-206.2,894.4,9.48,-10.27,-1.95,30.99
42000,0.65,6.16,21.54,64.42,18.3,-173.0,1007.8,4.94,-18.39,2.4,30.58
42020,3.11,1.91,11.41,59.7,62.9,-148.5,971.0,-11.08,-19.24,5.39,31.1
42040,0,0,9.48,52.92,-66.6,-114.8,987.8,-27.63,-16.64,2.71,31.01
42060,2.67,0.97,3.71,42.4,-26.0,-165.1,999.3,-39.05,-21.85,2.01,31.07
42080,0,0,1.63,25.92,-62.1,-65.8,1022.9,-43.31,-10.78,5.63,30.6
42100,6.2,0,0,18.35,-82.8,-72.5,982.4,-56.45,-10.75,5.81,30.39
42120,3.97,1.12,1.72,7.2,-31.0,-8.8,987.7,-59.93,-3.37,1.4,30.18
42140,0,0,0,1.65,-70.5,29.6,1001.6,-58.01,-1.69,4.49,30.22
42160,0.2,2.1,3.38,0,-117.5,-24.1,991.6,-62.57,9.99,-1.57,29.82
42180,0,2.57,0,5.87,-229.1,11.5,1067.9,-56.3,8.83,-1.29,29.52
42200,0,1.09,4.17,0,-36.3,143.3,1021.2,-50.12,10.1,-6.86,29.57
42220,4.13,0,0,0,-102.3,148.0,902.9,-39.67,24.21,-3.68,29.41
42240,0,0.08,0,0.07,-56.2,80.5,1055.0,-31.58,21.73,-2.68,28.85
42260,2.94,0.51,0,1.32,27.5,210.2,973.9,-15.76,14.84,-2.32,28.78
42280,0,0,0,0,-42.7,173.1,1015.3,-5.63,21.68,-1.41,27.95
42300,71.76,26.22,4.37,0,-5.6,178.2,946.7,4.87,22.88,0.33,28.49
42320,59.66,38.64,12.1,1.33,110.4,188.1,922.3,24.12,30.79,0.6,28.19
42340,35.43,53.54,21.57,0.85,79.9,94.7,880.7,32.65,17.65,5.08,28.54
42360,22.34,59.61,32.91,0,96.6,140.2,904.8,41.08,15.96,2.52,29.3
42380,7.37,56.21,49.61,1.07,125.0,91.0,810.5,49.52,-1.06,5.7,29.62
42400,3.32,51.68,59.85,0,122.6,75.4,812.4,54.92,9.11,4.92,30.1
42420,0,44.53,72.46,1.49,136.9,34.3,815.7,58.25,5.99,1.83,30.02
42440,0.67,34.21,80.2,5.36,91.2,-44.7,807.9,54.84,-3.92,-0.99,30.43
42460,1.58,21.84,80.34,16.21,122.5,-130.2,832.2,61.44,-13.09,-5.25,30.67
42480,0.69,10.91,79.74,23.12,5.2,-161.6,787.9,52.29,-8.99,-5.54,30.44
42500,0,6.06,62.45,32.31,58.6,-90.7,847.5,41.53,-23.11,-6.73,30.47
42520,0,0,57.55,42.16,43.4,-147.1,928.2,33.83,-16.42,-6.46,30.79
42540,0,0.23,45.26,62.21,170.0,-100.3,946.5,19.0,-13.83,-5.59,30.84
42560,2.09,0,32.37,64.8,31.9,-157.3,962.0,6.82,-8.46,-1.08,30.64
42580,0,0,22.92,66.64,-82.2,-166.5,1020.3,-2.94,-26.66,2.48,30.78
42600,1.17,4.92,15.31,53.65,3.9,-149.0,996.8,-14.18,-20.31,4.02,31.15
42620,0.09,0,7.21,48.74,-71.3,-215.7,1016.5,-27.72,-19.68,4.12,31.17
42640,0,2.54,1.43,35.79,-133.3,-102.0,1069.5,-43.4,-13.93,6.99,30.81
42660,7.32,0,1.14,16.42,-46.4,-100.6,1062.7,-47.86,-17.45,5.01,30.42
42680,1.66,1.89,3.04,9.82,-112.2,-64.5,1034.0,-59.47,-3.67,3.88,30.35
42700,1.15,2.36,0.53,1.24,-167.4,41.8,969.2,-58.72,3.77,3.24,29.85
42720,1.24,0,0,7.84,-137.6,53.4,1000.8,-48.01,-2.48,-1.14,30.07
42740,0,0,0,0,-89.7,0.2,1024.3,-59.26,6.36,-2.79,29.81
42760,5.31,0,3.15,6.31,-46.3,74.8,1016.6,-56.48,7.34,-3.59,29.59
42780,0,0,2.66,0,-94.8,161.7,1011.4,-52.81,9.25,-3.2,29.35
42800,0,0,2.14,0,-24.0,220.7,977.6,-37.43,16.88,-5.27,29.04
42820,0.74,4.99,0,0,1.8,123.4,1032.8,-23.09,19.85,-0.56,28.33
42840,0,0.24,1.77,0,16.8,175.7,969.9,-11.24,17.94,-2.55,28.63
42860,74.02,25.37,3.45,0,41.6,191.1,964.1,2.65,21.56,-0.45,27.6
42880,65.16,34.34,10.79,0,51.2,239.2,924.8,18.22,26.31,1.76,28.57
42900,56.23,43.54,22.16,2.41,0.6,196.2,918.4,22.86,4.9,2.68,28.5
42920,26.01,47.69,27.09,1.18,124.4,139.0,885.2,43.91,20.28,4.24,29.06
42940,16.58,54.81,40.65,0,71.7,77.3,818.0,47.07,13.27,7.56,29.34
42960,5.93,60.42,54.14,0,95.2,106.1,751.5,55.21,6.83,2.57,29.36
42980,7.86,48.63,66.16,4.94,128.8,-46.6,806.7,57.76,-0.95,1.19,29.71
43000,2.43,36.59,78.32,1.76,111.5,68.7,764.8,56.22,1.38,2.11,30.29
43020,0,23.86,81.14,7.58,55.3,-28.7,774.3,58.28,0.69,-0.94,30.42
43040,0,17.26,83.21,19.08,84.1,-74.0,900.1,48.88,-0.68,-1.03,30.83
43060,1.03,6.52,76.42,29.1,122.7,-63.6,870.3,40.9,-8.93,-3.77,30.75
43080,0,1.88,65.17,35.34,115.1,-111.1,847.6,40.57,-16.37,-2.55,30.86
43100,0,3.76,52.95,50.89,23.2,-186.6,874.2,31.89,-23.0,0.03,30.79
43120,0,0,38.89,64.2,-2.7,-81.7,915.6,11.77,-13.99,-4.31,30.93
43140,1.14,0.49,27.32,62.58,28.1,-169.2,950.9,4.04,-17.3,-0.2,30.84
43160,2.96,0,13.62,58.18,33.8,-266.6,938.1,-8.73,-20.54,4.67,30.78
43180,0,0,11.73,49.6,-21.4,-119.9,1011.4,-25.91,-19.7,3.79,31.27
43200,0,0,3.85,44.36,-15.3,-97.5,1031.4,-33.81,-17.2,5.92,31.02
43220,0,1.06,3.21,25.39,-52.5,-173.0,998.3,-48.08,-19.86,4.16,30.61
43240,0,0,4.14,22.6,-102.1,-119.0,1005.3,-49.34,-6.84,4.08,30.52
43260,7.18,1.43,5.18,4.24,0.8,-19.2,1009.9,-53.55,-14.36,5.37,30.5
43280,0,3.31,3.7,3.86,-12.9,-25.2,997.2,-57.97,-10.71,1.58,30.18
43300,0,0,0.82,0.33,-65.7,-0.7,1021.4,-60.39,6.99,-1.0,29.75
43320,0.68,0,0,7.34,-51.7,50.3,1044.2,-58.44,-6.11,-4.24,29.56
43340,0.63,0,0,3.51,-28.7,120.0,1021.6,-52.23,10.05,-7.34,29.37
43360,0.43,0.04,0,2.63,-127.4,148.6,961.8,-43.3,10.73,-5.46,29.28
43380,0,0,0,3.01,-77.9,199.2,1020.3,-32.46,13.9,-7.18,28.48
43400,0.7,0,0,0.77,-48.0,196.2,966.9,-18.82,17.55,-4.39,28.09
43420,4.05,0,0.78,0,-34.7,168.7,1017.8,-2.65,22.06,0.56,28.45
43440,70.86,31.53,8.41,1.17,34.8,125.6,972.4,8.36,18.79,1.89,28.31
43460,59.25,39.8,11.06,2.03,116.2,101.5,927.3,20.67,19.27,6.53,28.58
43480,43.81,51.1,20.61,0,146.6,96.5,916.3,31.3,14.98,5.19,28.47
43500,33.41,51.01,39.17,0.34,-15.0,96.5,852.0,41.72,9.38,6.08,28.6
43520,8.97,59.06,45.28,4.47,72.3,145.8,884.3,50.86,13.08,2.6,29.3
43540,3.31,52.35,59.88,0.01,22.5,-42.9,809.3,55.5,6.35,1.13,29.79
43560,0,42.91,71.06,4.18,61.3,16.9,837.5,62.3,-2.66,-1.39,29.91
43580,1.5,37.35,79.98,7.69,73.1,-83.7,767.8,56.0,-7.33,1.14,30.11
43600,0,20.22,84.12,13.69,142.9,-7.7,831.6,59.82,-9.66,-5.25,30.26
43620,0.54,14.12,76.55,23.77,108.6,-44.0,786.7,53.52,-17.14,-2.16,30.83
43640,1.86,0,69.9,27.52,74.7,-91.0,822.6,49.72,-13.73,-6.91,30.99
43660,0,2.71,60.03,46.32,45.5,-176.9,906.7,38.57,-17.32,-5.5,30.73
43680,3.49,1.75,45.91,55.46,-8.8,-152.0,929.1,16.93,-12.31,-3.12,31.04
43700,1.72,0,29.75,63.83,105.8,-204.5,971.6,9.67,-17.2,-2.02,31.29
43720,0,0,17.56,66.82,-31.6,-216.2,963.4,-1.18,-10.75,-0.03,31.02
43740,0,0,8.67,55.49,73.6,-70.8,977.7,-13.14,-27.48,3.04,31.13
43760,1.78,0,9.71,43.27,-30.9,-91.3,994.9,-30.4,-6.38,0.33,30.91
43780,0,4.12,0.14,35.24,-113.7,-89.6,989.7,-43.63,-11.83,7.56,30.82
43800,0,0,1.29,21.62,-125.8,-7.5,1042.4,-53.42,-15.39,6.86,30.3
43820,0.41,0,0,11.8,42.8,-21.6,945.3,-59.88,0.81,3.8,30.53
43840,0.25,3.43,0,2.77,-106.0,64.9,983.8,-57.49,-5.98,1.73,30.29
43860,1.78,0,0,3.79,-79.2,51.6,1041.0,-59.63,4.76,-1.27,29.71
43880,0,0,0,0.97,-132.6,16.1,974.8,-56.98,14.67,-2.06,30.23
43900,0,1.21,1.49,0,-17.0,103.8,971.7,-49.6,11.68,-3.96,29.33
43920,0,2.98,0,0.5,-36.4,97.1,1043.5,-44.9,10.41,-5.44,29.35
43940,0,0.5,0.26,0,-53.5,89.1,1043.0,-33.68,19.69,-6.86,28.86
43960,0,2.56,0.46,4.25,-116.1,124.6,982.8,-23.9,23.52,-1.47,28.66
43980,3.8,0,2.42,0,-82.2,88.2,965.6,-18.47,19.9,-4.12,28.45
44000,76.76,20.91,0.6,0,30.1,96.0,1008.5,-0.02,16.17,-3.35,27.84
44020,67.5,34.38,9.17,0,89.7,138.7,981.1,12.05,25.37,3.91,28.42
44040,48.77,40.33,16.23,0,11.4,133.1,886.1,30.66,18.5,2.38,28.74
44060,36.66,46.07,31.06,0.27,136.4,149.9,858.4,34.35,17.87,4.59,29.01
44080,12.41,56.85,39.98,3.85,102.9,125.2,787.9,44.09,13.71,4.58,28.93
44100,10.92,55.16,48.55,3.04,47.2,61.5,858.2,55.28,9.35,0.05,29.68
44120,0,50.15,63.78,4.33,131.6,119.4,836.9,52.09,6.07,3.92,29.9
44140,1.31,35.76,80.2,0.12,99.1,19.1,714.0,62.66,2.42,-1.13,30.12
44160,0,25.15,81.15,7.52,100.7,-75.6,842.7,59.41,-3.1,-0.9,30.73
44180,0,19.26,81.94,17.18,126.1,-74.6,820.7,55.02,-3.82,-7.08,30.11
44200,1.44,10.19,72.83,20.87,102.8,21.6,840.4,51.06,-8.95,-6.44,30.64
44220,6.09,0.95,64.23,32.34,169.8,-125.4,873.7,38.61,-18.0,-4.22,30.68
44240,0.5,4.57,57.8,50.83,94.0,-148.7,918.9,28.14,-19.23,-3.39,30.93
44260,4.38,0,33.94,58.21,65.7,-33.2,968.9,15.03,-15.51,-0.42,30.87
44280,0.8,0.24,28.44,59.67,88.7,-133.6,998.5,0.3,-17.26,-1.35,30.92
44300,0,0,20.89,63.64,14.7,-253.2,1037.2,-8.09,-15.72,-1.52,31.01
44320,2.39,2.67,3.33,53.33,-106.8,-132.3,1082.3,-20.08,-13.77,2.08,31.0
44340,2.23,0,5.54,48.02,-121.9,-145.3,1048.5,-39.17,-23.13,1.45,30.83
44360,0,0,5.98,24.97,-151.4,-147.7,1107.8,-46.24,-17.33,-0.83,30.56
44380,0,1.5,2.49,23.03,-72.5,-75.5,1056.8,-51.35,-7.97,2.83,30.86
44400,2.6,1.07,7.33,10.59,-241.4,-27.2,987.9,-58.31,0.45,3.25,30.42
44420,0.12,1.18,0,2.94,8.5,-44.8,999.3,-58.59,-0.55,2.52,30.3
44440,0,4.57,0,0.84,-199.0,3.1,974.5,-62.05,1.73,0.51,29.76
44460,0,0,0,0.43,-46.2,5.5,982.8,-57.18,-6.65,-4.5,29.57
44480,0,0,0,1.49,-36.2,27.8,1016.7,-49.31,3.73,-6.14,29.6
44500,0,0,0,0,30.9,109.4,966.6,-42.79,10.34,-5.35,29.12
44520,0,0,0.41,0,-41.6,7.4,979.2,-25.97,16.93,-4.97,29.03
44540,0.08,3.27,0,2.42,-51.1,186.6,1026.8,-23.41,26.99,-6.21,28.52
44560,1.05,0,1.27,0,13.5,234.8,946.1,-13.77,11.03,1.33,28.34
44580,79.54,23.63,4.93,0,-46.7,194.5,994.0,6.74,24.83,3.43,28.17
44600,63.58,36.32,10.35,3.03,-44.1,125.5,967.1,24.12,14.24,0.59,28.4
44620,52.56,45.69,18.92,3.41,45.0,53.9,900.9,31.9,20.21,7.39,29.12
44640,29.18,56.22,35.46,3.47,69.2,35.4,869.2,43.1,11.29,4.3,28.93
44660,20.67,57.2,39.6,1.34,56.8,134.7,783.1,52.81,2.41,8.26,29.38
44680,4.92,51.26,54.92,3.34,171.0,-10.3,814.3,53.61,0.66,6.62,29.66
44700,1.84,42.51,68.75,6.04,156.6,4.8,849.4,59.01,4.75,3.34,29.98
44720,0,29.14,81.3,4.66,163.3,70.2,780.8,58.31,-1.43,0.44,30.62
44740,0,20.37,81.47,9.63,147.4,-69.5,832.8,57.61,-2.82,-2.09,30.3
44760,0,6.67,73.99,19.88,78.5,34.1,821.5,49.85,-8.19,-4.76,30.76
44780,0,6.19,75.5,27.94,85.2,2.8,854.5,43.6,-6.26,-5.36,30.5
44800,2.56,8.77,59.22,41.65,102.0,-210.3,874.0,30.39,-17.68,-2.01,30.98
44820,0,6.86,45.05,53.4,-55.4,-213.2,954.5,25.11,-16.93,-3.75,30.59
44840,1.3,1.9,39.01,66.92,-11.4,-143.1,989.0,14.62,-18.32,-2.39,31.0
44860,4.61,0.72,23.86,66.23,-27.1,-214.8,1011.8,-0.96,-18.64,1.73,30.7
44880,2.75,0,12.57,56.06,-101.7,-88.5,988.9,-14.84,-26.27,3.04,30.92
44900,3.62,0,5.52,52.43,-65.9,-108.4,985.4,-29.57,-13.27,4.43,31.01
44920,4.17,0,5.71,41.55,-148.8,-86.1,987.9,-37.44,-6.97,0.63,31.04
44940,0.17,3.61,6.93,23.96,-52.3,-153.0,1002.4,-49.14,-13.65,4.97,30.98
44960,0,0,2.56,17.79,-98.3,-8.2,1004.2,-51.95,-8.69,2.67,30.46
44980,0,0,0,9.12,-98.0,-74.5,1022.0,-59.72,-3.05,0.2,30.37
45000,0,0,0.41,5.95,-90.5,-41.2,960.4,-60.1,-4.43,-1.24,30.33
45020,0.04,2.13,0,0.6,-66.8,74.1,1028.5,-63.67,2.7,-4.1,29.9
45040,2.42,0,0.72,0.09,-85.1,73.6,1041.6,-55.5,2.55,-2.7,29.65
45060,2.08,0,3.01,0,-39.3,127.4,1021.0,-44.66,12.09,-2.0,29.35
45080,0,0,0,0,-69.3,169.9,965.3,-38.96,17.94,-3.72,29.01
45100,0,3.66,0,0,-37.4,54.4,1056.9,-27.77,11.38,-5.25,28.78
45120,1.12,1.21,0,5.82,16.9,233.7,1064.1,-18.98,24.66,-4.61,28.5
45140,2.67,4.34,3.28,0,-38.3,200.6,981.2,-1.43,14.27,2.26,28.05
45160,69.19,34.74,4.81,3.09,-81.7,220.7,990.8,12.22,16.09,1.84,28.29
45180,60.76,44.87,17.93,0,-17.6,114.7,918.1,28.26,19.95,4.04,28.6
45200,38.07,56.26,24.53,0.81,-8.5,86.9,890.0,35.3,19.59,3.86,29.01
45220,20.77,53.7,33.68,0,108.5,31.9,787.1,41.98,9.31,3.82,29.23
45240,13.88,53.89,49.31,4.94,119.3,68.4,850.5,54.05,13.39,6.91,29.57
45260,5.84,46.8,65.23,0.42,62.5,13.3,749.1,57.35,-0.32,3.98,29.69
45280,6.39,40.61,72.15,1.79,42.8,127.5,790.4,61.76,6.09,1.54,29.81
45300,0,25.37,79.62,8.59,80.5,-4.8,797.8,56.6,-4.93,-4.09,30.3
45320,1.52,14.66,82.3,19.2,142.0,-74.8,782.3,56.59,-14.48,0.77,30.48
45340,4.38,0,84.02,27.27,99.4,-71.0,801.7,53.38,3.75,-2.68,30.76
45360,2.71,8.33,69.82,33.97,-15.0,-150.3,857.1,38.79,-24.04,-2.91,30.7
45380,0,0.6,56.65,47.04,96.0,-10.6,884.5,31.09,-11.35,-5.27,31.27
45400,1.42,0,41.35,57.96,3.1,-60.9,990.9,19.31,-21.21,-5.82,30.84
45420,2.71,0,23.44,61.9,5.0,-186.8,956.6,5.77,-14.41,-1.25,30.86
45440,1.81,0,15.3,63.83,15.3,-205.7,958.7,-3.35,-15.21,3.44,31.03
45460,2.33,1.43,18.83,55.78,-13.2,-74.7,1034.9,-17.98,-18.54,5.99,30.99
45480,0,0,5.77,45.47,-96.8,-62.8,1025.0,-33.14,-15.43,4.52,30.99
45500,0,0.03,4.96,34.83,-82.7,-33.7,944.2,-34.31,-13.29,4.99,30.75
45520,1.42,0,5.35,23.27,-38.3,-127.0,1033.5,-48.44,-15.43,4.69,30.51
45540,1.57,3.96,0,13.8,-89.4,-1.9,999.5,-58.82,-4.52,3.34,30.73
45560,0.03,0,4.72,6.41,-70.2,-57.3,1033.6,-63.24,-7.53,1.86,30.38
45580,0.1,0.23,0,5.61,-169.0,0.9,986.0,-60.99,6.5,-2.14,30.13
45600,1.04,0,1.82,0.93,-57.8,71.5,942.7,-59.49,-7.05,-3.01,29.69
45620,0,3.57,1.07,2.25,-212.7,160.8,985.8,-50.15,13.39,-5.12,29.69
45640,0,5.03,0,1.83,-128.4,133.7,999.5,-45.18,11.54,-2.01,29.36
45660,4.53,0,0,0,-11.8,139.0,1005.2,-35.9,14.36,-3.22,28.75
45680,0,0,0,1.05,59.1,204.7,1004.0,-19.84,21.46,-3.07,28.47
45700,0,0,1.46,1.26,161.0,213.0,990.7,-14.19,25.01,1.77,28.26
45720,74.7,20.51,5.28,0.27,-46.1,136.6,926.8,4.64,18.05,-0.85,27.9
45740,64.08,31.63,13.52,2.26,43.1,105.1,947.9,9.98,18.98,3.52,28.61
45760,47.14,44.15,19.43,2.63,39.0,160.4,884.6,31.57,16.02,0.99,28.68
45780,31.11,54.66,29.08,0,196.6,131.6,898.7,43.56,5.5,1.19,29.22
45800,14.47,49.62,42.86,0,29.6,98.0,891.7,44.75,10.01,3.81,29.5
45820,6.8,54.94,60.77,2.91,173.7,176.4,807.4,54.95,8.69,4.64,29.81
45840,1.2,45.41,68.33,0,31.0,58.7,853.6,57.92,-4.35,3.16,29.93
45860,0,28.92,79.18,5.74,87.7,-38.7,811.0,56.3,6.12,1.44,29.87
45880,0,19.53,80.26,12.46,31.8,-76.3,782.4,56.95,-12.73,-1.12,29.99
45900,1.23,16.64,81.73,13.11,104.9,-6.7,829.1,59.97,-4.26,-3.13,30.59
45920,0,3.34,75.65,28.85,108.7,-108.3,845.2,43.43,-11.92,-2.59,30.83
45940,0,0.85,65.76,40.65,50.8,-168.7,825.2,38.64,-8.53,-1.42,30.54
45960,2.31,0.22,54.27,56.63,-26.2,-147.0,892.4,26.5,-13.68,-2.42,31.02
45980,0,2.62,37.69,58.98,5.9,-144.1,1010.3,8.54,-20.68,-2.47,30.89
46000,0,0.78,29.7,59.31,50.3,-171.7,1006.7,0.54,-13.42,-0.77,30.88
46020,0,2.47,12.1,64.8,14.0,-155.6,993.3,-12.47,-17.56,0.41,31.17
46040,4.13,1.57,9.19,56.06,-23.9,-115.6,1017.2,-26.46,-24.88,5.73,30.67
46060,5.16,0,1.82,39.95,-135.6,-75.6,996.9,-33.99,-21.49,4.75,30.8
46080,0,0,0,28.21,-69.9,-177.3,986.1,-45.49,-7.09,7.64,30.63
46100,3.89,4.81,0,20.18,-99.2,-155.8,987.0,-47.6,-3.11,5.57,30.6
46120,1.66,0,3.04,7.11,-89.4,-29.1,1053.5,-56.54,-3.85,1.52,30.44
46140,0,2.66,0,5.63,-195.6,-3.7,992.2,-58.16,1.92,1.31,30.34
46160,0,0,0,1.33,-124.9,36.2,1022.6,-57.02,-10.37,-0.56,30.09
46180,0,0,0,0.76,-131.4,65.8,957.9,-51.74,5.19,-5.24,29.48
46200,0,0,6.44,0,-67.8,89.4,1007.9,-48.01,13.38,-4.3,29.23
46220,0,0,0,0.03,-22.7,135.5,1042.5,-45.2,17.87,-3.74,29.18
46240,0,0,0,1.18,-115.2,175.4,1045.6,-36.29,19.62,-3.25,29.05
46260,0.24,0,0.88,0,36.7,181.8,1001.1,-12.32,18.38,0.75,28.43
46280,0,0,0,1.19,12.7,105.1,1018.1,-5.29,15.71,-5.06,28.54
46300,75.39,27.98,8.91,0,47.5,220.2,932.8,8.27,19.81,-0.49,28.21
46320,54.15,39.46,16.24,0,134.9,119.0,848.1,18.66,9.68,2.86,28.66
46340,40.97,58.69,17.14,3.18,29.0,70.8,910.7,37.72,17.51,5.41,28.42
46360,22.41,61.8,34.82,2.9,31.0,150.4,845.3,46.88,15.02,3.76,29.24
46380,16.94,51.68,49.25,3.18,43.2,-1.1,854.4,50.41,14.47,5.08,29.52
46400,3.47,46.57,61.54,0,114.3,120.7,843.8,57.94,6.45,3.1,30.1
46420,0.97,37.39,73.59,8.56,102.1,2.8,800.3,56.87,4.92,-0.63,29.97
46440,0,32.04,85.22,2.79,106.8,-58.7,782.8,54.8,-15.35,-1.11,30.38
46460,0,19.74,83.32,14.77,-11.5,-60.8,805.6,53.11,-0.73,-1.18,30.53
46480,1.0,6.14,79.83,25.13,-6.2,-69.5,850.4,49.63,-11.11,-3.68,30.59
46500,0.64,4.85,69.52,34.21,78.4,-93.9,873.1,43.12,-9.6,-2.91,30.79
46520,2.34,5.36,57.01,44.68,13.6,-40.1,890.9,35.34,-24.0,-4.57,30.88
46540,0.62,5.98,42.71,51.76,72.1,-135.2,922.7,25.11,-17.81,-5.37,30.63
46560,4.06,1.88,29.34,64.48,29.0,-161.3,1005.9,5.24,-25.86,-1.8,30.72
46580,4.04,2.11,18.09,62.91,68.7,-101.4,957.7,-5.7,-15.49,0.19,31.1
46600,0,1.63,5.21,57.79,-18.9,-134.8,972.4,-23.16,-19.81,5.14,31.04
46620,0,0,10.29,45.38,-8.2,-166.8,1010.7,-34.17,-8.55,5.58,30.87
46640,0,0,2.17,31.93,-74.7,-125.8,977.5,-37.23,-11.14,4.47,31.03
46660,0.72,0.67,0,24.68,-73.7,-14.9,1047.6,-52.78,-23.42,2.71,30.84
46680,6.66,0,6.61,18.07,-48.5,-17.9,1016.4,-54.59,-10.37,5.31,30.51
46700,0,1.91,1.68,5.9,-119.6,5.1,1041.8,-56.36,-0.78,4.59,30.24
46720,0,1.91,3.11,5.94,-77.2,-7.0,999.0,-56.79,4.94,1.02,30.14
46740,0,0,3.03,2.22,-133.2,-40.9,968.0,-58.67,0.41,-2.93,30.18
46760,1.6,0.72,0,0,-109.8,97.6,984.4,-52.37,4.43,1.12,29.6
46780,0,0,0,0,-134.6,116.5,1083.8,-48.4,7.39,-1.42,29.32
46800,0,5.35,0.66,0,-151.2,106.2,976.0,-37.72,14.91,-1.84,28.88
46820,1.5,0,3.19,1.05,-12.8,79.9,1052.2,-28.44,15.75,-5.73,28.84
46840,0,0.37,3.28,3.16,47.8,59.4,1024.1,-11.86,10.51,1.35,28.64
46860,77.65,25.29,0.53,0,-25.9,128.5,970.7,-0.08,12.78,1.74,27.87
46880,71.07,36.82,10.91,0,27.3,183.5,980.4,19.59,16.74,-0.16,28.34
46900,53.81,40.97,20.89,0,133.3,155.0,876.6,24.07,19.57,5.11,28.29
46920,35.35,50.79,31.19,0,111.8,148.4,855.2,40.05,20.91,5.87,29.31
46940,19.94,53.68,37.56,0.31,73.7,175.6,850.8,45.86,12.98,5.02,29.25
46960,5.92,54.14,53.77,0,73.4,89.0,784.7,57.4,5.67,4.12,29.16
46980,6.39,43.14,70.27,0,-9.2,43.9,784.7,57.26,1.81,0.86,29.24
47000,0,33.07,76.16,10.76,29.3,-32.5,811.4,58.22,-2.42,2.56,29.84
47020,1.27,18.67,84.99,4.47,36.9,-44.0,836.4,57.45,-0.27,-3.92,29.93
47040,0,11.42,82.63,11.98,82.0,-113.3,861.1,50.18,-8.95,-6.09,30.5
47060,4.73,4.79,78.05,22.52,113.1,-99.8,864.7,46.27,-4.91,-2.52,30.77
47080,4.35,6.72,69.53,36.0,63.8,-173.2,882.9,39.37,-11.06,-4.75,30.95
47100,0,1.25,46.29,55.7,7.7,-125.6,900.5,28.59,-19.93,-4.62,30.98
47120,4.8,0.64,35.17,59.98,25.6,-196.8,936.0,14.33,-18.42,-3.87,30.74
47140,0,0,28.0,63.43,105.5,-86.0,979.6,-1.85,-16.35,-2.47,31.1
47160,2.74,0.44,16.27,58.08,50.8,-82.6,1021.5,-9.0,-18.52,4.09,31.06
47180,0,2.26,10.22,56.16,68.1,-128.5,1025.7,-24.36,-16.73,6.81,30.98
47200,0.68,0,2.62,43.3,-168.7,-88.0,1004.9,-31.56,-15.92,4.21,30.87
47220,2.45,1.68,0,28.31,-71.0,-106.1,1050.3,-40.04,-11.59,-0.03,30.7
47240,5.81,0,6.99,18.39,-88.1,-68.8,993.1,-50.37,-5.12,5.42,30.79
47260,1.13,0,0,4.32,-170.7,-102.4,989.4,-62.59,-3.96,1.11,29.98
47280,1.11,6.22,0,3.29,-98.8,-43.1,957.0,-63.33,2.77,0.52,30.16
47300,0.14,0,1.45,0.27,-31.5,64.6,1006.3,-60.14,3.67,-2.81,29.84
47320,0,0.9,0,0,-101.6,18.7,1036.7,-49.07,11.17,-3.09,29.58
47340,1.95,4.61,0.43,0,-33.1,85.2,993.9,-50.29,11.32,-4.2,29.46
47360,1.52,0,1.82,0.34,-97.5,65.6,997.8,-44.25,12.06,-5.55,29.27
47380,0,0.86,1.03,2.12,-131.5,130.2,1025.0,-32.94,31.94,-3.12,28.46
47400,0,1.23,0,0,-71.8,116.3,977.6,-21.08,13.87,-2.45,28.67
47420,0,0,0,0,49.6,196.9,962.6,-9.85,27.31,-1.76,28.4
47440,72.66,25.83,9.18,0,-1.9,102.2,946.5,8.93,18.17,1.47,28.06
47460,60.24,34.81,10.78,0,115.8,168.7,946.2,18.72,16.88,4.77,28.46
47480,45.43,47.5,21.12,1.54,197.7,94.2,909.1,31.81,14.73,5.11,28.82
47500,25.94,54.29,31.12,1.32,1.3,37.8,883.5,42.16,15.11,2.61,28.78
47520,12.66,53.59,47.52,3.02,53.4,138.7,808.5,49.7,8.98,6.38,29.37
47540,6.05,50.61,60.8,0.73,54.4,-24.3,815.4,55.6,9.35,1.18,29.66
47560,3.79,45.53,73.27,5.4,112.8,-50.3,796.2,61.89,-1.62,2.93,29.89
47580,0.43,32.41,79.49,6.3,105.1,-39.8,769.7,60.94,7.25,-1.2,30.17
47600,0.07,19.94,85.4,10.46,95.8,-132.7,822.5,52.61,-8.1,-3.47,30.46
47620,0.07,10.77,78.16,22.99,24.2,-157.8,836.5,55.17,-9.64,-1.02,30.37
47640,2.22,6.02,68.62,30.06,153.4,-21.9,854.6,45.87,-9.73,-4.73,30.97
47660,3.62,0.68,58.52,43.1,40.9,-170.8,929.8,36.32,-14.96,-6.45,31.14
47680,0.7,2.17,50.05,55.47,-14.9,-201.5,968.2,24.19,-26.29,-7.86,31.02
47700,0.67,1.24,32.71,53.5,77.1,-123.0,1002.7,7.27,-28.04,-5.07,31.42
47720,0,0,23.61,63.26,20.9,-159.3,1015.6,-4.04,-27.22,-0.79,30.87
47740,0,0,17.21,59.69,-10.7,-147.1,1024.7,-15.75,-20.03,0.71,30.89
47760,0,0,0.84,51.46,32.0,-32.0,960.9,-29.09,-16.35,3.1,31.04
47780,0,0,2.95,36.14,-102.6,-105.4,1057.3,-38.71,-16.79,7.59,30.84
47800,1.5,0,6.13,21.66,-127.0,-75.4,933.9,-44.25,-8.21,5.85,30.97
47820,0,5.41,0,14.4,-133.3,-90.5,1025.5,-54.32,-8.14,0.32,30.69
47840,0,2.66,0.47,1.57,-62.6,-25.7,1019.1,-62.99,-5.19,2.31,30.28
47860,2.25,0.55,0,0,-64.1,11.3,977.1,-61.8,5.21,-2.04,30.09
47880,3.44,4.0,4.05,4.02,-57.5,99.6,1035.9,-58.01,9.56,-0.2,29.61
47900,0,2.42,0.45,0.33,-78.7,123.5,1013.9,-56.89,3.54,-6.37,29.53
47920,3.02,0.48,0,0,-89.0,32.1,968.9,-48.54,12.78,-6.12,29.47
47940,1.32,0,0,0,-59.0,81.0,954.3,-38.45,20.78,-6.02,28.82
47960,0.32,0,0,0,23.7,147.6,1018.5,-28.11,19.52,-4.52,28.59
47980,0.82,3.33,1.55,0,-72.9,194.9,979.3,-16.08,21.62,-1.57,28.57
48000,76.16,15.04,5.71,4.47,27.4,173.8,998.9,-0.8,12.33,-0.83,28.02
48020,70.21,31.08,6.43,0,5.2,194.5,941.3,17.13,18.33,-0.77,28.3
48040,58.67,37.95,18.22,0.3,54.4,190.6,932.5,32.93,11.56,3.95,28.19
48060,33.23,59.19,25.24,0,103.9,117.4,872.4,34.47,8.86,6.52,29.36
48080,20.82,54.75,32.13,0,196.6,92.7,857.8,50.96,14.09,6.64,29.26
48100,7.84,61.52,51.77,0,59.4,107.8,784.6,51.93,10.78,6.34,29.75
48120,0,52.84,64.02,8.6,232.1,56.9,794.3,58.62,0.21,-0.81,29.73
48140,2.91,38.92,75.66,9.39,73.1,-53.8,822.3,61.71,7.1,1.5,30.07
48160,0.4,24.66,84.69,8.67,125.0,-21.8,791.6,55.14,-8.15,-2.54,30.56
48180,3.06,14.29,89.06,15.56,109.7,-135.4,786.0,55.81,-3.66,-6.46,30.67
48200,0,8.77,79.89,25.74,62.2,-98.8,817.6,52.59,-8.46,-5.85,30.73
48220,0.17,1.06,66.78,33.79,93.6,-33.5,877.3,38.72,-25.31,-4.7,30.51
48240,6.85,1.82,54.49,50.7,53.8,-210.8,925.3,32.6,-14.94,-6.93,30.92
48260,0.59,3.42,33.46,61.78,76.3,-97.6,939.8,17.62,-14.98,-6.02,30.95
48280,1.21,0,25.65,63.43,-28.6,-192.4,1014.7,-1.58,-7.96,-3.83,30.95
48300,0,2.84,17.37,60.43,-42.7,-217.3,974.5,-5.3,-21.89,1.53,31.12
48320,1.62,3.27,12.64,48.99,35.5,-125.1,998.5,-19.17,-8.94,2.4,30.6
48340,0.03,0,5.12,44.21,-123.1,-120.8,1013.8,-32.51,-14.0,5.23,30.94
48360,0,1.59,4.63,31.24,-58.1,-105.8,1027.5,-42.81,-12.38,5.46,30.87
48380,5.04,1.95,0.67,14.12,21.2,-49.2,994.0,-45.36,-6.46,3.9,30.7
48400,3.3,1.27,0,12.55,-56.3,-114.8,1016.2,-60.95,-7.43,0.85,30.37
48420,0.38,0,1.67,8.44,-162.8,12.9,995.7,-62.09,8.19,-2.87,29.99
48440,0,0.23,0.63,0,-38.1,78.6,1014.3,-57.9,0.33,-0.93,30.04
48460,2.14,0,0,0,-156.6,-10.2,968.4,-60.66,9.32,-2.62,29.68
48480,0,0,4.93,0,-24.7,-34.2,1018.1,-47.28,5.9,-5.52,29.53
48500,1.68,7.93,0,0,-30.8,52.8,966.7,-40.34,19.71,-2.02,28.74
48520,0,3.38,0,0,-45.6,106.9,1030.9,-37.56,13.65,-5.07,29.28
48540,0,0.55,1.42,4.88,95.2,130.2,1023.5,-15.92,13.22,-0.1,28.39
48560,0.54,3.61,0,4.38,22.7,138.7,1022.3,-9.06,25.83,-1.71,28.2
48580,75.64,21.85,1.95,2.4,-9.5,150.9,974.2,3.94,15.81,4.24,27.81
48600,64.52,35.23,14.05,0,-34.5,140.4,954.3,25.63,21.19,2.4,28.13
48620,47.3,43.12,17.31,0,44.4,143.6,870.0,24.85,18.15,1.52,29.1
48640,26.63,51.92,27.48,2.07,85.4,164.4,950.1,45.38,15.07,5.35,29.34
48660,15.95,56.96,44.04,0,86.0,125.0,875.4,51.07,15.38,6.7,29.75
48680,3.0,48.15,59.94,0.71,165.1,86.7,796.0,51.84,11.24,2.76,29.59
48700,0,50.03,67.25,2.07,-6.6,136.8,801.9,56.73,3.26,2.29,30.36
48720,0.34,30.22,74.32,5.83,30.1,31.7,779.8,58.94,-4.51,-2.99,30.18
48740,0,17.64,88.41,10.87,157.0,-85.0,777.1,60.35,-5.57,-4.61,30.38
48760,0,12.55,81.33,19.7,92.2,-50.5,818.5,49.75,-6.92,-5.65,30.43
48780,3.1,8.42,75.99,27.8,16.6,-42.5,872.5,50.24,-10.94,-4.11,30.8
48800,1.17,0,64.6,44.57,18.9,-123.5,890.5,33.72,-17.85,-4.33,30.72
48820,0.1,2.83,46.32,52.36,111.3,-32.7,893.8,25.7,-13.84,-5.78,31.0
48840,5.62,1.02,30.41,65.29,56.8,-180.8,967.0,9.69,-20.98,-1.78,31.33
48860,0.57,0,23.28,64.24,13.3,-169.6,1068.0,-3.85,-27.36,-2.95,31.09
48880,0,0,17.52,59.39,-91.1,-60.2,974.4,-18.34,-18.02,1.02,30.54
48900,0.34,1.29,8.45,46.95,-71.6,-72.8,929.0,-24.0,-15.75,0.31,30.6
48920,3.79,3.51,3.49,40.31,-65.3,-165.3,981.0,-35.77,-7.79,7.33,31.08
48940,0,0,3.71,25.82,-103.2,-100.4,980.5,-43.95,-18.54,4.21,31.16
48960,3.34,6.62,0,12.8,-139.5,-47.7,1028.8,-58.03,-7.76,1.71,30.44
48980,0,8.08,0,11.69,-83.1,-52.5,938.2,-56.83,-2.96,-0.15,29.88
49000,0.24,0,2.9,2.01,-66.8,53.0,1040.4,-57.13,-7.84,0.03,30.4
49020,6.59,0,0,0.29,-107.7,25.1,1029.8,-61.84,6.49,-0.7,29.74
49040,0,1.1,1.28,0,-65.9,119.2,1013.3,-54.4,15.26,-4.87,29.74
49060,0,3.5,0,0,-90.8,133.3,988.5,-46.59,1.38,-6.9,29.74
49080,0,0.56,4.72,0,-58.9,60.9,972.6,-39.82,12.5,-3.42,28.96
49100,0,0,0,1.63,-67.0,161.5,1028.4,-29.56,15.02,-3.48,28.88
49120,0.15,0,0,5.74,28.8,147.4,1007.5,-15.07,23.06,-2.22,28.27
49140,6.2,0,0,4.07,48.9,154.1,958.6,0.8,14.28,0.7,28.08
49160,72.13,31.7,11.22,0,17.8,121.2,967.9,11.43,24.07,3.47,28.57
49180,55.93,42.18,12.48,2.8,22.4,153.0,950.8,21.19,25.03,3.04,28.59
49200,41.13,59.48,27.54,3.01,68.9,131.5,893.5,38.15,13.26,7.39,28.87
49220,23.54,52.01,35.52,0,37.9,98.5,853.2,46.55,16.23,4.48,29.35
49240,11.73,50.46,48.23,1.2,62.7,96.9,787.0,53.05,3.51,5.59,29.22
49260,5.98,47.88,61.61,5.08,136.3,88.7,776.3,62.37,3.71,2.93,29.67
49280,5.55,41.06,71.09,5.46,99.0,18.3,835.0,63.43,-0.28,2.01,30.09
49300,4.47,27.98,83.67,8.28,42.2,-54.7,813.0,57.97,-5.53,2.37,30.49
49320,4.93,20.18,87.17,16.8,45.9,7.3,818.9,54.42,-4.41,-3.34,30.33
49340,5.2,15.29,82.4,20.84,78.0,-102.0,827.9,44.66,-8.03,-3.36,30.52
49360,0.87,3.34,68.13,30.72,25.1,-73.8,898.8,45.57,-12.97,-5.75,30.38
49380,0.59,4.65,60.71,46.43,67.3,-119.8,930.2,25.62,-12.15,-6.55,31.04
49400,0,1.7,39.3,54.13,2.0,-203.3,926.5,19.88,-19.91,-4.04,30.48
49420,1.91,2.56,33.04,59.22,9.6,-205.0,1018.9,7.07,-21.09,-0.06,31.13
49440,0,0,22.8,63.81,-117.5,-125.5,1010.5,-10.13,-28.25,-2.77,31.16
49460,2.76,0.58,4.15,56.16,-58.7,-153.9,969.0,-15.74,-20.18,5.26,30.84
49480,2.91,0,8.33,43.74,-21.4,-77.6,985.7,-28.84,-20.72,4.39,30.98
49500,2.87,0,0,23.13,-81.9,-150.2,940.9,-38.92,-12.94,4.81,30.71
49520,0,0,0,15.87,-217.7,-82.7,1034.7,-52.49,-3.5,2.53,30.53
49540,0,0,0.52,14.87,-159.0,-20.4,1016.1,-56.58,-6.64,5.6,30.66
49560,0,2.57,4.96,4.28,-117.2,17.3,1002.3,-62.08,-2.81,3.22,30.14
49580,2.19,0,0,3.2,-73.3,17.3,1034.6,-59.61,-1.5,-1.79,30.11
49600,5.3,0,0,5.62,-86.8,57.8,1010.5,-58.02,-5.5,-2.1,29.9
49620,0,0,0.1,0,-73.3,33.7,1013.9,-54.77,14.5,-2.75,29.21
49640,0.83,2.92,0,2.64,-43.7,179.7,1001.9,-41.41,16.76,-4.42,29.33
49660,0,0,0,1.27,-97.4,158.0,940.3,-31.58,23.54,-2.17,29.15
49680,0,0,2.49,1.09,-8.8,165.0,1010.8,-22.39,15.22,-3.31,28.11
49700,0.94,6.77,0,0,46.0,44.5,959.2,-11.11,26.69,0.51,27.96
49720,79.09,21.08,0.7,1.18,-48.0,175.5,996.7,7.6,23.12,1.39,28.25
49740,63.26,36.33,6.79,0,-56.1,215.1,911.5,14.62,22.02,-0.43,28.21
49760,50.58,44.3,19.88,0,-39.0,57.4,908.4,33.27,13.75,4.62,28.69
49780,26.16,54.07,29.19,0,-3.9,184.1,858.6,43.12,11.89,-1.01,28.78
49800,10.34,53.88,40.38,1.86,18.6,148.2,860.4,45.6,15.44,6.05,29.27
49820,7.76,47.55,53.31,1.73,109.4,123.6,840.0,51.99,4.85,-0.15,29.75
49840,3.83,43.76,71.52,1.92,61.4,14.2,829.8,61.13,4.01,0.3,30.06
49860,4.97,30.54,80.82,8.99,75.1,-103.3,753.2,60.94,-5.21,-2.0,30.08
49880,0,25.98,81.08,11.02,81.5,29.7,720.0,58.06,0.87,-3.34,30.65
49900,1.39,9.5,79.35,15.59,-16.0,-59.4,794.1,52.87,-13.95,-5.48,30.4
49920,0,5.3,71.13,30.25,51.2,-36.6,812.9,46.25,-6.48,-3.7,30.58
49940,2.19,6.47,64.85,34.93,103.8,-192.4,857.3,35.89,-25.12,-6.66,30.87
49960,0,0,47.72,55.83,105.6,26.7,869.2,28.86,-21.7,-3.19,31.0
49980,1.62,0,36.9,60.02,69.4,-160.7,980.8,8.13,-25.95,-3.13,31.03
50000,2.38,3.42,14.43,67.59,100.4,-175.6,1038.1,-4.97,-23.01,-0.94,30.89
50020,0,0.7,19.82,61.51,30.8,-187.8,969.0,-11.78,-15.59,1.9,30.91
50040,0.88,0.14,9.79,48.05,16.0,-80.3,1031.9,-26.58,-17.67,3.78,30.88
50060,3.48,0,8.98,41.18,-17.5,-90.0,980.3,-37.36,-8.27,4.92,30.87
50080,0,2.27,0,28.64,-144.1,-31.6,941.5,-44.7,-13.65,3.33,30.79
50100,3.02,1.0,0,11.03,-68.6,-94.5,993.4,-51.3,-13.12,3.86,31.06
50120,0,0.74,3.55,11.79,-84.2,-8.7,1015.1,-58.62,-6.65,0.18,30.61
50140,0,2.65,0,1.71,-28.4,19.3,1040.2,-55.0,0.72,1.79,30.18
50160,0.88,0,0,2.17,-180.4,86.7,1016.9,-60.61,-1.64,2.74,29.73
50180,2.56,0.48,0,1.2,-124.9,43.0,967.8,-55.38,-3.72,-5.38,29.33
50200,5.63,0,0,1.58,-71.1,202.9,982.5,-48.21,15.33,-4.62,29.5
50220,2.32,0.22,2.53,0,-74.2,154.6,1018.4,-41.93,13.26,-4.45,29.03
50240,5.47,1.18,0,0,-45.3,148.4,1029.9,-26.14,16.14,-7.57,28.71
50260,0,0.79,0,0,-22.3,107.6,1008.0,-19.59,21.2,-1.49,28.47
50280,0,2.3,0,0,-30.0,160.2,1037.9,-7.56,19.3,-2.23,28.23
50300,76.5,26.89,9.8,0.03,-18.2,198.3,954.4,9.59,20.93,1.44,28.03
50320,62.3,41.53,11.88,0,92.8,58.7,903.1,20.51,22.7,1.36,28.51
50340,42.36,46.56,25.05,0.76,123.2,142.9,843.6,32.71,19.15,6.74,29.05
50360,16.46,56.88,35.84,6.25,143.4,97.5,835.2,41.63,13.38,4.38,29.5
50380,5.86,53.17,49.96,2.43,5.6,141.2,857.8,53.53,14.64,7.81,29.26
50400,7.72,47.42,65.12,1.22,105.1,11.9,804.3,52.89,4.29,1.13,29.87
50420,5.11,39.72,74.29,2.05,146.4,-6.3,798.4,64.29,11.51,0.33,30.12
50440,2.57,31.57,86.85,3.26,74.6,-84.1,769.9,57.21,4.1,-1.82,30.18
50460,0,19.76,80.19,14.07,92.4,-52.1,812.4,58.48,-6.63,-5.71,30.43
50480,1.07,12.51,80.02,24.98,96.7,-109.2,829.1,49.46,-17.09,-4.14,30.59
50500,0,6.17,71.2,31.57,64.1,-85.7,810.8,46.7,-6.22,-3.28,30.86
50520,2.97,0,56.25,41.83,34.9,-223.9,927.0,29.95,-11.77,-3.46,31.23
50540,0,0,42.84,48.11,-2.2,-139.1,992.8,25.12,-17.49,-5.34,30.87
50560,0,0,27.11,64.5,-30.4,-95.5,985.4,6.45,-17.45,-4.41,31.1
50580,0,1.29,18.79,62.0,-74.7,-182.6,965.3,-9.36,-30.19,0.61,31.17
50600,2.26,0,12.1,54.53,-32.4,-226.6,929.3,-11.84,-16.0,5.04,30.89
50620,0,1.62,7.84,51.69,-50.3,-128.8,962.8,-34.06,-18.25,4.71,31.0
50640,4.97,0,5.76,39.7,-12.7,-101.6,1039.3,-40.54,-14.62,4.09,30.69
50660,0,0,5.19,17.75,-58.4,-56.7,975.1,-51.61,-4.98,1.19,30.71
50680,6.1,0.96,2.75,10.88,-153.2,45.6,1029.5,-54.05,-11.36,5.99,30.5
50700,0.39,0,0,5.77,-180.7,12.9,997.7,-56.73,0.67,0.68,30.26
50720,3.25,1.41,2.0,1.79,-73.0,92.6,1011.9,-58.98,19.87,-0.28,30.08
50740,0,0,2.48,2.35,-63.9,-5.7,995.8,-60.78,13.5,-2.99,29.75
50760,0.35,3.16,0,0,-131.5,168.9,993.3,-54.37,10.02,-4.98,29.39
50780,3.84,0.62,0,3.38,-155.6,91.5,1006.0,-46.04,7.71,-6.74,29.1
50800,0,0.33,0,2.02,-88.4,174.1,1015.9,-33.97,16.03,-7.54,28.94
50820,3.42,0,2.77,0.11,-21.5,96.4,1013.5,-27.06,20.45,-1.62,28.49
50840,3.24,0.78,2.64,0,-92.6,80.8,992.3,-9.45,22.98,-3.63,28.05
50860,78.41,28.23,9.74,3.06,-2.1,209.0,979.0,5.26,15.3,-0.29,28.22
50880,63.23,29.37,13.88,0,86.8,145.4,931.5,18.26,22.64,4.49,28.77
50900,49.3,42.43,15.18,1.08,50.5,130.9,880.2,26.4,20.1,6.7,28.58
50920,33.38,52.4,28.53,1.73,34.4,-1.4,859.3,37.92,13.31,1.4,29.05
50940,13.78,59.86,38.29,3.53,-1.2,11.6,793.3,50.51,12.77,4.5,29.0
50960,8.62,50.72,54.7,1.32,117.6,24.1,818.0,55.56,6.64,1.87,29.42
50980,0,47.4,68.49,0.07,193.0,72.6,821.3,56.06,1.67,4.36,29.87
51000,4.82,34.08,72.46,0,112.3,-26.1,796.9,55.76,-10.46,1.73,30.2
51020,0,19.8,86.58,7.57,186.6,45.5,774.4,55.15,-4.5,-3.63,30.0
51040,0.1,13.56,82.34,12.74,126.7,-116.8,884.4,55.92,-12.56,-6.01,30.57
51060,0,7.1,78.14,28.81,80.9,-27.5,867.7,46.47,-14.98,-3.45,30.93
51080,0,6.78,64.15,37.68,136.5,-92.3,833.3,38.77,-18.43,-1.93,30.58
51100,4.02,1.48,52.89,49.65,27.4,-121.3,859.1,21.82,-12.84,-3.07,31.69
51120,2.16,4.74,34.63,53.24,17.7,-148.5,984.9,18.12,-20.1,-3.43,31.21
51140,0,1.19,24.3,60.27,54.2,-199.3,1024.2,0.97,-15.18,0.9,31.04
51160,0,0,13.43,62.17,3.0,-95.5,975.9,-13.53,-26.9,3.3,31.1
51180,3.58,1.34,10.15,53.31,-58.1,-124.3,988.5,-26.56,-25.3,5.15,31.01
51200,0,0,2.93,41.57,-10.1,-76.9,1004.3,-39.51,-10.51,7.24,30.92
51220,0,0.62,2.41,30.15,-17.7,-81.2,1016.8,-45.08,-13.49,7.46,30.92
51240,0,0,0,18.68,-158.1,-67.1,997.1,-52.71,-14.02,5.1,30.3
51260,0,5.32,0.49,4.99,-119.9,-35.2,1016.4,-54.82,-3.32,1.19,30.58
51280,0,2.17,4.3,0,-145.9,9.2,965.7,-66.61,-1.07,-0.37,30.01
51300,0.04,1.46,1.9,2.8,-77.6,59.9,1006.0,-63.42,0.46,0.99,29.83
51320,3.89,0,0,0,-70.7,-59.9,1015.0,-54.82,3.39,-2.67,29.95
51340,0,2.22,0,0.35,-40.5,97.5,981.2,-49.19,11.12,-5.13,29.41
51360,0,0.25,0,3.89,-63.1,172.9,974.2,-44.55,16.78,-3.4,29.18
51380,0,0.42,0,0,3.1,113.4,981.5,-31.84,10.21,-2.3,28.88
51400,2.15,3.06,1.53,0,-49.4,128.5,975.8,-19.41,22.22,-3.27,28.6
51420,0,2.15,0,8.18,-11.4,116.1,939.1,0.49,11.29,-1.84,28.1
51440,70.33,22.94,7.45,1.41,10.0,144.6,917.8,9.84,17.25,3.21,27.94
51460,64.19,42.65,14.82,0,75.6,113.5,975.9,20.39,14.77,4.16,28.66
51480,41.56,45.19,22.66,0,70.1,118.8,916.5,26.42,14.92,3.83,28.57
51500,26.66,52.25,38.72,0,106.5,46.9,889.8,44.99,14.59,4.18,29.18
51520,13.48,57.76,43.91,3.04,94.5,171.5,780.8,52.39,4.13,6.38,29.71
51540,0.4,58.4,56.41,7.29,143.6,61.3,763.0,56.76,9.81,3.45,29.72
51560,3.68,41.15,74.41,2.6,81.6,-37.7,794.7,59.14,0.18,-0.39,29.99
51580,0,30.62,81.06,10.11,241.0,2.4,807.0,58.43,3.74,-3.72,30.2
51600,0.93,20.73,85.48,12.29,182.1,-77.6,840.6,58.44,-10.62,-4.18,30.42
51620,0,13.23,79.32,17.12,17.9,-30.2,788.2,49.38,-4.62,-6.51,30.81
51640,0,5.21,68.72,30.11,28.4,-201.9,903.0,40.98,-9.86,-4.65,30.75
51660,0.6,5.47,57.43,45.78,-44.1,-138.7,894.8,39.97,-8.52,-6.81,30.82
51680,0,6.13,43.23,53.01,5.7,-179.7,940.7,15.58,-23.13,-0.87,30.86
51700,4.73,0,32.37,67.71,9.9,-101.4,1016.6,6.45,-22.56,-2.6,30.91
51720,0,0,25.72,62.11,25.0,-173.1,1017.6,-2.14,-16.06,1.55,30.96
51740,0,0,14.42,56.72,18.1,-107.4,1055.1,-14.67,-18.61,1.27,31.14
51760,0,0,4.04,46.85,-99.9,-152.7,977.9,-29.25,-12.45,4.99,30.81
51780,0.47,0,2.5,37.34,-61.7,-192.5,1026.9,-38.26,-14.12,4.09,30.95
51800,3.88,0,4.16,20.64,-160.5,-149.1,1024.3,-53.04,-8.8,4.27,31.16
51820,1.51,0,0,18.73,-114.3,-84.8,1021.4,-55.13,-2.52,1.46,30.71
51840,0.11,0,3.94,11.12,-45.3,40.3,1060.5,-63.83,-2.45,1.56,30.66
51860,0,2.8,0.64,0,-69.2,25.3,926.5,-56.74,-2.62,2.43,30.0
51880,3.42,0,0,0,-70.5,31.8,978.9,-59.93,5.79,-3.05,29.8
51900,1.09,1.91,0.58,0,-38.2,12.3,1026.4,-51.16,10.57,-5.65,29.73
51920,0,0,0,0.58,-79.5,88.3,946.1,-48.08,23.09,-2.9,29.39
51940,0,2.6,1.47,0,-21.7,184.6,985.6,-41.25,17.56,-8.3,29.14
51960,0,0.99,1.29,0,-44.9,120.9,979.1,-23.36,6.39,-4.64,28.72
51980,1.11,0,0,0,-4.0,174.5,970.0,-13.64,17.19,-1.86,28.57
52000,76.33,19.16,3.74,1.77,37.5,117.3,1005.4,0.43,21.66,-3.14,28.32
52020,76.06,35.38,7.35,0,-25.9,202.6,940.1,11.56,15.11,1.97,28.2
52040,57.04,45.64,14.8,0,6.8,110.9,959.7,26.84,15.39,3.03,28.81
52060,36.52,52.58,25.54,1.15,23.4,74.1,876.7,35.15,18.73,6.8,29.33
52080,20.0,59.63,36.26,4.2,108.4,105.6,914.3,47.55,20.37,5.9,29.36
52100,4.6,60.36,48.18,0.48,13.7,63.9,825.4,50.39,6.68,5.94,29.66
52120,0,53.15,66.44,1.01,142.8,60.5,799.0,56.59,-3.4,-1.53,30.04
52140,0,35.38,70.3,7.84,111.4,-32.7,837.3,63.25,1.11,0.24,30.13
52160,0,26.91,88.28,12.6,101.4,-55.8,811.3,58.99,2.11,2.16,30.08
52180,2.46,17.73,76.33,15.77,131.1,-102.0,786.6,55.27,-5.56,-4.36,30.24
52200,0,12.15,80.19,23.08,25.9,-71.9,875.6,49.55,-14.8,-2.72,30.8
52220,0.43,6.6,67.74,35.25,68.1,-164.7,854.7,40.72,-19.22,-2.29,31.13
52240,0,4.54,57.57,49.9,95.8,-125.0,914.4,28.71,-9.95,-0.3,30.73
52260,1.84,0,38.75,60.1,72.4,-180.5,985.5,14.71,-14.18,-1.35,30.87
52280,0,0,30.84,69.44,15.4,-91.8,977.6,2.34,-24.42,-3.1,31.11
52300,0,0,17.53,66.04,20.3,-191.4,979.2,-12.44,-7.86,1.77,30.94
52320,3.41,0,12.89,60.14,-6.7,-155.6,1009.9,-19.39,-24.86,2.34,30.88
52340,1.53,0,2.71,42.04,-55.1,-66.6,1015.2,-34.37,-16.31,2.48,30.73
52360,0,6.67,8.54,31.34,-125.1,-176.7,978.2,-49.03,-12.2,1.73,30.88
52380,0,0,0,20.4,-61.6,-54.4,1003.0,-52.31,-17.3,5.29,30.99
52400,0.91,1.21,1.49,10.7,-65.9,-52.8,1043.2,-57.72,-2.91,0.77,30.23
52420,3.3,0.73,3.71,5.44,-175.6,-41.9,1014.5,-57.04,-1.23,1.82,30.31
52440,0,4.29,2.77,0,-154.7,56.0,1048.7,-62.56,4.1,-1.77,29.93
52460,0,4.23,3.08,0,4.3,99.3,964.5,-56.4,10.65,-6.78,29.61
52480,0,3.05,0,1.93,-80.2,142.5,1020.3,-48.43,6.89,-7.77,29.72
52500,0,0,3.76,0,-28.0,51.0,984.8,-44.36,12.51,-4.83,29.21
52520,1.92,0.59,0,0,110.9,116.2,1035.7,-29.9,18.5,-8.36,28.73
52540,4.98,0,0,0,-37.2,104.3,999.7,-22.69,15.16,-5.24,28.69
52560,1.02,2.64,3.15,5.38,-52.3,160.2,996.7,-2.87,15.99,-3.35,28.01
52580,72.71,28.07,6.24,0,-6.9,77.8,971.0,5.15,19.73,1.22,28.13
52600,62.73,37.64,10.81,2.76,-65.8,127.0,898.0,14.17,24.19,4.92,28.34
52620,48.82,47.27,20.49,0,42.6,199.6,854.0,37.03,16.09,5.3,28.33
52640,29.99,51.03,31.83,0,-4.1,166.9,850.3,38.44,26.77,4.82,29.03
52660,15.76,48.61,42.11,1.95,-2.0,77.3,837.8,52.28,19.21,3.05,29.63
52680,5.79,49.48,60.67,0,188.1,-51.7,794.1,53.46,-0.65,3.81,29.62
52700,1.99,45.39,69.92,0,70.2,-14.2,803.9,59.26,-3.72,-0.64,29.66
52720,0,25.8,78.88,6.03,99.6,38.1,851.4,57.99,-6.23,2.39,30.11
52740,0,21.43,89.99,5.75,142.9,-48.7,823.4,58.93,-8.1,-2.09,30.55
52760,0,9.98,86.0,23.39,91.1,-82.4,836.7,53.53,-18.38,-6.32,30.44
52780,0,12.31,73.18,28.22,75.4,-149.4,863.9,48.73,-18.65,-2.94,30.3
52800,0,5.18,66.87,38.11,-87.2,-121.9,853.2,38.34,-6.66,-6.81,31.14
52820,0.56,0.63,45.28,51.37,41.2,-132.9,927.5,20.71,-13.16,-5.3,31.06
52840,1.17,0,42.19,57.01,72.1,-207.4,917.8,10.26,-16.58,-4.18,31.32
52860,0,2.71,23.83,62.86,-5.8,-68.4,992.2,2.13,-15.62,-1.35,30.95
52880,0.49,0,12.35,66.79,-22.6,-168.9,952.4,-15.14,-21.27,2.02,30.79
52900,4.23,2.36,10.53,51.61,16.3,-171.7,997.5,-33.67,-22.06,5.53,30.8
52920,1.27,3.28,4.23,41.01,-93.1,-144.4,998.4,-39.64,-20.1,2.02,30.68
52940,0,0,4.73,22.62,-69.7,-147.8,1015.8,-52.4,-12.95,3.97,30.34
52960,1.79,0.88,3.64,17.79,-172.5,-29.5,966.3,-56.17,0.66,3.42,30.8
52980,2.55,0,2.23,8.45,-113.8,23.5,935.0,-58.02,-2.69,4.83,30.66
53000,0,0,0,3.02,-81.1,-76.7,937.3,-63.21,-9.23,2.42,30.06
53020,5.66,0,0.56,0,-201.9,-21.6,1007.4,-58.0,3.76,-1.32,29.87
53040,0,0,0,0,-34.1,120.6,982.1,-55.73,5.7,-4.79,29.72
53060,0,3.74,0,4.53,-14.2,28.8,1014.7,-46.33,16.56,-3.95,29.28
53080,0.11,0.73,3.93,2.28,-52.1,56.0,994.4,-36.48,20.78,-1.69,28.87
53100,4.86,1.1,3.49,3.62,-9.0,89.4,997.7,-25.72,16.37,-2.53,28.59
53120,0,5.48,1.53,0,-21.7,144.0,1012.3,-10.89,20.72,-6.52,28.25
53140,0,0,0,0,34.0,169.6,1012.4,-0.92,22.35,2.19,28.19
53160,67.92,32.81,7.83,2.32,82.1,159.8,962.9,11.6,21.75,2.08,28.22
53180,60.64,40.96,11.08,0,25.6,142.7,944.0,22.06,13.31,2.62,28.74
53200,34.62,54.33,23.58,0,36.2,80.4,820.4,33.01,6.98,3.53,28.87
53220,22.1,57.94,39.76,1.43,27.9,53.5,881.5,42.92,6.87,5.71,29.11
53240,10.82,56.61,51.94,2.74,1.9,141.9,843.6,46.91,9.31,2.44,29.77
53260,6.0,46.62,59.42,0,135.3,-7.0,818.5,57.53,0.94,1.29,29.81
53280,6.21,35.76,71.65,3.36,111.4,27.5,839.4,56.81,17.19,0.2,30.08
53300,2.75,28.48,78.42,4.54,160.6,-30.4,788.9,59.53,-6.71,0.26,30.49
53320,0,19.82,82.92,9.1,44.6,-82.8,819.8,52.06,-2.97,-6.7,30.61
53340,2.25,10.69,73.63,22.31,0.2,-113.7,856.5,52.72,-17.11,-3.32,30.49
53360,1.51,8.56,68.42,33.6,-2.1,-131.4,872.2,41.54,-12.75,-5.77,30.65
53380,0,0,58.79,45.29,24.7,-214.6,875.6,27.88,-21.68,-8.2,30.73
53400,2.48,1.31,36.68,54.31,-64.6,-83.9,935.7,19.62,-23.53,-5.38,30.64
53420,0.32,0,32.54,68.31,8.8,-154.7,1010.2,5.06,-20.75,-1.41,30.65
53440,0,6.99,17.52,59.61,-64.9,-124.8,949.8,-7.75,-26.51,3.38,30.97
53460,0,0,16.18,51.87,-62.3,-117.0,956.6,-19.02,-11.39,4.46,30.87
53480,2.0,0,5.18,44.22,-65.8,-112.3,991.8,-27.19,-14.5,6.7,30.87
53500,0.9,0.9,3.28,28.74,-30.5,-107.0,1004.6,-47.01,-9.43,5.81,30.74
53520,0,5.46,1.81,15.82,-73.3,-87.5,1008.6,-49.28,-4.02,6.2,30.49
53540,0,3.28,0.73,12.31,-20.9,-40.6,992.2,-54.09,-12.48,4.17,30.16
53560,0.29,1.91,0,6.5,-5.2,8.1,1013.7,-61.51,2.86,1.18,30.05
53580,1.86,0,3.29,2.53,-104.3,57.0,992.7,-59.4,-2.11,-5.61,29.83
53600,0,0.31,4.63,5.4,-102.2,54.0,1001.8,-55.91,8.27,-3.27,29.66
53620,0,5.0,1.16,2.35,-73.9,82.9,995.5,-49.64,18.1,-3.8,29.64
53640,0,0,1.88,2.01,-117.5,152.4,1014.3,-52.73,14.33,-4.52,29.01
53660,4.12,0,0.34,0,-20.5,143.6,972.7,-36.27,22.01,-3.46,29.02
53680,0,0,0,0,-87.2,173.2,1016.6,-22.98,8.87,-3.65,28.68
53700,2.81,0,1.87,2.38,-153.0,168.2,1007.8,-7.0,20.43,-4.79,28.25
53720,72.46,19.23,4.18,0,20.0,95.1,1009.2,5.26,18.18,-0.75,27.93
53740,66.85,37.62,11.07,0.3,98.8,114.5,957.1,16.45,12.99,5.23,28.71
53760,49.29,48.66,20.94,0,36.6,209.0,881.9,31.16,24.7,4.48,28.96
53780,28.79,53.21,28.35,2.9,67.5,70.3,886.9,37.85,20.17,7.19,29.08
53800,17.93,53.48,43.9,0,19.1,65.5,818.2,48.37,8.07,-0.86,29.25
53820,3.92,57.25,53.81,0,169.4,-19.8,796.5,52.08,12.38,6.33,29.47
53840,4.5,42.28,66.72,0,126.9,-1.7,830.2,60.14,0.42,2.08,29.82
53860,3.2,33.87,77.43,0.16,119.5,-34.0,837.8,61.28,-6.1,-1.87,30.18
53880,0,24.0,85.24,13.22,14.8,-108.8,792.6,58.97,-8.22,-2.5,30.3
53900,0,15.29,76.79,14.17,68.3,-78.0,838.3,52.56,-5.96,-7.43,30.59
53920,2.29,9.99,72.11,30.62,121.9,-139.3,890.3,46.17,-6.09,-1.5,31.03
53940,0,1.31,60.36,39.29,50.6,-55.2,890.2,34.64,-21.39,-8.38,30.77
53960,0,3.35,49.05,57.91,32.6,-195.3,889.4,18.01,-19.04,-3.86,30.89
53980,1.82,4.38,41.76,54.38,8.8,-163.2,916.7,13.03,-9.13,-3.38,30.94
54000,0,4.29,20.76,65.79,-6.8,-206.8,1049.2,1.66,-17.79,-1.55,30.74
54020,0,0.93,13.83,57.74,-30.8,-237.3,1022.5,-15.94,-26.09,3.04,30.95
54040,0.06,3.6,5.62,50.29,-82.4,-215.8,981.2,-26.97,-13.68,4.21,31.14
54060,1.67,0,8.15,40.84,-79.7,-127.7,959.1,-33.49,-18.11,4.87,30.79
54080,0,2.7,5.95,26.76,-81.1,-159.6,1017.6,-45.14,-14.15,4.74,30.76
54100,0,2.7,4.06,17.08,-13.9,-37.3,1042.8,-54.8,-3.78,0.32,30.64
54120,1.01,0,0,8.09,-173.6,-98.4,978.7,-56.91,-3.28,4.7,30.32
54140,0,4.95,6.34,7.48,-39.9,15.3,993.4,-59.98,-9.19,-0.92,30.04
54160,0,0.07,0.91,0,-65.1,42.6,971.4,-59.6,6.89,1.67,29.99
54180,0,1.82,1.22,0.54,-65.9,56.4,956.3,-52.93,15.6,-5.28,29.67
54200,1.5,1.8,1.39,2.55,-70.9,111.1,1064.4,-52.38,17.71,-6.66,29.25
54220,0,0,0,0,-83.4,221.9,1008.8,-41.32,12.52,-3.13,29.05
54240,0,3.53,3.08,2.0,-47.8,147.2,965.7,-30.93,11.15,-2.48,28.53
54260,1.52,0,3.62,0,-58.2,164.2,1017.4,-17.25,21.21,-1.45,28.62
54280,0.81,3.21,0,2.95,90.8,186.0,1026.5,-8.45,23.88,0.55,27.91
54300,71.99,30.63,5.36,0.36,-37.0,138.6,937.9,11.24,26.95,3.08,28.41
54320,56.08,37.31,15.84,4.41,-43.1,130.4,999.4,23.14,19.41,3.92,28.59
54340,40.0,49.58,20.43,0.93,27.1,96.5,891.0,32.84,19.89,4.21,28.87
54360,27.78,57.38,35.67,0.32,129.9,82.9,832.9,46.04,12.58,3.54,29.32
54380,7.67,56.0,47.28,10.05,122.6,162.8,803.4,53.95,20.96,-0.26,29.54
54400,3.24,46.38,62.15,2.79,60.0,-8.5,801.9,54.74,7.19,0.83,29.66
54420,1.03,38.78,73.01,12.06,86.6,-33.5,870.1,56.67,3.91,-1.55,29.96
54440,0,31.47,78.97,9.49,136.3,-45.4,799.5,60.35,-11.33,-1.14,30.16
54460,4.56,19.84,82.51,12.53,157.0,29.6,789.7,57.67,-13.78,-3.05,30.27
54480,0.55,10.13,79.43,25.13,29.1,-61.8,847.7,48.02,-16.53,-4.96,30.6
54500,0,4.5,70.89,30.98,136.0,-175.4,860.4,36.86,-19.62,-2.73,31.02
54520,5.18,3.6,56.19,39.58,-27.0,-140.0,874.0,34.61,-28.28,-5.89,30.71
54540,0,0,43.34,59.84,73.2,-39.7,930.9,19.48,-15.97,-0.31,30.78
54560,2.41,0,33.03,57.31,90.0,-141.6,965.8,5.36,-22.4,-0.39,31.22
54580,0.87,3.91,19.37,60.52,-30.9,-161.3,999.2,-6.57,-26.42,2.16,31.05
54600,1.04,0.09,8.18,54.65,-15.8,-216.7,1033.2,-23.06,-23.35,1.93,30.75
54620,1.66,3.6,7.8,46.88,-2.0,-155.6,999.8,-31.95,-10.3,2.33,31.48
54640,1.56,0,0,36.47,-25.7,-107.3,1021.1,-38.03,-18.0,5.4,31.1
54660,2.38,4.68,0,21.09,-163.7,-96.1,1017.6,-47.75,-6.2,3.63,30.52
54680,0,0,1.44,9.6,-149.8,-68.8,989.9,-54.12,-17.77,2.67,30.63
54700,1.21,0,0,5.46,-90.3,-54.4,996.5,-61.51,-11.32,2.18,30.48
54720,1.09,2.21,0,4.2,-90.8,-31.5,1034.7,-61.36,5.07,1.63,30.23
54740,0,0,0.44,1.75,-83.3,40.6,995.9,-52.95,-0.03,-1.79,29.96
54760,1.08,0,0.62,2.1,-134.5,154.8,1003.8,-53.61,11.96,-2.53,29.82
54780,0.68,1.92,0,0,-105.0,97.2,1032.4,-42.37,20.6,-4.82,28.82
54800,0,7.21,0.51,2.95,-34.9,100.7,1039.9,-30.94,19.17,-6.65,28.73
54820,0,0,0,0.96,-34.0,110.4,1040.3,-22.56,20.43,-4.17,28.27
54840,0,0,2.31,3.46,-50.1,179.1,1006.7,-11.18,24.28,-2.6,28.03
54860,76.73,25.88,4.92,1.47,75.5,134.3,976.1,3.72,15.23,2.39,27.84
54880,63.92,31.27,9.78,0,17.6,134.3,969.8,16.67,27.89,5.54,28.63
54900,52.76,43.79,17.58,3.75,-72.1,74.6,924.7,25.32,16.1,3.6,28.58
54920,38.9,53.52,26.83,2.31,27.7,168.4,855.0,36.77,11.9,2.45,29.32
54940,15.04,58.06,39.84,0.28,141.9,134.7,833.0,47.96,17.49,3.82,29.15
54960,4.7,53.57,58.63,0,115.1,84.9,799.1,52.19,2.72,2.86,29.66
54980,4.41,48.57,68.28,4.42,39.9,67.9,795.0,57.18,-5.12,0.6,30.28
55000,0,36.76,77.15,2.74,126.2,32.2,815.5,53.2,-4.63,2.5,29.92
55020,0,24.41,81.55,4.5,90.6,41.2,797.3,55.8,-4.29,-3.09,30.56
55040,0.42,16.2,78.65,16.66,-29.2,-68.5,821.6,54.94,-15.35,-3.41,30.52
55060,1.92,11.9,74.45,27.53,82.3,-93.5,826.3,44.25,-7.26,-2.29,31.08
55080,1.78,3.46,65.07,37.34,126.0,-57.9,858.4,34.1,-11.18,-4.08,30.54
55100,0,2.98,51.34,52.84,55.0,-88.7,889.5,30.64,-16.95,-3.93,30.83
55120,0,4.11,31.9,57.73,-92.6,-82.7,940.1,14.32,-15.33,-2.23,30.8
55140,2.85,6.22,25.86,65.92,24.5,-178.1,1000.6,2.18,-18.6,1.18,30.99
55160,0,0,17.36,56.93,-123.8,-190.0,977.2,-13.31,-18.81,1.04,31.59
55180,0,0.44,7.41,53.12,-3.7,-65.3,976.5,-28.34,-24.22,1.44,31.07
55200,0,0,1.76,39.13,-82.4,-93.8,981.1,-38.44,-11.8,5.66,30.85
55220,0,1.16,4.58,26.66,-135.5,-152.7,933.7,-46.49,-9.31,4.32,30.62
55240,0,0,4.35,17.62,-103.6,-94.1,996.2,-56.18,-4.79,6.46,31.04
55260,1.45,0,0,11.12,-115.9,59.9,1053.8,-56.53,-2.3,3.31,30.33
55280,0,0,1.57,5.58,-32.7,29.1,1005.3,-61.23,8.57,-2.74,30.27
55300,2.49,0,2.62,4.52,-39.9,16.3,1027.2,-62.05,1.67,-1.18,29.91
55320,0,7.62,0,0,-9.4,76.6,1010.1,-52.9,10.88,-3.35,29.45
55340,0.37,0.57,3.61,4.12,-93.1,120.4,998.8,-52.99,6.92,-6.88,29.21
55360,0,0,6.03,3.33,-74.3,79.6,944.6,-41.84,15.19,-4.91,28.74
55380,4.13,0.94,0,0,-14.6,123.9,1028.4,-30.81,13.49,-7.35,28.6
55400,0,2.16,0,0,47.4,201.6,999.0,-19.96,21.78,-2.13,28.46
55420,0,0,0.75,2.7,-16.8,209.0,983.1,-6.77,27.34,-2.54,28.04
55440,71.47,28.44,4.14,0.33,34.0,130.3,974.1,7.02,14.59,-0.31,28.02
55460,61.21,38.49,20.38,1.86,91.8,153.6,984.2,24.4,21.34,-0.86,28.62
55480,39.12,48.44,20.89,0,77.9,115.5,902.8,29.28,17.49,5.05,28.91
55500,24.56,54.05,34.41,0,21.3,140.8,850.7,42.87,13.11,3.98,29.05
55520,11.35,56.12,49.05,2.92,123.5,40.2,825.8,51.89,6.54,5.9,29.53
55540,4.36,52.83,56.71,0.31,37.1,36.8,777.8,60.39,11.45,-0.53,29.6
55560,0,42.74,69.5,3.83,103.3,-104.8,794.7,64.09,5.57,-2.92,29.54
55580,1.69,30.37,83.18,8.77,63.2,-11.7,766.9,55.11,1.8,0.45,30.32
55600,3.8,19.78,79.46,6.24,117.7,-0.8,811.7,60.08,-7.2,-2.98,30.01
55620,1.23,14.14,80.38,24.36,44.2,-156.4,767.3,48.69,-15.2,-6.78,30.69
55640,0.84,6.59,68.65,28.58,44.4,-93.7,849.6,45.62,-11.05,-2.22,30.87
55660,0,2.91,61.17,44.79,2.0,-120.9,902.2,33.11,-14.92,-7.41,30.7
55680,0.38,0,41.97,52.9,41.0,-199.2,998.7,24.18,-14.06,-2.85,31.47
55700,0,6.91,30.37,61.73,61.8,-93.7,957.2,5.97,-22.83,-4.9,30.96
55720,0,3.46,20.07,65.93,42.7,-87.9,1054.9,-7.15,-18.9,1.53,30.94
55740,0,3.49,9.29,61.38,-59.4,-139.9,993.1,-16.44,-10.6,-0.25,31.04
55760,0,4.54,10.23,49.29,-27.1,-131.6,1041.9,-33.4,-13.3,0.8,30.86
55780,3.02,0,7.65,37.43,-8.1,-112.1,966.1,-41.19,-15.33,4.2,30.88
55800,0.37,0,0,23.9,-80.5,-189.7,976.5,-54.29,-14.96,7.94,30.41
55820,0,6.5,2.5,18.47,-71.1,-12.2,973.7,-53.97,-7.49,3.09,30.63
55840,0,0,7.35,10.42,-137.2,74.4,916.0,-58.61,-4.8,0.85,30.39
55860,3.72,0,0,3.92,-125.1,-2.4,996.8,-60.66,-6.42,-0.92,29.93
55880,2.08,4.4,0,0,-82.4,-25.2,1025.5,-61.95,8.4,-7.53,29.66
55900,2.56,0,0,0,-122.2,105.4,1019.3,-57.32,8.36,-0.13,29.73
55920,0,7.16,0,1.2,-107.5,126.4,1018.0,-48.02,14.89,-5.45,29.0
55940,0,0.64,0,0,-4.1,151.4,998.8,-34.38,13.28,-4.57,28.67
55960,0,2.33,0,0.01,-47.4,55.8,1026.0,-27.02,27.5,-3.85,28.85
55980,0,0,0,0.7,-36.4,242.4,936.8,-13.61,22.84,-5.02,28.3
56000,74.52,20.33,7.12,4.42,-36.5,165.7,1026.6,-1.4,20.46,-2.35,27.69
56020,71.45,34.52,8.98,0,-23.4,124.3,945.2,8.46,11.28,-1.59,28.28
56040,52.39,41.01,21.57,0,100.8,107.9,886.4,20.69,19.46,2.48,28.68
56060,30.12,53.8,30.04,0,51.3,5.7,924.1,37.05,8.13,4.05,29.05
56080,22.03,51.48,37.85,1.71,75.4,92.7,844.9,44.26,18.09,4.64,28.83
56100,7.44,51.3,53.37,0,177.2,116.7,828.9,55.53,8.3,1.7,29.6
56120,1.17,49.61,59.35,0,59.9,30.4,818.0,58.46,9.8,2.4,29.78
56140,1.5,33.16,81.31,6.37,66.0,-43.9,806.6,53.89,2.29,-0.28,30.11
56160,0,24.11,85.64,8.71,99.4,58.8,794.1,53.63,-9.28,-2.5,30.47
56180,0,19.12,83.24,19.3,30.3,-80.5,832.7,62.63,-13.11,-3.25,30.41
56200,0.61,15.36,75.83,21.85,-13.4,-27.1,799.1,49.93,-8.2,-5.65,30.72
56220,0,8.19,67.5,40.27,129.3,-102.2,853.5,39.03,-11.86,-1.57,30.62
56240,0,2.77,52.62,51.56,25.5,-100.5,948.8,32.43,-13.45,-3.96,30.67
56260,0,0.85,41.17,54.8,66.0,-187.1,952.0,12.28,-20.86,-3.23,30.84
56280,0,0,25.79,66.72,2.7,-179.7,994.8,3.54,-9.03,1.8,31.24
56300,0.43,0,15.16,58.84,72.6,-156.4,956.9,-9.88,-26.06,-1.04,30.95
56320,0,1.1,8.88,57.21,-72.8,-167.9,1054.3,-24.29,-14.34,4.2,30.6
56340,0,1.66,4.48,39.89,-128.1,-93.7,997.3,-32.24,-20.04,6.9,31.1
56360,0,0,3.78,28.37,-122.3,-28.0,1013.0,-38.21,-6.96,8.23,31.05
56380,2.52,0,0,17.18,-13.5,-96.4,954.4,-48.98,-16.19,2.58,30.81
56400,0,0,0,7.27,-154.2,-159.1,1040.1,-58.95,-13.11,0.15,30.42
56420,5.97,0,1.71,6.32,-49.3,60.0,1038.5,-57.3,-1.45,-1.98,30.5
56440,0,0,0,4.87,-97.9,15.4,972.6,-59.62,0.73,-0.26,29.99
56460,0.05,3.13,2.38,1.14,-137.9,73.8,954.3,-58.51,4.85,-1.47,29.83
56480,0,0,0,3.77,-94.4,78.1,989.3,-49.88,12.12,-1.25,29.58
56500,0.08,0.67,0,0,-67.2,132.7,1030.0,-39.91,9.32,-4.18,29.19
56520,2.29,0,0,4.51,-58.8,169.1,967.9,-27.53,6.65,-2.92,28.55
56540,0.24,2.54,3.04,1.67,16.2,98.1,1011.3,-26.95,28.92,-0.94,28.33
56560,0,0,0,1.18,-71.3,163.3,956.5,-7.97,21.02,-1.13,27.99
56580,80.24,29.69,6.31,0,-10.5,177.2,962.4,1.82,28.02,-3.56,28.04
56600,62.18,33.68,14.32,1.31,9.3,210.2,915.6,20.28,18.91,0.37,28.41
56620,47.82,46.96,19.17,0,28.1,156.6,908.5,32.71,21.68,5.27,28.93
56640,30.26,55.0,31.06,0,112.1,47.7,880.6,40.82,11.76,6.79,29.32
56660,13.39,60.29,44.04,7.53,65.6,144.9,821.1,44.35,20.52,4.41,29.47
56680,4.54,54.72,63.74,0,171.1,97.0,824.2,51.97,9.18,3.46,29.7
56700,8.63,45.72,74.42,0,47.5,-15.3,736.8,61.03,-7.15,1.93,29.88
56720,2.23,31.16,79.06,4.47,105.0,-36.9,777.6,57.9,-5.73,-1.04,30.14
56740,0,19.86,83.59,9.16,74.2,-17.3,869.7,57.28,-2.42,-0.43,30.56
56760,2.07,11.38,84.45,11.95,42.7,-49.9,771.4,50.85,-12.89,-4.32,30.6
56780,1.7,12.04,71.18,25.91,45.0,-129.8,877.7,48.62,-14.16,-3.84,30.58
56800,0,3.5,59.21,45.2,134.2,-217.8,908.7,34.08,-19.32,-5.26,30.69
56820,3.07,0,46.29,58.38,36.9,-75.3,883.4,21.44,-24.32,-4.24,30.78
56840,0,0.6,35.03,60.74,64.8,-154.4,989.3,15.52,-23.0,-3.42,30.99
56860,3.27,2.83,22.62,63.04,-36.7,-193.5,996.0,-2.44,-22.33,1.63,31.22
56880,2.14,0,17.44,55.05,7.9,-173.7,999.0,-17.59,-23.85,5.28,30.96
56900,3.1,3.14,8.32,52.78,-62.4,-98.1,976.9,-26.67,-11.72,4.17,30.78
56920,3.18,0,5.76,39.29,-108.4,-116.3,1004.6,-43.44,-12.46,2.16,30.93
56940,0,1.9,3.01,32.0,-149.9,-66.8,1008.7,-47.37,-17.27,7.82,30.99
56960,0,0,3.93,16.4,-91.4,-15.0,984.1,-49.74,-2.76,3.63,30.6
56980,0,0,0.69,11.09,-97.6,-2.7,1015.5,-58.71,-8.11,3.7,30.32
57000,1.9,0,0,3.82,-101.2,-44.3,1001.5,-61.29,-4.15,-1.08,30.22
57020,0,0,0.86,0.59,-138.2,163.8,964.7,-59.26,14.75,-5.13,30.27
57040,0,3.74,4.13,1.17,25.3,6.4,1026.5,-55.92,15.61,-5.2,29.85
57060,0,0,0.28,1.59,-71.4,39.4,992.3,-46.44,14.56,-6.28,29.4
57080,0,1.95,0,0,-111.4,70.9,952.9,-35.58,19.99,-6.34,28.96
57100,0.31,0,0,0,-77.2,194.3,1065.6,-26.84,14.25,-4.67,28.5
57120,0,0,0,1.62,1.8,123.2,961.8,-15.67,14.73,-4.67,28.25
57140,0,0,0.86,2.65,-32.0,211.0,994.9,1.0,15.67,0.64,27.57
57160,68.81,32.69,7.52,0,-36.8,211.1,988.3,12.6,16.01,3.02,28.31
57180,52.11,40.37,9.11,0,-9.2,111.3,914.1,24.25,13.47,2.37,28.57
57200,39.81,50.54,21.65,0.28,68.4,156.3,871.1,38.33,10.32,7.82,28.91
57220,21.09,58.08,42.11,3.24,39.6,124.0,856.6,43.32,12.93,2.83,29.38
57240,5.44,56.89,48.35,3.62,10.7,4.2,787.6,49.89,-0.51,2.39,29.39
57260,4.5,50.65,65.75,1.62,71.4,-23.1,802.1,63.91,14.9,1.61,29.89
57280,0,37.25,73.75,3.85,167.5,-24.1,799.0,61.54,-1.53,4.81,30.04
57300,0,28.18,86.06,3.57,173.0,-31.4,822.8,57.41,-8.62,0.22,30.02
57320,0,13.9,84.04,12.81,151.2,-131.1,790.7,54.05,-4.83,-5.45,30.33
57340,1.04,8.13,79.83,23.27,72.7,-154.4,849.6,54.1,-20.82,-4.31,30.82
57360,1.86,4.43,67.41,30.28,121.8,-90.6,853.7,44.36,-20.14,-8.47,30.58
57380,0,0,57.33,50.13,24.7,-51.1,913.3,24.05,-14.05,-6.26,31.01
57400,0,0,37.96,56.69,-21.8,-61.5,929.4,19.31,-23.33,-5.47,30.82
57420,0,0.4,34.5,64.83,1.9,-135.4,947.7,8.14,-20.4,-1.15,30.91
57440,1.02,2.0,21.94,62.09,-64.8,-116.9,1026.4,-7.95,-23.81,0.93,31.25
57460,1.51,9.96,8.64,54.06,-74.3,-119.6,989.1,-20.09,-27.92,2.06,30.93
57480,0,1.53,3.0,41.81,-29.8,-149.4,988.5,-37.67,-16.95,2.32,30.73
57500,0,0.99,5.14,32.95,-101.5,-81.5,1058.9,-45.82,-12.4,1.66,31.05
57520,0,0,5.31,23.24,-103.9,-56.0,1011.2,-52.39,-4.64,6.49,30.66
57540,0,0.86,0,15.15,-70.3,-45.7,1016.9,-56.09,-10.19,0.79,30.24
57560,3.63,1.4,0,7.02,-30.5,-17.2,992.0,-59.17,4.97,3.81,30.71
57580,7.2,2.29,0,6.82,-152.4,34.4,943.8,-58.06,11.29,0.17,30.15
57600,0.13,2.89,0,5.54,-81.7,23.6,947.1,-62.53,-1.7,-0.21,29.79
57620,1.91,0.91,0,0.37,-21.7,71.7,976.7,-48.27,25.82,-5.2,29.54
57640,0,0,0,0,-145.3,101.5,1021.7,-43.61,1.75,-3.63,28.97
57660,0,0.6,0,1.5,-72.9,8.5,952.2,-36.29,18.8,-5.52,29.01
57680,0,0,0,0.89,11.6,115.8,995.1,-21.7,23.59,-1.61,28.8
57700,0,2.11,3.28,0,-9.9,142.3,968.0,-9.26,15.49,0.18,27.93
57720,74.73,23.73,6.55,8.69,26.7,129.4,992.5,1.14,21.1,1.8,28.03
57740,64.04,31.01,11.0,1.67,58.8,151.0,928.6,14.52,25.14,0.75,28.44
57760,55.32,48.7,15.05,0,40.6,116.8,909.9,28.1,14.89,4.61,28.7
57780,27.88,50.14,27.38,0.91,-7.4,124.3,883.6,38.25,16.53,5.51,28.99
57800,9.7,57.14,39.01,0.8,109.7,60.2,846.0,46.3,8.92,4.45,29.26
57820,5.37,55.69,58.59,5.3,2.5,14.2,813.2,52.77,8.87,5.66,29.49
57840,2.82,44.18,65.17,3.64,102.3,50.4,772.2,54.14,-0.54,1.26,29.75
57860,0.57,32.49,84.46,4.45,114.8,-51.8,824.8,58.25,1.27,-0.12,30.22
57880,0,27.76,86.93,11.55,156.5,-53.5,826.2,56.98,-4.93,-0.27,30.3
57900,3.13,16.45,80.32,19.5,154.7,-69.2,804.1,56.36,-12.31,-6.62,30.42
57920,0,5.44,74.64,32.03,114.4,-52.6,840.8,44.41,-14.46,-4.69,30.54
57940,0,7.59,61.28,39.9,81.9,-136.7,848.2,36.36,-12.47,-3.97,31.07
57960,0,0.93,50.43,56.96,19.4,-191.8,952.1,27.59,-20.82,-0.48,30.99
57980,0,0,33.6,65.31,51.8,-168.9,967.7,11.39,-23.29,-2.5,30.93
58000,2.86,0,24.78,65.62,-5.1,-166.5,1009.2,1.41,-20.63,-1.72,31.06
58020,0,0.2,21.0,59.59,51.6,-86.3,988.0,-9.74,-27.03,-0.73,30.59
58040,1.91,0,12.77,53.83,-22.4,-46.4,975.6,-23.9,-22.18,3.93,30.47
58060,0,0,3.09,45.18,19.7,-34.4,1044.1,-35.68,-8.47,3.27,30.95
58080,3.22,0,3.15,23.68,-129.2,-83.2,964.5,-45.07,-1.32,6.0,30.67
58100,3.6,0,0,16.74,-126.0,-82.3,1042.0,-56.82,-8.17,4.66,30.7
58120,2.23,0,0,9.0,-33.1,-105.2,960.6,-62.3,-11.91,1.81,30.3
58140,1.82,1.37,0,0,-48.3,-52.1,1005.2,-59.19,-8.36,0.42,30.25
58160,1.86,6.46,2.31,3.42,-143.6,37.2,1006.9,-58.9,6.01,0.02,30.4
58180,7.0,4.65,0,0,-85.0,55.2,1018.9,-55.7,12.99,-2.46,29.76
58200,2.56,0,0.6,0,-126.9,59.0,1010.0,-49.83,11.24,-5.38,29.72
58220,0.87,0,0,4.26,-52.1,149.1,997.6,-45.05,14.44,-7.75,29.16
58240,3.96,4.35,1.71,4.48,5.9,67.9,989.2,-28.44,20.36,-5.18,28.63
58260,1.46,0.53,0.21,0.44,85.6,130.4,976.3,-19.61,24.31,-0.66,28.85
58280,2.71,0,0,3.38,-9.1,39.8,980.4,-3.74,19.54,-3.86,27.84
58300,74.4,27.26,6.45,1.49,123.3,186.8,942.0,5.58,27.05,5.24,28.01
58320,58.45,38.88,18.7,1.53,-1.9,165.8,937.5,23.8,20.47,-0.1,28.59
58340,42.11,51.34,22.51,4.91,5.4,120.4,856.3,30.91,13.57,5.71,28.89
58360,21.68,59.66,33.67,0,69.4,-1.9,858.8,42.7,16.31,7.13,28.75
58380,11.0,56.78,45.96,4.08,-8.3,70.1,836.3,51.29,10.43,1.76,29.54
58400,4.24,54.79,56.52,2.49,136.5,69.1,809.8,59.66,9.62,4.4,29.85
58420,4.58,41.21,75.83,0.07,127.4,127.0,763.8,56.2,5.04,3.8,30.2
58440,0,27.92,75.25,2.62,132.3,113.4,828.1,57.11,-4.88,-4.7,29.92
58460,3.09,20.75,81.94,12.5,64.4,-69.7,847.8,56.5,-13.21,-1.76,30.47
58480,0,10.83,76.89,21.38,44.8,-96.0,834.0,51.17,-5.23,-0.16,30.49
58500,0,4.54,65.87,28.11,124.0,-81.7,871.8,46.59,-10.07,-6.83,30.72
58520,0,0.94,65.18,46.21,59.1,-133.6,901.3,30.93,-9.9,-8.07,30.73
58540,0,0,38.76,60.14,48.0,-163.9,891.2,19.82,-18.76,-1.53,30.95
58560,0,5.36,26.66,67.27,33.3,-52.1,956.5,8.2,-28.1,-3.34,31.31
58580,0,0,19.77,64.39,-45.4,-136.1,983.4,-5.02,-18.03,2.03,31.03
58600,0,2.45,14.2,58.09,-112.2,-169.9,1013.3,-18.56,-28.27,7.02,31.32
58620,0,0,3.38,48.23,-83.0,-119.6,1003.4,-29.22,-15.26,3.54,30.99
58640,0,0,3.49,34.31,-24.6,-147.6,1016.7,-44.28,-14.47,8.35,30.75
58660,0.03,0.72,2.78,19.66,-132.5,-85.9,1014.4,-48.78,-8.07,4.02,30.89
58680,0,0.91,0,13.38,-41.9,-56.8,1006.4,-52.44,-3.35,7.24,30.61
58700,0,0.84,5.8,1.8,-78.7,-47.7,1015.5,-53.01,-6.05,1.11,30.56
58720,5.54,1.75,3.65,3.0,-122.1,85.5,972.3,-58.93,0.96,0.83,29.69
58740,1.84,3.67,5.16,0.67,-66.0,-86.6,948.4,-59.19,5.85,-2.67,29.8
58760,3.38,4.54,0,6.24,-66.5,61.3,1003.0,-54.51,11.34,-8.35,29.83
58780,0,3.05,7.21,1.35,-101.3,99.4,974.8,-47.82,6.99,-5.7,29.1
58800,0.43,0,0.72,1.56,-118.8,193.1,1030.5,-34.48,23.38,-2.28,29.09
58820,0,0,0,2.48,-57.1,93.4,990.1,-25.79,20.48,-4.03,28.58
58840,0,0,0,3.77,-56.9,143.2,954.4,-10.88,18.36,-1.76,28.36
58860,80.88,23.26,6.63,0.64,73.2,243.8,959.9,3.7,21.74,0.12,28.34
58880,70.17,32.67,16.08,4.11,-51.1,170.2,947.9,13.32,22.21,2.91,28.3
58900,52.74,46.45,20.47,0,36.8,126.3,891.9,26.01,18.35,6.85,28.34
58920,36.77,53.56,25.81,0,45.3,75.9,894.5,34.37,22.01,3.59,29.0
58940,20.65,57.77,37.51,2.03,41.4,128.0,814.1,50.12,7.4,4.38,29.34
58960,3.84,54.78,52.22,0,60.9,67.3,802.9,56.47,1.92,0.83,29.48
58980,2.35,44.74,70.72,5.26,63.9,-22.0,805.5,66.1,-0.87,-1.93,29.88
59000,0,38.89,77.19,6.35,30.5,12.7,824.7,62.37,8.81,-0.8,30.13
59020,0,24.86,86.46,13.14,144.5,-1.2,800.0,59.16,-6.99,-2.64,30.08
59040,2.56,17.95,80.69,13.73,213.0,-27.5,790.2,57.9,-18.75,-3.6,30.48
59060,0.44,7.54,73.37,23.1,52.8,-68.1,869.2,46.15,-11.6,-3.04,30.84
59080,1.26,8.66,65.05,39.23,134.4,-219.0,835.2,41.93,-7.35,-4.99,30.74
59100,2.68,0,49.11,49.89,55.4,-126.9,924.2,23.14,-15.19,-4.57,30.8
59120,0,3.76,41.5,67.39,15.8,-179.4,886.3,14.69,-11.19,-1.67,30.91
59140,0,1.68,27.23,69.06,-49.4,-135.6,969.3,7.61,-17.87,-0.65,30.73
59160,0.45,2.31,16.66,64.76,20.6,-170.2,1044.3,-14.81,-31.92,1.74,31.22
59180,0,0,9.43,57.03,-6.5,-219.2,979.1,-24.5,-17.02,2.76,31.12
59200,3.28,0,4.88,40.93,29.9,-181.2,1055.6,-37.6,-13.05,3.69,30.85
59220,0,5.51,0.04,29.57,-59.5,-54.3,1007.8,-45.31,-13.33,7.12,30.93
59240,0.56,0.47,1.39,16.91,-150.3,-139.1,997.8,-52.93,-3.8,3.06,30.36
59260,0,0.69,2.59,6.78,-116.9,-58.4,991.3,-58.65,0.96,2.01,30.74
59280,0.99,1.04,2.55,5.61,-144.8,-66.8,1005.9,-54.08,5.34,1.61,30.48
59300,0,0,0,3.86,-82.0,-54.2,1040.7,-63.05,8.95,-4.39,30.12
59320,2.84,2.65,1.12,0,-113.3,19.8,981.6,-55.23,8.74,-4.89,29.76
59340,0,0,0,4.43,-105.1,82.6,1013.3,-50.26,11.22,-1.27,29.55
59360,4.38,0,4.74,1.64,-149.2,80.4,1020.8,-43.25,13.31,-6.54,29.15
59380,3.76,0,0,3.55,-112.5,-26.0,950.9,-34.57,20.6,0.21,28.42
59400,0,0,4.05,0,-18.6,146.0,999.3,-17.22,18.57,-2.77,28.57
59420,1.6,0,0.12,1.64,-6.1,134.9,976.8,-5.23,22.13,-1.52,28.48
59440,76.16,24.09,10.36,0,-43.8,71.6,946.8,7.02,13.23,4.12,27.95
59460,61.28,37.28,11.84,0,-18.1,153.2,963.6,18.67,16.39,3.42,28.53
59480,43.26,47.94,19.54,0,114.6,188.0,888.5,30.53,12.88,7.35,28.78
59500,24.27,56.95,36.47,0.29,27.3,150.4,849.4,39.4,4.49,8.0,28.82
59520,8.63,59.4,50.36,0,160.6,63.6,820.8,51.83,7.48,5.68,29.49
59540,5.6,49.65,56.49,0,71.3,50.6,801.4,57.23,7.64,-1.95,29.98
59560,0.94,38.14,71.26,1.38,170.6,22.5,781.8,59.18,-0.66,-0.67,30.0
59580,1.03,30.28,86.22,0,188.1,-6.6,818.3,61.54,-0.73,0.61,30.52
59600,1.38,26.52,86.32,13.2,42.5,-42.7,771.7,57.86,-7.46,0.24,30.73
59620,0,13.96,78.96,16.39,80.8,-44.2,815.1,51.49,-5.33,-7.47,30.77
59640,0,7.12,72.19,33.15,14.7,-135.0,845.7,40.25,-12.05,-2.72,31.08
59660,0,4.84,61.51,39.88,74.2,-40.7,864.1,32.79,-13.65,-6.01,31.04
59680,1.64,0.08,44.95,42.88,-44.4,-141.0,908.4,18.69,-19.44,-3.12,31.03
59700,0,0,31.95,61.32,4.0,-131.8,1009.8,6.73,-19.28,-4.06,30.99
59720,0,0,25.11,65.12,9.4,-109.5,926.6,-0.66,-21.11,0.04,31.17
59740,0.19,0,15.02,64.13,-30.2,-57.1,1042.1,-18.63,-23.12,2.39,31.07
59760,2.95,2.28,7.87,47.59,-1.5,-75.4,1018.5,-28.19,-15.73,5.62,31.01
59780,0,1.02,0.94,34.08,7.5,-59.1,1006.1,-43.08,-22.09,4.86,30.82
59800,5.78,0,3.46,21.77,4.2,-1.9,1011.4,-53.24,-13.86,6.14,30.57
59820,2.04,0,0,15.5,-45.2,-81.6,989.1,-55.01,-6.62,3.5,30.36
59840,0.78,0.36,6.43,4.03,-109.5,-30.6,961.6,-60.2,-11.13,3.52,30.31
59860,1.36,0,0.29,9.82,-102.8,-6.3,1038.0,-58.67,1.27,-0.06,29.98
59880,2.76,0,2.39,4.22,-33.9,5.1,979.3,-60.41,1.92,-3.74,29.43
59900,4.48,0,3.54,4.49,-42.7,110.8,993.5,-55.34,0.82,-6.42,29.56
59920,7.0,0,6.69,0,2.3,63.7,945.2,-46.94,22.93,-4.0,29.08
59940,0,1.81,0,2.09,-77.3,163.3,968.6,-37.17,27.93,-3.78,29.33
59960,0.87,0.36,0,0,16.7,103.0,1024.8,-21.02,17.42,-8.24,28.66
59980,4.88,0,0.79,1.6,-153.6,168.0,1056.2,-11.33,22.74,-1.58,28.28
60000,77.24,20.49,7.89,1.21,-2.6,97.5,1010.9,2.71,21.22,-2.66,27.85
60020,66.66,33.71,12.36,3.16,57.7,198.7,982.6,14.3,26.21,0.5,28.25
60040,49.77,46.34,25.0,5.41,-39.9,111.2,901.8,26.81,19.47,2.95,28.78
60060,34.23,51.22,22.51,2.31,151.2,100.7,834.5,37.14,8.52,1.75,28.88
60080,22.95,56.07,41.77,2.74,73.9,29.6,865.2,48.51,18.9,3.49,29.29
60100,10.07,56.72,50.56,0,68.4,87.1,810.7,53.42,19.42,5.01,30.02
60120,1.69,50.56,68.21,2.9,95.7,40.1,823.7,54.29,2.48,3.49,29.68
60140,1.01,38.33,75.5,6.49,124.6,66.5,767.6,60.56,1.58,0.51,30.23
60160,3.46,28.91,78.39,9.34,144.7,-43.3,766.5,59.52,-3.54,-3.07,30.22
60180,5.12,13.35,84.52,14.57,89.2,-13.5,779.3,55.54,-0.72,-4.29,30.51
60200,7.32,8.05,76.43,20.04,148.8,-108.6,822.8,48.75,-4.28,-5.85,30.84
60220,0,5.74,66.74,35.44,94.7,-129.8,874.8,39.34,-16.69,-6.03,30.85
60240,0,0,51.86,49.74,53.4,-40.1,907.5,29.6,-25.7,-2.09,30.96
60260,0,5.29,37.89,56.58,1.8,-197.6,936.3,12.95,-16.82,0.4,31.09
60280,4.57,0,28.15,68.88,-43.6,-134.6,995.9,1.41,-27.01,-3.11,30.79
60300,0.16,0.86,18.16,62.38,140.6,-120.6,1022.2,-11.99,-28.72,2.23,30.92
60320,1.02,5.31,7.87,52.44,-106.1,-133.3,1000.0,-17.26,-7.97,2.15,30.75
60340,0.42,0,10.72,42.94,-51.0,-215.6,1018.4,-28.92,-7.57,1.56,31.03
60360,2.72,0,5.12,29.34,-70.3,-133.3,984.7,-41.46,-17.22,4.48,30.6
60380,0,0,0.18,25.26,-98.1,-86.6,1013.5,-52.99,-15.37,3.73,30.78
60400,1.29,1.25,0,6.46,22.7,-66.7,976.2,-61.58,-1.63,4.1,30.19
60420,0.21,2.52,0,2.0,-141.3,-61.6,972.9,-59.69,-8.8,-2.29,30.45
60440,2.06,1.39,0,5.14,-125.3,17.2,997.7,-58.84,-1.65,0.23,29.85
60460,1.31,2.49,0,0.93,-77.3,150.7,991.0,-53.58,5.88,0.81,29.54
60480,0,0,1.02,0,-92.7,75.4,1026.9,-56.4,11.36,-4.89,29.43
60500,0,0,4.37,0.2,-70.8,51.2,1006.0,-34.64,18.53,-4.33,28.98
60520,1.57,2.51,0,2.6,-106.6,150.4,973.2,-32.1,16.03,-6.64,28.96
60540,2.55,2.78,0.99,1.43,-73.7,169.0,993.5,-17.48,26.08,-3.42,28.66
60560,0,0.67,0,0,-74.1,182.2,1029.6,-3.16,28.19,-3.2,28.6
60580,74.42,25.05,11.53,0,-0.3,203.6,971.0,7.26,11.73,3.69,28.0
60600,61.54,36.3,10.45,1.51,-71.1,198.7,942.8,22.56,12.16,-0.84,28.61
60620,43.29,50.48,14.11,5.77,79.7,159.4,923.7,33.33,19.74,3.34,28.86
60640,29.49,52.61,31.45,0.84,63.0,77.1,808.7,43.48,27.39,4.89,29.12
60660,13.22,56.19,44.71,6.48,30.6,209.4,935.8,47.05,13.6,3.65,29.44
60680,4.6,50.34,54.23,0,30.1,91.1,819.4,61.12,2.58,3.92,29.76
60700,8.17,41.37,69.97,5.38,184.8,-39.6,782.2,57.01,-10.22,4.37,30.1
60720,1.15,37.43,85.01,7.67,-5.1,102.1,846.1,55.81,-0.21,0.29,30.32
60740,2.63,22.27,82.47,4.33,56.8,-26.4,846.1,57.61,0.25,-1.84,30.38
60760,5.14,12.15,79.1,24.19,88.7,-24.3,857.4,49.12,-8.3,-3.42,30.77
60780,3.35,10.36,72.72,28.98,84.9,-89.7,858.0,44.31,-7.64,-3.37,31.03
60800,0,5.39,62.47,39.94,69.6,-80.2,877.8,32.13,-16.77,-1.24,30.86
60820,0,0.38,53.92,54.4,24.7,-88.3,932.6,24.23,-22.57,-4.36,31.32
60840,1.33,1.19,35.13,58.0,30.5,-143.9,931.6,11.51,-27.0,-1.32,31.06
60860,0,0,21.55,64.88,-77.2,-90.0,981.5,-10.78,-25.59,-0.07,31.06
60880,0,0,18.62,55.82,-17.7,-139.8,1026.2,-20.19,-15.48,-1.25,31.34
60900,0,0,10.49,47.23,-33.3,-96.3,968.7,-29.01,-17.41,3.48,30.63
60920,5.56,0,5.27,39.81,-75.7,-105.4,1071.4,-38.18,-17.78,2.9,30.48
60940,0,0,4.7,29.01,-121.8,-87.6,1043.3,-48.76,-6.88,4.37,30.59
60960,0,0,0,17.64,-100.9,-110.4,1064.4,-55.55,-11.0,3.08,30.93
60980,0,4.07,0,8.37,-122.0,-27.4,999.9,-60.99,-4.39,6.49,30.15
61000,0,0,0.52,1.53,-49.1,-44.4,1000.4,-61.34,-2.26,1.24,29.91
61020,0.59,0.59,0,9.1,-47.3,32.0,997.4,-58.75,2.63,-2.1,29.82
61040,0.93,0,2.19,2.36,-208.8,19.9,960.0,-57.13,8.62,-1.78,29.65
61060,0.62,0,0,0,-92.2,105.4,1000.3,-44.15,6.24,-5.15,29.36
61080,1.53,1.9,0,0.12,-18.0,189.7,988.9,-38.69,15.52,-4.53,28.98
61100,0,0,7.31,0.22,-44.9,266.3,977.3,-28.9,16.17,-2.0,28.52
61120,0,0,0,0,-14.5,55.8,985.6,-14.37,16.73,-0.67,28.35
61140,0,0.17,0,0,-49.8,102.6,952.4,1.36,12.61,-4.04,28.06
61160,71.23,25.75,5.87,0,33.0,209.5,964.0,13.83,24.14,1.9,28.61
61180,57.5,42.78,16.72,1.99,14.3,169.8,930.7,24.83,19.04,3.94,28.34
61200,39.07,52.21,21.98,0,75.9,164.5,896.1,40.45,16.31,4.2,28.94
61220,20.04,52.04,38.29,4.18,9.4,106.2,846.1,45.17,18.65,5.33,29.38
61240,4.98,51.26,47.0,4.97,50.8,58.5,809.8,51.3,6.38,7.93,29.18
61260,3.85,46.68,67.54,5.09,126.8,58.2,840.3,57.01,3.55,2.33,30.11
61280,2.7,39.63,75.48,0,180.6,43.8,822.5,62.21,-3.9,1.95,29.74
61300,1.95,23.42,81.68,3.36,331.9,-49.2,884.2,58.13,-12.29,1.68,30.28
61320,0,18.25,83.67,17.95,48.0,-56.3,811.5,61.25,-0.82,-2.79,30.57
61340,0,19.49,77.45,21.28,113.0,-72.7,808.6,46.68,-25.43,-6.45,30.6
61360,1.16,9.4,64.65,32.32,43.7,-124.5,869.7,39.01,-13.7,-5.84,30.7
61380,0.11,4.18,60.54,47.68,21.3,-128.8,891.4,34.2,-18.24,-5.61,31.24
61400,1.24,3.77,35.72,54.43,34.8,-139.5,930.3,18.04,-20.44,-0.7,30.83
61420,0,1.22,29.33,61.6,92.4,-171.1,1021.5,2.93,-15.14,-0.61,30.98
61440,0,0.08,14.84,61.54,40.9,-174.1,927.9,-7.91,-23.53,1.15,30.8
61460,0,0,6.66,59.26,-94.6,-148.0,970.0,-18.73,-16.75,1.95,30.67
61480,2.14,6.94,6.14,47.33,-51.3,-92.4,1046.8,-34.08,-8.82,5.28,30.75
61500,1.91,0,3.3,33.83,-124.3,-161.3,987.4,-51.03,-15.08,6.89,30.62
61520,0,0.7,5.49,19.55,-31.6,-48.9,971.1,-53.41,-14.34,6.44,30.66
61540,1.34,3.37,2.8,12.5,-85.5,-74.4,983.8,-49.33,-10.3,1.55,30.72
61560,0,0,0,4.99,-128.8,-48.6,973.0,-59.07,-4.85,1.46,30.04
61580,1.14,0,3.62,6.71,-116.9,-19.3,1026.8,-60.76,-2.6,-0.89,29.85
61600,0,2.82,0,0,-129.7,55.5,954.4,-54.09,3.76,-1.88,29.87
61620,0,2.11,0,0,-139.6,77.1,1046.7,-57.88,16.1,-3.65,29.52
61640,2.98,0,0,1.59,-28.1,89.2,978.1,-45.1,20.45,-7.62,29.24
61660,0,0,0,0,-54.4,170.8,1022.2,-36.28,7.0,-5.3,28.94
61680,0,3.26,0,0,-44.4,134.9,1020.9,-18.85,8.65,-2.55,28.41
61700,0,0.97,0,1.35,11.3,177.8,1029.5,-9.61,19.5,0.64,28.28
61720,74.89,26.5,10.74,0.81,-23.1,132.6,970.9,7.14,17.44,1.28,28.07
61740,67.8,36.98,8.06,5.0,-6.3,248.8,937.1,17.08,20.96,2.49,28.53
61760,51.02,45.83,17.12,1.58,93.2,107.5,889.1,30.89,12.28,7.91,28.77
61780,30.71,59.24,27.1,0,26.2,157.2,878.8,38.47,23.57,4.08,29.11
61800,17.76,57.09,44.83,0,61.3,54.7,810.5,48.66,9.84,3.27,29.59
61820,10.49,51.7,52.71,2.07,118.6,69.9,842.5,53.84,5.61,5.84,29.77
61840,0.95,50.9,69.25,0,133.0,54.4,771.1,57.86,7.18,-0.76,29.78
61860,0.93,32.34,77.7,4.26,67.1,-41.0,779.6,64.12,0.32,1.24,30.12
61880,0,20.82,88.36,3.71,31.6,-57.9,825.9,59.62,-0.58,-0.3,30.49
61900,4.33,14.2,78.48,15.67,124.7,-48.2,853.6,54.85,-8.71,-3.87,30.23
61920,1.3,7.1,74.83,24.87,-31.9,-89.4,806.2,52.11,-14.87,-4.97,30.6
61940,0,5.48,61.13,46.42,107.0,-89.8,885.9,37.35,-9.95,-2.5,30.9
61960,4.7,0,53.2,52.69,-23.9,-143.9,902.7,20.71,-23.17,-5.1,30.89
61980,0,1.11,35.56,66.08,-60.9,-198.6,899.6,10.47,-16.66,-2.78,30.81
62000,0,0,22.57,63.32,65.0,-182.1,998.9,-0.47,-23.97,-3.13,30.99
62020,5.2,0,15.12,65.34,13.8,-188.8,977.2,-11.79,-18.99,1.42,30.85
62040,0.09,2.13,5.15,54.78,-122.2,-189.6,982.7,-27.96,-10.79,5.59,30.88
62060,0.77,3.17,0.38,44.02,-37.0,-113.7,1011.5,-41.1,-22.92,7.95,30.69
62080,0.92,3.69,2.83,29.42,-28.4,-115.1,1021.8,-43.71,-13.38,5.46,30.57
62100,0,3.84,4.09,15.47,-123.0,-54.5,1021.2,-51.09,-3.66,5.25,30.65
62120,0,0.45,0,14.25,-79.3,15.8,1006.5,-62.24,-6.28,0.06,30.52
62140,0,2.72,0,2.47,-127.6,-26.8,985.4,-62.89,-1.14,-2.19,29.86
62160,0.7,1.08,3.09,5.48,-61.6,-21.7,1030.5,-59.86,4.31,-2.4,30.02
62180,0,1.04,0,1.75,-78.9,80.7,1009.6,-50.46,15.66,-2.86,29.28
62200,2.85,0,2.11,0,-189.7,155.6,984.2,-51.28,12.51,-4.65,29.27
62220,0.49,5.76,0,0.4,-197.9,60.6,1023.5,-37.47,20.85,-3.67,29.15
62240,2.17,0,3.78,0,-4.0,87.8,977.0,-29.0,16.75,-6.09,28.73
62260,0,0.22,0,2.03,-77.3,62.0,1020.3,-20.51,25.86,-0.22,28.18
62280,0.18,0,0,0,11.4,169.3,978.0,-1.15,34.54,2.21,28.05
62300,76.49,25.87,7.08,0,78.5,136.5,985.2,11.71,15.57,3.91,28.12
62320,59.9,41.66,5.84,0.19,62.3,127.1,883.8,21.63,17.56,4.24,28.68
62340,42.57,45.53,25.84,5.29,-57.2,153.5,858.6,35.01,17.38,6.94,28.81
62360,21.39,55.34,36.11,3.56,21.1,117.6,856.6,46.87,12.7,3.86,29.22
62380,11.83,52.35,49.35,2.33,-45.0,134.0,819.4,47.75,3.85,4.54,29.23
62400,6.87,48.46,63.91,1.12,63.0,80.1,833.7,52.58,7.85,0.02,29.61
62420,0.98,39.35,71.68,0,77.4,99.0,859.8,58.66,1.85,6.18,30.04
62440,3.1,31.29,78.75,2.81,190.0,-69.2,759.0,59.29,-6.14,-6.37,30.07
62460,3.95,17.77,80.7,13.38,108.1,-39.4,802.9,56.69,-2.29,-1.61,30.46
62480,0.82,14.08,79.96,22.26,106.2,-54.0,818.1,49.17,-7.61,-6.21,30.65
62500,0,6.78,70.78,29.24,143.1,-97.4,864.7,44.86,-9.54,-3.08,30.86
62520,0,7.39,60.01,44.34,-3.8,-82.9,885.2,32.73,-14.64,-3.89,30.54
62540,2.6,0,47.43,57.35,-23.3,-120.4,970.3,21.96,-20.47,-2.22,30.7
62560,0,1.03,24.13,67.24,-44.8,-146.8,931.9,9.8,-14.68,-0.45,30.72
62580,0,0.7,22.88,66.15,31.7,-132.7,992.7,-5.49,-12.27,-1.45,31.31
62600,0.77,0,14.54,64.1,53.3,-82.4,978.0,-18.96,-9.51,2.5,31.18
62620,2.52,0,9.15,47.15,-17.8,-153.3,989.6,-35.71,-21.75,8.14,30.82
62640,0,0.49,3.01,35.14,-38.9,-184.0,966.2,-47.07,-5.44,10.57,30.93
62660,0,0,0,18.12,-136.8,-95.3,979.5,-51.94,-12.29,7.6,31.1
62680,0,4.96,4.14,10.97,-75.7,-95.5,1014.9,-57.19,-3.44,1.83,30.71
62700,1.98,0,0.87,5.86,-106.4,-54.8,1053.0,-58.96,-6.69,2.64,30.14
62720,2.02,1.96,0.98,0,-71.9,-90.5,1026.6,-61.79,6.58,-0.09,30.09
62740,0,0,0,0,-44.5,88.5,970.5,-61.61,4.12,0.05,30.05
62760,3.73,0.47,0,0,-52.8,68.8,986.5,-53.85,8.22,-4.52,29.59
62780,3.9,0,0,0,-44.7,46.0,963.9,-43.06,0.88,-6.73,29.16
62800,0.79,4.98,0,6.22,-99.2,184.7,1035.0,-36.41,19.6,-1.02,28.76
62820,0,0,0,0,-67.7,152.0,970.7,-21.16,19.71,-3.16,28.66
62840,0,5.18,2.72,0.98,-79.7,136.9,1041.5,-12.11,23.41,-2.75,28.4
62860,74.37,22.83,0.59,0.26,93.1,114.9,1037.0,0.12,20.05,1.54,28.2
62880,67.12,34.41,12.42,0.62,72.4,74.4,895.0,8.77,17.7,1.91,28.06
62900,53.9,44.99,16.64,0,42.0,158.9,938.5,24.97,21.29,3.64,28.71
62920,28.47,54.3,26.62,0,53.3,221.7,844.0,35.56,29.59,1.66,28.86
62940,11.31,59.57,40.81,0,73.5,38.5,847.8,46.58,7.13,6.58,29.51
62960,11.08,52.56,55.98,0,157.1,64.5,785.6,48.28,7.03,3.61,29.55
62980,4.05,44.43,65.94,0.03,58.9,-6.5,830.9,62.28,-0.95,3.65,29.94
63000,0.53,38.63,77.5,2.96,74.5,7.1,825.6,61.13,-2.82,4.27,29.93
63020,0,25.73,88.45,8.49,80.5,-15.2,810.7,60.5,-2.76,-1.35,30.12
63040,0.97,11.02,79.81,18.23,166.0,-50.7,860.8,46.25,-8.79,-6.38,30.31
63060,0,4.42,71.98,23.53,79.8,-107.7,824.9,45.02,-22.0,-5.38,30.82
63080,3.6,4.98,59.74,30.91,133.3,-161.2,871.1,37.19,-16.74,-6.52,31.02
63100,0,0,48.3,43.93,-38.3,-60.6,908.8,26.13,-18.2,-3.41,31.16
63120,0.65,2.83,43.02,56.82,-41.4,-165.9,954.0,18.85,-19.73,1.07,31.3
63140,1.59,3.23,26.11,64.76,-26.8,-204.5,983.7,-0.77,-15.67,5.75,31.07
63160,0,0,13.05,62.13,14.2,-193.2,1007.6,-14.34,-19.99,3.94,30.83
63180,3.63,0,9.29,57.67,-59.5,-84.3,1035.5,-23.48,-21.71,6.49,30.96
63200,3.57,5.94,7.24,38.78,-194.0,-230.8,1011.2,-34.62,-21.04,4.58,30.96
63220,1.31,3.64,5.53,32.52,-51.5,-7.5,1023.6,-47.02,-15.93,3.49,30.83
63240,0.05,0,5.32,18.59,-93.6,-50.0,946.7,-51.06,-5.37,1.55,30.16
63260,5.6,3.99,0.45,13.0,-143.8,-61.1,1056.5,-57.2,-1.91,3.35,30.43
63280,1.2,0,1.37,3.58,-133.7,53.4,1057.4,-59.29,-2.68,0.42,30.49
63300,0.34,0,0.02,1.55,-153.9,8.6,981.8,-54.06,12.7,-2.39,29.58
63320,4.25,1.8,3.55,5.97,-65.1,69.4,975.4,-52.88,8.12,-4.79,29.83
63340,1.93,3.84,0.86,1.74,-64.7,62.3,956.6,-48.55,7.19,-4.15,29.31
63360,3.67,0.73,0,0,-59.9,-26.0,1046.7,-38.18,16.07,-7.77,29.14
63380,0,2.06,2.83,0,-132.9,43.8,993.5,-29.51,24.65,-2.85,29.04
63400,0,0,0.94,0,-5.7,85.1,1059.2,-18.16,19.72,-3.68,28.63
63420,0,0,0,0,-56.7,128.7,1030.2,-2.76,16.32,-2.35,28.44
63440,70.52,29.04,8.02,0,-44.7,190.4,948.4,6.44,11.0,0.43,28.16
63460,62.32,38.18,11.1,0,17.8,140.2,952.0,20.0,27.96,2.16,28.37
63480,41.9,49.17,19.6,1.99,66.5,124.2,941.4,36.22,9.66,6.12,29.1
63500,26.83,54.22,34.53,1.71,71.1,59.6,844.9,42.72,11.56,3.68,29.0
63520,16.69,58.37,51.72,1.42,82.0,76.3,835.7,54.74,0.98,6.4,29.28
63540,4.35,47.29,58.78,2.63,26.7,146.5,824.9,49.99,-8.28,3.17,29.34
63560,3.84,46.55,72.77,8.89,115.2,27.6,749.2,53.97,13.09,1.61,30.29
63580,2.77,30.97,79.79,9.57,160.0,7.7,797.7,58.43,-3.2,2.81,30.29
63600,0,20.86,88.89,18.3,125.1,-102.0,835.6,51.27,-7.35,-0.21,30.56
63620,0,15.85,81.59,16.37,45.1,33.5,852.2,52.59,-10.46,1.37,30.7
63640,1.5,7.82,69.14,28.65,-2.1,-57.2,828.4,41.82,-4.86,-6.36,30.75
63660,0,1.42,57.85,44.16,74.3,-172.6,869.5,29.42,-24.89,-8.41,30.6
63680,0,0.62,46.02,54.99,75.5,-53.7,911.2,18.85,-15.46,-4.02,31.23
63700,0,0.4,37.22,63.6,-41.2,-156.5,948.0,15.56,-27.12,-0.49,31.15
63720,0,4.15,19.79,68.07,34.6,-285.5,968.4,-5.01,-17.44,0.74,31.02
63740,0,4.46,14.94,59.86,12.9,-191.2,980.9,-12.73,-11.71,3.29,30.69
63760,0.88,0.69,2.41,46.2,-74.6,-36.5,986.0,-28.99,-18.53,3.29,31.28
63780,3.22,0,1.83,31.66,-52.3,-109.0,990.1,-39.36,-17.69,-0.46,30.55
63800,0.67,0,0,17.61,-116.2,-66.8,1034.5,-47.25,-6.81,5.36,30.37
63820,0,0,0,15.14,-108.6,3.9,988.1,-58.44,-17.18,5.02,30.54
63840,2.43,0,3.46,6.1,-42.2,-23.4,1048.3,-65.09,-8.36,3.16,30.29
63860,1.77,3.39,0,5.69,-105.8,-54.8,993.5,-64.31,-1.41,0.91,30.12
63880,1.23,0,0,0,-154.8,-80.1,979.9,-55.37,11.97,-2.17,29.96
63900,3.28,0,0.1,3.11,-57.3,53.1,995.9,-56.72,15.3,-5.32,29.84
63920,4.96,0,4.58,6.73,-96.7,30.1,955.3,-46.41,12.93,-6.25,29.35
63940,0,1.28,4.6,2.19,-149.3,137.0,1029.3,-34.8,9.2,-5.55,28.82
63960,0,1.75,0,0,0.5,218.1,1057.1,-27.75,17.02,-6.71,28.68
63980,0,0,0,8.4,-54.1,86.6,1005.6,-9.5,23.8,-2.22,28.37
64000,79.91,25.64,6.92,0,28.0,158.0,951.8,1.77,20.1,0.63,28.25
64019,71.25,31.39,6.17,3.55,-17.7,149.1,917.0,9.48,20.62,5.39,28.4
64040,55.78,46.14,20.58,2.86,-34.4,45.8,906.0,28.57,16.51,4.73,28.8
64060,41.54,50.76,28.14,0,20.7,68.6,901.5,44.15,23.04,5.99,28.67
64080,20.49,54.06,38.73,3.24,105.5,56.1,840.5,50.4,7.55,7.95,29.48
64099,4.92,48.74,53.0,4.19,40.8,61.0,812.6,49.72,10.02,1.0,29.52
64120,4.85,47.58,70.48,0,120.8,-37.3,786.3,54.16,14.3,1.73,29.61
64140,0,33.25,79.37,3.54,102.3,78.3,839.7,57.92,-7.63,-0.39,29.99
64160,0,25.17,87.1,11.91,13.4,-108.8,822.2,63.59,-0.09,0.0,30.56
64180,0,19.41,85.34,16.4,45.3,-23.7,784.9,50.22,-9.5,-3.65,30.58
64200,0,12.4,77.89,22.0,95.0,20.7,853.2,47.4,-13.71,-2.21,30.31
64220,0,9.82,72.87,36.03,49.1,-104.3,832.1,39.66,-15.48,-4.83,30.69
64239,0,3.04,51.4,49.73,109.1,-171.6,905.6,34.36,-19.12,-4.33,30.87
64260,0,1.66,40.79,55.89,74.7,-142.7,925.7,17.46,-12.16,-0.5,30.95
64280,0,2.17,26.27,65.31,16.1,-141.5,1016.6,2.66,-20.12,-1.32,31.08
64300,2.82,1.24,17.4,57.55,86.2,-179.4,994.0,-9.55,-13.06,1.96,30.78
64319,0,0.06,12.9,48.83,15.4,-40.9,1039.3,-22.5,-16.34,6.52,30.82
64340,0,1.07,5.18,41.55,0.9,-198.8,1068.3,-30.9,-18.16,6.17,30.9
64360,3.81,0,1.67,30.76,-40.6,-51.3,971.3,-47.69,-18.4,5.23,30.67
64379,0,0,0,19.02,-172.3,-35.5,979.4,-50.94,-11.11,3.57,30.54
64400,0.27,0,0.74,14.63,-150.3,-132.7,935.6,-55.45,-2.3,-0.68,30.68
64420,0,0,0,6.2,-100.9,-33.0,980.3,-58.07,0.4,0.74,29.99
64440,0,0,0.44,0,-154.8,64.3,967.7,-60.85,0.02,-1.02,29.89
64459,0,1.64,0,0.23,-104.4,100.8,979.3,-58.01,11.28,0.54,29.73
64480,0,0,0,3.57,-100.3,80.5,1011.6,-55.12,11.13,-4.21,29.39
64500,0,1.09,0.65,2.59,-116.4,103.2,1051.0,-44.0,11.94,-6.58,29.34
64519,0,0,0,2.47,-41.5,89.6,988.6,-32.75,8.87,-5.94,29.01
64540,2.61,0,1.83,0.24,40.3,171.4,1031.0,-23.64,12.22,-2.91,28.7
64560,0,0,5.27,0,-24.1,96.7,1028.1,-9.18,23.72,-4.02,28.24
64580,79.12,22.82,10.2,0,-58.8,143.3,955.1,1.82,15.27,-2.67,28.29
64599,61.37,39.46,19.38,0.47,-13.0,82.3,959.0,19.36,20.53,4.87,28.44
64620,40.29,49.38,17.0,0,-42.5,197.6,916.5,30.47,13.14,6.17,28.81
64640,25.04,56.03,28.14,0,4.2,111.1,818.5,42.34,25.0,7.37,29.4
64660,16.21,56.69,41.23,0.86,22.6,4.6,819.0,47.87,16.86,6.14,29.41
64680,6.5,52.69,55.34,2.84,67.4,158.3,792.5,50.31,10.48,1.63,29.54
64700,2.12,45.69,72.56,5.03,136.6,-10.9,760.8,54.48,6.38,4.26,29.51
64720,0,35.16,81.0,3.91,95.7,-73.3,814.1,58.9,-3.56,1.22,29.95
64739,0.17,24.49,79.27,13.85,79.3,-51.1,798.6,60.09,-6.94,3.03,29.97
64760,0,14.11,78.24,16.45,166.8,-173.6,841.4,45.31,-1.42,-3.83,30.67
64780,0,8.07,73.48,24.91,33.1,-90.8,844.4,36.73,-13.24,-5.64,30.9
64800,1.01,1.3,64.05,37.9,-9.7,-112.6,862.7,31.17,-18.61,-5.53,30.83
64819,2.41,0,48.19,54.85,6.3,-166.1,900.5,24.99,-29.2,-2.06,30.82
64840,0,0.64,31.43,62.62,-38.2,-152.3,1014.0,12.48,-7.9,-1.01,31.02
64860,0,4.08,22.37,62.26,17.0,-184.4,973.2,-6.38,-18.31,0.67,30.98
64879,0,3.06,11.14,57.54,-14.5,-245.7,1014.5,-18.8,-16.31,2.55,31.1
64900,1.59,0.02,2.3,47.37,-67.7,-52.5,993.3,-25.8,-9.58,2.04,30.8
64920,0.46,0,2.58,38.01,-102.6,-170.3,957.0,-41.57,-17.25,4.21,30.67
64940,3.25,0.7,3.62,22.66,-78.1,-98.7,969.3,-47.74,-8.43,5.69,30.64
64959,0,0.12,0,16.69,-186.1,-137.9,1002.1,-55.77,-6.25,3.39,30.46
64980,0,4.15,0,9.47,-112.5,-53.1,984.7,-60.56,-5.55,2.25,30.08
65000,0,0,0,4.99,-76.2,14.9,1021.6,-56.7,-0.96,2.16,29.91
65019,0,0,2.91,8.94,-164.3,-26.4,1001.9,-58.89,3.52,-2.32,29.67
65040,3.38,0,0,0,-113.7,29.6,1053.8,-50.89,4.8,-2.39,29.79
65060,1.55,5.83,0.86,0,-36.8,130.4,1047.7,-46.06,16.05,-5.17,29.27
65080,2.3,0.32,0,6.68,-63.6,60.7,1003.8,-41.25,12.12,-6.07,29.11
65099,1.28,1.81,2.38,0,-14.5,112.1,954.8,-24.82,15.95,-4.67,28.78
65120,6.79,2.66,0,0,-38.0,129.1,966.3,-10.23,15.24,-1.68,28.37
65140,0,0,0,0,39.0,100.4,992.0,-2.86,25.33,0.68,27.95
65160,75.31,27.87,8.87,6.66,51.8,180.5,1023.9,11.46,17.97,2.25,28.16
65180,54.65,36.48,13.26,3.42,95.1,108.4,922.6,25.64,20.55,2.32,28.43
65200,37.38,52.37,25.36,0,122.7,109.2,902.2,35.19,9.5,5.0,28.84
65220,22.24,56.6,35.8,0.19,142.3,153.2,864.8,40.6,12.55,7.11,29.46
65239,11.44,59.43,50.03,6.26,51.1,73.3,826.4,57.86,26.04,3.12,29.3
65260,0,44.66,63.56,1.26,189.3,80.3,840.8,54.99,10.09,3.2,29.95
65280,0.86,40.67,72.54,5.72,157.1,-32.5,808.3,57.9,8.82,0.53,30.34
65300,0,30.11,77.43,6.76,133.1,-66.9,805.5,57.72,-3.75,-2.4,30.05
65319,1.48,19.29,85.51,15.66,94.6,-62.0,816.7,53.82,-4.45,-2.55,30.42
65340,0,12.71,77.8,16.34,163.4,-39.5,827.5,53.79,-11.83,-6.95,30.45
65360,2.47,0,72.88,35.44,62.5,-13.8,869.6,40.05,-12.65,-5.68,30.69
65379,1.99,4.04,50.52,46.88,4.6,-170.2,960.9,27.24,-14.84,-3.79,30.8
65400,0,0,46.89,61.64,4.6,-168.0,914.7,19.47,-20.3,-2.93,30.9
65420,0,0,27.09,69.99,-22.9,-119.8,917.9,11.35,-11.89,-1.09,30.93
65440,0,2.85,16.64,69.37,-58.4,-152.2,1014.0,-9.51,-8.88,3.39,31.35
65459,0,0,11.23,55.64,-111.1,-197.8,994.8,-16.53,-28.28,2.78,30.79
65480,0,0,4.97,44.92,-113.1,-109.7,967.6,-34.47,-19.61,3.49,30.88
65500,1.4,0,0,29.21,34.7,-83.0,948.8,-43.15,-13.94,5.0,30.82
65519,0,0,0,17.72,-74.2,-81.1,975.8,-51.38,-11.87,3.83,30.62
65540,3.5,0,0,9.67,-124.7,-155.6,980.8,-59.57,-7.96,0.14,30.19
65560,4.65,0,1.25,6.39,-73.4,-5.6,1015.8,-55.78,8.41,2.82,30.5
65580,1.62,0,0,0,-101.9,54.0,979.5,-60.79,-0.31,-1.2,29.87
65600,5.6,2.86,0,0.15,-29.7,18.0,1006.7,-57.81,8.42,-1.34,29.89
65620,0,0.51,2.77,7.58,-80.1,79.9,1002.8,-57.8,15.2,-4.24,29.6
65640,0,0,7.87,5.75,-32.2,108.7,955.7,-41.62,17.66,-1.9,29.37
65660,2.89,0,0,0,-2.2,36.5,1053.9,-39.98,19.44,-2.02,28.82
65680,6.22,0,0.73,2.49,-77.8,129.8,952.9,-27.17,15.29,0.44,28.71
65700,2.9,3.57,0,2.82,-117.4,202.4,1003.9,-5.45,22.59,1.44,27.9
65720,78.09,27.08,6.78,0.41,48.1,105.3,997.0,-0.9,16.34,0.57,28.08
65740,66.77,36.62,9.75,0,-31.8,115.4,982.2,16.32,18.37,3.68,28.22
65760,47.39,45.07,19.43,0,33.0,85.1,895.5,28.83,26.07,5.37,28.77
65780,31.31,49.97,30.04,1.95,77.2,76.8,851.6,41.86,15.51,4.66,29.09
65800,12.69,57.14,50.49,1.64,51.5,99.3,839.5,47.63,13.56,3.83,29.27
65820,6.53,50.18,53.03,3.46,111.4,24.8,863.9,53.12,-3.25,4.66,29.84
65840,7.22,44.7,68.92,6.26,95.4,14.5,778.1,53.52,-2.19,1.68,29.65
65860,0.19,38.66,82.28,2.76,132.3,17.8,755.0,58.38,-13.36,-1.28,30.03
65880,0,21.67,81.63,6.47,216.0,-1.4,844.5,61.59,-6.11,-1.79,30.43
65900,0,9.81,82.76,20.05,46.1,-157.1,802.0,56.61,-4.7,-2.42,30.56
65920,0,4.61,78.36,27.11,78.9,-121.2,842.0,51.81,-13.75,-5.38,30.75
65940,1.66,4.17,65.72,36.41,27.1,-35.3,860.5,33.95,-14.56,-3.07,30.77
65960,1.95,0,49.72,56.18,-9.9,-102.8,901.4,26.47,-22.81,-6.16,31.24
65980,0,7.08,35.07,56.6,-18.1,-111.2,975.4,12.11,-22.33,-2.5,31.32
66000,1.37,3.94,23.69,66.0,-30.3,-103.0,972.3,-2.24,-11.64,-3.13,30.92
66020,0,1.25,15.85,59.84,-3.9,-115.6,1018.8,-11.73,-16.18,4.24,31.18
66040,0,0,5.39,52.92,-62.9,-194.4,964.2,-31.6,-15.53,5.0,30.68
66060,0,0.73,1.77,42.02,-111.2,-104.8,1068.0,-33.54,-9.03,6.3,30.73
66080,0.62,1.05,7.44,27.12,-90.6,-187.1,960.8,-45.03,-11.32,7.82,30.81
66100,0,1.75,4.96,16.26,-149.1,-59.6,983.2,-54.85,-2.15,5.29,31.11
66120,5.0,0,2.98,12.91,-125.8,-13.5,1014.7,-60.42,-10.18,2.95,30.36
66140,0,0,0.42,2.63,-94.4,-109.9,972.2,-62.53,-7.87,1.88,30.15
66160,0,0,0,1.59,-100.6,34.1,995.7,-60.37,7.35,-2.57,29.62
66180,2.93,0,0.83,1.08,-7.1,63.5,1032.1,-59.51,2.63,-1.34,29.88
66200,0,0,2.88,0,-124.1,12.7,966.7,-52.08,11.55,-1.32,29.38
66220,0,2.57,1.28,0.12,-60.2,27.3,1010.4,-42.08,12.94,-5.64,28.81
66240,5.33,2.11,0.77,1.82,-73.2,148.4,982.4,-29.04,17.36,-4.68,28.65
66260,0.01,1.12,0.17,0,-60.8,127.8,1028.6,-16.61,20.22,-6.15,28.67
66280,1.82,2.63,3.61,4.49,-13.8,168.4,952.7,-6.46,27.15,0.47,27.98
66300,72.03,30.13,12.13,4.87,-20.2,145.1,951.1,7.32,12.56,0.64,28.27
66320,63.37,40.78,13.21,1.67,79.7,163.1,916.2,21.33,11.13,2.9,28.36
66340,33.91,54.25,26.55,0,18.7,59.7,895.7,31.51,12.96,3.04,28.46
66360,24.54,54.72,33.99,0,5.0,70.2,901.3,40.51,12.72,3.49,29.29
66380,13.62,51.21,45.55,1.3,140.2,54.9,903.9,55.42,1.52,3.55,29.43
66400,1.61,49.29,61.45,2.67,80.0,20.4,793.4,59.9,6.11,-0.34,29.63
66420,2.79,44.34,72.82,4.13,92.4,-36.6,821.1,59.65,8.63,1.71,30.03
66440,1.03,30.1,81.65,8.42,170.9,60.6,791.6,58.48,-7.89,-3.17,30.1
66460,0,23.13,82.12,15.38,171.2,-46.1,857.8,53.84,-4.14,-2.1,30.22
66480,3.65,11.26,76.32,17.4,55.1,-20.2,823.1,51.33,-16.22,-8.77,30.73
66500,1.16,3.55,70.11,28.51,92.6,-112.5,855.3,43.34,-15.41,-7.88,30.75
66520,3.36,0,56.0,41.95,75.4,-106.7,899.3,35.26,-17.31,-6.37,30.74
66540,0,0,42.01,51.0,66.8,-220.0,905.2,23.28,-23.19,-1.7,31.14
66560,0,0,26.72,59.56,-0.6,-187.1,994.7,10.28,-20.41,-1.47,31.04
66580,0,0.69,17.94,60.45,-46.2,-150.1,1019.9,-5.67,-12.43,-0.74,30.75
66600,1.82,2.93,8.85,60.27,-0.1,-89.9,998.1,-25.92,-24.95,1.74,31.04
66620,1.66,1.29,9.24,43.44,-77.5,-32.8,1003.2,-26.82,-20.79,6.12,31.06
66640,0,2.32,0.26,29.85,-110.0,-81.6,1024.3,-42.14,-7.63,6.96,31.02
66660,0,0,3.45,21.94,-59.6,-65.9,949.9,-46.09,-11.06,3.09,30.74
66680,6.32,0,0,15.46,-71.6,-79.6,1045.6,-53.87,-7.59,2.49,30.25
66700,0.45,0,0,7.34,-16.8,37.6,989.3,-58.56,1.2,-0.89,30.37
66720,2.96,0,2.93,0,-63.3,13.5,1029.9,-56.73,1.29,0.42,30.11
66740,1.95,0,2.66,2.97,-78.2,-4.0,1011.7,-54.19,1.33,-0.81,29.89
66760,4.88,0.33,1.21,0,-16.2,-31.3,1030.5,-48.72,5.58,-4.36,29.47
66780,4.09,0.95,0,0.44,-53.7,58.7,981.3,-41.96,14.41,-2.45,29.24
66800,0,0,4.34,1.82,-128.3,140.2,1041.9,-34.26,17.74,-4.44,28.76
66820,0.89,0.39,2.14,0,-64.8,249.4,1019.0,-25.21,23.52,-9.8,28.63
66840,1.23,2.69,3.08,0,-136.3,204.9,1003.3,-6.97,29.47,-2.13,28.45
66860,74.97,27.06,11.91,6.18,-21.8,143.5,978.5,4.96,27.68,-0.77,28.3
66880,69.19,38.99,16.58,0,16.4,233.4,955.6,18.29,21.51,3.35,27.62
66900,53.74,42.05,18.08,0,67.6,106.9,874.8,20.44,14.46,2.49,28.84
66920,29.6,52.45,30.18,0,42.4,71.0,841.6,41.87,16.51,2.81,29.2
66940,25.0,56.25,41.63,1.37,71.6,42.6,816.0,48.63,13.6,5.01,29.19
66960,7.63,49.95,54.29,5.65,64.1,114.1,802.1,53.02,9.47,3.71,29.72
66980,4.48,49.16,61.9,7.58,102.1,-27.5,860.6,56.51,0.88,1.39,29.35
67000,0,41.12,74.73,9.44,215.0,-37.1,790.1,61.24,-6.57,3.19,30.19
67020,0,23.75,82.76,5.02,157.6,-19.9,802.8,60.49,-6.97,-0.54,30.36
67040,2.47,12.78,81.73,22.4,137.5,-77.5,863.8,60.08,-10.02,-4.64,30.82
67060,1.47,6.54,69.92,26.06,168.1,-84.8,846.8,44.24,-17.23,-3.11,30.7
67080,0,5.69,62.96,35.54,66.6,-118.3,865.0,37.28,-15.41,-5.31,31.21
67100,3.31,5.16,48.72,49.98,56.3,-45.3,915.7,28.34,-25.26,-5.05,30.85
67120,0.12,0.8,33.31,63.27,-42.0,-153.4,974.2,16.42,-24.44,0.27,30.88
67140,5.56,3.73,24.76,67.71,36.7,-155.0,967.8,3.56,-22.34,-0.14,31.25
67160,3.38,0,15.24,61.53,-12.8,-186.7,1014.8,-7.46,-22.37,0.85,31.23
67180,3.29,3.12,7.69,54.95,-3.3,-123.1,1011.8,-21.15,-23.32,5.81,30.85
67200,2.21,0,6.31,42.07,-58.7,-195.1,1020.6,-30.92,-17.42,7.16,31.28
67220,0,0.83,0,28.83,-129.1,-68.8,1051.8,-46.0,-19.61,4.44,30.73
67240,0,2.09,0.1,15.83,-124.3,-67.4,923.4,-57.02,-16.83,5.19,30.87
67260,0,5.9,2.21,9.91,-44.1,-35.9,997.2,-56.47,0.11,5.66,30.73
67280,1.44,0.68,3.35,5.3,-142.0,0.3,971.1,-60.48,-1.08,1.44,30.57
67300,0,0.16,8.14,0,-83.9,-16.5,981.4,-56.09,6.28,-2.34,29.79
67320,1.75,0,0,0,-75.3,37.4,1016.1,-54.66,2.08,-1.02,29.59
67340,0.52,2.29,3.1,4.05,-181.6,33.3,1041.8,-44.04,12.74,-6.18,29.59
67360,0,0,1.15,0,-152.9,75.2,1003.9,-42.56,7.5,-5.01,28.58
67380,1.31,0,0,2.49,-67.6,106.1,950.0,-35.56,15.08,-2.36,28.88
67400,4.58,0,1.36,0,-154.7,165.2,978.6,-20.86,22.4,-2.95,28.31
67420,0,1.07,1.14,0,49.1,71.9,982.4,-8.62,11.44,-0.85,27.79
67440,72.83,26.35,4.21,4.16,37.0,102.9,953.9,7.21,19.16,-1.32,28.2
67460,67.29,39.03,15.34,0,4.8,165.6,960.0,29.54,15.03,2.35,28.93
67480,42.31,52.26,17.84,0,-24.7,162.0,850.0,34.75,24.02,5.85,28.74
67500,27.69,53.29,27.01,2.73,105.5,103.6,852.7,45.66,10.58,4.7,29.29
67520,5.92,58.87,48.56,1.62,45.4,56.1,875.7,44.17,15.55,6.13,29.29
67540,6.53,54.22,59.01,0.67,72.1,101.5,830.8,56.98,11.27,2.89,29.48
67560,1.02,39.95,77.39,0,113.2,24.5,799.6,55.42,-5.31,3.2,30.02
67580,0,35.43,84.81,5.27,155.3,-60.0,841.1,60.01,-4.53,-1.95,30.4
67600,0.25,23.92,85.19,5.2,77.6,87.2,758.8,54.79,-0.71,-6.6,30.51
67620,0,13.98,78.21,19.1,72.1,-111.2,836.1,59.49,-20.53,-2.86,30.56
67640,0,10.98,77.45,36.25,101.7,-14.5,867.7,41.18,-6.21,-3.86,30.58
67660,0,5.22,58.61,44.28,21.9,-32.8,881.5,37.95,-26.34,-3.6,30.9
67680,1.15,3.95,48.04,55.44,13.4,-114.1,915.2,19.89,-15.19,-6.53,30.81
67700,5.94,0,32.1,59.84,-79.6,-140.6,963.0,7.74,-19.68,-2.36,31.16
67720,4.83,3.05,23.97,64.47,-19.0,-183.9,959.6,-4.29,-22.79,1.6,31.3
67740,0,0,14.44,56.14,-25.8,-183.8,1015.3,-17.82,-15.9,-1.82,30.99
67760,2.15,3.23,0,48.76,-102.7,-183.6,977.6,-29.81,-13.84,2.8,30.77
67780,2.07,0,9.12,37.6,-102.1,-157.7,1021.1,-41.82,-13.89,2.07,30.86
67800,0,0,0.26,22.43,-34.2,-151.1,969.7,-50.2,-18.4,3.91,30.59
67820,0,0,0,11.62,6.9,-60.8,983.5,-52.39,-9.37,5.2,30.53
67840,0,0,0,4.32,-122.1,22.2,962.0,-61.77,-3.56,4.73,30.29
67860,2.95,0,1.86,10.72,-94.2,-14.8,932.2,-59.45,-3.88,2.32,30.08
67880,2.22,0.1,0,0,-93.4,80.2,999.2,-54.47,9.95,-2.77,30.1
67900,0,0,0.29,2.85,-56.7,108.9,1017.6,-51.7,11.5,-2.98,29.31
67920,2.87,0,3.26,0,-156.1,138.2,1019.2,-45.69,11.65,-0.93,28.87
67940,2.1,0,0,0,-67.5,94.3,1017.4,-34.46,22.89,-3.35,29.04
67960,0,0,0,0,41.1,190.6,1015.1,-26.48,8.2,-2.37,28.48
67980,0,0.95,2.24,0.66,36.0,124.8,986.1,-17.01,18.8,-2.35,28.39
68000,74.89,22.96,3.37,1.68,3.2,169.2,989.3,-0.01,22.8,3.43,28.08
68020,76.48,28.33,11.64,0,9.0,125.0,921.7,13.26,20.79,0.12,28.46
68040,52.2,41.86,17.46,0.78,51.8,122.9,939.0,25.08,16.27,6.3,28.94
68060,41.52,50.58,26.33,0,107.3,100.4,945.7,38.64,13.45,3.39,29.15
68080,16.76,53.36,42.64,0,57.4,36.5,878.5,46.8,13.5,5.22,28.99
68100,8.62,50.53,52.2,0,77.0,89.3,770.6,53.29,19.44,4.25,29.57
68120,0.54,51.94,69.89,2.71,100.2,87.5,758.2,58.31,3.77,0.51,29.7
68140,0,37.34,73.27,3.18,151.8,-24.3,752.9,57.94,3.33,-0.5,30.02
68160,0.69,26.14,78.49,3.83,147.6,4.2,817.8,56.72,5.83,-2.51,30.12
68180,4.85,19.11,85.31,17.54,130.9,-19.8,827.4,52.39,-8.66,-5.2,30.35
68200,0,11.01,75.8,27.06,115.4,-89.0,827.4,53.7,-11.29,-5.58,30.52
68220,0,0.99,66.36,36.06,83.0,-110.5,849.8,39.33,-11.3,-4.97,30.62
68240,1.35,1.82,55.8,52.05,133.6,-90.4,900.3,33.8,-13.74,-2.34,31.13
68260,1.9,3.94,40.37,56.97,26.2,-199.3,964.2,18.44,-17.38,-6.03,30.9
68280,0,0,30.04,64.58,59.0,-123.8,964.2,5.74,-23.47,-0.34,31.01
68300,2.07,0,12.13,65.82,-71.2,-146.3,1003.4,-14.59,-17.63,0.81,30.82
68320,0.6,0,7.46,55.89,-104.7,-181.7,951.8,-20.57,-15.24,5.59,30.92
68340,0.29,0,3.41,41.38,-121.6,-239.8,1007.9,-38.69,-19.75,8.31,30.92
68360,0,2.54,0,26.56,-86.5,-124.8,1009.2,-41.07,-18.12,3.28,30.64
68380,0,0,5.14,21.68,-96.0,-196.1,964.4,-47.66,-13.36,5.89,30.47
68400,0,0,3.25,11.47,-170.1,-29.6,1008.6,-52.16,-5.44,-0.25,30.39
68420,0,3.1,3.56,5.39,-154.8,-37.3,974.3,-61.09,2.8,1.33,30.03
68440,1.79,0,1.67,8.04,-109.0,35.5,1035.1,-55.09,0.73,1.28,30.08
68460,0.02,0.24,0.55,3.72,-118.8,63.3,946.9,-60.0,-2.92,-5.61,29.87
68480,0.43,0,0,0,-25.8,51.4,982.4,-55.73,6.6,-7.67,29.23
68500,0.6,0,0,3.45,-92.8,52.5,1031.7,-41.74,17.41,-6.13,29.17
68520,4.07,0.2,2.02,5.18,-26.2,154.3,998.3,-40.18,21.67,-5.61,28.96
68540,1.51,0,3.43,0,-41.9,72.3,954.5,-19.7,9.05,-3.56,28.68
68560,0,0,3.19,0,-25.4,135.6,942.2,-6.1,19.36,-2.57,28.05
68580,71.88,22.99,6.15,0,-37.3,227.3,1017.0,8.36,14.54,3.3,28.41
68600,64.92,38.9,13.07,1.07,-14.4,157.4,922.2,17.77,14.21,3.42,28.86
68620,40.83,47.64,25.41,0,61.6,164.3,939.8,31.55,16.58,7.5,28.84
68640,28.31,53.4,37.71,0,114.2,215.5,850.6,42.57,19.8,4.2,29.37
68660,15.67,51.91,49.09,0,182.6,41.2,835.1,56.82,15.03,5.18,29.87
68680,3.73,49.66,58.72,6.19,67.2,23.4,846.8,58.62,11.33,3.78,29.68
68700,3.53,42.54,69.22,4.06,129.6,1.6,804.3,61.23,4.67,-4.5,29.94
68720,0,35.5,77.87,3.87,53.5,44.7,779.7,63.07,1.08,-2.71,29.93
68740,0,20.1,86.97,8.86,39.9,-84.3,809.5,59.44,-5.96,-1.86,30.59
68760,3.27,5.66,81.11,12.82,87.2,-43.2,833.6,53.97,-8.75,-0.37,30.71
68780,0,2.65,70.43,26.0,98.2,-51.0,847.2,49.81,-16.87,-5.64,30.72
68800,0,4.23,61.19,40.27,143.6,-195.7,934.0,28.24,-13.88,-0.98,30.98
68820,0,5.03,45.02,52.3,54.7,-124.0,907.7,25.68,-17.04,-8.62,31.25
68840,2.62,2.15,35.16,62.65,15.0,-297.9,895.4,9.11,-13.99,-3.75,30.93
68860,0,0.04,22.31,65.66,71.5,-133.6,999.8,1.81,-23.91,-1.3,30.91
68880,0,0,14.65,57.7,14.6,-151.9,957.7,-15.31,-21.5,0.59,30.78
68900,0,0,8.19,47.12,-18.7,-123.9,976.3,-28.29,-10.61,0.82,31.21
68920,0.53,5.45,1.76,40.14,-76.1,-199.7,1033.2,-43.7,-6.31,4.92,30.68
68940,3.3,1.09,6.14,24.09,-27.5,-110.0,999.3,-45.45,-17.85,5.35,30.6
68960,1.98,0,0.33,16.61,-142.8,-77.1,969.9,-53.17,-13.15,1.33,30.65
68980,0,0.67,2.26,7.4,-51.5,-56.9,1012.4,-64.17,-0.09,3.23,30.45
69000,0,3.43,0,1.04,-162.2,33.4,981.6,-60.07,8.49,-0.08,30.51
69020,2.08,0,2.83,5.79,-184.3,83.7,929.6,-58.16,-0.45,-1.88,29.77
69040,3.53,0.83,0.06,0,-135.2,46.5,990.0,-54.73,10.58,-1.29,29.16
69060,0,2.21,8.49,0,13.9,35.8,986.6,-44.92,18.91,-3.39,29.51
69080,0.35,0,0,1.85,-67.8,178.4,1007.4,-34.68,14.83,-7.71,29.03
69100,0,0,0,0.81,13.4,157.7,1011.8,-29.58,21.76,-8.13,28.62
69120,1.32,0,0,0,26.1,121.7,996.7,-19.89,16.17,-2.74,28.67
69140,0,0,0,0,-0.3,250.1,1047.8,2.33,24.22,-0.92,27.96
69160,78.08,32.23,8.04,0,-10.7,97.4,972.6,9.28,20.82,3.93,28.11
69180,63.99,39.74,19.99,0,93.8,59.8,926.7,20.03,19.11,1.85,28.27
69200,35.13,51.11,25.46,2.13,87.3,106.0,873.6,32.68,23.29,3.01,29.1
69220,23.39,56.02,36.42,2.68,29.3,142.5,854.3,48.7,11.17,6.16,29.41
69240,11.38,55.16,50.63,1.17,82.8,76.9,795.3,53.68,5.45,3.19,29.31
69260,0,47.59,63.79,2.08,90.7,46.2,820.0,60.39,7.2,3.52,29.58
69280,0,46.46,76.44,1.82,124.8,61.6,885.9,61.05,8.57,2.57,29.83
69300,3.88,28.28,73.65,8.4,67.2,-42.4,824.8,64.11,-2.99,-1.95,29.93
69320,0,14.17,85.09,9.45,36.6,-19.8,842.8,53.6,-7.29,-4.44,30.34
69340,1.63,11.26,76.27,16.73,185.6,-205.2,816.7,51.14,-12.78,-6.6,30.97
69360,6.73,7.43,68.07,31.95,104.8,-98.9,857.9,36.27,-11.9,-7.48,30.95
69380,0,4.49,50.13,44.1,68.2,-188.1,880.0,32.2,-19.86,-5.6,31.08
69400,3.14,0,36.15,62.72,71.1,-168.6,937.6,15.51,-16.96,-4.1,30.87
69420,0,4.04,28.28,62.68,1.2,-155.8,1005.3,2.76,-21.31,1.05,31.39
69440,1.28,6.02,19.08,62.23,-53.9,-95.9,986.9,-7.47,-24.31,-1.75,30.84
69460,0,4.72,12.6,51.73,-0.5,-140.0,1014.1,-24.52,-25.58,2.6,31.13
69480,3.66,0,6.73,46.61,-63.7,-171.7,976.7,-33.61,-15.14,6.94,30.64
69500,0,2.49,10.54,35.44,-115.6,-75.8,1052.7,-48.86,-9.99,7.34,31.03
69520,0.54,0.14,4.04,23.91,-65.2,-126.1,1008.8,-53.41,-5.93,2.9,30.98
69540,2.73,0,4.18,9.46,-93.8,-57.8,975.0,-55.58,-4.67,3.38,30.4
69560,3.95,2.19,0.09,7.15,-144.4,-74.9,990.6,-59.38,-6.95,0.12,30.25
69580,7.61,0,4.49,3.28,-60.1,59.4,942.3,-61.98,-2.34,-3.51,29.63
69600,1.76,0,0,3.9,-139.4,44.7,932.5,-55.81,6.5,-2.91,30.02
69620,0,0,0,0,-180.8,92.6,973.8,-45.08,6.91,-4.16,29.63
69640,0,0,0,3.23,-81.2,223.6,1085.5,-45.79,12.95,-8.61,29.53
69660,1.27,0,0,0,-141.6,106.2,993.5,-34.73,28.68,-6.41,29.22
69680,0,0,0,3.91,-29.9,205.9,983.2,-20.79,11.69,-3.9,28.54
69700,0,0,3.8,0.81,36.4,50.6,951.1,-5.64,20.73,-0.38,28.09
69720,79.52,26.23,6.81,0,-63.7,100.9,972.2,3.86,17.08,0.97,28.15
69740,61.93,36.36,10.21,0,37.2,54.5,953.7,10.51,17.74,3.36,28.57
69760,47.19,41.74,18.63,3.98,-36.2,126.4,863.8,26.87,17.95,6.31,28.59
69780,31.97,49.91,32.98,0.29,68.6,180.2,895.5,38.84,21.05,6.25,29.05
69800,14.53,59.14,43.01,0.96,90.3,74.1,821.2,50.9,7.91,7.35,29.11
69820,11.98,55.05,56.03,1.23,91.2,53.4,839.0,60.84,10.56,5.86,30.0
69840,1.56,49.5,68.95,3.21,56.3,1.5,777.3,61.68,2.0,2.35,29.98
69860,4.9,30.96,79.93,8.86,99.3,41.2,804.1,59.27,14.78,-1.15,30.15
69880,0,24.92,77.6,12.75,112.3,45.6,820.4,62.71,-3.65,1.5,30.23
69900,0,15.33,78.77,22.02,107.8,-30.2,785.2,54.05,-9.68,-4.49,30.8
69920,0,13.58,76.05,25.03,33.3,-64.9,819.0,48.01,-15.56,-8.98,30.92
69940,2.98,2.64,66.73,40.38,107.1,-222.5,865.5,33.2,-12.38,-6.1,30.57
69960,1.27,1.79,45.51,45.57,65.0,-76.9,880.5,30.37,-18.25,-2.79,31.17
69980,1.15,0,36.34,60.64,45.0,-87.1,962.1,9.87,-17.49,0.38,31.23
70000,3.47,0,22.58,63.08,31.2,-120.4,1023.8,-6.3,-21.98,-1.27,30.99
70020,0.59,0,10.02,55.04,-29.1,-127.2,1035.0,-13.26,-25.78,3.54,30.83
70040,5.35,0,8.03,51.31,-49.3,-145.9,1029.5,-27.2,-17.92,5.67,31.03
70060,4.29,1.01,4.28,40.66,-32.2,-92.6,964.4,-36.47,-16.33,4.06,31.12
70080,1.05,2.5,0,30.84,20.5,-116.5,984.3,-43.63,-11.49,7.3,30.65
70100,1.79,1.12,0,18.22,19.8,-102.5,1018.1,-57.86,-3.88,3.19,30.3
70120,0.06,0,0.62,9.7,-122.5,-45.9,1057.2,-63.96,-5.04,1.7,30.49
70140,0,0,0,2.16,-220.0,58.9,976.9,-60.14,-0.53,0.54,30.12
70160,0,1.22,4.64,0,-108.8,28.4,1006.5,-58.82,1.26,2.13,30.15
70180,0,2.91,3.35,5.99,-140.2,2.9,1080.7,-53.99,11.93,-3.3,29.54
70200,0,3.81,0,0.58,-107.6,165.5,995.8,-45.6,14.02,-4.46,29.46
70220,0.23,0,2.2,0,-120.5,114.9,997.7,-34.65,17.69,-1.97,28.87
70240,0,0,4.31,0,36.6,153.7,998.3,-28.52,25.97,-2.11,28.87
70260,0.07,0.14,2.63,0,-6.0,204.4,1008.9,-18.15,26.89,-2.34,28.38
70280,1.05,2.09,0,0,-60.0,156.8,1017.6,-3.6,13.34,-1.75,28.28
70300,76.74,28.58,5.51,0,-58.4,115.9,974.9,9.09,33.23,3.33,28.28
70320,58.24,34.77,13.01,0,-27.0,91.2,942.3,24.02,16.52,4.42,28.45
70340,42.03,50.55,25.27,0,56.1,88.6,842.8,34.83,17.25,4.8,29.13
70360,28.96,55.05,31.89,0,73.8,0.5,835.0,44.27,12.61,6.65,29.2
70380,13.37,53.9,53.7,0.59,126.3,58.4,818.6,47.47,9.19,4.72,29.55
70400,7.68,48.93,56.83,0.15,30.4,-45.9,835.8,57.0,13.54,4.27,30.18
70420,2.5,44.26,76.35,5.64,164.6,-3.4,829.8,55.73,-4.09,1.34,30.16
70440,0,34.15,77.1,5.9,148.0,-72.5,810.8,58.96,-0.73,-3.54,30.26
70460,1.06,15.55,77.31,11.28,63.6,-50.5,795.7,54.85,-3.86,-2.3,30.49
70480,6.25,10.12,78.97,20.45,2.3,-68.9,821.6,53.68,-7.9,-6.47,30.22
70500,0,8.11,77.88,38.31,-31.0,-89.0,825.8,44.15,-14.16,-6.12,30.67
70520,0,0,57.39,46.39,71.9,-151.5,921.7,28.35,-24.6,-2.95,31.0
70540,0,0,44.05,56.89,-10.4,-128.5,931.1,22.92,-29.9,-2.08,31.26
70560,0,0,34.83,56.24,20.6,-93.4,967.4,9.18,-24.47,-2.2,30.81
70580,0,4.45,11.1,60.18,-57.1,-211.8,968.5,-10.57,-31.1,-1.23,31.1
70600,0.12,0,10.02,60.36,-31.7,-65.0,988.9,-16.47,-21.39,3.48,30.75
70620,0,6.3,9.46,44.74,-38.2,-114.7,994.5,-27.58,-24.88,6.42,30.88
70640,0,0,0,36.29,-114.2,-163.1,1005.1,-38.89,-18.96,4.99,30.7
70660,3.68,0.6,2.15,20.2,-146.9,-87.7,1045.1,-51.49,-1.79,3.78,30.56
70680,2.9,0,1.27,9.05,-133.5,-0.9,976.6,-56.67,-9.01,5.8,30.6
70700,0.36,0.9,1.19,9.81,6.9,7.1,989.0,-57.5,-4.09,0.4,30.45
70720,1.5,0.91,0,2.33,-189.6,-1.0,1052.6,-63.35,-0.73,-3.11,29.87
70740,0,4.69,0.41,2.99,-91.4,-18.5,1026.8,-59.7,1.47,-2.79,29.66
70760,0,0,4.99,0,18.6,57.6,968.2,-50.7,3.25,-5.5,29.73
70780,0.44,0.01,6.14,1.75,-102.2,113.7,968.7,-47.66,9.57,-4.59,29.17
70800,0,0,0,0,-32.9,231.8,1006.7,-35.87,10.95,-2.73,29.21
70820,1.04,0,0,0,-21.5,127.0,982.7,-26.67,16.01,-1.68,28.38
70840,3.29,0.92,3.58,0,8.3,193.7,955.3,-10.49,24.28,-4.15,28.37
70860,73.99,19.91,6.77,6.37,88.0,136.9,1006.6,-0.04,29.55,0.73,27.94
70880,70.74,36.96,14.21,0,-22.1,89.5,969.7,17.99,21.89,3.59,28.34
70900,58.21,43.2,18.5,0.42,14.6,80.2,902.6,30.87,17.75,3.54,28.71
70920,27.55,55.51,30.57,2.23,55.4,101.5,891.4,38.57,11.28,4.83,28.8
70940,19.26,51.39,34.92,0.59,101.5,120.7,831.6,46.63,13.54,1.99,29.39
70960,9.13,56.58,53.77,3.12,57.5,26.8,817.1,49.52,14.16,5.04,29.65
70980,0,44.59,65.74,3.12,200.8,-46.6,865.2,60.08,8.99,0.68,30.0
71000,1.95,30.17,79.95,0,93.5,25.9,846.8,62.53,-3.44,0.45,29.88
71020,2.1,26.94,81.44,12.66,110.6,-8.2,805.7,59.14,-2.75,-3.35,30.27
71040,4.01,19.8,80.91,14.28,-9.6,-25.5,802.1,58.5,-9.62,-2.43,30.3
71060,0,3.61,73.23,23.29,30.7,-60.5,879.9,48.1,-10.6,-4.83,30.53
71080,0,3.61,60.87,37.21,-1.2,-73.8,872.0,31.03,-8.44,-7.69,30.92
71100,0,3.84,51.55,45.79,22.1,-128.4,892.1,19.59,-21.01,-3.84,31.13
71120,4.02,1.21,37.73,59.4,46.6,-121.8,932.3,15.42,-19.97,-2.8,30.73
71140,0,1.06,29.01,67.89,61.9,-223.9,990.1,3.24,-24.79,-3.31,30.77
71160,0.29,5.56,18.6,59.8,-32.0,-170.5,991.4,-15.19,-27.08,1.47,30.95
71180,1.5,0,12.92,54.5,-38.4,-99.8,1005.4,-25.4,-22.89,2.82,30.91
71200,0.62,2.42,8.02,45.24,-78.7,-105.4,999.6,-28.73,-24.38,4.77,30.95
71220,3.07,0.72,0.3,26.44,-76.8,-127.1,1034.2,-52.14,-2.47,0.96,30.85
71240,5.88,1.54,1.98,21.07,-84.4,-87.7,1046.9,-46.27,-15.64,4.76,30.43
71260,0,0,0,11.31,-174.7,35.3,970.9,-60.24,-0.22,2.07,30.15
71280,0,0,0.14,5.72,-73.1,-11.2,1052.7,-55.85,0.43,-3.38,30.13
71300,1.21,0.36,0,2.37,-88.8,48.7,1060.4,-58.9,0.85,-3.72,29.79
71320,4.25,1.77,0,7.83,-168.2,7.3,992.6,-58.11,15.33,-2.61,29.33
71340,5.02,1.96,0,0.44,-129.1,73.5,1006.5,-47.6,7.58,-5.04,29.55
71360,0,0,0,0,-144.4,57.4,1008.4,-36.19,5.82,-5.45,29.44
71380,0.11,1.47,5.3,0.33,-2.3,59.9,1008.4,-22.7,17.81,-6.57,28.86
71400,0.72,0.41,0,0,-32.6,160.8,984.9,-19.86,20.7,-3.59,28.28
71420,1.23,2.88,5.0,0.3,6.3,110.7,1044.7,-6.11,16.84,-0.81,28.15
71440,68.53,31.62,13.7,1.67,8.2,138.8,1020.8,7.74,28.53,2.63,28.2
71460,59.77,35.21,12.44,0,62.0,91.4,1000.3,19.44,23.81,3.52,28.51
71480,39.81,53.61,24.94,0,96.5,127.8,893.7,35.27,12.3,3.51,28.86
71500,28.77,55.15,35.97,0,52.9,143.4,843.6,47.61,7.75,4.11,28.96
71520,10.09,53.43,41.55,0,50.7,-25.7,796.0,45.01,6.82,4.81,29.56
71540,10.05,49.21,68.39,0,70.2,-13.2,801.3,57.4,13.66,1.97,29.75
71560,0,42.64,67.7,2.2,127.4,27.8,840.7,55.11,3.71,1.51,29.79
71580,4.28,30.63,81.5,2.23,169.0,-47.1,806.6,58.81,2.37,-0.6,30.31
71600,0,18.26,82.62,14.97,112.3,-73.3,806.5,59.48,-6.21,-4.09,30.56
71620,0.39,6.56,80.04,19.69,70.7,-61.5,892.0,50.17,-0.83,-5.22,30.3
71640,1.4,0,67.48,30.56,12.7,-92.0,889.7,44.99,-7.09,-5.08,30.42
71660,0,6.87,57.76,45.09,48.7,-136.3,922.3,33.68,-15.19,-4.66,30.81
71680,1.72,5.88,52.09,50.67,77.2,-108.7,937.6,26.05,-20.54,-7.28,30.97
71700,0,0.39,30.29,63.41,-9.4,-195.3,995.1,7.55,-9.88,-1.43,31.13
71720,0,1.48,15.42,67.19,95.4,-96.1,998.2,-4.94,-22.8,-0.76,31.12
71740,0.48,1.06,15.75,60.79,-44.4,-146.5,968.6,-17.39,-21.82,2.51,30.98
71760,3.03,0,8.22,45.53,-172.6,-93.2,1066.3,-24.31,-8.24,3.18,30.93
71780,4.2,0,0.38,35.53,-11.0,-149.0,982.2,-40.01,-24.56,6.77,30.83
71800,2.65,0,1.6,24.42,-44.0,-99.1,1028.0,-45.9,-8.88,7.71,30.96
71820,0,2.52,0.12,10.02,-131.6,12.6,1004.4,-52.61,-2.8,3.72,30.56
71840,1.8,3.5,0,10.03,-90.6,27.7,984.1,-58.42,-8.52,3.71,30.57
71860,0.59,9.25,0,2.35,-157.4,9.7,960.1,-58.41,5.64,-3.89,29.93
71880,0.6,0,0,2.55,-113.9,6.1,1015.1,-60.99,1.89,-5.64,30.35
71900,3.38,0,0.85,0.56,-184.9,154.5,1027.6,-48.58,7.08,-4.84,29.93
71920,4.54,1.76,2.04,0,-66.1,94.1,1041.8,-50.84,15.13,-5.88,29.16
71940,0,0,6.94,0,3.4,190.6,1011.7,-33.52,13.91,-3.25,28.95
71960,0,0,2.52,4.32,27.0,151.6,982.4,-26.41,15.54,-3.94,28.51
71980,0.09,3.96,0,0,-55.5,86.6,1005.0,-18.82,16.95,-4.17,28.34
72000,79.2,26.02,1.02,0,-35.4,96.3,1040.2,-1.01,23.46,1.1,27.55
72020,69.52,35.29,11.17,0.98,63.8,165.2,945.1,12.58,20.36,3.53,28.06
72040,52.63,40.88,11.21,0,115.5,188.8,958.2,25.92,13.5,1.89,28.8
72060,30.85,50.91,27.57,0,67.7,169.3,944.2,38.38,20.18,2.67,28.52
72080,17.43,55.75,40.04,2.49,137.7,112.4,870.7,45.3,7.03,3.48,29.41
72100,9.51,52.82,53.79,0,38.6,137.3,844.6,51.81,4.75,3.95,29.38
72120,5.14,44.17,66.8,0.91,86.2,46.5,753.9,56.48,11.78,2.87,29.78
72140,4.24,34.36,78.25,4.18,157.2,-25.4,790.8,60.22,8.4,0.02,29.92
72160,0.64,27.79,87.21,10.29,71.6,31.3,774.9,57.6,1.59,2.25,30.21
72180,3.71,20.76,82.0,18.03,85.3,-77.8,791.7,56.41,-4.27,-4.94,30.49
72200,0,11.82,73.37,18.65,115.2,-81.9,865.7,46.77,-5.98,-0.94,30.94
72220,0,5.6,67.05,38.97,72.8,-198.5,965.5,38.48,-17.21,-6.61,30.81
72240,0.71,0,47.79,44.24,82.1,-132.2,976.8,27.85,-8.15,-2.09,31.06
72260,0.34,0,39.79,60.43,79.3,-219.7,916.8,17.69,-27.85,-4.71,31.0
72280,2.84,0,25.7,69.65,-42.6,-156.5,953.3,1.63,-18.74,-0.7,31.22
72300,0,3.1,18.96,65.77,-0.5,-99.4,975.7,-8.8,-18.25,2.1,31.01
72320,0,2.71,12.33,54.17,-4.7,-263.5,986.2,-24.33,-23.35,6.01,30.89
72340,1.85,2.12,3.86,45.23,-31.4,-117.5,1074.0,-29.49,-15.77,7.3,30.99
72360,0,0,0,27.46,-164.8,-86.9,1006.2,-39.64,-12.82,4.66,30.99
72380,1.23,0,4.81,19.35,-136.6,-74.3,985.3,-53.48,-17.16,3.34,30.84
72400,5.78,0.98,0,11.1,-47.6,-72.0,966.8,-59.09,-8.89,3.55,30.54
72420,1.11,0,0,0,-78.6,-9.3,1022.0,-63.75,-3.06,3.79,30.38
72440,0,3.07,2.78,4.01,-127.7,-21.4,1017.7,-58.75,-1.75,-5.9,30.04
72460,1.81,1.73,0,1.96,-87.6,15.4,966.3,-56.27,5.93,-2.68,29.57
72480,0.85,0,0.35,3.62,44.8,63.6,953.7,-53.27,8.42,-5.16,29.27
72500,0.69,0,0,1.55,-107.5,49.3,932.4,-48.99,19.81,-4.47,29.09
72520,0,0,0,3.44,-33.8,191.6,1007.1,-32.01,12.11,-4.05,28.83
72540,0,0.13,0,0,-48.9,182.6,1008.2,-20.26,25.34,-4.57,28.64
72560,0,0,0.57,0,13.4,141.4,1008.5,-5.43,20.71,0.32,28.14
72580,80.62,28.74,9.8,4.34,-17.4,110.3,1043.6,4.29,19.09,-0.03,27.99
72600,64.76,37.94,15.99,0.13,138.6,86.9,890.1,18.93,18.79,4.09,28.67
72620,45.64,43.49,23.61,0.6,50.1,203.2,917.9,29.32,20.44,4.48,28.99
72640,23.54,58.29,35.33,1.05,147.6,66.3,853.0,44.5,5.51,2.62,29.01
72660,13.01,58.37,44.64,0,68.1,25.5,878.0,49.35,5.15,7.34,29.17
72680,10.07,52.06,56.14,0,77.2,157.5,823.8,59.58,11.12,4.86,29.92
72700,0,45.35,62.84,3.96,116.4,121.0,791.8,58.12,-2.92,2.39,29.61
72720,0,32.35,78.81,9.43,65.4,-28.7,785.7,61.91,-2.58,1.76,30.32
72740,0,24.99,84.35,7.82,79.3,-63.9,795.3,55.12,-14.48,-2.49,30.4
72760,0,11.9,81.88,20.61,116.5,-169.0,835.0,52.5,-11.56,-6.93,30.62
72780,0.01,9.85,75.48,29.25,79.4,-68.4,855.9,43.49,-15.51,-6.59,30.71
72800,0,0.86,60.51,42.73,49.4,-95.3,948.9,35.55,-16.03,-9.01,30.79
72820,0,2.84,46.36,54.84,58.5,-231.6,983.0,27.02,-16.94,-6.23,30.89
72840,0,3.11,30.05,60.52,59.5,-175.6,941.9,11.69,-17.6,-1.34,31.28
72860,4.33,0,21.47,60.84,49.2,-224.4,995.5,-5.22,-22.65,3.83,31.27
72880,1.64,0,14.62,55.38,-38.7,-78.5,1000.3,-19.86,-26.4,3.24,30.82
72900,7.73,6.29,10.9,50.47,37.9,-255.4,937.7,-27.07,-21.62,4.7,30.47
72920,0,0,3.4,28.36,-136.0,-183.7,1021.3,-37.31,-13.31,4.0,30.71
72940,2.46,0,5.69,24.32,-82.2,-68.1,974.3,-46.57,-9.28,6.05,30.44
72960,3.2,2.53,5.63,13.88,-139.6,-17.3,969.4,-60.85,-10.83,1.44,30.63
72980,1.09,4.05,0,8.64,-187.0,-51.8,983.7,-63.97,-7.64,0.11,30.15
73000,0.34,0,0,10.7,-88.4,51.2,995.8,-62.59,3.99,1.78,30.12
73020,4.54,2.81,1.46,3.24,-87.1,44.4,999.4,-61.39,5.17,-3.19,29.84
73040,0.76,0,0,0.5,-115.4,98.8,1007.0,-55.79,9.69,-2.4,29.12
73060,0,1.01,3.35,0,-104.0,192.1,986.9,-48.24,11.05,-5.21,29.37
73080,0,0.16,3.09,5.5,-74.9,107.2,916.8,-34.14,22.96,-3.52,28.97
73100,0,0.2,1.53,0.8,-41.0,86.2,939.5,-27.17,10.38,-5.44,28.49
73120,0,4.22,0,1.09,-21.4,213.0,963.8,-10.42,17.51,-0.88,28.23
73140,0.51,0,0,3.51,23.7,278.5,1013.3,0.31,22.91,-3.32,28.18
73160,67.72,31.12,12.37,0,73.2,149.4,937.8,15.28,25.88,2.38,28.36
73180,55.29,44.17,16.33,0,130.2,96.2,904.5,23.79,25.58,4.17,28.33
73200,37.92,51.72,27.49,2.98,155.9,145.0,843.2,33.32,22.3,7.45,28.95
73220,19.24,56.12,37.24,1.12,170.0,94.9,870.6,48.52,20.48,4.21,29.21
73240,9.74,56.16,51.69,2.72,93.7,157.3,816.3,50.91,21.48,5.89,29.63
73260,3.32,50.22,64.6,5.19,33.6,66.9,798.4,57.29,3.46,0.09,29.95
73280,3.77,39.48,78.46,4.28,97.8,20.5,808.6,60.73,2.77,2.68,30.02
73300,4.67,25.94,80.11,9.61,73.5,-52.4,807.5,57.34,-9.91,-4.23,29.92
73320,0,20.72,80.41,18.16,86.9,-119.2,792.0,51.45,-10.23,-5.36,30.14
73340,0.93,11.19,77.07,22.3,124.5,-2.3,822.7,50.86,-6.93,-4.1,30.65
73360,3.39,10.54,67.83,32.85,43.0,-7.5,903.9,37.72,-8.94,-5.13,30.22
73380,0,0,53.05,44.64,10.2,-175.0,841.3,35.14,-23.31,-4.47,31.07
73400,0,3.59,37.39,60.25,33.2,-98.9,961.8,15.78,-11.68,-0.22,31.34
73420,0,0,32.8,67.74,2.0,-92.3,1002.5,1.91,-18.22,-1.81,31.22
73440,0,0,22.23,62.58,-97.6,-178.4,977.0,-9.82,-13.73,-1.07,30.64
73460,0,0,8.78,57.36,-53.2,-150.7,999.9,-17.75,-8.85,0.71,30.86
73480,2.93,0.8,9.03,41.03,-38.5,-105.0,963.2,-27.89,-16.22,3.74,30.79
73500,0,0,4.96,37.81,-93.5,-120.9,947.3,-42.42,-15.8,5.18,30.78
73520,0,2.56,0,15.28,-131.0,-74.8,987.6,-53.08,-9.88,4.8,30.45
73540,0,2.59,2.42,14.0,-15.3,-74.8,1004.2,-61.83,-2.15,3.27,30.54
73560,1.95,0,6.54,4.88,-19.1,-32.8,1030.2,-56.22,-6.14,1.77,30.39
73580,3.71,1.69,0,0.14,-78.9,-31.1,1007.2,-57.26,-4.53,-2.09,30.01
73600,0,0,0,3.46,-39.9,-14.5,950.6,-52.77,6.33,-8.64,29.72
73620,0,0.48,4.29,0,-65.5,-63.9,965.5,-51.63,0.27,-9.62,29.64
73640,6.07,0,0,0,-138.3,66.2,1027.8,-43.64,9.09,-5.46,28.98
73660,1.06,0.95,3.69,1.03,-55.6,157.1,952.6,-34.39,19.51,-3.12,28.82
73680,5.09,0,0,2.63,-82.9,164.5,1004.5,-22.15,13.41,-0.38,28.35
73700,0,4.18,1.09,3.36,-27.8,98.2,1033.5,-12.74,10.69,1.94,27.57
73720,80.53,22.99,8.51,0,8.0,141.1,930.7,-0.54,23.55,0.65,28.0
73740,68.79,33.7,11.9,1.75,35.3,174.3,944.4,13.67,18.09,1.91,28.68
73760,49.99,45.42,17.8,0.04,56.9,156.4,916.2,26.71,19.28,4.03,28.75
73780,31.39,52.37,26.07,6.15,12.9,127.4,859.2,43.37,9.56,3.66,29.2
73800,20.76,55.7,43.85,5.07,46.8,178.7,818.2,52.76,11.67,4.15,29.21
73820,9.87,50.0,52.71,0,55.6,188.2,845.2,62.9,7.69,3.28,30.13
73840,4.94,49.17,74.71,1.6,68.8,-29.4,748.2,61.47,3.51,4.27,29.62
73860,2.87,29.97,80.56,4.43,160.8,-7.7,875.1,64.34,-1.06,2.16,29.92
73880,0,22.9,86.35,13.36,112.7,-81.3,804.8,63.16,-11.29,-2.25,30.42
73900,0,18.82,80.96,13.65,64.0,-43.6,780.2,56.45,-15.38,-4.74,30.53
73920,0.71,1.92,72.15,22.71,49.0,-18.8,825.4,47.26,-16.43,-4.89,31.09
73940,0,4.38,62.62,41.65,25.6,-249.1,901.1,35.83,-13.65,-2.87,30.8
73960,3.54,3.35,50.5,54.38,35.6,-214.2,870.5,27.72,-21.79,-2.9,30.99
73980,0,6.36,39.31,62.79,72.3,-69.6,996.8,10.88,-19.29,-5.52,30.56
74000,0,5.03,23.23,59.64,20.5,-202.9,988.7,1.31,-26.03,2.22,31.04
74020,1.45,1.04,14.61,57.87,16.2,-56.8,1041.8,-15.56,-31.4,3.27,30.89
74040,0,0,13.62,50.26,-50.4,-140.6,998.1,-25.77,-19.3,2.43,30.71
74060,3.88,0,3.75,39.08,-78.2,-137.2,1042.5,-37.33,-14.16,7.72,30.6
74080,2.04,0,7.92,22.31,-44.1,-114.8,993.3,-45.62,-23.15,6.37,30.73
74100,0,0,3.15,15.32,-140.7,3.2,991.1,-56.01,-10.05,5.45,30.79
74120,0,0,2.14,5.62,-100.3,-19.6,1030.5,-55.59,-2.23,1.11,30.31
74140,4.7,0,1.54,3.29,-98.8,-18.5,991.4,-63.5,1.84,1.89,29.9
74160,2.21,0,2.37,0,-132.0,-12.9,1010.6,-56.9,-4.43,-1.17,30.08
74180,5.95,0,0,3.96,-50.1,-23.7,1027.0,-56.41,5.35,-4.93,29.75
74200,2.1,0,0,0,-140.4,133.6,1063.4,-51.24,9.37,-6.63,29.58
74220,1.05,1.19,0,0,-38.7,83.4,990.3,-41.74,11.58,-4.24,29.02
74240,1.14,0,7.43,1.99,-25.1,135.2,1052.9,-30.94,20.45,-5.16,28.33
74260,0.34,3.84,2.07,2.82,-72.0,146.9,967.3,-15.91,25.1,-4.77,28.52
74280,1.27,0,0,0,-46.8,70.9,1014.8,-6.4,27.67,-4.07,28.15
74300,76.15,33.15,3.66,0.51,-67.0,83.7,980.0,13.98,14.98,5.68,28.1
74320,64.54,40.62,18.97,0,48.2,168.3,892.8,23.2,14.6,3.18,28.66
74340,44.13,49.93,21.49,0,92.7,111.5,855.8,37.88,13.73,4.59,29.06
74360,23.59,58.76,37.47,2.59,21.6,144.0,837.5,43.35,10.5,4.87,29.14
74380,15.11,54.56,48.96,0,146.0,65.3,850.5,49.39,10.45,4.56,29.37
74400,4.1,51.72,65.18,2.91,115.1,13.9,890.8,58.34,7.15,3.64,29.96
74420,0,37.99,68.82,1.12,133.6,16.4,816.5,59.5,3.34,-3.08,29.91
74440,1.21,34.31,80.02,7.11,81.1,-35.1,759.0,58.91,-5.86,-2.93,29.94
74460,3.99,14.19,84.94,10.69,78.4,4.7,817.4,58.95,-9.56,-2.99,30.61
74480,0,15.2,77.68,22.45,154.1,-93.0,856.8,49.67,-16.23,-6.13,30.47
74500,0,7.71,71.86,30.54,40.4,-147.8,837.2,42.47,-23.47,-8.67,30.61
74520,0.58,5.47,54.79,39.94,57.8,-101.2,862.4,38.13,-22.47,-5.52,30.97
74540,0,1.8,42.8,58.15,32.5,-155.7,978.4,23.2,-14.23,-1.83,30.85
74560,3.04,0,33.21,55.7,-84.0,-81.6,1002.2,12.59,-15.08,2.28,31.05
74580,0.06,5.05,18.26,62.73,85.3,-76.7,1007.2,-6.16,-26.77,1.43,30.99
74600,0,1.9,15.92,60.19,-19.1,-201.7,986.0,-17.96,-19.82,4.19,30.93
74620,0,0,4.36,46.82,-64.5,-84.7,1006.2,-29.63,-21.6,3.47,30.41
74640,2.99,0,3.78,37.63,-56.5,-87.2,1040.4,-39.51,-7.11,4.88,30.62
74660,0,0,2.88,24.26,-42.4,-68.1,932.6,-49.15,-12.49,1.81,30.71
74680,0,0,2.67,8.94,-48.1,-26.1,1011.6,-52.7,-6.29,4.17,30.35
74700,0,0,0,6.02,-129.1,1.6,1018.7,-66.79,-1.74,0.97,30.58
74720,3.1,0,9.65,0,-135.9,-4.7,1020.0,-57.85,-2.29,-1.43,30.13
74740,0,0,1.37,0.52,-15.1,-46.8,994.8,-58.68,6.96,-1.13,29.81
74760,0,0,0,1.67,-82.8,178.3,1011.6,-49.53,13.8,-0.6,29.59
74780,0,0,6.36,4.12,-26.8,105.0,988.1,-41.11,14.69,-4.9,29.26
74800,1.93,0,1.25,0,-51.1,126.1,957.1,-36.75,24.63,-3.08,28.94
74820,0.74,0,0,0.23,50.6,133.5,1006.0,-25.47,15.14,-5.96,28.41
74840,0,0,0.02,0,-86.2,223.3,1012.8,-13.71,19.27,-0.07,28.48
74860,75.33,25.3,1.93,0,34.7,216.8,1021.3,0.59,19.16,0.29,28.11
74880,64.02,33.63,7.74,2.44,14.2,124.8,955.0,18.53,19.86,4.41,28.34
74900,48.13,47.72,18.99,0,-12.5,108.6,923.1,23.67,15.97,3.29,28.72
74920,35.82,56.57,25.44,1.32,65.4,196.6,835.9,40.79,12.8,5.65,29.07
74940,13.17,63.79,38.93,0,27.2,79.0,796.2,48.29,9.6,2.56,29.22
74960,8.67,51.25,48.53,0.31,119.3,106.9,864.2,60.95,5.8,0.15,29.19
74980,0,42.01,70.76,6.92,68.7,31.6,881.8,57.59,4.44,2.92,29.43
75000,0,36.68,79.82,3.17,35.5,82.7,798.3,57.69,-3.72,-1.91,30.54
75020,0,27.84,81.4,9.83,32.3,-104.0,814.6,58.8,-6.2,-4.19,30.3
75040,2.11,13.89,85.19,15.87,131.9,29.7,840.8,55.82,-11.45,-6.69,30.48
75060,1.55,13.11,78.61,28.52,168.6,-39.8,811.6,50.18,-8.95,-8.91,30.46
75080,0,3.98,64.28,35.56,71.5,-156.6,854.8,35.95,-20.09,-7.16,30.87
75100,0,3.26,51.6,50.48,-10.7,-148.3,871.1,24.22,-15.22,-4.86,31.32
75120,0,0,35.69,62.14,8.8,-124.6,923.8,11.37,-32.29,-0.78,30.76
75140,0,7.9,23.99,63.74,-11.7,-138.2,997.6,0.6,-15.35,-5.26,30.98
75160,0,0.57,15.73,58.54,-138.0,-111.0,928.8,-11.57,-15.59,-1.69,30.92
75180,4.53,0.05,9.7,56.51,26.5,-109.8,1001.9,-28.5,-25.95,3.12,30.88
75200,1.11,0,2.39,41.32,-125.4,-115.4,955.2,-36.44,-19.29,9.36,30.99
75220,0,1.51,2.63,28.06,21.6,-151.6,948.9,-44.67,-15.85,3.51,31.1
75240,4.84,0.7,0.98,19.04,-167.8,-36.3,991.1,-51.63,-6.83,5.14,30.34
75260,0.14,0,0,12.86,-129.7,-73.4,991.2,-54.16,1.59,4.83,30.34
75280,0,0,1.58,8.39,-170.2,25.8,1009.3,-59.38,-0.36,1.16,30.17
75300,0,3.17,4.24,9.47,-192.2,24.8,1013.0,-56.02,-1.46,-4.78,29.57
75320,1.86,0,1.96,0.85,-157.7,109.6,1026.1,-55.64,3.96,-7.37,29.94
75340,0.06,4.77,0,0,-116.2,151.2,1017.7,-50.31,2.77,-5.31,29.73
75360,2.27,0,2.85,1.66,-90.0,209.4,1029.4,-37.84,20.9,-5.53,29.06
75380,0.12,0,0,1.12,-56.5,124.4,1004.3,-30.84,21.88,-6.05,28.73
75400,2.47,0.5,2.14,0,53.6,120.0,1012.2,-17.36,15.64,-2.87,28.37
75420,0,0,2.62,0,-2.3,206.4,1037.7,-7.65,17.87,-0.37,27.91
75440,73.61,21.33,8.79,0,-46.1,74.5,999.8,6.22,22.94,3.27,28.18
75460,64.63,41.31,18.71,0,144.3,68.4,925.3,19.59,13.85,3.3,28.12
75480,38.69,50.87,22.87,2.22,65.4,61.1,908.9,33.4,15.25,7.71,29.05
75500,20.72,59.39,42.39,0,80.0,93.6,917.2,38.56,10.35,4.38,29.51
75520,10.55,56.87,46.6,0,109.0,-14.9,872.1,52.72,5.87,8.21,29.35
75540,10.54,55.32,60.95,3.35,18.1,6.5,812.9,54.88,14.65,1.75,29.77
75560,0,40.43,64.26,3.44,195.2,27.9,816.6,58.84,5.15,0.45,30.04
75580,4.18,28.83,80.56,4.23,164.1,-12.5,813.6,56.99,2.24,-1.26,30.16
75600,1.69,20.84,81.41,12.28,142.1,-37.0,814.6,57.28,0.85,-2.81,30.45
75620,3.57,14.15,78.72,17.67,29.1,-122.1,845.8,43.29,-18.07,-1.75,30.31
75640,4.67,4.9,70.7,28.94,69.5,-138.6,846.4,45.96,-10.63,-2.89,30.68
75660,5.42,1.3,59.86,38.55,121.6,-167.2,877.2,38.68,-14.69,-3.63,30.63
75680,1.1,4.96,48.79,56.47,30.0,-48.9,892.5,16.3,-17.11,-1.53,30.76
75700,0,1.77,34.69,62.22,-45.3,-184.6,980.0,9.97,-26.89,-3.36,31.16
75720,3.01,0,21.0,60.8,46.7,-90.9,1040.5,-4.98,-22.19,0.12,31.14
75740,3.32,0.16,10.46,57.18,-75.2,-159.8,994.1,-19.99,-21.29,2.63,30.88
75760,0.66,1.45,13.62,50.34,-81.9,-155.1,1050.4,-28.07,-19.58,5.62,30.98
75780,1.05,3.59,0,36.31,-169.3,-101.0,915.9,-35.87,-1.69,4.96,30.6
75800,3.47,1.38,1.67,25.11,-32.4,-109.6,964.1,-49.04,-17.84,5.81,30.53
75820,0,3.49,0.32,17.53,-79.4,-35.1,1053.4,-57.54,-12.25,3.77,30.45
75840,0,0,2.65,7.96,-110.6,-25.1,976.1,-58.58,-1.55,5.41,30.4
75860,0,0,0,4.78,-79.5,14.5,957.2,-54.85,-1.47,0.99,30.2
75880,0.65,5.36,0,0.64,-78.1,102.0,1026.1,-63.6,0.27,-5.21,29.66
75900,0,0,0.54,4.66,-97.7,159.8,1004.1,-55.09,7.5,-2.7,29.86
75920,0,0,0.49,0,-64.7,79.0,964.6,-42.23,11.32,-5.34,29.38
75940,3.65,0,4.54,0,-37.4,151.6,1022.3,-32.51,11.84,-3.13,28.89
75960,4.37,1.99,3.87,0,-38.4,238.1,964.7,-26.7,15.08,-4.09,28.62
75980,1.2,0,0,3.13,-19.1,88.4,975.2,-11.78,27.04,-3.64,28.1
76000,74.82,18.93,2.11,0,40.5,145.1,969.2,0.28,25.55,1.31,28.13
76020,71.22,30.11,9.95,3.08,17.2,175.1,952.2,16.99,18.0,5.15,28.33
76040,54.93,47.18,18.09,0,57.1,146.8,961.2,23.08,10.51,5.49,29.12
76060,35.42,56.72,28.65,0.39,73.1,128.8,865.4,32.55,22.49,5.65,28.92
76080,17.08,61.59,40.88,0,98.4,180.3,898.7,41.93,14.18,1.86,29.11
76100,6.05,58.09,50.41,1.23,-17.3,50.3,799.0,59.68,15.01,7.18,29.36
76120,5.09,48.25,61.93,2.58,84.2,33.3,816.1,55.87,6.19,3.07,29.96
76140,5.05,40.55,75.96,5.88,9.4,14.3,852.6,60.77,-11.38,1.94,29.92
76160,0.02,22.87,84.21,10.36,200.1,-25.6,784.6,61.37,-1.42,-3.64,30.14
76180,0,16.59,75.41,13.36,82.0,-90.4,813.2,55.74,-9.61,-2.83,30.46
76200,0,6.4,70.67,22.08,68.8,-141.9,797.9,48.72,-16.72,-3.24,30.34
76220,2.75,4.65,69.41,29.34,58.9,-147.0,871.0,38.84,-10.54,-5.18,30.8
76240,0,0,57.93,42.96,48.7,-126.6,920.6,25.05,-19.99,-3.96,31.24
76260,0,0,41.14,56.03,19.4,-175.5,952.2,21.55,-13.77,-3.43,30.72
76280,0,0,28.15,67.55,28.4,-147.4,921.6,2.62,-21.14,-1.91,31.27
76300,1.91,0,20.0,63.07,50.2,-202.1,1048.2,-9.58,-14.76,4.01,30.83
76320,1.7,4.85,13.15,57.27,-119.5,-156.5,1000.0,-24.55,-20.83,3.81,31.06
76340,0,1.86,3.04,45.14,-97.1,-44.5,1012.7,-36.68,-13.27,9.12,30.96
76360,1.19,0,4.66,33.19,-82.0,-21.0,1007.4,-41.55,-18.22,6.34,30.62
76380,2.62,0,0,22.96,-95.0,-95.5,982.7,-49.06,-11.33,3.34,30.55
76400,2.07,0,0.47,13.67,-179.7,-63.7,1031.0,-53.36,5.21,2.91,30.56
76420,0,0,4.93,10.89,-103.2,-69.4,989.8,-59.16,1.61,0.75,30.51
76440,0,0,1.47,3.38,-125.4,3.1,1004.1,-58.42,3.63,-1.69,29.86
76460,0,1.81,2.94,0,-138.1,-46.2,997.6,-56.3,5.93,-4.88,29.97
76480,1.05,3.65,0.81,2.62,-49.3,119.8,972.9,-50.18,6.61,-2.87,29.41
76500,2.23,1.45,0,0,-77.6,157.5,1018.9,-42.24,8.59,-5.36,29.02
76520,0,1.14,0.07,1.94,-8.2,174.7,1004.7,-35.84,14.58,-2.35,28.83
76540,0,9.6,0.44,0.51,-32.2,259.8,1005.2,-19.07,24.13,-4.04,28.37
76560,0.13,0,2.35,6.07,-67.5,130.0,1040.1,-7.14,18.42,-0.92,28.68
76580,77.85,25.22,8.57,0,-0.6,209.8,995.5,5.37,23.64,3.51,28.32
76600,68.57,40.17,10.44,0,58.0,74.8,963.1,16.54,21.28,1.38,28.36
76620,47.24,45.88,15.2,1.39,39.5,79.4,926.3,27.15,17.34,1.57,28.52
76640,27.42,55.08,35.42,4.69,-0.1,42.3,909.1,38.83,18.36,5.7,29.28
76660,19.38,53.94,44.67,0.04,61.4,25.8,884.6,52.32,13.05,4.75,29.4
76680,6.8,56.48,53.56,0.65,104.6,108.7,812.3,52.81,3.57,3.65,29.32
76700,0.6,48.4,74.64,1.62,163.0,-74.7,729.5,65.11,5.3,1.74,30.15
76720,0,27.69,82.44,3.7,99.6,-43.1,792.0,61.05,6.94,-0.73,29.98
76740,2.12,23.62,83.43,10.14,148.9,12.1,771.8,64.87,-0.07,-2.78,30.83
76760,0.62,18.89,79.72,17.48,147.6,28.5,807.5,56.67,-3.01,-3.37,30.43
76780,4.79,10.16,73.0,29.42,147.4,-44.3,852.9,42.26,-8.48,-4.24,30.98
76800,0.7,0.66,62.96,38.04,66.7,-39.5,894.5,36.54,-17.26,-4.84,30.75
76820,0,9.03,51.15,55.29,104.3,-163.1,930.0,19.35,-14.93,-3.97,30.81
76840,2.9,0.61,35.83,65.67,-12.4,-102.5,970.2,11.82,-23.63,-3.2,30.95
76860,0.44,1.77,27.45,61.66,-55.9,-179.8,1004.1,-1.09,-31.63,-2.88,31.13
76880,0,0,15.66,55.32,16.7,-191.8,1087.0,-15.93,-26.44,4.16,31.04
76900,0.07,1.37,7.01,46.39,-48.3,-70.2,1027.8,-27.42,-19.32,2.53,31.01
76920,0,0,1.21,36.74,-84.9,-111.2,948.2,-38.09,-20.94,3.6,30.59
76940,0.81,0,0,26.28,-106.0,-2.2,965.0,-45.97,-14.61,4.21,30.87
76960,0,1.94,0.42,14.85,-186.1,-98.4,945.6,-53.17,-8.45,5.46,30.33
76980,0.2,0,0,8.36,-45.3,-19.7,1034.0,-60.07,-1.37,1.33,30.31
77000,2.48,0,3.2,5.67,-78.6,41.3,1011.8,-52.92,-2.13,1.31,30.28
77020,1.92,1.38,2.44,7.17,-84.2,73.9,975.1,-60.04,3.48,-4.24,30.06
77040,0,3.54,0,0.67,-139.5,97.0,1028.2,-48.61,10.71,-4.04,29.81
77060,3.42,0,0,3.71,-58.2,40.3,988.8,-48.01,14.85,-8.28,29.2
77080,0,0,0,3.32,-88.7,121.1,1004.7,-40.12,21.03,-7.84,28.95
77100,0,0,2.66,0,-47.9,170.4,1016.1,-33.34,23.99,-5.59,29.15
77120,0,0,0,0,16.7,183.1,1029.2,-13.15,14.19,-0.99,28.51
77140,6.02,0.89,0,2.35,25.4,143.4,1005.1,-2.81,19.38,-1.88,28.24
77160,73.48,32.61,12.1,0.13,-21.2,139.6,1011.2,15.39,20.2,5.44,28.09
77180,58.13,40.41,17.21,0,28.6,153.4,973.7,16.91,19.29,3.82,28.74
77200,38.62,51.2,23.83,1.96,33.3,131.7,840.4,34.69,21.01,2.04,29.08
77220,19.14,57.99,36.36,0,94.4,169.1,879.7,40.7,16.35,7.36,29.55
77240,9.75,54.85,47.95,0,79.2,113.0,839.4,50.32,3.38,6.47,29.38
77260,6.78,54.72,71.15,0.77,158.5,-7.0,789.3,50.32,6.35,3.23,29.54
77280,0,43.22,73.19,6.53,-11.6,32.6,731.4,59.99,3.99,2.38,30.09
77300,2.23,28.95,83.49,3.65,47.0,-13.9,784.0,55.76,-6.63,-1.13,30.41
77320,0.18,20.13,84.5,17.23,169.2,-42.6,823.5,58.16,-9.07,-0.27,30.46
77340,0,5.61,78.62,22.63,88.9,-46.3,801.1,49.57,-16.1,-6.68,30.59
77360,0.95,8.62,69.13,28.47,-74.8,-64.7,907.1,40.4,-10.9,-3.63,30.99
77380,9.28,0,58.36,44.23,61.8,-152.8,863.3,32.0,-13.65,-7.58,31.18
77400,1.15,0,43.17,58.97,104.3,-134.0,917.0,22.01,-25.62,1.39,31.02
77420,0,0,31.77,60.69,30.0,-103.5,979.4,8.58,-16.15,1.89,31.08
77440,0.4,3.59,15.04,59.78,89.7,-79.3,978.3,-7.73,-18.56,-2.74,30.89
77460,2.43,1.72,11.27,56.08,-5.4,-171.1,1063.5,-24.12,-24.03,2.27,30.88
77480,0,3.68,5.29,46.09,-42.0,-99.7,1019.6,-30.54,-10.96,4.05,30.73
77500,0,1.04,4.23,39.81,-76.4,-74.6,970.7,-46.03,-19.69,4.05,31.03
77520,0.8,0,0.88,12.19,-130.2,-39.4,1006.4,-53.06,-12.19,3.06,30.61
77540,0.59,1.12,0,10.7,-126.8,-94.7,990.1,-58.46,-7.21,-0.32,30.27
77560,0,1.75,0.8,6.07,-37.5,-6.1,1016.6,-67.01,-6.0,1.03,30.26
77580,2.09,0.44,0,0.86,-124.0,59.7,1007.3,-56.7,-0.36,-1.27,29.94
77600,0.01,0,2.75,0,-173.4,-22.8,1020.3,-57.28,7.12,-5.71,30.0
77620,0,2.2,3.75,4.29,-94.1,104.4,981.2,-44.75,9.2,-7.56,29.4
77640,0,0,0,0,-20.4,96.1,987.4,-43.4,13.51,-4.86,29.22
77660,1.68,0,0,3.94,-21.8,44.4,1014.3,-37.76,17.58,-5.25,28.92
77680,0.97,0,0,0,62.5,131.2,959.0,-18.49,24.09,-2.38,28.9
77700,0,6.96,0,2.03,12.0,175.3,1022.2,-8.4,21.24,-1.37,28.61
77720,75.05,24.63,5.79,0,-93.4,232.3,1001.1,2.39,15.57,0.46,28.54
77740,70.28,36.84,10.74,1.11,55.2,112.0,979.7,18.39,24.21,0.11,28.2
77760,53.24,45.79,18.03,0,26.8,82.4,900.5,37.25,21.24,5.48,28.87
77780,35.43,46.69,31.74,0,14.0,21.2,867.0,43.3,15.81,0.5,29.01
77800,10.85,57.59,46.08,0.74,-17.2,173.4,889.4,48.49,10.45,4.62,29.29
77820,2.64,50.71,53.78,4.88,68.6,16.0,824.5,57.14,3.84,4.57,29.64
77840,3.39,44.78,69.39,1.0,184.5,-3.1,778.0,57.69,-1.32,1.07,29.79
77860,4.66,35.08,81.04,4.17,142.1,72.5,789.8,61.44,9.43,-0.54,30.1
77880,1.77,26.36,84.68,13.13,98.7,21.6,801.8,54.89,-11.11,-4.13,30.25
77900,0,16.67,86.41,18.38,14.0,-44.5,854.1,49.79,-7.76,-0.98,30.36
77920,0,8.88,71.69,29.53,118.3,-102.0,852.1,45.47,-5.45,-6.38,30.74
77940,0.66,0.18,64.24,42.02,5.9,-49.9,816.6,32.24,-13.52,-5.53,30.72
77960,0.85,2.6,48.5,51.25,27.3,-184.7,927.6,21.01,-16.26,-0.85,30.77
77980,0,0,33.74,62.9,61.0,-204.6,942.1,11.59,-17.16,-1.35,30.92
78000,0,0.96,26.25,62.31,81.2,-147.2,985.8,0.29,-20.97,-2.43,31.3
78020,0,2.74,13.2,59.47,-3.0,-212.6,970.5,-11.97,-18.3,2.79,30.75
78040,0,0.37,9.54,48.91,-26.4,-61.8,991.2,-28.65,-21.14,4.32,31.2
78060,0.7,0,6.98,39.14,-74.6,-99.8,986.5,-35.83,-20.6,8.91,31.0
78080,0,0.34,2.18,24.74,-65.6,-67.7,1038.7,-50.56,-22.62,2.04,30.65
78100,5.38,0,1.16,14.5,-92.0,-71.3,1015.3,-51.04,-9.28,3.2,30.72
78120,2.03,0,0.8,10.31,-106.7,-60.9,989.7,-63.94,-3.32,0.47,29.89
78140,0,0,0,0.92,-106.3,-4.2,1022.4,-61.53,0.89,0.44,30.38
78160,12.61,1.08,0,2.87,-155.3,106.6,971.3,-60.86,-1.3,-1.83,29.59
78180,0,2.01,1.88,1.03,-65.1,-32.1,1066.4,-57.77,3.5,-0.89,29.62
78200,0,0,0,0,-84.5,-5.8,991.5,-48.63,5.21,-1.12,29.2
78220,5.47,3.99,1.02,3.2,-34.4,45.9,1017.2,-40.06,19.28,-7.02,29.47
78240,0.36,0,0.62,2.86,18.7,130.5,995.7,-25.96,29.56,-3.7,28.91
78260,0,0,0,0,-40.9,184.1,1005.3,-18.78,24.75,-2.2,28.64
78280,0,5.25,0.07,3.25,17.2,82.7,990.4,-6.69,14.88,-0.34,28.21
78300,68.39,33.69,7.62,0,8.4,193.8,943.6,10.1,17.15,-1.79,28.21
78320,56.97,43.04,12.25,0,43.7,214.3,913.5,20.71,26.88,3.36,28.39
78340,43.49,49.57,22.65,0.7,34.5,221.3,925.1,33.02,11.64,5.29,29.05
78360,25.99,55.51,35.36,2.24,82.9,98.8,832.9,39.7,13.63,1.55,29.39
78380,14.17,55.96,47.03,1.95,181.7,70.5,833.5,54.46,15.88,2.14,29.37
78400,6.04,49.65,56.22,7.36,137.6,-41.4,814.9,53.35,8.59,0.95,29.63
78420,1.73,37.17,70.6,0,189.6,-9.5,792.0,55.03,-1.7,5.47,30.08
78440,0,28.68,81.97,4.99,131.4,51.2,777.4,59.13,-3.78,-1.38,29.96
78460,0,20.74,83.32,5.8,83.3,-70.9,827.3,53.67,8.09,-3.39,30.55
78480,0,15.95,73.07,15.42,95.7,-41.3,826.8,51.05,-14.5,-6.94,30.93
78500,0,3.2,70.73,23.7,42.6,-36.2,846.1,39.3,-5.9,-5.98,30.61
78520,0,1.0,57.78,44.79,113.7,-147.4,892.2,32.7,-11.06,-5.58,30.91
78540,1.73,4.42,49.84,57.18,79.2,-133.3,947.1,19.04,-13.84,-4.22,31.13
78560,6.89,0,30.16,65.79,110.6,-113.9,949.5,3.09,-15.89,-1.55,30.74
78580,1.96,8.59,20.15,61.53,6.3,-128.4,1010.3,-8.0,-16.99,-4.1,30.97
78600,4.16,0.14,10.68,58.33,-105.3,-139.7,972.9,-18.84,-24.98,4.45,31.32
78620,4.98,0.33,7.67,50.78,-76.8,-106.8,991.2,-24.97,-23.41,7.11,30.8
78640,4.28,4.82,5.01,29.62,-100.0,-164.2,984.0,-44.74,-8.88,1.31,30.83
78660,0.53,1.47,0,14.32,-43.5,-109.3,982.3,-51.57,-9.05,5.82,30.43
78680,3.24,2.11,0,12.5,-117.1,-96.1,968.6,-56.13,-14.86,5.83,30.86
78700,5.97,5.55,0,5.41,-83.2,114.0,1032.2,-54.19,-11.99,3.77,30.04
78720,0,0,0,1.79,-138.7,57.7,1000.2,-62.52,4.77,1.02,30.03
78740,1.3,0,0,4.86,-118.3,85.1,1048.1,-55.23,7.87,-2.03,29.61
78760,1.99,0,1.22,0,-102.1,132.7,1021.2,-51.51,13.84,-2.48,29.45
78780,0,0,3.46,0.52,-88.0,180.1,1013.9,-48.85,20.8,-5.24,29.18
78800,0,0,1.93,0,-77.2,128.5,1010.4,-38.23,9.86,-4.59,29.1
78820,1.3,0,4.94,0,-92.6,43.1,1012.4,-22.19,20.11,-4.8,28.8
78840,3.88,1.8,0,0,86.8,39.8,963.4,-9.33,18.2,-1.25,28.3
78860,74.76,21.38,8.02,0,72.0,188.4,1051.9,0.65,21.79,-2.16,28.12
78880,68.15,29.05,14.52,1.44,22.8,207.8,961.5,20.0,18.68,1.6,28.21
78900,55.1,46.34,16.25,2.46,166.6,159.1,881.0,31.34,14.06,3.91,28.4
78920,38.58,51.41,31.32,1.01,77.6,69.6,888.2,37.44,16.26,4.11,28.86
78940,17.61,57.37,42.5,2.03,93.9,116.8,817.9,51.55,10.91,5.19,29.36
78960,7.87,50.63,50.46,3.79,-16.4,58.7,775.3,59.02,12.95,2.97,29.81
78980,0,49.09,63.59,0,176.8,25.6,839.1,57.3,5.47,2.63,29.79
79000,0,36.76,78.45,2.43,130.2,42.6,757.7,64.81,-1.68,-3.76,29.8
79020,3.53,22.99,87.24,10.63,80.3,-94.8,783.0,52.62,-10.02,-1.22,30.09
79040,0,16.91,79.54,11.31,73.8,-29.8,816.4,56.69,-15.91,-4.32,30.83
79060,2.08,11.3,75.08,19.46,-45.2,-78.7,859.2,44.43,-13.44,-5.73,31.09
79080,0,9.66,65.44,39.62,45.8,-166.9,843.0,30.62,-16.71,-5.35,30.97
79100,0.61,2.76,51.04,48.1,17.7,-121.4,907.2,28.07,-21.17,-5.1,31.2
79120,0,0.48,40.94,58.65,2.0,-220.3,938.7,18.26,-14.83,-4.35,31.23
79140,0,1.09,26.67,66.95,-12.0,-171.0,1007.4,5.28,-19.7,-1.79,30.77
79160,0,0,13.85,59.43,-112.3,-160.4,1087.9,-8.75,-16.77,4.02,31.04
79180,0,0,5.87,56.01,-89.8,-70.6,987.3,-20.71,-19.74,1.52,30.8
79200,0,1.07,11.42,39.7,-48.5,-159.1,981.2,-31.13,-10.24,5.32,30.84
79220,3.78,0,0,31.25,21.8,-123.1,915.7,-44.66,-11.7,0.9,31.11
79240,0,0,0,17.21,-113.9,-93.7,1015.7,-52.43,-4.85,8.34,30.81
79260,4.42,0,3.43,15.07,-148.0,-95.4,1008.1,-57.03,2.66,2.52,30.15
79280,0,0.54,1.05,8.83,-64.6,21.3,986.4,-58.06,-3.41,1.66,30.1
79300,0,1.57,0.54,5.22,-149.7,24.6,986.7,-63.02,7.74,-1.24,30.0
79320,0,0,0,0,-150.4,3.9,992.2,-60.84,3.96,-2.04,29.77
79340,0,1.47,2.08,4.33,-111.7,37.6,958.3,-55.33,8.14,-7.02,29.5
79360,0,0,0,0,-17.1,108.3,982.5,-39.68,11.37,-4.89,29.24
79380,0,0,0,0,11.6,172.4,990.7,-30.38,17.65,-0.85,28.66
79400,0,0.9,4.88,0,-48.8,143.4,1029.1,-14.56,18.72,-4.05,28.43
79420,3.49,0,1.38,3.33,36.1,152.9,989.9,-6.25,21.35,-2.13,28.6
79440,80.03,25.64,6.32,0,-16.8,156.7,1006.8,6.59,22.84,3.0,28.28
79460,62.85,39.04,17.0,0,29.0,134.0,968.8,15.17,14.17,5.26,28.75
79480,37.58,51.78,19.03,1.03,16.7,128.8,859.8,36.2,17.89,7.98,28.9
79500,26.07,51.74,29.03,0,0.5,23.3,823.3,41.98,19.81,4.49,29.11
79520,13.31,59.16,44.06,5.11,62.9,72.1,810.2,55.22,16.31,8.01,29.71
79540,9.05,56.88,58.74,1.29,90.5,141.8,812.8,52.61,9.77,0.13,29.96
79560,2.12,44.34,73.17,0.9,46.6,-32.4,796.9,56.07,-0.36,1.68,29.85
79580,0,31.93,83.33,5.49,87.5,33.5,775.0,59.46,-9.16,0.34,30.61
79600,0,23.48,83.2,11.2,51.3,9.2,804.9,58.86,-10.9,-2.81,30.55
79620,0,15.29,80.02,16.75,107.3,-4.7,847.7,53.11,-17.94,-2.88,30.26
79640,2.18,0.3,65.35,29.98,77.4,-104.5,869.0,44.57,-11.39,-6.36,30.76
79660,0,0.06,58.87,41.32,59.2,-201.2,934.3,32.58,-21.55,-7.02,30.64
79680,0.21,4.9,41.44,54.57,20.1,-138.1,937.9,25.37,-14.8,-3.27,31.6
79700,0,7.53,27.53,64.25,26.6,-100.9,944.4,10.93,-18.07,-2.84,31.01
79720,0,3.14,18.75,63.42,120.9,-108.7,986.4,2.41,-26.83,-1.65,31.06
79740,3.23,1.77,17.53,57.89,4.9,-130.6,990.3,-17.33,-16.6,-0.93,30.91
79760,4.06,0.71,10.97,47.59,-131.5,-76.8,977.5,-29.92,-21.52,2.37,30.98
79780,3.92,2.44,9.9,34.27,-36.2,-171.4,1022.8,-42.19,-21.54,1.22,30.63
79800,2.29,1.59,5.47,20.0,25.3,-46.1,1063.5,-49.35,-14.7,4.44,30.4
79820,0,1.16,0,16.18,-123.0,-21.8,1031.4,-50.78,-11.05,6.7,30.19
79840,0,0,0,11.52,-43.5,-25.5,1052.6,-58.4,-4.06,-1.03,30.45
79860,2.51,2.31,0,7.86,-122.5,63.4,953.8,-62.28,3.76,-0.8,30.33
79880,0.71,0.06,7.12,3.15,-108.5,69.1,1062.0,-56.9,-4.1,-2.4,29.32
79900,0,4.32,0.04,0,-23.5,51.5,1000.6,-45.06,2.26,-2.79,29.55
79920,0,0,0,0,-87.4,112.8,1031.4,-48.41,12.99,-4.63,29.64
79940,4.49,0.5,0,0,-26.4,97.4,1009.9,-36.15,18.85,-6.85,29.12
79960,7.29,0,0.53,7.28,-133.7,91.9,929.3,-25.41,23.15,-0.51,28.9
79980,0.67,0,0,0,-101.3,176.6,982.4,-14.31,24.97,-3.34,28.08
80000,77.21,21.92,4.67,1.0,20.0,47.6,985.2,-7.53,21.97,-0.49,28.02
80020,75.52,30.27,7.54,1.27,17.8,99.7,918.1,11.7,20.03,-1.29,28.26
80040,54.35,41.64,13.81,0,123.2,109.8,919.0,24.55,23.79,3.7,29.13
80060,36.44,51.79,21.93,0,64.2,136.4,857.3,37.74,10.81,3.66,28.62
80080,18.03,55.95,34.52,1.73,172.4,118.7,862.1,43.48,15.81,6.06,29.32
80100,5.32,57.77,49.11,4.05,84.0,122.3,828.8,51.06,1.98,4.68,29.55
80120,1.71,50.37,64.15,0,39.5,-30.9,805.8,60.29,4.34,6.41,29.8
80140,7.54,36.67,79.22,0,63.0,-44.6,808.1,60.04,-6.0,-0.68,30.01
80160,3.93,25.94,85.7,1.45,34.5,9.7,761.6,62.55,-5.07,1.25,30.45
80180,2.44,13.59,77.47,8.54,150.8,-85.0,790.3,55.67,-6.89,-3.45,30.53
80200,0,7.53,78.56,23.81,41.0,-179.2,828.8,46.33,-16.65,-6.6,30.52
80220,1.58,3.89,66.96,38.57,115.0,-44.6,888.2,38.69,-15.8,-4.35,30.79
80240,0,7.09,58.78,45.19,39.5,-71.7,915.7,33.37,-14.61,-7.59,30.72
80260,1.11,0,35.58,59.34,56.5,-90.1,905.7,18.85,-23.27,-2.34,30.73
80280,0,2.44,25.55,67.19,25.9,-226.8,957.8,-1.38,-22.17,0.03,31.33
80300,0,0,19.52,59.85,-16.5,-102.3,1027.9,-9.27,-21.99,1.4,30.68
80320,0,0,12.84,58.47,-28.9,-124.8,946.1,-18.44,-17.71,6.51,30.86
80340,0,4.57,7.97,42.81,-8.9,-139.5,994.3,-28.08,-26.85,3.98,30.94
80360,0,2.12,0,24.45,-80.9,-84.9,950.4,-43.56,-17.27,5.18,30.5
80380,0.2,0,0.39,20.14,-46.6,-78.2,1003.0,-50.98,-16.54,6.8,30.09
80400,0,0,0,8.54,-123.9,-42.3,992.1,-56.95,-7.87,2.48,30.04
80420,2.37,0,8.64,4.77,-57.8,13.4,1033.0,-61.87,-1.82,-0.21,30.33
80440,0,0.63,0,1.71,-151.5,-9.5,1004.5,-66.48,-3.84,-0.93,29.69
80460,1.93,0,3.85,0,-83.4,60.8,1014.1,-57.61,4.28,-1.9,29.64
80480,0,0.12,2.05,0,-178.3,70.9,984.1,-53.48,6.11,-5.52,29.34
80500,0,0,0,0,1.1,108.6,969.4,-43.38,18.06,-5.45,28.7
80520,2.39,6.34,3.22,0.51,-21.0,87.4,964.9,-34.09,14.43,-1.3,28.65
80540,4.68,0,0,0.2,-17.8,191.9,990.4,-21.84,14.01,-3.04,28.43
80560,0,0,0,4.06,-53.2,137.4,985.7,-10.44,15.04,-1.76,28.27
80580,73.76,26.42,11.58,0.45,64.4,201.1,965.9,7.16,25.07,1.06,27.88
80600,68.47,35.57,12.13,0,110.4,141.2,944.6,16.2,22.14,6.36,28.6
80620,45.09,46.54,23.69,3.0,-36.6,180.6,904.1,28.29,19.78,2.38,28.85
80640,32.0,52.55,29.41,0,-23.4,100.3,891.9,40.97,22.34,2.18,28.93
80660,15.64,60.04,43.32,4.15,25.0,101.3,866.6,52.09,12.29,3.23,29.72
80680,11.3,50.53,58.98,0,151.0,23.1,779.8,56.73,9.47,3.5,29.39
80700,8.88,44.95,69.73,3.06,121.9,97.0,757.6,61.8,2.9,2.49,30.1
80720,3.58,38.41,75.92,0.91,78.9,35.0,765.5,58.61,-5.59,1.03,30.04
80740,0,24.1,79.5,14.45,52.2,-61.6,806.9,60.18,4.51,-4.74,30.66
80760,1.09,17.05,83.07,20.2,43.9,-55.6,845.2,48.15,-4.33,-1.45,30.64
80780,0,7.82,65.96,28.36,92.1,-152.2,869.8,45.3,-8.55,-6.1,30.62
80800,0.2,5.83,63.67,38.09,119.9,-81.1,883.2,33.08,-16.91,-2.57,30.71
80820,1.59,0,47.02,50.88,7.6,-185.5,964.9,23.34,-22.63,-6.29,31.23
80840,0,3.26,31.67,60.88,24.3,-87.4,996.9,10.65,-17.38,-4.02,30.94
80860,0,0,18.57,65.69,47.1,-201.0,990.0,1.81,-19.86,-3.61,30.99
80880,0,2.29,13.06,54.18,23.8,-101.3,1000.8,-15.89,-21.47,4.93,31.19
80900,0,3.76,7.01,53.28,-94.7,-122.1,994.1,-34.93,-18.11,5.45,30.99
80920,0,2.52,10.3,38.88,-42.6,-97.4,989.3,-39.07,-18.12,3.67,30.97
80940,1.96,0.9,5.14,21.3,-34.3,-52.2,985.3,-47.31,-14.96,3.91,30.6
80960,0,0.3,4.68,14.93,-48.5,-4.9,946.0,-54.06,-6.38,4.69,30.24
80980,1.22,1.0,0,11.03,-141.1,-7.0,1039.6,-56.21,-5.64,4.99,30.47
81000,0,0,0,0.63,-191.2,96.7,1012.2,-60.65,2.41,-2.27,30.31
81020,0.29,0,0,9.4,-34.1,11.5,1009.8,-55.66,8.58,-2.3,29.75
81040,1.63,6.89,0,0,-159.0,81.6,966.4,-54.49,4.87,-3.87,29.56
81060,0.15,2.8,1.62,0,-61.6,97.3,1005.3,-48.12,12.91,-7.75,29.53
81080,0,0,0.84,1.05,-78.3,119.7,955.5,-40.25,16.91,-4.5,29.3
81100,0,2.86,0,0.19,-6.8,174.3,973.8,-28.79,26.15,-2.24,28.82
81120,4.79,2.04,0,0,-39.3,164.4,976.7,-13.39,19.07,-3.72,28.19
81140,6.14,0,4.23,0,11.7,171.4,1013.7,-4.26,21.98,-4.18,28.2
81160,63.68,36.34,9.24,3.73,69.4,139.4,907.2,6.55,19.01,4.14,28.12
81180,54.75,43.91,14.84,1.27,82.9,167.8,939.1,29.42,10.38,2.31,28.76
81200,35.52,50.0,26.16,0,-46.3,112.1,901.8,33.32,11.94,5.37,29.57
81220,21.95,59.16,37.36,0.03,130.6,50.6,843.5,49.49,10.08,5.58,29.51
81240,12.11,57.32,55.23,3.02,75.6,-23.6,854.9,63.71,10.36,7.08,29.9
81260,2.32,52.9,59.16,0,128.6,-0.3,802.9,53.48,0.71,2.96,29.66
81280,0,38.52,81.29,7.99,116.4,33.1,748.9,63.5,-2.11,1.39,30.23
81300,0,25.4,88.45,7.54,73.2,-38.5,816.0,62.71,-10.66,-0.07,30.07
81320,3.57,19.71,75.49,8.81,50.9,-67.5,808.4,49.67,-1.79,-3.74,30.37
81340,0,8.32,76.04,21.08,88.5,-23.0,824.8,49.56,-10.14,-3.88,30.8
81360,3.01,0,67.06,33.65,104.7,-170.8,828.2,38.37,-5.75,-7.95,31.27
81380,0,8.54,60.35,50.63,11.3,-163.8,899.4,25.94,-16.04,-7.39,31.05
81400,0,9.47,41.49,61.55,38.3,-110.2,903.1,22.64,-26.3,-5.13,30.7
81420,0,1.76,32.56,71.1,75.4,-110.9,988.4,10.3,-19.03,1.23,31.05
81440,0,1.27,18.07,65.9,-75.1,-129.0,1010.9,-4.93,-13.98,-0.83,31.03
81460,0.26,8.2,11.9,51.4,-2.7,-128.2,946.9,-23.61,-19.98,2.51,31.34
81480,2.1,0,5.34,43.62,-71.9,-87.1,996.5,-32.78,-21.02,4.99,31.08
81500,0.86,0,0.71,35.38,39.3,-25.4,979.8,-41.92,-20.51,5.28,30.59
81520,3.49,3.21,1.47,22.63,-36.9,-71.0,958.7,-46.73,-12.44,4.22,30.61
81540,0,0.02,3.32,13.95,-81.7,-50.2,1030.6,-53.44,-20.0,1.44,30.47
81560,3.91,0,3.11,2.98,-49.6,29.9,983.6,-56.05,-2.35,0.84,30.13
81580,0,0,0,1.66,-102.8,34.7,949.6,-56.37,2.69,-1.72,30.0
81600,0,0.11,1.74,2.9,-122.9,87.0,1001.5,-56.84,6.91,-3.58,29.89
81620,0,3.64,1.32,0,-51.7,27.9,999.4,-49.79,19.96,-4.88,29.66
81640,0,0,0.98,0,-97.0,33.4,1012.8,-44.44,14.65,-3.72,28.72
81660,6.75,0,0.3,0.47,-48.4,137.3,1002.1,-25.05,17.5,-5.14,28.66
81680,8.38,0,0,5.04,-34.5,129.3,1019.1,-18.78,20.39,-1.95,28.23
81700,0,1.2,0,1.68,6.3,185.2,997.3,-7.79,17.07,-2.01,28.23
81720,74.59,22.28,5.34,0.64,-60.5,175.4,991.8,5.07,15.11,2.66,28.52
81740,68.16,34.4,16.11,0,64.2,201.0,906.9,9.87,24.91,1.38,28.24
81760,48.84,46.42,18.94,0,49.2,82.6,902.4,24.65,13.77,4.91,28.82
81780,31.04,52.27,32.51,0,-40.1,90.9,815.0,42.09,12.73,7.3,29.36
81800,16.5,58.58,47.82,0,160.7,68.0,804.2,51.14,5.53,2.37,29.56
81820,3.63,57.29,55.41,7.37,106.8,88.5,800.4,59.58,15.65,4.16,29.58
81840,1.95,44.28,76.77,4.81,80.6,19.1,748.3,57.37,-5.03,2.45,30.08
81860,3.05,37.1,75.18,4.1,110.3,5.2,789.0,63.94,-5.95,-1.79,30.03
81880,0,23.49,81.85,8.79,72.1,-108.6,828.6,57.04,-5.84,-2.73,30.35
81900,1.87,20.89,80.35,19.73,90.4,13.7,824.1,49.0,-13.79,-6.49,30.86
81920,2.81,8.55,80.14,20.27,43.5,-134.4,849.4,42.91,-15.41,-7.97,30.49
81940,0,2.75,62.31,41.11,64.4,-166.1,833.6,39.71,-14.39,-3.51,31.19
81960,0,0,52.62,49.98,36.0,-138.0,894.1,25.52,-22.81,-3.44,30.96
81980,1.94,6.89,34.98,59.38,35.9,-162.4,972.7,14.76,-18.06,-1.21,31.17
82000,2.32,4.18,24.37,62.98,-41.9,-134.3,980.3,1.41,-22.7,1.25,31.45
82020,9.43,4.14,16.88,60.71,-49.4,-105.6,993.5,-14.76,-28.07,1.08,30.97
82040,2.69,0.56,11.08,54.9,-30.0,-60.9,987.1,-24.78,-12.8,3.25,30.74
82060,0,0,7.32,40.56,-72.8,-39.3,1013.0,-39.32,-12.22,5.4,30.84
82080,0,1.1,3.1,29.0,-29.7,-109.5,969.6,-48.36,-14.48,4.72,30.07
82100,0,0,0,16.08,-25.9,-85.9,992.0,-53.16,-11.89,2.73,30.45
82120,0,0,0.01,6.58,-110.7,-94.6,972.9,-58.96,-9.17,3.13,30.17
82140,0,0.03,4.52,8.51,-87.8,-46.2,1016.2,-62.63,-11.05,-0.13,30.2
82160,0,0,4.03,0,-92.4,-66.1,989.8,-54.84,11.98,-3.82,29.9
82180,0,0.47,3.65,4.82,-59.5,36.5,1013.6,-56.19,3.49,-4.31,29.74
82200,1.8,3.83,1.3,1.71,-61.5,112.5,997.1,-47.27,10.47,-5.11,29.28
82220,0.32,1.38,0.28,2.73,-19.6,58.5,954.3,-38.42,15.15,-5.53,29.06
82240,3.19,2.29,0,5.23,56.8,207.5,927.2,-25.95,21.06,-3.51,28.91
82260,6.79,0,2.06,0,67.9,98.6,964.2,-15.24,20.58,-3.3,28.45
82280,0.07,1.47,1.35,0,-45.1,175.0,983.0,-6.1,26.92,2.36,27.68
82300,76.37,27.5,9.76,3.57,-17.9,174.7,996.3,10.01,20.41,-0.3,28.29
82320,60.18,42.04,11.73,0,6.8,145.1,928.9,21.88,23.8,6.59,28.25
82340,35.71,53.58,20.15,0,24.1,180.6,898.7,33.54,15.26,5.56,28.63
82360,23.12,57.16,37.0,0,26.9,162.9,824.4,44.29,17.02,2.36,29.23
82380,6.81,55.48,47.84,0,92.7,220.0,856.8,57.28,16.22,2.08,29.36
82400,0,54.67,65.34,1.04,107.3,88.1,845.1,55.6,13.88,5.71,29.65
82420,3.32,43.18,71.42,2.03,97.9,-42.5,805.3,59.68,2.68,-0.14,29.99
82440,0,30.51,79.61,0.45,56.1,-141.4,791.1,57.24,-2.55,-0.41,30.37
82460,0,21.56,77.36,13.84,45.2,-97.8,848.8,54.47,-8.75,-0.21,30.3
82480,2.96,15.97,76.72,25.89,89.6,-44.3,841.7,45.95,-5.21,-4.89,31.0
82500,4.26,6.05,69.26,30.7,17.7,-92.7,876.2,40.17,-20.13,-7.53,30.78
82520,0.34,0,58.16,37.13,33.7,-93.4,857.6,28.97,-21.85,-8.14,31.06
82540,4.78,0.31,45.34,55.55,31.2,-116.3,909.4,26.17,-20.09,-4.69,30.95
82560,2.51,1.74,28.77,64.25,16.8,-257.9,972.7,8.73,-17.36,1.91,30.69
82580,3.1,2.16,18.67,63.23,86.0,-153.7,1055.7,-4.58,-23.31,1.98,30.73
82600,0,0,9.94,57.57,-76.9,-175.5,1055.1,-19.69,-13.28,-0.86,30.78
82620,0,0,5.25,45.4,-118.8,-26.6,1079.9,-35.51,-21.02,5.2,30.85
82640,1.95,0,2.27,34.64,-30.1,-155.0,991.3,-37.78,-4.95,5.36,30.82
82660,0.21,6.29,0,23.05,-3.9,-45.1,1004.3,-49.79,1.31,5.77,31.29
82680,0,0.77,4.22,13.32,-149.8,-22.5,962.5,-55.67,-9.15,0.67,30.7
82700,0.64,0.79,0.23,10.6,-153.1,2.4,995.3,-61.87,-0.59,-0.8,30.37
82720,1.84,0,1.23,5.18,-142.8,119.5,1001.5,-62.73,2.37,-1.46,30.29
82740,3.18,4.44,1.05,4.8,-120.8,77.1,995.0,-57.47,4.38,-1.83,29.88
82760,0,0,4.35,0,-96.0,97.9,1007.6,-57.07,11.99,-6.87,29.31
82780,2.57,0,6.29,1.29,-95.7,115.6,960.1,-45.91,11.2,-6.94,29.22
82800,2.03,2.2,3.59,0,-16.4,125.9,1050.8,-39.64,15.97,-4.69,29.11
82820,1.96,0.13,2.3,0,1.2,173.5,965.8,-24.33,17.66,-2.31,28.52
82840,0,3.59,0,1.12,-76.1,174.1,1010.3,-10.02,27.83,0.51,28.11
82860,74.62,14.81,5.13,0,-0.0,134.1,1005.2,3.53,26.28,1.29,28.12
82880,68.1,34.42,8.64,0.46,25.5,121.8,941.7,15.34,17.11,4.56,28.15
82900,50.08,42.89,19.5,2.84,40.3,112.3,887.4,23.54,23.47,3.91,28.55
82920,30.14,52.9,27.0,0.2,105.9,152.8,846.4,36.51,12.89,3.93,29.08
82940,14.34,54.91,37.36,1.0,61.7,118.0,868.4,42.9,18.07,7.35,29.14
82960,5.1,51.47,58.97,3.74,78.3,16.8,817.1,56.52,9.76,4.59,29.67
82980,6.68,42.56,64.0,7.05,39.6,43.5,834.3,59.19,1.27,1.06,29.93
83000,0.88,37.78,78.1,4.68,149.8,19.6,791.6,64.01,-1.01,-1.5,30.24
83020,0,28.29,85.85,5.59,171.0,-51.8,837.2,57.96,-8.97,-2.79,30.36
83040,0,13.65,80.43,21.35,161.7,-67.9,862.5,57.62,-14.79,-4.55,30.37
83060,1.98,7.33,76.94,30.72,53.5,-103.4,828.8,50.44,-2.75,-3.37,30.92
83080,1.92,4.23,58.38,36.91,98.4,-112.7,917.7,41.08,-3.86,-6.28,30.82
83100,2.55,1.45,51.82,50.92,35.4,-120.1,909.7,33.57,-22.87,-6.52,30.89
83120,0,0,37.18,61.43,93.4,-135.7,914.5,16.96,-25.33,1.03,31.26
83140,0,0,31.14,67.27,-9.8,-218.5,989.5,2.86,-17.79,2.91,31.09
83160,0,0,17.1,62.95,0.1,-146.1,983.2,-12.38,-16.56,2.57,31.49
83180,1.73,0,8.18,52.89,-2.2,-132.4,952.0,-21.77,-10.12,4.72,30.9
83200,2.84,3.5,5.22,44.26,-78.3,-82.7,984.7,-35.79,-22.91,7.27,30.7
83220,1.5,0,9.88,28.8,-61.2,-166.0,1036.8,-45.16,-6.12,2.82,30.58
83240,2.12,3.65,0,16.76,-72.9,-117.8,1018.4,-49.49,-14.83,1.96,30.88
83260,0,0,4.12,13.26,-117.8,-100.8,995.1,-58.57,-7.11,5.98,30.27
83280,3.73,0,2.03,6.33,-155.8,-47.5,962.8,-57.1,-0.33,-2.14,30.34
83300,5.4,0,1.27,0.42,-98.9,-100.0,1029.0,-58.0,2.84,-0.89,29.7
83320,0,0.96,0,0,-145.9,117.1,997.8,-59.63,12.93,-5.95,29.31
83340,0,3.14,2.75,0,-112.6,123.0,991.3,-48.94,10.69,-5.39,29.38
83360,0,1.09,0,1.0,-147.8,194.6,968.9,-36.47,17.8,-5.58,29.14
83380,1.09,0.47,0,0,-109.7,131.0,1012.8,-33.32,11.43,-3.34,28.63
83400,0,0,0,3.52,-47.2,139.7,1040.3,-18.74,14.6,-6.73,28.55
83420,0,6.7,1.62,0,-26.4,91.3,997.3,-3.73,21.89,-1.82,27.99
83440,70.39,27.18,14.04,0,133.5,160.5,962.3,7.69,17.97,3.33,28.71
83460,59.39,34.07,11.15,0,-20.3,188.6,932.2,25.04,28.4,0.27,28.4
83480,36.24,52.25,21.52,4.54,56.6,67.5,875.0,41.59,17.93,4.76,28.9
83500,30.32,51.6,34.04,0,97.7,103.5,903.8,44.28,13.3,2.73,29.12
83520,10.32,54.5,48.05,1.09,55.6,90.0,859.8,50.89,5.4,5.23,29.23
83540,5.32,47.51,59.69,0,47.1,76.4,840.6,52.27,19.12,3.81,29.94
83560,5.92,43.76,72.25,0,110.2,73.1,773.0,62.44,0.27,4.48,30.05
83580,3.43,27.11,78.95,6.81,243.1,-54.7,796.0,61.19,-1.43,-1.91,30.41
83600,1.24,20.59,85.86,16.3,104.1,-32.6,744.8,56.5,-13.88,-3.97,30.62
83620,1.39,15.85,81.01,29.58,100.0,-112.4,804.1,48.86,-4.09,0.77,30.81
83640,0,2.25,73.23,31.01,12.6,-146.6,846.0,48.63,-6.85,-6.06,30.71
83660,0,0,59.72,45.02,46.6,-115.1,915.6,33.3,-18.7,-4.49,31.03
83680,0,2.21,42.83,56.15,-16.6,-150.4,958.6,22.36,-22.53,-0.84,30.88
83700,1.05,3.67,35.11,63.7,22.3,-175.3,1001.0,12.39,-24.66,-0.33,31.03
83720,1.84,0,21.44,63.75,-30.6,-145.2,956.9,-2.2,-24.07,-0.06,30.93
83740,0,3.53,18.58,59.71,32.1,-185.1,981.7,-19.3,-14.49,4.48,31.18
83760,2.76,0,4.25,45.69,-86.3,-53.9,978.1,-32.5,-24.27,3.11,31.04
83780,1.66,0,0.8,39.81,-30.4,-59.6,1028.7,-43.23,-21.42,4.8,30.95
83800,0,0,6.28,22.61,-97.6,-48.4,994.6,-49.83,-11.23,1.88,30.6
83820,0,2.44,0.72,10.91,-24.5,-43.2,1039.1,-55.3,-13.0,7.64,30.5
83840,0.65,3.42,0,4.51,-86.6,-48.6,972.8,-60.52,3.66,2.81,30.41
83860,0,0.01,0,6.76,-154.8,41.0,982.2,-63.83,-3.02,-3.05,30.21
83880,0.1,5.11,1.85,0,-43.4,25.7,1014.4,-55.44,1.3,-3.75,29.82
83900,3.3,0,0,0,-59.6,12.7,941.5,-52.15,10.19,-1.92,29.55
83920,0,5.62,0,0,-34.6,91.1,964.9,-47.2,14.06,-6.91,29.0
83940,0.93,0,0,0,-84.7,165.9,1013.0,-39.5,18.41,-3.72,29.01
83960,0,3.41,4.48,1.58,-37.5,61.1,983.3,-23.65,15.43,-6.56,28.85
83980,0,5.69,0,0,-49.0,197.8,998.8,-9.86,9.73,-2.75,28.32
84000,77.01,18.43,8.68,0,-46.0,207.2,967.8,4.34,11.85,-0.47,28.27
84020,69.63,34.01,6.55,1.18,-40.5,172.8,946.7,16.28,18.31,1.81,28.39
84040,50.02,42.09,15.73,0,24.1,131.8,935.2,25.67,16.63,4.03,28.57
84060,31.9,49.9,25.44,0,88.6,18.2,865.3,37.61,13.77,3.63,29.17
84080,25.33,59.28,41.11,2.99,61.8,70.5,797.8,46.3,16.64,4.89,28.99
84100,6.55,56.37,55.14,0,130.6,9.4,818.9,51.87,15.14,3.01,29.68
84120,3.02,43.08,62.53,0.84,140.7,48.4,792.5,56.31,5.9,-0.9,30.07
84140,0.11,38.7,71.18,1.94,75.7,25.1,767.1,66.23,5.85,2.82,30.56
84160,7.63,27.89,81.48,3.87,78.9,-69.7,813.3,63.74,1.16,1.09,30.25
84180,3.41,10.4,83.76,12.28,184.6,-0.4,904.0,56.65,-9.13,-2.74,30.19
84200,0,5.21,74.3,23.64,106.8,-3.3,813.0,53.8,-9.0,-3.33,30.36
84220,0.03,5.62,66.74,34.25,76.0,-110.4,859.8,45.15,-12.07,-3.65,30.52
84240,2.84,0.27,57.55,46.11,-80.0,-116.2,896.5,28.67,-10.03,-5.35,30.84
84260,0,1.7,40.08,62.43,68.5,-294.2,919.3,18.12,-28.08,-0.15,30.88
84280,0.46,3.29,24.55,56.91,117.5,-219.4,991.2,4.52,-10.5,-3.84,30.87
84300,1.64,0,22.16,66.77,-45.7,-155.2,993.5,-10.29,-20.57,-0.29,30.84
84320,0.78,0.39,12.59,53.9,-32.2,-111.7,1029.1,-16.21,-4.45,1.17,31.28
84340,2.95,3.22,4.5,45.89,-52.2,-78.3,957.4,-28.71,-13.58,4.62,30.88
84360,0,0,0.55,26.4,-112.2,-26.1,986.0,-41.92,-13.78,6.28,30.5
84380,0,0,0,20.56,-5.5,-7.8,993.5,-53.01,-5.55,8.67,30.67
84400,0,0.72,0.66,9.07,-72.5,-65.6,1013.8,-58.98,-5.12,3.86,30.2
84420,1.12,4.41,0.43,2.12,-88.3,24.5,977.8,-58.35,-4.55,0.87,30.2
84440,0,0.46,0,5.02,-149.8,-0.6,966.4,-57.76,7.54,-0.05,30.18
84460,0,0,0,0.2,-140.2,11.3,961.1,-60.95,13.38,-4.99,29.83
84480,2.4,1.16,2.67,1.42,-135.8,101.1,977.6,-49.85,12.9,-6.2,29.5
84500,0,0,0.94,0,-129.0,136.9,955.7,-41.55,9.98,-3.95,29.07
84520,0,0,0,0,-54.0,141.1,1048.3,-30.45,18.48,-2.4,28.84
84540,3.45,0.78,0,0,-91.4,145.8,1085.3,-21.12,20.89,-4.69,28.17
84560,4.25,0.27,2.15,0,-58.9,163.0,1018.7,-10.04,27.17,-4.58,28.22
84580,70.34,29.43,11.7,3.0,-60.2,95.1,1004.1,12.83,16.31,0.93,28.04
84600,63.67,32.46,14.08,1.01,31.3,112.2,946.5,15.15,18.28,0.06,28.59
84620,43.89,42.03,13.91,0.49,59.4,47.4,893.5,27.5,23.62,6.43,28.75
84640,30.01,53.02,33.6,0,61.1,164.5,848.8,42.12,11.57,6.0,28.81
84660,17.25,56.55,43.5,1.27,102.7,186.3,867.1,42.09,4.78,2.44,29.4
84680,10.2,48.9,58.08,0,161.5,85.9,867.1,54.43,7.48,3.38,29.61
84700,0.99,41.86,72.52,0,73.6,-14.5,755.4,56.9,8.05,2.72,29.9
84720,0,31.81,75.99,9.91,141.4,47.8,775.8,57.17,2.19,0.04,30.43
84740,3.64,19.15,88.29,12.05,39.4,-59.7,799.2,55.51,-5.66,1.16,30.6
84760,0,14.79,80.76,13.57,76.3,-120.2,818.9,50.44,-8.34,-6.58,30.38
84780,0,8.3,76.93,30.39,153.4,-93.6,811.6,46.15,-16.72,-4.04,30.96
84800,0.57,2.58,60.17,39.74,103.2,-164.7,856.0,34.93,-11.96,-3.29,31.02
84820,0.72,0,49.26,56.89,40.8,-166.9,842.0,23.54,-15.02,-2.23,30.65
84840,0,3.67,28.92,59.98,56.3,-129.7,1010.2,12.45,-16.12,-1.53,30.6
84860,2.7,0,20.23,68.41,-80.0,-157.6,1038.0,-2.43,-14.85,-2.3,30.91
84880,0.3,0,14.97,56.47,0.1,-279.3,958.0,-16.44,-17.99,3.16,30.86
84900,0,0,10.84,46.91,-41.2,-201.9,999.6,-28.08,-18.27,5.96,30.94
84920,1.71,1.1,1.34,40.25,-0.7,-179.7,1051.2,-36.37,-13.91,3.8,30.7
84940,2.57,0,2.82,21.87,-39.9,-14.0,1016.2,-47.14,-8.08,4.22,30.61
84960,0,0,3.07,16.71,-128.2,-38.8,1002.4,-55.68,-16.58,2.5,30.52
84980,2.32,0,2.43,2.67,-70.0,21.9,1026.0,-61.05,-3.57,-0.78,30.49
85000,1.21,0,0.94,2.23,-74.2,21.4,1024.6,-58.36,-1.81,1.56,30.1
85020,0,0,0.29,1.7,-75.8,180.5,977.9,-58.4,5.81,-2.1,29.74
85040,1.97,0.29,0,3.13,-54.1,123.2,999.0,-56.49,14.13,-3.39,29.23
85060,4.49,0,0.39,1.14,-127.2,150.3,1009.5,-49.41,9.82,-6.17,29.03
85080,0,0,3.76,0,-142.7,209.8,992.0,-35.71,21.86,-5.85,28.88
85100,0,4.86,4.87,0,-21.9,212.9,988.4,-30.27,13.19,-5.43,28.63
85120,0,0.88,0,0.35,37.3,215.4,1029.4,-25.6,18.79,-1.89,28.47
85140,0,0,0,4.16,-77.3,129.5,949.0,-0.89,12.36,1.03,28.24
85160,67.67,31.31,11.65,0,49.0,88.9,983.3,11.87,17.02,0.64,28.48
85180,59.92,39.9,21.61,3.06,98.6,104.0,971.5,22.42,21.9,1.02,28.58
85200,32.08,48.42,24.16,0,-5.4,115.0,903.3,33.78,14.49,4.49,28.81
85220,21.32,55.67,37.52,0,80.4,118.5,872.6,40.86,5.75,5.84,29.44
85240,12.62,61.04,48.55,6.35,119.6,52.5,809.4,49.66,9.41,4.57,29.46
85260,9.74,52.87,63.76,0,57.5,34.9,780.0,56.22,3.66,-1.61,30.07
85280,0,34.23,78.9,2.06,57.3,73.4,773.5,59.72,6.67,-2.12,29.87
85300,0.51,28.6,82.93,7.02,185.1,28.7,840.2,61.32,-6.06,3.07,30.08
85320,0,18.19,85.11,15.47,102.0,14.7,808.0,52.75,-9.09,-6.65,30.39
85340,0,8.68,79.18,22.5,-2.9,-167.2,845.8,48.34,-10.52,-5.44,31.0
85360,4.7,1.4,62.63,28.54,114.6,-181.1,791.7,41.61,-10.67,-5.43,30.82
85380,1.09,7.0,55.29,46.72,25.2,-175.9,892.6,28.55,-10.04,-5.35,31.19
85400,0.55,0.07,41.36,57.17,-5.4,-134.6,944.2,16.03,-24.34,-2.32,31.0
85420,2.33,1.9,39.07,69.28,-71.7,-155.4,987.5,4.65,-16.88,4.92,31.02
85440,0,0,21.21,56.36,36.1,-162.5,946.7,-7.92,-19.55,2.88,31.02
85460,0.15,2.16,14.67,57.89,25.4,-152.6,951.9,-19.46,-23.23,6.47,30.94
85480,0.72,0,6.88,47.59,-71.1,-155.8,1024.0,-32.37,-16.14,5.9,30.83
85500,2.7,0,1.91,29.95,-123.5,-172.2,1017.2,-47.68,-11.27,4.31,30.69
85520,0.68,0,3.82,22.18,-96.1,-125.7,954.9,-53.43,-16.03,4.06,30.46
85540,0,0,2.57,7.53,-126.0,44.7,977.1,-62.52,1.11,0.51,30.98
85560,0,0,0,10.26,-62.0,38.2,1020.6,-57.02,2.06,1.12,30.51
85580,2.34,5.62,1.91,3.76,-31.2,-14.1,960.2,-64.9,-0.87,-0.76,30.19
85600,0,0.61,0,0,-151.6,79.1,986.2,-55.11,5.04,-6.6,29.85
85620,0,0,0,0,-49.9,77.4,1010.3,-48.96,4.29,-2.69,29.6
85640,1.92,1.21,0.42,0,26.4,188.1,964.0,-46.21,23.07,-3.42,29.36
85660,1.96,0,0,4.01,-38.4,119.1,1001.7,-38.04,19.69,-4.9,29.08
85680,0,0,0,5.13,-10.1,172.1,959.6,-23.84,25.72,-2.8,28.81
85700,5.52,0.19,0,0.39,11.7,140.6,997.6,-10.45,20.3,-0.62,28.13
85720,76.99,23.98,2.38,0,-67.2,133.2,979.8,1.04,16.02,1.61,27.83
85740,68.1,33.54,15.55,0,3.1,86.0,981.6,19.38,14.8,4.03,28.41
85760,47.56,46.3,18.63,0,-2.0,100.9,865.9,24.44,18.84,6.36,28.59
85780,24.72,56.99,29.98,0,4.5,17.8,855.8,38.54,10.16,6.27,28.72
85800,12.69,58.48,44.27,2.83,117.8,149.2,811.4,50.58,16.93,5.46,29.54
85820,7.19,51.91,53.81,0.15,147.3,77.1,815.3,56.41,8.17,5.09,29.92
85840,3.94,41.7,71.87,3.58,110.2,103.1,818.9,59.43,0.15,4.65,30.08
85860,0,35.22,77.28,2.48,46.8,-52.7,877.9,60.61,-3.47,0.46,30.29
85880,0,28.55,81.33,2.82,59.3,-64.4,813.8,63.16,-8.08,1.11,30.74
85900,7.19,13.67,84.24,14.39,98.0,-38.0,843.4,55.56,-14.23,-2.41,30.47
85920,1.45,12.85,72.69,30.05,94.8,-94.4,851.1,44.39,-21.77,-1.42,30.82
85940,0,5.0,67.31,39.76,116.4,-185.1,901.1,37.24,-18.29,-8.62,31.0
85960,5.12,4.21,53.21,52.41,93.8,-140.4,890.1,26.47,-21.37,-6.59,30.84
85980,0,1.45,28.91,62.46,15.6,-142.1,928.5,14.74,-23.48,-0.8,31.15
86000,4.16,0.39,24.61,63.74,-50.5,-159.4,1087.4,-5.45,-29.12,2.57,31.31
86020,0,4.62,14.57,65.56,-1.0,-180.7,989.9,-19.94,-19.75,2.16,30.91
86040,0.88,0.84,2.55,56.27,-46.2,-66.0,1010.2,-28.5,-13.82,4.92,30.87
86060,0.76,0,3.22,42.42,-110.8,-219.4,1022.9,-35.12,-12.67,3.06,31.02
86080,0,1.25,3.82,29.64,-52.1,-9.5,1016.9,-47.78,-8.94,5.97,30.85
86100,1.17,0.35,0,16.25,-163.0,-64.9,956.4,-51.82,-11.07,0.89,30.14
86120,1.57,0,3.59,13.6,-95.5,-50.5,1023.0,-59.12,-1.24,0.83,30.28
86140,0,0,2.25,6.02,-124.8,-47.3,976.3,-61.36,-7.09,3.64,29.88
86160,3.52,2.72,3.99,3.74,-172.2,54.9,1016.5,-61.16,1.12,-0.6,29.93
86180,1.57,0,6.24,4.2,-131.4,93.5,987.7,-54.28,6.34,-2.68,29.36
86200,1.2,0.77,2.49,0.13,-47.7,69.8,1010.0,-43.87,20.27,-4.81,29.76
86220,3.1,0,2.08,2.47,5.8,80.3,1047.5,-38.4,25.07,-4.33,29.29
86240,0,1.38,0,0,-12.6,12.8,1002.2,-30.48,13.11,-4.47,28.66
86260,0,0,2.49,3.52,69.7,141.0,1031.5,-18.46,10.8,-2.09,28.64
86280,0.54,3.92,0,0,-2.2,62.1,1037.6,-7.87,20.67,-1.98,28.18
86300,72.17,34.04,8.87,2.29,48.6,-9.0,923.1,9.87,33.57,-0.59,28.11
86320,59.85,37.75,21.13,5.61,10.7,137.8,938.1,27.84,20.81,3.0,28.45
86340,47.08,52.31,18.94,0,23.4,81.6,873.3,33.6,20.66,4.82,28.78
86360,28.12,55.28,32.88,0.57,83.2,25.8,835.6,49.08,19.84,4.33,29.47
86380,3.32,52.88,50.01,5.12,3.4,98.2,823.6,52.83,12.21,3.56,29.86
86400,5.43,47.21,65.28,0.58,110.8,34.5,862.6,57.04,2.08,5.94,29.69
86420,0,38.72,70.07,5.27,141.3,19.8,815.8,54.73,2.36,1.73,29.98
86440,0,27.3,81.84,5.78,37.6,-76.4,830.0,55.83,9.84,-1.3,30.24
86460,2.45,15.25,79.2,13.37,35.5,-64.4,807.2,54.19,-2.3,-0.64,30.71
86480,0,14.37,81.52,25.77,93.4,-64.0,771.4,50.71,-14.25,-3.7,30.49
86500,4.59,6.67,66.48,28.26,46.1,-76.8,891.5,42.89,-21.6,-1.62,30.85
86520,0,2.07,57.17,47.23,74.6,4.8,841.6,27.53,-13.61,-3.82,30.72
86540,0,0,42.3,50.96,24.5,-117.8,964.7,20.81,-21.7,0.6,30.78
86560,0.63,5.04,30.38,66.34,83.4,-133.7,1021.8,9.63,-23.93,0.35,30.88
86580,0,0.49,20.79,58.06,36.7,-97.6,991.3,-3.07,-10.52,2.7,30.85
86600,0,1.33,14.0,58.99,18.3,-174.3,1041.1,-19.65,-13.02,4.06,30.94
86620,0,2.08,10.57,50.82,-132.5,-139.5,1027.9,-28.33,-18.47,3.45,30.73
86640,2.52,0,0,35.0,-19.2,-152.4,1026.8,-40.66,-14.96,5.58,30.73
86660,0,0,3.59,20.44,-140.8,-36.9,984.5,-52.01,-19.32,3.24,30.68
86680,0,0,7.37,12.31,-148.4,-37.3,968.0,-55.61,-8.95,2.92,30.41
86700,0,0,4.05,4.21,-43.4,-65.9,963.8,-57.92,-0.53,-0.45,30.56
86720,0.7,2.14,0,5.51,-59.2,69.1,1007.3,-58.17,-0.77,3.39,30.13
86740,5.96,0,2.7,0.08,-67.9,26.6,1017.8,-54.91,5.36,-2.68,29.49
86760,0,3.52,0,4.6,-35.7,65.8,943.1,-52.5,5.55,-3.16,29.78
86780,1.68,0,0.87,5.37,-72.9,149.0,994.9,-48.73,10.74,-4.32,28.82
86800,0,0.5,1.38,5.05,-15.7,85.2,964.4,-37.9,16.2,-5.86,28.49
86820,0.71,7.14,0,1.34,-2.9,122.6,1039.4,-26.64,19.53,-4.61,28.68
86840,0.21,0,0,5.3,6.0,163.8,988.7,-11.67,21.27,-0.35,28.21
86860,77.47,18.91,8.54,0,-34.3,165.1,950.0,-0.99,16.79,1.52,28.25
86880,64.31,36.18,8.86,0.58,101.3,198.4,933.9,15.79,21.09,1.14,28.37
86900,53.04,43.3,21.7,4.65,16.6,72.6,886.3,26.59,17.42,3.73,28.65
86920,32.97,52.64,34.07,3.46,41.9,52.8,899.0,39.79,18.22,4.55,29.3
86940,20.77,47.56,39.34,0.71,13.3,233.3,816.4,48.22,11.61,4.28,29.08
86960,8.22,48.0,50.91,0,118.5,36.3,798.2,55.24,7.5,6.53,29.52
86980,3.02,42.91,63.87,4.3,90.6,79.5,786.0,64.51,-1.73,3.47,29.91
87000,3.28,37.35,81.79,4.13,225.9,-15.6,770.0,59.34,0.38,-1.35,30.52
87020,0,19.15,85.35,8.68,111.4,1.3,774.9,61.66,-0.24,-2.01,30.29
87040,2.03,21.64,81.22,15.6,97.6,-32.7,802.9,58.25,-9.83,-7.41,30.63
87060,0,10.01,74.76,27.98,54.4,-88.2,851.6,49.86,-15.0,-6.17,31.04
87080,0,6.54,58.67,39.8,80.3,-117.4,887.9,36.36,-27.68,-2.94,30.51
87100,3.2,6.69,53.18,46.41,36.3,-96.2,895.7,26.63,-16.79,-3.54,30.92
87120,0,0.73,36.0,59.63,-48.1,-146.3,966.7,12.0,-18.92,-1.21,31.22
87140,0,0,27.2,63.43,-20.2,-141.9,1024.7,3.75,-13.82,-3.62,31.0
87160,1.93,0,13.84,65.96,-18.5,-186.1,1015.1,-15.5,-22.21,1.49,31.03
87180,4.59,0,10.08,51.0,81.0,-176.1,1081.4,-28.39,-12.07,5.45,30.61
87200,1.42,0,5.1,41.13,-10.9,-233.2,994.5,-37.75,-20.08,7.22,31.11
87220,1.41,0,0.85,28.31,-137.7,-42.8,987.9,-44.27,-4.32,3.42,30.41
87240,0,0.06,0.21,18.49,-119.3,-76.7,1010.1,-53.55,-6.83,3.46,30.6
87260,0,4.53,2.86,8.16,-116.5,-2.4,1060.4,-64.84,-10.93,6.89,30.49
87280,1.09,0,0,2.62,-33.3,32.6,981.9,-60.23,-7.55,1.99,30.09
87300,0,0.82,0.36,0.07,-195.9,107.4,980.2,-58.67,15.11,-4.4,29.47
87320,4.34,0,0,0.03,-113.7,140.7,1005.0,-55.54,11.18,-1.72,29.13
87340,0,4.84,1.49,0,-26.9,119.7,1000.4,-50.49,8.7,-1.16,29.3
87360,4.53,0,0,4.17,-1.0,83.0,990.1,-43.84,7.5,-7.02,29.23
87380,0,0,0,4.25,-38.7,252.8,982.9,-25.95,16.54,-6.46,29.01
87400,0,0.17,1.62,2.24,-94.0,175.2,964.0,-21.9,16.85,-3.2,28.0
87420,0.44,2.08,0,0.44,42.3,164.9,1031.0,-7.23,19.99,-0.66,28.23
87440,79.09,20.78,14.64,0,53.3,73.3,980.5,12.34,19.03,3.55,28.35
87460,66.42,39.45,14.97,4.22,83.5,61.6,925.5,22.94,23.82,3.21,28.54
87480,39.76,49.22,19.73,3.63,-2.4,84.3,925.8,33.57,13.39,5.92,29.15
87500,24.73,49.02,32.43,0.03,118.7,89.7,871.9,42.76,9.7,5.02,29.49
87520,9.02,55.99,46.48,0,81.4,28.5,822.6,54.85,18.12,3.67,29.58
87540,9.89,52.12,55.98,1.77,39.9,93.3,849.2,58.52,6.88,3.73,29.9
87560,0,40.07,73.07,7.16,25.9,8.9,843.1,63.4,-5.71,0.6,29.84
87580,0.8,31.3,84.02,9.4,89.8,57.2,804.1,54.22,-5.87,-0.15,30.35
87600,5.8,25.54,81.49,16.87,31.0,-38.1,793.5,56.74,-8.92,-4.69,30.51
87620,5.15,8.95,82.57,20.16,77.3,-10.6,816.8,52.97,-4.77,-4.47,30.57
87640,0,2.93,72.21,30.37,94.2,-89.2,867.0,42.26,-9.02,-2.57,30.87
87660,3.01,5.09,62.73,42.44,77.5,-86.8,891.6,33.54,-22.71,-4.64,30.89
87680,1.91,0,39.94,54.78,14.1,-117.6,982.6,17.65,-14.13,-0.73,31.1
87700,2.9,0,30.88,60.86,82.9,-137.7,1030.7,9.73,-18.15,-3.37,30.94
87720,0,4.74,24.07,63.81,-2.5,-186.1,1026.0,-3.04,-26.11,3.68,30.91
87740,0,0.57,14.49,55.52,-44.2,-154.2,1000.1,-21.75,-26.23,2.17,30.84
87760,2.14,1.12,11.98,41.89,-85.1,-193.8,1014.4,-27.02,-13.91,4.24,30.76
87780,1.56,2.72,10.05,33.59,-69.5,-104.1,986.4,-37.97,-17.4,3.46,30.77
87800,2.72,0,4.09,22.23,-38.5,-57.8,1064.9,-50.98,-9.96,5.28,30.58
87820,5.76,3.22,0,16.38,-43.2,-144.1,995.3,-58.94,-9.37,3.85,30.52
87840,0,5.22,1.84,7.48,-14.8,-10.9,1005.5,-62.84,-7.67,6.34,30.1
87860,0.13,4.27,1.43,3.91,-59.2,-15.4,1022.4,-63.6,6.29,-2.1,30.2
87880,0,0,0,1.99,-149.5,23.8,966.2,-52.94,8.67,-0.04,29.67
87900,2.66,3.4,0,3.35,-71.4,95.5,966.5,-52.86,9.18,-10.09,29.89
87920,0,0.13,0.21,0,-188.1,210.4,977.3,-48.48,11.79,-6.88,29.19
87940,0,0.58,0,1.19,-75.4,153.3,1001.2,-37.14,11.73,-4.82,28.88
87960,5.48,3.54,0.52,0,-85.6,183.0,1004.7,-27.16,21.23,-2.59,29.07
87980,0,3.04,0,0,61.8,185.2,1010.0,-13.33,23.0,-1.67,28.15
88000,78.59,22.0,6.64,1.01,16.4,93.5,961.9,3.78,8.86,-0.16,27.94
88020,71.72,33.22,10.51,0,1.9,152.3,945.0,12.52,20.94,2.91,28.08
88040,58.0,40.68,15.07,0.15,26.4,147.0,897.8,22.15,21.11,2.72,28.41
88060,40.99,52.06,27.27,4.79,97.8,132.0,902.2,39.24,9.26,3.94,28.9
88080,18.56,53.49,37.44,0,54.5,72.8,843.7,49.63,7.76,5.7,29.27
88100,9.23,55.63,51.43,4.91,112.1,123.9,835.2,55.09,5.07,3.65,29.47
88120,0.6,48.65,64.73,0.05,50.9,33.9,754.1,60.03,2.31,-0.26,29.84
88140,3.13,35.24,79.47,3.12,47.9,6.1,859.4,60.36,8.37,2.91,29.95
88160,0.14,28.06,79.85,8.02,168.9,30.3,848.0,54.75,-0.53,-0.67,30.59
88180,0,16.88,83.74,10.76,128.4,-137.5,836.4,55.71,-7.62,-4.37,30.92
88200,3.52,2.24,82.6,24.04,-8.3,-69.2,857.7,47.97,-12.57,-1.67,31.03
88220,0,3.31,63.95,37.46,93.0,-158.3,873.9,42.22,-23.7,-5.67,30.76
88240,5.54,0,53.05,44.3,97.8,-172.4,873.3,28.91,-16.78,-3.32,30.91
88260,0,0,45.94,57.35,-76.1,-174.1,897.8,11.69,-23.91,-1.64,30.9
88280,0,0,25.4,63.71,-14.6,-154.5,1007.1,3.18,-18.82,1.43,30.59
88300,0,0.71,17.99,63.52,-12.7,-128.6,1035.6,-12.91,-22.5,-1.49,30.93
88320,0.4,0,15.76,58.7,20.5,-131.7,987.1,-19.66,-18.36,4.89,31.05
88340,0,0,10.92,40.84,-135.3,-222.7,1007.9,-36.08,-17.18,4.88,30.91
88360,1.08,1.6,6.21,33.39,-165.7,-149.8,1049.3,-49.91,-12.48,6.04,30.73
88380,0,1.91,4.24,13.26,-186.9,-129.2,1014.6,-55.37,-12.32,3.37,30.55
88400,0,0,5.91,11.38,-126.2,-45.6,1015.1,-64.24,4.09,3.12,30.75
88420,0,0,0,0,-164.8,15.0,1047.7,-57.67,-1.42,3.61,30.05
88440,0,0,4.12,2.36,-56.8,7.8,985.9,-58.82,7.78,-4.61,30.2
88460,0,0.01,0.49,0,-128.9,72.3,982.3,-58.45,12.89,-2.98,29.9
88480,5.39,0,0,1.01,-72.7,141.0,1002.9,-55.44,11.85,-2.49,29.82
88500,0.76,1.02,3.66,1.41,-122.2,73.3,997.6,-43.1,9.38,-4.72,29.32
88520,0.12,3.87,0,0,-46.2,115.2,950.1,-33.99,16.96,-5.98,29.0
88540,0,0,2.22,0,-66.1,38.1,988.6,-20.19,26.12,-0.72,28.51
88560,0.53,0.21,2.71,0,-3.1,202.1,998.8,-5.21,16.48,1.05,27.89
88580,74.59,25.99,9.27,0,78.8,223.5,992.6,5.5,19.49,4.92,28.07
88600,67.54,45.03,12.82,4.41,41.5,206.5,985.5,20.85,15.51,4.12,28.55
88620,46.99,46.46,20.87,0,9.4,100.2,841.7,36.72,16.86,1.64,28.24
88640,28.12,56.88,29.09,0,57.8,-14.8,893.0,41.26,17.32,3.01,29.1
88660,13.18,63.27,42.85,0,33.6,71.3,863.4,47.73,10.85,5.53,29.48
88680,3.77,52.77,56.57,0.57,139.5,149.4,838.6,54.52,9.18,1.08,29.77
88700,6.54,47.68,68.21,0,129.7,27.3,814.8,60.18,-2.26,-0.28,30.22
88720,0,33.65,80.3,5.76,148.4,-15.7,842.9,59.44,6.06,1.21,30.03
88740,2.7,21.23,83.68,13.11,132.2,4.5,761.2,56.8,3.59,-2.99,30.36
88760,0.74,15.38,79.06,13.87,62.5,-65.9,809.0,52.96,-1.57,-2.21,30.73
88780,2.86,3.47,76.68,35.16,61.4,-38.2,840.5,46.56,-21.41,-5.19,31.12
88800,2.81,3.3,65.9,38.66,18.2,-216.5,905.3,32.23,-15.16,-4.86,30.83
88820,4.33,1.65,48.87,53.34,20.4,-85.1,971.0,31.7,-9.23,-1.48,30.67
88840,0,0,36.47,62.91,-29.7,-97.0,950.5,12.12,-22.06,-1.53,31.01
88860,0,0,19.56,62.86,-9.5,-64.2,984.8,-3.71,-19.57,0.03,30.97
88880,3.06,0.92,16.19,61.29,-97.8,-147.4,1006.7,-17.73,-15.94,1.41,30.97
88900,0.85,3.35,9.87,53.98,-71.3,-90.0,983.7,-25.89,-16.65,2.07,30.97
88920,0,7.82,2.59,38.56,-64.1,-9.7,969.5,-36.39,-10.28,2.81,31.07
88940,2.93,6.28,0,23.19,-59.5,-150.8,1013.6,-44.67,-9.47,0.37,30.78
88960,0,1.99,0.67,13.34,-84.7,25.7,1002.9,-55.0,-7.35,7.05,30.83
88980,0.5,2.68,4.68,8.87,15.9,25.6,1011.0,-56.1,-1.49,2.16,30.43
89000,2.61,0,0,9.43,-122.9,88.2,970.7,-62.09,-0.9,-1.12,30.21
89020,0.28,0,2.92,0.99,-35.9,-64.0,1011.5,-55.32,1.45,-3.1,29.86
89040,3.18,0,0,0,-92.2,129.8,1027.4,-52.35,3.98,-4.72,29.57
89060,5.18,2.28,0.38,1.42,-130.1,12.3,960.3,-45.01,9.6,-4.06,29.1
89080,0,5.33,0,4.79,-102.4,246.0,997.8,-41.61,20.88,-6.19,29.12
89100,0,1.97,0.93,0.37,-81.4,156.7,1036.8,-27.54,16.9,-7.36,28.84
89120,0,0,0,0.09,-42.8,104.0,1019.1,-16.02,15.64,-2.46,28.27
89140,0,0,2.22,0.79,10.9,107.6,1014.7,1.19,17.3,-0.96,28.1
89160,70.43,29.14,8.89,5.04,-72.5,172.9,931.3,14.65,18.86,0.31,28.39
89180,56.85,42.35,18.51,0.33,-30.6,199.3,910.7,24.52,20.18,3.84,28.8
89200,38.64,56.7,25.88,0,57.7,120.3,913.8,32.82,14.65,5.97,28.65
89220,19.87,53.99,38.34,0.01,130.1,151.9,821.5,43.53,14.59,4.62,29.03
89240,11.33,54.6,50.9,0,132.7,62.4,811.4,52.01,11.29,6.18,29.62
89260,4.94,49.93,57.38,0,112.1,17.1,768.0,52.86,1.44,6.38,29.75
89280,0.57,40.77,71.12,6.18,105.4,-43.0,892.8,62.85,10.95,0.32,30.12
89300,0,27.59,83.3,11.2,74.3,-50.0,786.1,60.51,-2.25,0.19,30.33
89320,2.32,18.51,87.98,11.54,172.5,-33.4,824.8,53.18,-1.89,-0.61,30.58
89340,1.43,6.16,78.28,26.11,98.8,-149.0,802.4,49.06,-12.73,-2.6,30.12
89360,2.27,7.59,68.77,34.39,107.2,-118.3,805.0,44.62,-11.77,-3.94,31.04
89380,0,3.59,52.45,46.99,46.4,-132.6,881.7,29.73,-22.43,-0.65,31.02
89400,6.29,2.28,42.96,57.75,23.9,-116.4,909.9,9.38,-12.31,-1.24,31.38
89420,0,3.27,21.53,62.87,-37.8,-100.4,976.8,11.77,-11.26,0.64,30.89
89440,0,0,21.72,58.63,101.1,-58.9,1037.7,-11.27,-15.92,1.79,31.1
89460,3.54,0.55,9.66,59.17,-95.9,-56.0,1027.2,-20.88,-18.82,3.31,30.75
89480,0.66,3.22,0.85,48.36,-39.6,-170.9,1031.9,-31.8,-12.01,3.53,30.91
89500,1.86,0,3.98,25.73,-53.1,-126.4,1042.6,-40.62,-12.9,4.56,30.64
89520,2.88,0,0,22.05,-18.3,-111.2,1060.5,-51.41,-10.69,6.21,30.3
89540,0,0.92,4.38,10.87,-179.8,-52.5,971.5,-57.26,-8.58,0.47,30.42
89560,0,0.27,0.19,7.03,-84.9,-64.0,967.7,-60.49,-6.87,3.09,30.27
89580,0,0.72,0,7.68,-199.0,-33.4,992.9,-58.95,-7.98,1.21,29.95
89600,1.35,2.7,0,0,-54.4,12.8,953.6,-55.25,3.03,-4.85,29.52
89620,4.06,0,0,0.82,-119.0,85.0,1025.2,-50.98,14.09,-5.67,29.4
89640,0,0,0,0,-78.2,2.5,982.5,-44.54,6.87,-6.6,29.19
89660,4.41,0,1.16,0,-51.9,89.1,1010.2,-31.78,14.24,-3.96,29.12
89680,0,4.08,3.33,3.14,-45.2,213.5,977.3,-22.97,17.02,-5.21,28.55
89700,2.87,0,0,0,-18.8,130.1,999.8,-14.1,18.92,-2.56,28.09
89720,74.73,22.38,5.4,0,-2.0,111.3,951.6,5.55,18.6,1.16,27.8
89740,71.84,33.13,6.18,0.53,40.3,56.4,951.3,14.21,17.11,-2.65,28.33
89760,51.66,44.59,17.59,0,78.0,157.4,926.3,22.33,14.85,7.07,28.67
89780,28.2,51.98,31.51,2.91,10.9,217.7,854.3,35.7,22.69,2.55,28.82
89800,16.43,59.51,42.5,0,51.5,187.6,874.1,52.4,12.44,0.37,29.12
89820,9.53,55.91,56.99,1.63,166.0,65.2,854.4,52.8,19.71,1.14,29.67
89840,0.47,43.01,66.89,0,160.9,-74.3,834.2,55.71,-1.28,2.01,29.5
89860,0,36.95,75.4,0.8,104.9,30.1,815.4,61.99,-4.86,1.09,29.67
89880,0.82,23.52,82.55,14.78,114.9,-127.9,814.1,57.47,-0.75,-2.12,30.47
89900,0,15.6,82.02,15.09,39.2,-150.7,815.5,52.89,-10.99,-4.73,30.76
89920,0,0.93,76.62,31.23,198.4,-65.3,810.6,44.33,-18.63,-4.54,30.25
89940,0,5.74,54.75,36.08,27.3,-162.2,868.9,39.51,-19.53,-2.8,30.81
89960,0,2.44,48.65,52.68,-12.3,-118.3,905.8,25.78,-22.03,-4.56,30.81
89980,0,0,31.96,60.37,-67.1,-108.3,927.4,14.49,-17.87,-2.83,31.24
