timestamp_ms,p0_n,p1_n,p2_n,p3_n,accel_x_mg,accel_y_mg,accel_z_mg,gyro_x_dps,gyro_y_dps,gyro_z_dps,temp_c
0,86.23,19.3,5.55,4.08,76.8,150.3,1016.0,1.87,16.99,-0.79,27.54
20,67.8,41.14,7.74,3.28,21.1,97.9,889.3,12.75,30.61,3.61,28.3
40,53.15,42.28,22.24,0.15,37.0,25.1,955.7,13.97,15.34,2.98,28.52
60,39.1,54.98,31.63,0,7.7,69.8,863.4,16.27,15.39,6.58,28.81
80,16.24,52.32,42.24,2.26,1.5,76.6,848.3,26.32,7.01,5.01,29.17
100,9.89,58.69,54.09,2.06,134.2,74.0,814.7,38.91,5.46,3.91,29.82
120,2.07,51.03,69.55,4.29,81.8,25.1,809.0,43.98,13.5,0.27,29.81
140,3.42,41.33,79.58,4.65,143.8,-91.3,767.7,34.4,-1.01,0.25,29.72
160,1.0,28.19,86.72,10.55,18.8,-46.5,795.3,42.55,-1.54,-7.3,30.45
180,2.63,15.41,85.6,11.89,90.4,-87.6,781.6,35.95,-10.69,-5.85,30.63
200,0.86,6.8,78.7,26.28,131.2,-101.5,837.5,26.23,-5.53,-1.42,30.63
220,2.06,6.17,64.89,37.75,67.1,-93.4,875.3,27.0,-15.42,-4.7,31.01
240,3.52,0,54.09,53.1,52.4,-99.5,941.3,20.06,-14.62,-6.17,30.9
260,0.78,0,37.77,66.13,19.4,-114.9,969.1,8.66,-26.94,-3.04,31.06
280,0,0,24.9,66.46,-119.5,-160.5,975.2,-4.79,-22.68,-0.06,30.86
300,0.66,0,13.0,62.81,-20.8,-104.0,1008.0,-5.08,-16.45,0.77,30.83
320,0,0,6.47,49.68,-42.6,-103.8,999.9,-20.95,-10.59,2.86,30.79
340,0,5.83,1.78,38.87,-71.7,-57.6,991.4,-25.24,-17.72,7.52,30.8
360,0,0,1.46,22.2,-112.5,-22.4,1024.0,-34.94,-7.16,-1.11,31.09
380,4.02,0,3.18,13.37,-99.7,-82.2,1028.2,-34.1,-15.31,2.96,30.78
400,1.08,1.2,0.48,5.81,-181.1,81.8,1032.4,-40.83,1.07,5.49,30.32
420,0,0,0.09,5.87,-125.6,62.1,990.5,-32.99,-11.87,-1.99,30.27
440,2.07,0,2.42,0,-108.2,127.0,986.7,-44.55,9.73,-0.5,29.93
460,0,0,0,0.89,-147.5,154.0,1006.7,-31.27,9.1,-5.65,29.6
480,0,0,0,0,-6.8,102.7,988.6,-36.62,16.74,-4.26,28.86
500,1.69,7.5,0,0,8.7,44.9,992.1,-25.28,7.44,-6.89,28.79
520,2.43,2.92,0.16,0,-31.3,176.6,957.2,-12.42,16.52,-5.73,28.99
540,0,3.18,0,3.4,-55.1,163.3,1004.5,-7.27,21.59,0.37,28.37
560,72.88,24.51,5.53,0,21.7,145.5,1011.0,0.38,15.47,0.68,28.36
580,64.68,34.96,15.37,2.61,76.3,180.1,943.3,10.1,19.89,2.51,28.34
600,48.45,46.59,19.45,4.89,54.0,72.7,928.4,20.79,20.4,2.79,28.68
620,29.4,55.71,33.83,1.02,96.9,135.4,835.6,27.84,12.08,5.66,29.23
640,16.5,59.37,43.2,0.25,79.1,24.5,859.0,37.11,6.65,4.04,29.65
660,4.25,54.51,58.42,0.03,65.9,55.8,803.4,37.13,13.48,2.99,29.73
680,0,45.85,67.92,0,55.9,32.0,783.5,35.11,4.72,0.85,29.94
700,2.4,33.93,83.39,6.96,43.8,18.4,818.6,40.27,2.95,-0.95,30.18
720,1.51,21.05,83.36,10.75,143.5,0.9,787.4,35.88,-0.04,0.1,30.51
740,0,17.63,83.19,20.52,-12.8,-14.2,812.9,41.56,-23.45,-2.36,30.7
760,0.87,6.67,74.9,27.61,78.7,-138.9,843.4,26.16,-14.81,-8.04,30.89
780,0,0,58.34,46.99,-21.7,-107.5,892.8,19.42,-13.97,-2.28,30.84
800,0,0,41.78,55.57,62.2,-69.9,926.8,14.63,-23.09,-4.47,31.07
820,0,1.61,33.75,62.36,55.2,-118.1,947.6,8.47,-21.95,0.41,31.1
840,1.06,0,21.09,64.41,40.2,-163.0,987.3,-0.45,-19.02,0.24,30.9
860,4.72,0,10.49,58.29,102.1,-132.2,1005.3,-17.16,-11.25,3.47,31.25
880,0,0,9.14,44.29,11.8,-177.5,986.2,-22.45,-22.66,2.1,31.18
900,0,0,2.43,32.36,4.6,-158.2,1002.7,-24.96,-8.31,6.47,30.45
920,0,4.07,1.68,23.91,-36.7,-29.0,1036.8,-32.88,-10.3,2.72,30.78
940,2.63,0,2.54,10.38,-153.5,27.0,1002.5,-38.46,-3.52,5.04,30.51
960,2.89,0,0,7.55,-110.4,-30.8,978.0,-45.91,-1.3,-0.12,30.16
980,0,0.18,0.85,0,-98.1,-49.8,1016.6,-42.92,-1.62,-0.25,30.4
1000,0,1.88,0,0,-180.2,72.8,1002.9,-34.55,2.38,-5.64,29.89
1020,0,0,0,2.54,-134.5,49.8,1011.0,-34.42,14.71,-3.36,29.35
1040,2.72,0.03,1.9,0,-101.4,96.0,968.4,-26.04,19.56,-6.38,28.95
1060,0.41,0,0,1.35,-73.0,37.6,965.6,-26.32,9.61,-2.09,28.69
1080,6.62,0.43,2.58,0,-18.1,99.3,1012.0,-10.65,20.08,-2.25,28.33
1100,2.99,0,0,0.62,24.3,36.9,1004.7,-0.7,23.83,-2.76,28.28
1120,72.08,24.07,11.33,0,-34.4,184.9,962.7,5.4,22.1,2.39,27.92
1140,65.28,35.4,7.01,2.32,88.6,183.9,863.4,7.26,19.96,4.85,28.18
1160,46.45,49.07,20.04,0,-28.5,172.2,943.6,19.93,14.47,2.94,28.79
1180,25.03,53.18,38.69,0.84,178.1,75.7,785.7,23.03,18.74,6.67,28.92
1200,13.39,55.8,49.58,1.34,177.0,75.2,811.6,39.21,12.45,4.0,29.63
1220,3.99,56.88,57.62,2.75,124.5,40.2,840.5,38.05,7.03,3.68,29.82
1240,3.32,44.16,74.66,0,181.9,-9.1,780.1,39.78,1.05,2.07,30.3
1260,0,33.96,81.26,10.42,75.5,-9.6,795.2,45.1,-8.71,-4.24,30.08
1280,0,16.74,86.83,10.88,85.9,-47.7,808.2,38.81,-6.8,-2.25,29.91
1300,2.28,8.81,81.98,22.71,85.8,-68.3,828.1,36.69,-5.62,-6.55,30.7
1320,0,11.61,73.54,32.74,78.7,-170.2,907.5,27.15,-18.55,-3.22,31.26
1340,0.5,3.57,54.13,52.63,8.4,-73.4,898.2,18.07,-13.46,-5.3,30.87
1360,0,6.26,42.77,58.43,-16.4,-165.4,920.1,12.98,-18.47,0.67,30.9
1380,0.64,1.03,31.45,67.28,-79.6,-138.4,1011.3,3.4,-26.97,0.33,31.02
1400,0,0,22.7,67.28,-53.8,-176.5,982.4,-6.47,-23.92,-0.96,31.08
1420,0,0,10.98,63.7,-30.4,-145.3,1009.6,-9.75,-15.64,1.18,30.41
1440,0,1.42,8.68,45.44,-35.6,-120.6,974.6,-21.79,-17.51,2.3,30.97
1460,2.57,2.91,3.23,33.38,-26.8,-123.6,968.6,-27.82,-21.81,2.1,30.67
1480,0,3.5,4.52,16.93,-135.7,-108.8,957.2,-34.39,-14.46,6.66,30.44
1500,3.16,1.19,4.65,15.87,-93.2,-75.0,1020.1,-37.76,0.31,0.59,30.7
1520,0,5.34,0,6.95,-69.5,-18.2,1007.8,-43.95,-3.81,1.25,30.31
1540,2.04,0,5.15,0,-130.3,25.5,981.7,-37.4,7.18,-4.15,29.94
1560,0,0,0,2.38,-131.4,44.1,989.1,-39.02,12.26,-2.91,29.82
1580,0,0.74,0,0,-91.5,105.4,1036.7,-38.27,4.86,-2.1,29.13
1600,0.37,0.34,1.57,1.74,-45.9,188.8,977.2,-30.8,7.61,-4.84,28.91
1620,2.47,0,0,4.0,-86.5,110.0,999.6,-18.95,14.23,-4.99,28.72
1640,0,0,0,0,-55.6,100.2,1018.5,-10.3,14.84,-4.78,28.5
1660,0,0,0,0.36,-27.0,108.4,982.4,-5.56,11.76,0.88,27.95
1680,75.99,19.85,9.13,1.4,3.0,175.4,990.1,7.53,25.51,0.96,28.61
1700,59.82,41.6,18.19,0,60.0,162.8,861.5,21.45,11.38,3.75,28.6
1720,38.19,49.67,23.67,3.63,76.9,101.6,900.0,25.51,13.74,2.8,28.59
1740,22.59,60.23,36.02,4.57,129.5,30.5,826.6,27.58,8.89,9.26,28.97
1760,8.85,60.36,46.04,4.5,163.1,34.6,824.1,34.57,11.21,8.45,29.47
1780,6.99,51.99,70.95,0,38.7,84.1,862.4,42.22,2.51,6.49,29.61
1800,1.9,42.4,74.03,4.67,100.7,-28.5,781.2,42.16,0.99,2.18,29.99
1820,1.03,24.99,87.51,3.97,54.5,-52.3,828.2,42.43,0.38,-4.61,30.23
1840,0.1,11.6,90.5,10.22,30.3,-75.7,853.4,35.94,-6.92,-2.38,30.95
1860,0,12.84,75.65,29.59,123.8,-147.6,853.0,32.84,-10.48,-1.93,30.78
1880,0,5.23,75.04,33.54,68.8,-78.6,889.6,31.49,-19.27,-3.64,30.68
1900,0.03,3.39,50.01,51.42,-68.4,-143.0,907.7,25.11,-9.66,-4.75,31.08
1920,0.08,4.37,35.25,61.56,54.5,-175.7,910.5,8.65,-20.66,-2.96,30.9
1940,0,0,28.65,65.95,-20.7,-183.1,958.5,4.39,-19.33,1.3,30.96
1960,4.23,0,15.31,62.34,-69.2,-166.8,994.5,-10.45,-25.62,-0.65,31.06
1980,0,0,14.17,52.27,20.9,-22.0,1044.1,-10.93,-11.15,3.92,30.71
2000,0.17,0,4.07,40.29,-53.4,-109.3,966.0,-29.18,-21.39,7.55,30.8
2020,0,0.43,3.93,27.74,36.3,-149.5,987.7,-33.93,-24.14,7.35,30.44
2040,3.08,0.23,1.85,4.36,-84.1,-146.2,1026.1,-34.98,-11.46,2.29,30.64
2060,0,0,4.42,10.66,-48.7,-49.1,995.0,-44.88,-8.95,3.77,30.53
2080,0,3.01,0,4.98,-229.5,11.8,971.2,-41.54,4.22,0.18,30.19
2100,0,3.12,0.36,3.54,-141.8,-75.3,1048.7,-40.4,2.26,-1.4,30.14
2120,0,1.82,0,3.03,-58.2,-50.7,1028.8,-37.6,5.19,-1.74,29.19
2140,0,0,0,3.41,-55.4,71.1,1034.0,-31.58,9.68,-5.59,29.68
2160,2.48,0,1.49,0,-68.6,55.6,1037.0,-24.46,20.1,-3.68,28.95
2180,0,3.25,0,0,-23.4,162.6,970.3,-20.41,28.69,-2.73,28.56
2200,0.53,1.33,4.59,6.08,4.2,146.4,992.1,-9.37,21.76,-0.31,28.1
2220,0,0,1.78,1.25,-60.0,193.9,951.4,3.44,9.43,-4.3,27.82
2240,69.94,29.75,14.06,0,-16.9,152.6,1004.3,5.65,18.3,0.58,28.31
2260,56.19,44.12,19.91,0,-17.3,253.2,879.0,19.45,16.42,3.74,28.6
2280,36.06,51.21,27.2,0,11.8,69.5,923.5,22.74,8.11,4.54,28.92
2300,23.53,54.39,39.91,0,62.5,107.5,861.1,32.98,9.94,5.59,29.3
2320,8.44,48.83,57.98,0,61.4,76.9,837.3,39.87,-0.42,3.28,29.51
2340,1.06,49.43,66.1,3.52,190.4,34.8,806.2,41.51,6.43,2.79,29.8
2360,2.14,35.98,75.45,2.5,102.3,80.1,789.0,39.55,1.53,2.17,30.2
2380,0,24.15,86.06,9.87,65.6,-80.5,797.1,39.47,-3.62,2.93,30.32
2400,2.91,15.22,80.61,12.87,102.5,-142.8,814.1,34.28,1.73,-2.58,30.46
2420,0.32,4.72,75.75,27.51,101.4,-98.7,862.3,30.39,-15.77,-4.04,30.69
2440,0,0,58.78,37.96,52.3,-138.1,840.4,22.67,-11.82,-6.18,30.64
2460,0.01,2.14,55.25,54.56,57.5,-212.8,917.1,18.52,-22.89,-4.07,30.86
2480,0,0,32.8,61.3,22.1,-82.2,905.6,11.91,-28.19,-0.72,30.66
2500,2.24,0,20.93,72.31,-9.6,-163.5,1006.8,-2.94,-24.66,-2.46,30.91
2520,1.93,1.79,9.9,62.47,-106.7,-94.6,1008.3,-7.93,-12.72,4.03,30.97
2540,1.88,0.09,8.24,53.02,25.3,-162.7,993.6,-13.77,-11.83,6.44,30.9
2560,0,1.82,2.38,35.71,-22.1,-127.7,996.2,-23.85,-8.29,4.39,30.88
2580,0,2.18,0,28.86,-52.7,-81.9,975.1,-36.13,-13.77,2.69,30.77
2600,4.86,2.02,0,17.06,-62.9,-89.6,1006.3,-34.45,-19.54,4.77,30.81
2620,2.44,1.5,1.88,8.38,-139.7,18.6,1003.4,-39.09,-4.0,0.67,29.87
2640,3.08,0,0.66,8.52,-33.7,-52.7,1059.3,-39.25,-0.7,0.2,30.25
2660,0,0,0.52,0,-52.7,87.6,1005.3,-31.47,-0.84,-0.74,29.97
2680,0,0,3.33,0,16.9,158.3,947.3,-35.85,6.18,-2.93,29.45
2700,0,0.44,0,3.09,-14.3,60.3,1023.2,-29.03,11.97,-5.11,29.59
2720,0.27,1.48,0,4.32,-97.4,107.6,1003.7,-27.09,18.27,-7.96,28.94
2740,4.19,0,0,0,-11.6,120.0,997.9,-16.02,18.11,-3.78,28.48
2760,0,0,0,0,-70.6,171.6,998.0,-17.09,13.74,1.22,28.3
2780,75.85,25.75,6.75,0.89,93.6,159.6,1003.9,1.84,20.31,-0.67,27.98
2800,66.99,30.2,12.29,1.2,39.2,192.1,961.4,8.07,19.21,3.01,28.43
2820,53.6,46.65,22.56,0,-38.4,83.9,910.1,24.15,24.37,2.27,28.93
2840,34.48,54.37,34.02,0,98.7,122.8,911.0,25.94,18.96,4.26,29.1
2860,19.91,56.16,37.66,3.18,84.6,79.1,826.5,33.79,9.08,1.76,29.35
2880,10.64,55.46,54.8,1.69,103.3,27.3,807.9,34.61,2.65,3.1,29.38
2900,5.15,46.66,68.56,1.26,47.0,-8.5,824.5,36.83,5.9,3.1,29.94
2920,0,27.52,80.64,5.01,133.2,-10.4,782.5,47.29,0.9,-3.46,30.4
2940,0.22,20.43,86.61,5.35,95.2,-158.9,772.8,37.13,-3.58,-3.12,30.56
2960,3.96,5.57,84.22,17.95,210.7,-125.4,811.9,30.77,-3.65,-5.29,30.3
2980,0,11.1,83.72,34.76,55.8,-101.6,845.6,27.66,-12.01,-6.66,30.89
3000,1.49,4.61,56.52,39.26,47.6,-85.6,867.5,23.3,-13.7,-5.14,30.78
3020,0,2.61,44.26,48.9,72.0,-189.9,858.4,14.82,-17.87,-4.62,30.57
3040,5.14,0,33.67,58.37,53.1,-171.4,932.5,8.55,-25.75,-2.19,30.87
3060,0,0,16.91,65.94,111.8,-163.8,1051.5,-6.03,-14.38,-0.41,31.05
3080,3.33,0,13.81,57.34,-99.4,-160.2,1014.7,-10.73,-20.35,6.27,31.16
3100,0.11,1.14,4.63,47.82,-53.3,-142.2,1002.3,-22.23,-19.88,0.2,30.73
3120,2.0,0,0,39.75,-64.2,-112.7,1022.3,-26.96,-21.07,6.53,30.97
3140,3.85,0,0,25.38,-132.0,-109.3,937.3,-32.03,-10.26,4.65,30.48
3160,0,7.1,5.14,11.81,-88.8,14.1,993.8,-32.51,-0.92,2.4,30.64
3180,0,3.45,0,4.33,-77.4,16.1,1008.5,-40.4,-6.73,1.89,30.03
3200,3.13,0,0,1.91,-92.4,105.1,970.4,-37.9,1.5,-1.6,29.82
3220,2.42,5.69,0,0.92,-128.1,13.7,1008.4,-40.11,7.33,-4.29,29.52
3240,1.41,6.22,2.35,2.31,-38.6,72.1,989.4,-29.78,8.66,-4.69,29.52
3260,0,5.06,1.38,2.59,-55.1,118.8,981.6,-28.04,21.02,-6.98,29.21
3280,0,0,1.99,1.41,-52.5,105.6,957.1,-23.8,14.48,-5.76,29.19
3300,0,0,0,3.66,-20.5,167.0,950.6,-11.5,17.55,-2.0,28.31
3320,0,0,0,0,-7.5,132.0,986.8,-3.98,19.2,-6.5,28.08
3340,74.46,22.63,4.07,0.99,-41.6,184.1,975.0,0.08,25.47,-0.42,28.3
3360,57.28,38.6,8.36,3.16,53.1,115.2,916.8,17.21,16.1,4.28,28.52
3380,43.47,47.15,21.89,0,9.1,84.4,858.2,19.35,16.18,2.51,28.54
3400,24.03,52.88,33.53,4.22,62.8,147.8,894.4,27.91,15.15,6.76,28.71
3420,15.82,56.13,45.74,0,52.8,89.6,854.2,32.9,7.67,7.41,29.53
3440,8.76,49.53,63.2,3.42,223.2,7.2,843.8,41.47,6.56,3.46,29.42
3460,1.21,43.65,74.01,3.85,123.8,55.6,754.7,38.1,3.31,1.82,30.09
3480,3.49,29.99,77.04,7.74,178.7,-71.6,820.1,41.97,-0.67,-1.74,30.32
3500,3.34,19.24,88.09,12.07,7.4,79.9,872.3,36.51,-7.52,-1.95,30.17
3520,0,6.92,84.59,23.7,89.1,-9.5,852.3,34.82,-8.9,-3.67,30.62
3540,0,5.09,73.18,32.41,63.6,-101.2,880.4,29.12,-15.13,-2.41,31.06
3560,0,0,64.07,48.76,97.0,-165.2,902.4,20.44,-18.74,-7.9,30.81
3580,1.6,2.92,43.69,58.61,48.2,-51.2,945.8,14.17,-23.46,-1.06,30.93
3600,3.12,0,36.19,60.09,-4.4,-143.3,949.6,1.78,-12.66,-0.54,30.56
3620,3.63,1.5,22.11,67.39,-91.5,-153.9,953.6,-0.26,-18.8,-0.57,30.76
3640,0.81,1.27,12.73,57.07,-54.2,-145.4,1042.5,-14.91,-20.98,4.37,31.07
3660,2.83,0,6.02,45.74,-28.1,-157.1,1027.0,-20.15,-11.71,2.01,30.81
3680,4.87,0,0,33.75,-49.5,-79.9,962.3,-29.77,-7.85,4.15,30.55
3700,0,0,0,19.87,-48.8,-68.0,1008.8,-36.11,-13.75,3.87,30.6
3720,0.09,0,0.13,10.59,-35.1,-75.6,987.7,-42.01,-11.38,0.78,30.43
3740,4.74,0,0,3.48,-52.1,61.4,978.8,-39.17,-11.41,0.91,30.12
3760,0,0,0,4.65,-155.0,22.6,1000.7,-39.95,1.87,1.2,30.09
3780,3.83,0.05,1.23,4.49,-147.3,-21.2,1034.6,-44.13,6.87,-3.81,29.62
3800,1.09,0,0,1.85,-92.4,83.6,987.0,-31.7,15.84,-5.05,29.47
3820,3.51,4.25,0,3.97,-58.3,124.3,950.2,-28.13,18.22,-5.27,28.99
3840,0,2.54,2.68,0.34,-54.8,205.1,956.0,-19.21,14.74,-3.96,28.97
3860,1.86,1.06,0.65,6.38,-0.7,141.5,1005.4,-14.87,5.52,-2.33,28.37
3880,0,2.41,1.78,0,-44.3,140.1,1001.4,-3.24,19.52,0.98,27.78
3900,75.8,27.75,9.05,2.59,-32.9,193.9,981.3,4.68,32.79,3.66,28.03
3920,64.65,42.28,11.25,5.38,16.4,167.7,920.4,13.38,15.2,0.7,28.32
3940,41.97,46.87,28.82,2.28,53.4,9.1,884.1,19.96,20.39,5.02,28.9
3960,23.54,53.96,38.86,0,104.1,147.6,848.5,25.16,12.98,5.41,29.26
3980,14.35,55.63,48.39,1.9,130.7,-20.0,815.8,30.77,-1.82,0.81,29.46
4000,5.96,48.91,63.28,0,139.8,63.2,782.1,33.38,1.07,-0.75,29.61
4019,0,40.19,74.01,1.63,150.8,6.1,789.8,41.34,-2.27,0.74,29.75
4040,0.77,29.17,81.65,9.87,11.5,77.4,852.6,39.74,-5.28,-4.14,30.12
4059,2.03,20.99,81.98,10.51,129.9,37.2,841.9,35.91,-2.21,-7.87,30.54
4080,3.66,11.39,78.1,19.91,87.0,-109.8,869.2,31.56,-9.6,-3.81,30.47
4100,2.93,5.81,67.45,36.46,37.7,-135.7,891.6,27.19,-15.14,-5.45,31.22
4120,0,4.24,56.8,52.01,-14.3,-74.6,945.7,20.88,-19.04,-5.16,30.82
4140,1.66,3.78,42.83,61.85,-17.8,-185.4,941.6,10.65,-19.05,-3.48,30.85
4160,0,0,26.04,64.99,-24.9,-174.4,979.5,0.95,-24.72,-5.47,30.88
4180,1.74,0.46,15.01,62.39,-119.3,-205.8,1030.6,-2.57,-8.75,4.76,30.81
4200,0.15,0,10.87,52.88,-61.8,-127.4,1046.7,-13.9,-15.36,3.81,30.86
4220,6.27,2.4,10.73,40.16,-70.7,-120.8,1010.5,-22.29,-12.62,4.33,30.93
4240,0,1.72,2.75,32.07,-81.4,-123.4,978.5,-25.68,-17.98,5.01,30.63
4260,7.61,4.77,3.46,19.66,13.1,-32.0,991.6,-32.49,-4.55,3.05,30.47
4280,4.36,2.88,1.38,8.72,-125.1,-47.3,1007.0,-36.73,-8.61,-1.0,30.37
4300,0,0.16,0,6.64,-150.5,50.8,979.2,-43.13,-3.88,0.87,29.9
4320,1.24,1.47,0,3.4,-160.1,6.2,1021.8,-41.92,3.05,0.07,30.04
4340,0,0.32,4.96,0.22,-74.7,216.7,971.9,-35.35,3.56,-0.14,29.33
4360,7.0,1.05,2.12,0,-52.8,119.2,1040.4,-28.15,14.01,-5.45,29.37
4380,0.19,0,0.39,3.25,-63.4,51.0,1018.1,-27.93,18.76,-3.43,28.89
4400,0.99,2.95,0,4.68,43.4,104.6,1019.9,-23.49,22.02,-8.11,28.62
4420,2.31,0,0,0,-87.2,169.6,1004.0,-12.3,17.67,0.42,28.52
4440,1.83,2.11,0.48,0.32,-20.9,134.0,977.2,-2.66,21.35,0.22,27.78
4460,72.82,31.22,7.76,0,-15.4,97.3,946.8,12.69,15.86,2.26,27.83
4480,57.35,44.24,9.81,0.7,135.0,184.0,968.5,18.43,15.09,6.21,28.45
4500,31.92,51.54,28.32,2.86,12.7,55.8,909.7,26.28,14.99,4.26,28.77
4520,21.47,54.41,41.89,3.57,75.2,111.0,862.5,27.18,16.6,7.14,29.06
4540,7.45,57.24,57.39,0,66.2,158.4,829.3,36.64,5.71,4.85,29.52
4560,3.97,46.46,71.03,3.04,45.8,-89.3,789.0,31.7,2.81,4.38,30.25
4580,0,38.71,75.03,1.5,194.3,20.4,767.5,39.9,1.98,-2.29,30.34
4600,0,25.83,85.22,8.86,45.1,-115.4,763.8,36.35,-4.2,-2.24,30.43
4620,5.55,18.91,84.62,16.57,66.1,-53.8,785.6,34.06,-11.65,-4.66,30.71
4640,0,16.88,73.38,17.59,17.0,-125.2,846.1,32.39,-8.17,-1.12,30.52
4660,3.49,4.01,65.56,40.92,131.2,-141.1,848.6,25.24,-20.87,-3.1,30.82
4680,0.16,0,49.89,48.19,1.2,-72.3,948.8,21.89,-7.72,-5.66,31.14
4700,2.1,0.77,39.26,60.27,40.6,-204.8,938.5,12.12,-24.99,-2.64,31.2
4720,0,0,25.77,63.49,-48.4,-92.0,979.0,6.68,-18.73,-3.1,30.91
4740,7.21,7.2,18.07,65.75,0.2,-171.3,981.8,-8.48,-14.36,2.25,31.05
4760,2.94,0.73,11.56,56.88,-24.5,-200.7,991.5,-13.92,-14.24,5.12,30.55
4780,5.96,0,5.8,40.83,-78.1,-153.6,1005.2,-24.37,-19.32,5.75,30.77
4800,0,0,2.7,27.4,-174.2,-52.5,1027.6,-31.47,-9.45,4.12,30.88
4820,0,0.27,0,15.52,-2.6,-147.9,986.2,-40.77,-10.24,4.03,30.6
4840,0,0,0,9.37,-70.7,-9.1,1000.9,-43.37,-7.77,2.56,30.12
4860,0,0,5.16,3.27,-62.6,-9.1,1063.3,-38.11,7.86,0.14,30.07
4880,0,0,0,0,-100.6,61.4,986.4,-37.35,1.26,-2.86,29.84
4900,0.04,0.4,0.29,0.35,-174.7,64.9,993.3,-35.45,6.99,-3.52,29.5
4920,0,0,3.26,0,-86.0,84.1,1051.8,-26.62,14.12,-3.55,29.48
4940,0,0,0,0.09,-60.6,85.3,993.7,-26.89,19.71,-4.12,29.26
4960,1.8,0.16,0,0,-17.2,122.2,1012.1,-15.53,18.2,-5.06,28.56
4980,0.75,0.62,0,0.7,-14.9,139.6,979.5,-9.21,21.05,-0.4,28.43
5000,76.55,19.73,3.76,0.73,-74.6,185.1,1020.4,0.54,14.23,1.29,28.22
5020,69.76,36.85,4.24,0,-97.0,67.0,976.7,6.59,15.73,1.36,28.4
5040,54.35,41.9,18.0,0.5,133.6,139.1,912.2,20.58,18.68,5.29,28.87
5060,39.96,51.03,22.07,0,123.9,148.4,811.8,24.84,16.66,1.01,28.95
5080,20.11,60.57,41.77,0,55.0,111.5,808.8,30.65,21.37,5.41,29.13
5100,10.69,54.82,52.67,0,15.5,15.9,793.2,34.62,-0.71,-0.12,29.73
5120,3.62,48.79,70.73,3.59,114.5,98.0,804.9,42.38,5.66,0.63,29.97
5140,4.16,34.18,76.28,3.48,151.0,21.8,777.8,40.1,-0.17,-1.5,30.01
5160,3.08,16.22,86.78,4.75,82.2,-6.9,765.1,43.22,-4.81,-2.66,30.52
5180,0.01,13.19,85.93,16.48,74.0,-31.4,814.7,37.15,-16.62,-4.42,30.23
5200,0,5.76,78.36,26.16,77.9,-65.0,884.7,31.81,-11.1,-4.79,30.46
5220,0,0,60.85,38.87,124.7,-146.4,902.7,26.24,-14.75,-7.24,30.9
5240,0,0,51.78,52.22,3.6,-76.8,937.4,13.98,-2.59,-3.22,31.16
5260,0.65,5.65,39.15,63.91,-27.1,-168.4,945.9,11.25,-19.37,-4.56,31.28
5280,0,0,17.7,69.37,-27.2,-265.4,1001.2,-0.78,-19.76,-2.03,31.15
5300,0.09,0,15.76,64.08,-36.3,-68.6,990.9,-14.07,-18.5,0.6,30.88
5320,0,0,11.39,54.06,-1.6,-79.3,1018.5,-15.86,-12.73,2.72,30.71
5340,0,2.84,1.12,37.28,-125.8,-140.7,1031.4,-26.36,-11.49,6.74,30.98
5360,0,1.03,2.72,25.71,-103.1,-128.2,1033.7,-35.38,-8.14,3.78,30.66
5380,0.76,3.17,0,15.46,-139.3,-93.2,1024.9,-36.01,-15.64,2.56,30.81
5400,0,3.64,0.29,13.25,-114.6,25.2,952.2,-35.68,-9.16,0.64,30.57
5420,0.56,0.24,0,4.97,-156.4,-51.9,997.4,-37.2,6.71,-5.27,30.31
5440,2.86,0,0,4.65,-60.2,72.7,1016.7,-41.98,2.69,-4.22,30.02
5460,0,0,0.05,0,-66.1,31.7,963.8,-36.52,2.02,-2.95,29.81
5480,0,0.17,0.02,0,-23.0,113.3,941.1,-30.39,15.45,-7.76,29.03
5500,2.68,0,0,0.46,-40.2,62.8,990.7,-23.62,8.6,-5.46,28.73
5520,0,0,2.74,0.9,-6.1,169.8,1031.0,-18.19,12.21,-1.74,28.26
5540,0.21,0,1.79,0.78,-44.5,54.9,992.7,-8.32,21.89,-4.26,28.1
5560,74.85,21.78,0,0,0.4,102.4,956.4,5.08,20.8,1.91,27.94
5580,64.36,37.05,13.8,0.13,13.0,107.4,967.5,13.77,15.92,3.46,28.08
5600,51.18,49.2,17.57,1.83,13.1,150.9,891.2,18.03,23.21,2.98,28.62
5620,32.68,52.36,29.22,0,-43.8,178.7,891.9,25.82,14.19,4.08,29.16
5640,14.8,58.98,41.83,0,32.9,95.4,855.3,37.35,2.39,3.68,29.27
5660,0.49,53.93,58.4,3.78,60.5,52.3,854.1,35.3,-1.58,1.8,29.64
5680,2.31,50.54,73.07,0,32.8,-5.6,816.2,42.82,0.89,0.82,29.96
5700,6.03,32.35,79.5,7.1,99.2,-10.8,794.9,37.92,-8.86,0.53,30.14
5720,0,20.17,86.57,19.36,63.5,-0.5,806.7,44.06,-1.88,-1.95,30.48
5740,1.65,14.6,85.11,17.03,94.2,-42.9,850.6,34.57,-15.9,-4.07,30.63
5760,0,9.53,73.2,31.41,30.7,-76.4,825.1,26.4,-9.35,-3.01,30.66
5780,0,0.88,61.46,42.37,90.7,-119.1,853.6,25.91,-17.22,-2.52,30.79
5800,0,7.5,45.66,52.32,17.7,-160.0,861.3,11.33,-10.73,-4.0,30.92
5820,0,0,32.89,62.88,-21.2,-74.5,893.4,1.3,-23.85,-1.68,31.18
5840,0,0,23.79,61.56,-22.1,-207.9,1051.4,0.29,-29.13,-0.53,31.01
5860,0,1.55,16.45,63.46,-43.5,-188.2,976.6,-12.11,-14.53,6.08,31.1
5880,0,0,10.67,56.3,8.7,-163.0,1017.7,-19.87,-11.18,4.31,30.56
5900,0,0,0,34.39,-69.7,-77.6,993.1,-26.52,-11.51,5.94,30.54
5920,2.81,0.23,5.02,21.92,-72.4,-106.5,995.1,-31.04,-14.12,2.28,30.81
5940,0.01,0,0,10.75,-97.6,-51.4,974.9,-40.06,-6.75,4.63,30.49
5960,0,0,0.76,3.55,-49.8,51.8,986.9,-38.35,-1.5,2.75,30.38
5980,0,0,0,2.36,-90.9,3.7,1019.8,-37.96,1.12,1.49,29.97
6000,0,0,0,5.25,-114.7,46.7,1039.7,-40.68,1.98,-2.55,29.81
6020,0,1.03,1.26,0.44,-117.0,110.2,976.0,-32.76,4.39,-4.36,29.65
6040,0,0,1.83,1.29,5.0,140.7,974.8,-29.53,19.06,-5.54,29.3
6060,0,0,0,0,-111.3,185.7,1001.7,-14.87,18.39,-5.26,28.24
6080,1.88,3.07,0,0,0.8,76.9,998.5,-15.21,14.65,-6.26,28.42
6100,1.49,0,5.37,2.69,-69.3,73.6,1001.6,-7.76,26.91,-0.05,28.19
6120,75.53,27.0,5.7,0.19,-31.1,147.0,956.6,4.01,30.28,4.92,28.26
6140,59.01,36.05,11.56,0.09,54.1,90.7,883.9,16.58,26.24,-1.5,28.55
6160,47.05,46.1,21.53,2.11,27.7,178.3,903.5,20.08,16.51,7.1,28.68
6180,26.81,54.25,33.11,3.75,72.3,146.9,819.2,30.57,3.41,2.81,28.9
6200,16.66,51.14,48.95,3.54,107.8,67.6,838.9,35.4,14.22,2.73,29.74
6220,8.41,53.99,60.44,4.42,95.3,69.3,775.9,33.84,3.14,2.58,29.79
6240,6.27,39.44,73.02,1.05,78.7,36.0,805.1,38.94,10.46,1.24,30.16
6260,0,30.21,82.77,7.13,159.8,44.4,835.7,38.87,2.61,1.03,30.31
6280,2.64,21.59,84.04,13.13,-52.5,-81.7,763.2,37.64,1.55,-5.36,30.35
6300,0,16.49,78.64,22.0,102.7,-160.7,834.4,34.78,-14.69,-8.46,30.85
6320,0,2.49,77.65,30.97,88.6,-116.0,843.9,22.98,-13.61,-3.99,30.41
6340,0.61,3.44,60.19,52.69,88.2,-192.4,903.8,19.09,-14.48,-6.99,30.89
6360,4.96,0,43.88,54.49,92.7,-98.4,918.9,12.44,-10.67,-5.01,31.24
6380,0.27,7.66,27.96,66.11,1.7,-130.3,973.8,6.77,-21.27,-0.69,30.68
6400,0,2.99,20.74,61.44,-105.0,-59.9,1003.3,-2.93,-22.93,3.84,30.93
6420,2.13,2.32,12.0,53.32,-53.7,-57.5,964.9,-18.23,-27.3,2.0,30.92
6440,5.31,2.78,12.3,44.83,-162.4,-94.4,981.6,-21.61,-16.82,5.18,30.97
6460,0,1.2,3.2,33.26,-38.1,8.5,994.3,-28.12,-16.01,7.32,30.41
6480,0,0,2.3,19.66,-147.7,-13.6,950.2,-34.1,-13.7,4.84,30.6
6500,3.73,6.74,3.1,9.72,-119.6,-49.5,995.5,-35.21,-10.52,4.68,30.43
6520,0,0,0,1.09,-153.7,-22.6,975.4,-41.04,-2.17,-0.26,30.49
6540,2.35,0.64,2.9,0,-124.1,67.0,933.4,-40.64,4.46,2.94,29.87
6560,5.58,10.45,0.56,0.56,-49.1,29.8,989.3,-33.64,5.56,-2.33,29.54
6580,2.32,0,0,0.89,-87.0,99.0,1003.3,-24.95,27.69,-3.53,29.68
6600,0,0,0,5.36,-92.7,52.2,985.0,-28.17,14.37,-8.79,28.85
6620,0,0,1.38,1.67,-73.6,193.9,997.8,-16.8,15.58,-3.9,28.9
6640,2.36,4.75,6.52,4.69,8.9,164.7,994.0,-8.1,5.6,-3.35,28.59
6660,0,2.71,0,1.39,-0.2,141.6,1028.6,-3.14,15.13,0.09,28.21
6680,73.35,31.43,10.85,0,63.8,155.8,995.3,8.55,22.3,2.64,28.4
6700,64.18,36.66,19.2,3.79,108.5,186.0,989.2,11.87,19.79,4.67,28.28
6720,38.6,52.67,22.39,0,2.3,50.0,925.7,24.82,18.36,0.84,28.62
6740,22.4,54.49,36.76,0,13.0,133.4,854.6,32.26,13.69,1.88,29.15
6760,8.16,51.35,49.96,0,27.0,85.3,831.0,40.11,8.69,3.29,29.62
6780,3.61,46.81,62.39,0,68.0,114.3,789.4,37.54,8.43,3.04,29.69
6800,0.21,46.6,73.66,3.44,91.1,-17.0,806.9,38.5,0.22,1.76,29.83
6820,0,32.23,86.63,5.24,79.3,-84.1,792.4,38.75,1.68,0.98,30.31
6840,0,15.67,86.93,13.11,101.2,-111.6,791.8,36.38,-20.87,-4.32,30.49
6860,0,13.72,82.31,17.86,153.8,-84.8,814.0,31.02,-5.86,-6.61,30.67
6880,0.37,8.02,64.95,35.91,57.1,-131.5,820.5,28.46,-16.51,-4.21,30.84
6900,0,4.21,58.41,49.14,-27.8,-81.4,900.0,12.73,-18.79,-6.05,30.83
6920,0,0,41.75,59.79,40.6,-150.4,975.2,14.85,-23.01,-1.97,31.18
6940,0,0,23.31,65.49,60.4,-125.3,929.4,3.96,-17.38,-0.34,30.74
6960,0,0,20.47,66.82,39.1,-84.7,938.6,-8.82,-11.39,-0.67,30.57
6980,0.31,0.64,8.04,55.52,62.2,-217.9,967.8,-14.83,-16.7,6.72,30.34
7000,0,9.83,3.47,36.88,-63.9,-182.5,992.5,-25.45,-18.18,2.82,31.06
7020,7.25,0,0.29,28.27,-46.1,-96.3,982.5,-29.19,-9.65,4.79,30.64
7040,3.36,0,0,14.44,-76.3,-82.1,964.8,-39.67,-13.43,4.2,30.78
7060,0,4.28,2.88,8.23,-105.5,-53.2,986.9,-42.77,-9.83,1.68,30.38
7080,0,0,0,5.88,-109.8,-8.0,949.7,-39.97,1.26,-3.34,29.77
7100,6.56,0,0,1.67,-19.9,3.5,979.6,-36.85,10.39,-2.28,29.88
7120,1.6,4.83,7.69,3.92,-109.0,40.9,947.2,-36.22,10.81,-3.35,29.49
7140,0,0,1.02,0,-48.2,79.5,1024.5,-33.26,9.23,-6.89,29.27
7160,0,0,0,0.94,-70.4,174.8,1015.0,-26.41,18.17,-6.64,28.99
7180,0,1.88,4.95,0,-34.0,86.8,959.4,-16.47,17.97,-4.38,28.47
7200,4.88,0,2.15,0,-81.6,106.0,1038.0,-12.65,19.6,1.2,28.47
7220,0,0,0,0.75,38.8,129.6,1008.5,0.39,26.59,-0.88,27.83
7240,72.96,31.53,9.48,0.6,98.5,162.0,961.7,10.0,23.18,2.04,28.25
7260,52.84,43.91,11.31,0.29,22.4,103.6,981.1,15.66,12.27,3.97,28.4
7280,38.79,52.75,28.15,0,113.5,100.4,851.2,22.59,14.98,6.68,28.87
7300,19.3,60.65,41.5,0,-51.0,144.0,862.7,36.54,13.52,2.43,29.58
7320,8.6,55.27,58.91,1.37,42.8,-23.3,857.4,36.27,19.44,1.51,29.73
7340,2.54,45.4,73.41,0.78,36.5,39.9,790.8,39.29,1.23,4.49,29.84
7360,0,30.22,72.49,0,96.5,78.0,787.1,37.28,0.64,2.47,30.09
7380,3.6,23.41,88.07,14.45,111.5,-9.1,814.4,41.01,-7.89,-0.88,30.49
7400,4.63,17.1,88.53,16.73,99.2,-76.7,823.8,33.59,-10.56,-6.64,30.26
7420,1.95,8.38,74.74,27.61,-26.8,-152.1,796.7,32.84,-14.58,-5.51,30.56
7440,0,5.33,72.32,42.69,11.8,-109.6,852.2,26.7,-19.29,-5.45,30.75
7460,0,3.68,47.85,54.4,11.9,2.9,887.7,14.01,-12.31,-2.92,30.68
7480,9.32,1.15,33.11,65.67,108.6,-154.1,955.2,12.5,-17.6,-1.59,30.92
7500,0,0.66,21.82,63.83,3.2,-97.0,985.1,1.75,-11.34,1.61,31.15
7520,0,0,19.32,60.41,-110.6,-257.3,946.5,-1.35,-13.19,4.45,30.96
7540,1.49,0,6.19,51.25,-31.9,-127.9,964.0,-12.98,-12.12,6.29,31.11
7560,1.79,0.95,3.56,38.05,18.1,-133.2,1030.3,-26.68,-16.85,1.22,30.75
7580,0,1.85,6.06,22.35,-92.1,-195.6,963.4,-35.49,-5.9,4.77,30.74
7600,0,0,0.63,17.64,-37.6,-96.5,1022.6,-40.53,-5.97,5.95,30.15
7620,5.12,3.27,0,12.33,-214.0,-136.2,987.1,-42.86,-6.67,-1.01,30.12
7640,0.48,2.62,5.5,4.62,-83.5,50.7,955.0,-42.45,4.64,0.22,30.13
7660,1.01,0.74,0,1.92,-166.0,47.5,962.1,-38.8,12.9,-5.99,29.95
7680,6.03,1.2,0,0,22.6,68.3,1023.8,-31.35,6.89,-6.48,29.69
7700,0,0,0,0.49,-107.7,121.3,979.9,-33.42,6.45,-4.19,29.24
7720,2.97,1.06,0,1.48,-41.6,85.7,1030.1,-22.59,12.68,-5.24,28.9
7740,0,0,2.3,0.85,-3.9,148.6,987.2,-19.97,13.41,-5.7,28.65
7760,1.6,5.67,0,3.34,58.4,115.6,950.3,-8.68,20.93,-1.12,28.03
7780,79.5,24.63,7.51,3.5,17.1,124.6,994.1,-2.13,31.61,0.46,27.84
7800,71.99,34.38,10.44,3.84,52.2,160.6,914.4,9.84,18.74,1.8,27.98
7820,46.31,41.14,19.59,0,-72.8,136.0,885.1,14.8,18.81,5.87,28.73
7840,33.14,60.94,26.5,1.62,9.5,76.3,886.3,26.21,17.8,9.6,29.17
7860,18.86,60.19,35.57,6.88,90.4,128.2,824.0,32.16,16.34,4.82,29.19
7880,7.66,50.13,59.6,1.46,36.8,-19.2,796.2,38.71,5.79,4.09,29.63
7900,5.13,44.43,70.49,2.13,98.0,-11.0,774.4,37.09,-0.37,2.67,29.92
7920,4.14,34.65,81.72,4.83,76.2,14.5,789.0,41.49,3.65,1.9,30.08
7940,0,19.89,92.31,12.44,147.7,-70.7,789.4,35.52,-4.82,-4.68,30.13
7960,0,15.85,81.8,18.36,121.9,-129.3,857.9,33.78,-10.4,-2.6,30.58
7980,0,4.71,71.56,26.22,9.7,-25.7,804.0,26.31,-18.7,-3.95,31.24
8000,0,7.91,65.22,42.92,33.3,-105.2,940.8,22.21,-21.34,-4.14,30.94
8020,0,0,43.76,50.55,-66.2,-135.5,922.6,10.33,-11.99,-5.99,30.76
8039,0,0,33.88,61.84,25.1,-105.7,930.3,12.85,-12.68,-2.4,31.03
8060,0,1.11,20.59,64.77,-69.0,-190.1,1052.4,0.17,-9.63,-2.29,31.02
8080,0,4.04,16.97,58.73,-26.6,-42.1,988.5,-13.85,-22.15,4.56,31.24
8100,0,0,13.05,48.24,-109.6,-164.7,980.5,-17.88,-21.99,1.6,30.87
8119,1.45,0,2.32,38.11,-126.3,-132.8,1040.0,-20.73,-17.81,6.55,30.87
8140,0,0,0,23.55,-61.0,-49.3,1034.7,-29.84,-13.91,7.88,31.05
8160,0,0,1.36,14.96,-123.9,-38.6,956.2,-38.02,-9.19,6.04,30.85
8180,0,0.75,0.05,7.09,-7.6,-18.8,994.0,-39.19,-5.77,2.51,30.15
8200,0,2.03,1.46,1.38,-84.6,71.0,987.6,-38.88,-1.29,-2.96,30.04
8220,0,0,0,0,2.7,17.0,953.7,-44.18,1.29,-4.44,29.55
8240,0,0,0,0,-186.3,4.3,991.5,-32.47,10.69,0.73,29.86
8260,4.09,0,0,0,-78.9,129.0,1030.8,-27.59,2.4,-3.97,29.62
8280,2.77,0,1.15,0,-49.1,42.0,972.1,-23.73,23.32,-1.4,28.8
8300,0,0.04,0,2.7,-40.9,185.6,981.3,-12.17,16.88,-3.63,28.52
8320,2.05,0,6.74,0,-20.6,146.6,1000.5,-0.38,15.7,-2.84,28.3
8340,75.15,28.48,7.79,0.95,15.8,148.8,975.0,6.95,17.41,1.03,28.24
8360,62.92,39.74,11.1,0.46,-38.1,67.5,945.4,10.27,21.83,5.03,28.36
8380,44.72,44.88,20.52,0,103.1,114.3,903.0,20.72,24.11,0.19,28.94
8400,33.1,58.81,29.24,0,64.5,141.4,816.6,23.55,25.31,5.01,29.38
8420,20.26,55.98,44.25,0.61,28.5,91.3,866.5,30.69,12.87,5.02,29.79
8440,2.5,54.91,52.41,4.51,218.9,89.5,841.9,38.77,3.75,7.0,29.49
8460,1.8,40.15,69.71,0,86.0,-7.0,854.6,41.92,1.33,0.2,30.01
8480,0.3,30.37,81.19,4.22,100.4,31.9,824.9,40.93,4.66,3.24,30.23
8500,1.22,21.51,81.95,12.66,119.6,-38.4,824.8,36.67,-3.65,-5.77,30.38
8520,0,12.49,82.67,17.86,193.0,-96.5,728.6,29.72,-10.58,-5.6,30.8
8540,0,1.91,75.55,34.7,159.0,-110.0,867.5,31.35,-23.56,-4.45,30.92
8560,0,4.35,62.59,46.25,52.9,-101.0,911.8,16.64,-16.77,-5.06,30.51
8580,0,2.17,49.69,55.9,-29.4,-160.0,939.3,11.48,-22.8,-3.24,30.67
8600,1.79,0,35.19,66.7,100.6,-132.2,950.7,9.52,-25.6,3.09,31.02
8620,0,0.05,18.21,69.85,-101.8,-188.7,971.0,-3.23,-14.89,0.64,30.98
8640,0,0,7.9,54.91,-49.6,-65.7,1006.5,-15.47,-15.4,0.19,31.06
8660,0,0,5.39,46.46,57.2,-151.3,1030.7,-18.45,-12.03,5.47,30.92
8680,0,4.9,5.96,30.5,-71.7,-118.1,973.2,-23.31,-13.93,3.4,30.92
8700,0,5.23,0,21.98,-108.2,-114.1,1000.7,-34.43,-15.24,4.56,30.84
8720,0.74,0,0,11.37,-148.8,-4.4,1003.5,-37.39,-3.38,-0.16,30.39
8740,1.06,0.92,0,6.99,-11.9,-23.1,973.6,-39.37,-7.91,3.12,30.34
8760,0,0.18,1.66,4.0,-96.2,-9.2,1060.2,-34.45,-2.07,-2.21,29.93
8780,0,0,3.12,0,-56.1,-2.0,996.7,-37.35,3.65,0.86,29.72
8800,0,0,0.04,0,-47.8,195.1,1010.6,-29.12,12.44,-8.16,29.4
8820,4.91,1.17,0,1.0,-33.5,14.5,1039.7,-28.08,15.77,-2.47,29.23
8840,1.86,0,0.02,0,-96.4,99.9,1014.0,-23.71,12.54,-2.1,28.76
8860,1.58,0,2.97,0.19,63.8,79.9,975.4,-11.29,13.95,-3.6,28.28
8880,0.98,0,0,1.77,45.8,118.3,981.1,-9.5,16.5,-0.42,28.23
8900,77.94,28.77,5.72,0,-39.1,135.0,1016.3,2.96,19.88,0.58,28.02
8920,60.81,41.84,13.86,0.97,40.4,144.7,956.2,19.3,17.0,4.51,28.39
8940,45.0,47.15,18.71,6.9,76.7,151.5,898.8,22.46,21.75,5.54,28.74
8960,25.22,59.31,32.19,0,70.2,158.1,845.2,22.46,21.94,4.87,29.25
8980,16.26,56.71,45.86,0,66.6,24.5,819.2,34.93,17.02,7.49,29.65
9000,0,54.26,65.38,5.06,190.9,32.6,899.7,35.61,7.67,2.55,29.44
9020,1.69,44.67,74.53,0,43.9,-63.9,795.6,35.37,-2.92,1.45,29.83
9040,0,31.44,86.25,9.57,69.4,-90.1,806.8,38.83,-6.01,-3.84,30.13
9060,0.5,20.07,86.51,17.65,109.3,-5.2,764.7,38.33,-7.98,-5.73,30.56
9080,3.47,7.22,78.02,21.52,162.2,-132.5,832.0,39.9,-11.69,-4.64,30.43
9100,0,6.83,72.87,33.52,-111.2,-81.9,838.2,27.76,-15.61,-2.99,30.89
9120,1.99,0.63,52.8,51.45,28.4,-135.8,894.9,18.39,-23.92,-8.5,30.7
9140,3.68,1.83,39.05,59.05,1.0,-103.3,922.1,15.42,-14.06,-7.04,31.15
9160,4.62,1.39,27.91,67.62,9.6,-109.3,957.2,10.13,-20.74,-1.08,30.88
9180,1.56,3.28,17.01,60.75,-33.7,-95.8,1013.1,-5.92,-22.3,3.47,31.28
9200,0,0,10.55,60.57,-125.4,-114.0,992.4,-12.95,-17.48,0.61,30.69
9220,2.16,0,8.63,44.32,-48.3,-205.1,999.7,-22.28,-13.8,4.03,30.98
9240,0,0,1.53,30.06,-75.3,-154.0,990.0,-21.09,-16.48,8.04,30.7
9260,0,0.24,5.42,19.83,-66.3,-74.4,1002.7,-30.91,-9.32,6.71,30.82
9280,0,0.71,0,13.21,-89.7,-126.5,998.6,-39.79,-9.37,3.16,30.36
9300,0,0,5.14,3.01,-96.9,-0.9,984.5,-38.61,5.46,1.71,29.81
9320,0,0,0,3.14,11.2,9.7,1032.1,-38.06,9.13,-5.2,29.98
9340,4.19,0,0,3.15,-34.7,12.6,950.0,-37.95,4.63,-0.28,29.74
9360,0,0.73,2.12,0,-61.8,-8.5,1016.1,-36.62,3.45,-5.3,29.6
9380,0,0,4.33,0,-64.8,157.3,1031.6,-26.36,11.29,-4.31,28.73
9400,0,1.31,2.22,0,-155.4,204.6,1020.4,-17.92,12.66,-7.91,28.74
9420,0,0,0,0,-69.0,104.1,966.3,-9.7,22.28,-2.04,28.18
9440,0,5.28,0,6.81,19.4,189.4,1002.9,-1.13,20.84,-1.69,27.92
9460,74.29,31.11,12.12,3.05,92.6,171.8,994.2,9.98,20.93,0.24,28.08
9480,63.11,39.44,16.51,0,58.0,89.1,950.7,17.85,21.21,4.81,28.61
9500,34.74,59.13,22.45,1.24,43.1,148.7,944.2,28.02,18.2,6.97,28.86
9520,18.08,61.6,35.84,2.73,62.8,4.3,825.8,29.78,12.06,5.14,29.25
9540,9.8,59.08,50.98,3.22,96.1,150.5,832.4,32.43,9.23,5.4,29.33
9560,6.77,49.6,66.15,0,53.7,39.7,775.2,44.11,6.08,3.51,29.57
9580,0.59,38.86,84.04,0,105.1,-49.8,772.3,37.15,1.81,2.51,29.99
9600,0,26.91,81.88,6.87,72.4,-116.1,776.1,37.84,-2.15,-3.24,30.15
9620,0,11.76,83.34,16.09,149.8,-6.5,816.8,35.68,-12.75,-1.33,30.48
9640,0,5.18,77.68,29.59,163.3,-60.8,816.3,27.2,-11.6,-3.65,30.84
9660,0,1.4,65.5,39.17,42.6,-42.3,870.2,25.02,-4.58,-1.01,30.94
9680,1.17,1.26,48.77,54.23,85.1,-139.7,939.1,18.04,-18.78,-4.53,30.64
9700,0,3.68,43.14,64.45,37.4,-136.1,962.8,11.84,-23.44,-5.26,31.45
9720,2.38,7.47,29.58,64.69,-65.0,-113.4,991.0,5.11,-19.96,-4.2,31.15
9740,1.02,0.73,14.01,65.85,-49.6,-186.2,989.4,-4.27,-9.16,4.81,31.09
9760,0,0,7.12,53.48,-29.9,-131.2,998.9,-17.37,-11.9,2.56,30.88
9780,0,0,12.42,38.02,-157.6,-149.9,968.7,-26.8,-17.21,2.6,30.47
9800,3.5,0,5.04,27.87,-43.0,-83.7,960.8,-32.6,-15.12,3.3,30.85
9820,6.29,0,2.49,19.51,-122.2,-40.0,977.4,-37.39,-6.09,-2.15,30.84
9840,0,0,0.84,4.53,-128.4,5.2,989.9,-41.21,-4.45,4.47,30.48
9860,0,0,0,6.82,-73.9,-40.6,1004.8,-38.52,0.96,1.42,30.19
9880,0,0,1.47,1.78,-105.1,41.8,1020.2,-40.63,12.48,-6.7,29.87
9900,0,6.17,5.7,0.25,-23.6,56.6,1002.4,-32.59,16.36,-6.04,30.34
9920,0,5.11,0.73,0.62,-47.1,108.3,979.1,-30.68,2.35,-5.09,29.04
9940,0,1.55,3.62,5.26,-58.9,145.5,1004.1,-24.05,17.1,-4.99,28.99
9960,0,0,2.79,5.95,-21.0,103.7,976.1,-16.53,15.72,-3.84,28.97
9980,1.27,0,3.49,0,-95.8,116.8,1009.5,-4.89,13.54,-4.02,28.64
10000,75.24,21.35,8.88,1.89,35.6,160.2,1022.7,2.9,22.03,-2.96,27.97
10020,72.98,28.13,16.8,0,31.7,138.9,964.5,6.04,20.39,3.7,28.37
10040,57.73,40.77,19.31,0,98.4,123.1,948.1,14.76,13.64,5.4,28.75
10060,41.18,50.49,27.95,2.08,54.0,128.4,861.3,24.88,11.62,3.15,29.04
10080,19.48,56.26,39.88,0.53,6.0,99.2,786.8,29.58,14.54,4.66,29.81
10100,9.93,54.15,58.45,1.04,99.2,34.9,848.5,36.93,11.09,4.15,29.71
10120,2.16,51.22,69.12,0.98,58.1,-6.7,803.3,34.34,9.76,2.19,29.82
10140,0.08,34.56,78.52,3.89,155.5,-18.8,878.4,41.05,0.84,0.97,30.27
10160,0,25.71,84.27,8.23,38.9,-42.6,775.1,37.09,-0.52,-1.85,30.65
10180,1.04,15.84,85.96,24.41,59.1,-75.7,836.1,36.32,-13.17,-2.45,30.39
10200,0,1.84,77.98,24.82,98.6,-98.8,820.3,33.17,-16.74,-5.25,30.82
10220,0,0,67.94,35.3,-11.2,-166.7,879.5,26.97,-23.46,-3.79,30.62
10240,0,0,45.56,52.04,-42.1,-83.7,903.9,15.65,-15.04,-6.94,30.9
10260,0,0,36.12,61.52,34.6,-122.5,991.8,7.1,-24.97,-1.28,30.97
10280,1.95,0,22.18,66.13,32.3,-119.4,996.4,-1.48,-16.18,1.4,31.22
10300,0,0.67,13.64,59.41,25.1,-164.9,984.1,-10.79,-20.67,0.11,30.68
10320,0,0.05,8.95,49.62,-47.0,-224.3,996.5,-15.41,-11.76,2.29,30.39
10340,0.27,0.38,6.13,38.43,-138.4,-220.1,1009.2,-26.69,-16.91,6.34,31.0
10360,0.89,0,1.9,21.67,-81.9,-97.6,1021.7,-34.76,-4.14,5.63,30.75
10380,2.79,0,0,16.36,-126.7,-24.4,941.4,-39.69,-25.81,3.96,30.28
10400,1.55,2.51,2.48,9.56,26.0,-37.8,957.1,-37.05,-12.09,3.75,30.29
10420,0,0,0,0,-177.7,-12.2,1006.9,-39.85,-2.76,-0.94,30.14
10440,0,0.77,9.28,0,-161.3,64.8,975.8,-38.49,7.9,-3.05,29.78
10460,0,0.74,0,0,23.0,96.1,945.5,-36.67,16.55,-8.41,29.62
10480,0,4.38,1.09,0.53,-121.0,63.3,993.3,-32.03,0.5,-7.44,29.39
10500,0,6.55,0,0,-48.0,154.9,998.5,-21.34,14.67,-6.43,28.44
10520,0,3.77,0,0,-12.5,210.9,973.1,-10.53,15.12,-1.01,28.79
10540,0,0,4.53,0,104.1,153.0,1012.0,-7.92,22.18,-2.19,27.93
10560,76.66,23.01,5.7,0,12.9,135.7,968.7,1.54,26.55,-2.09,27.94
10580,70.53,39.34,12.02,5.23,3.3,104.5,934.8,6.37,18.45,4.17,28.15
10600,46.51,50.06,22.26,2.19,8.2,215.3,951.8,17.45,15.66,6.05,28.56
10620,31.31,49.92,27.69,3.98,-12.2,111.7,906.0,20.95,14.4,3.95,29.08
10640,15.15,59.08,41.48,0.38,122.2,21.1,746.4,32.87,18.21,4.18,29.41
10660,9.14,55.76,62.54,0,41.7,-37.0,871.0,37.3,6.94,2.06,29.84
10680,8.31,43.4,69.72,7.77,75.7,67.3,811.7,39.29,5.96,0.42,30.06
10700,1.62,32.84,88.43,0,160.9,10.4,825.1,37.9,0.3,3.18,30.4
10720,4.12,24.4,93.52,9.1,168.8,-112.3,814.5,34.81,-1.45,1.1,30.44
10740,0,13.5,79.42,21.79,22.5,-86.3,791.6,33.06,-10.36,-6.17,30.39
10760,0,5.57,74.15,32.68,89.6,-177.1,809.4,21.47,-16.91,-3.4,30.42
10780,0,6.66,58.18,38.88,185.7,-111.3,893.0,20.54,-22.78,-6.29,30.41
10800,0.81,4.65,44.27,56.12,6.0,-180.8,931.6,17.72,-14.24,-6.15,31.18
10820,0,7.24,37.2,57.75,-51.8,-140.5,943.5,2.15,-22.14,-1.66,31.27
10840,0,0,21.14,63.59,41.0,-150.2,1027.2,1.07,-16.61,2.43,31.33
10860,0.23,0.07,14.11,61.54,-81.8,-198.9,1068.3,-15.86,-20.47,3.8,30.8
10880,0.36,0,8.11,50.3,-75.8,-32.2,1019.4,-18.62,-12.3,6.21,30.75
10900,1.82,0,0.46,32.57,-142.4,-98.7,997.1,-28.48,-24.49,6.76,30.87
10920,0.78,0,7.41,26.69,-64.9,-65.7,1030.0,-34.84,-12.7,2.19,30.42
10940,0,2.13,1.98,10.68,34.5,9.5,998.0,-35.73,-17.59,2.74,30.52
10960,1.21,2.33,0,8.57,-19.7,-66.4,984.1,-39.13,0.47,0.16,30.38
10980,0.55,0,0,0,-123.4,-11.1,974.7,-37.1,-1.69,-3.55,30.34
11000,0,5.25,0,0.91,-67.3,141.2,973.6,-37.95,2.97,-1.42,29.68
11020,0,0,0,0,-15.4,139.7,950.0,-37.8,15.53,-4.4,29.62
11040,1.2,0,0,1.31,-80.0,169.5,998.2,-26.37,15.75,-5.93,29.3
11060,0.78,2.78,0,0.96,-41.9,169.5,1057.2,-21.85,18.29,-6.99,28.85
11080,0.05,0,0,0,3.1,125.8,1043.9,-17.78,9.1,-5.22,28.71
11100,4.38,0,3.29,1.77,14.8,168.0,992.9,-6.13,15.76,-1.67,28.22
11120,74.1,23.71,6.05,0,42.2,274.2,967.8,6.49,18.86,-1.26,27.91
11140,64.71,37.45,13.74,0,-22.6,63.4,941.8,16.76,14.65,4.88,28.65
11160,44.99,44.14,19.66,0,42.0,235.9,876.4,23.25,15.65,3.44,28.8
11180,18.77,49.23,34.2,1.08,115.4,111.7,850.8,29.46,11.9,6.51,28.78
11200,10.48,56.76,47.79,0.75,117.1,91.0,855.8,38.49,8.07,4.33,29.74
11220,8.03,54.67,61.45,0,45.9,39.0,807.3,35.19,7.1,3.7,29.51
11240,4.21,42.29,75.07,2.97,68.8,18.9,797.6,37.73,6.9,4.44,29.88
11260,0,29.14,80.11,4.39,77.9,-14.9,796.3,36.79,6.25,-0.67,30.22
11280,0.84,18.97,85.61,12.03,110.8,-88.6,824.8,40.28,-9.44,-3.71,30.53
11300,0.53,13.69,82.47,22.97,105.5,-96.9,769.2,37.41,-13.37,-6.45,30.74
11320,0,8.81,73.8,31.36,52.3,-48.5,884.6,30.29,-21.12,-6.4,30.74
11340,0,4.74,55.07,47.56,80.6,-83.0,910.8,14.94,-15.3,-4.12,30.79
11360,5.11,0,42.79,51.06,50.9,-180.7,917.8,13.01,-18.84,-1.05,31.24
11380,0,0,29.74,66.98,58.3,-174.0,961.0,4.16,-19.99,2.35,30.85
11400,0,0.87,21.01,68.67,58.9,-161.1,975.3,-9.67,-19.49,6.39,30.9
11420,5.38,0.6,9.86,60.64,6.4,-99.4,972.9,-13.71,-20.1,3.8,31.12
11440,0,1.08,6.18,44.12,-17.8,-89.8,1015.7,-18.23,-23.39,3.47,30.73
11460,0,0,2.97,29.89,-45.4,-157.0,993.6,-29.76,-17.92,6.83,31.04
11480,0,2.99,7.39,20.21,-182.5,-73.2,982.9,-35.66,-12.91,4.23,30.78
11500,1.16,0,0,12.55,-164.0,-19.6,972.0,-40.19,-9.42,1.47,30.22
11520,0.47,3.29,0,3.77,-91.4,2.1,1044.7,-35.06,-4.84,3.72,30.26
11540,1.88,0,0,9.18,-137.4,28.5,1005.2,-36.43,4.4,-2.18,30.36
11560,0,2.28,2.92,2.69,-80.4,20.7,1013.4,-40.27,3.45,-4.44,29.84
11580,1.73,0,0,0,-98.5,145.5,1019.2,-37.8,8.43,-5.67,29.13
11600,0,0,0.43,0,-96.3,145.4,997.2,-24.73,17.18,-6.39,29.19
11620,0,3.86,6.37,0,-18.6,238.4,1100.3,-16.87,15.38,-7.14,28.8
11640,1.53,2.35,0,0,17.3,160.6,1021.0,-10.76,19.45,-0.59,28.51
11660,0,1.11,3.0,1.51,51.2,182.8,997.0,-2.1,23.67,-3.77,28.37
11680,76.08,22.86,10.84,0,57.1,165.6,945.8,4.04,26.43,3.05,28.26
11700,57.68,35.37,16.31,0,99.8,157.0,869.3,16.45,25.4,4.76,28.55
11720,42.63,49.27,26.66,0.48,14.4,106.0,873.3,22.97,9.65,5.24,28.68
11740,18.19,59.9,33.48,0,74.2,75.8,822.4,30.5,14.47,9.15,29.13
11760,8.84,52.58,52.39,0,194.9,23.9,851.7,33.54,5.29,5.51,29.3
11780,0,52.1,65.52,2.88,75.9,93.7,780.3,40.38,10.24,2.29,29.81
11800,0,39.24,75.77,1.28,123.4,-34.7,779.0,33.43,-0.76,0.84,30.16
11820,4.06,24.02,83.61,5.61,145.8,-87.0,786.4,42.62,1.13,2.01,30.44
11840,0,14.22,86.2,13.2,57.4,-89.2,800.5,44.16,-8.53,0.94,30.68
11860,3.37,10.13,77.68,20.48,-13.1,-173.0,829.4,35.54,-11.93,-3.85,30.73
11880,4.65,5.36,60.8,35.3,74.7,-108.8,852.6,27.38,-17.84,-4.27,30.78
11900,0,4.27,55.04,46.63,112.9,-225.6,952.5,15.43,-17.37,-2.59,30.58
11920,7.36,0,39.0,59.12,-70.8,-174.6,920.0,9.92,-13.26,-1.31,31.08
11940,0,2.71,25.56,60.94,9.4,-181.2,984.0,-1.44,-25.3,0.56,31.14
11960,4.91,0,17.79,64.8,40.3,-133.9,1012.5,-3.13,-24.67,1.72,30.9
11980,0,0,5.06,52.8,-81.1,-96.4,1022.1,-17.05,-14.14,2.44,31.25
12000,0,0,11.68,45.18,-32.9,-107.1,1028.0,-23.85,-2.33,5.68,30.89
12020,5.03,0.99,5.71,30.97,-102.1,-173.1,974.9,-27.88,-17.3,5.86,30.87
12040,1.22,3.33,6.13,19.88,-199.4,-172.6,1032.2,-35.92,-11.79,4.29,30.73
12060,4.08,1.71,0,7.21,-129.9,-96.5,981.1,-41.43,-9.62,2.95,30.75
12080,0.66,0,0,7.34,-5.8,33.4,1020.1,-39.54,2.46,-1.21,30.31
12100,0.44,0,0,4.06,-127.1,108.6,1041.3,-37.69,13.73,-2.76,29.84
12120,0.84,2.09,3.9,4.26,-129.4,-0.1,1056.8,-34.15,7.62,-1.14,29.78
12140,0,0,3.35,0,-27.9,107.1,969.5,-29.28,15.5,-4.39,29.4
12160,0,0,0,0,-86.3,86.6,994.9,-29.98,14.24,-3.62,28.76
12180,1.2,0,1.58,0,-75.1,124.5,1003.2,-16.33,15.24,-3.02,28.96
12200,2.51,4.29,0.15,0,-36.4,128.9,997.7,-12.25,23.46,-2.96,28.4
12220,0.22,0.45,0,0,-9.2,138.9,1011.8,-5.31,5.81,0.48,27.84
12240,71.42,28.74,7.25,0,50.0,137.1,897.4,4.58,18.93,3.28,28.11
12260,51.34,37.99,15.6,5.49,173.5,148.7,958.8,11.17,18.06,1.59,28.65
12280,35.3,53.4,25.16,0,23.3,65.1,855.8,22.18,25.44,2.84,29.03
12300,17.62,54.8,39.23,0.12,20.0,91.4,911.2,23.03,21.83,5.59,29.2
12320,9.63,58.36,56.92,1.63,31.0,45.8,801.7,38.73,15.13,0.8,29.81
12340,0.83,55.72,64.89,0,172.8,-0.3,812.7,35.94,11.48,0.94,29.58
12360,0,32.03,77.81,2.57,45.0,12.2,748.4,39.95,9.08,-1.33,30.29
12380,0,21.16,85.64,9.29,241.1,-57.5,792.4,35.53,-7.36,-4.2,30.45
12400,0,15.78,91.36,17.59,41.4,-103.9,827.9,33.6,-15.11,-6.07,30.6
12420,0.69,11.75,74.34,29.4,50.5,-19.7,870.1,35.34,-12.69,-5.76,30.79
12440,0,2.95,64.69,34.1,20.0,-129.4,855.9,25.46,-24.04,-2.02,30.7
12460,2.12,5.91,52.79,50.67,152.2,-137.8,916.2,19.64,-12.31,-7.35,30.88
12480,0,1.23,36.18,61.53,22.1,-223.8,906.3,5.71,-24.94,-3.44,31.1
12500,1.54,0,23.56,57.06,77.4,-179.1,1020.2,-2.36,-10.69,-2.55,30.87
12520,3.53,0,14.74,60.44,-25.8,-179.1,959.4,-6.07,-25.12,1.72,30.94
12540,0,2.03,12.94,56.57,-60.2,-126.0,971.3,-21.01,-21.63,2.65,31.06
12560,0,0,9.51,33.27,-33.4,-176.9,1006.2,-28.95,-14.96,5.62,30.75
12580,2.1,0.85,1.14,23.84,-148.7,-178.4,993.9,-31.09,-14.22,6.55,30.9
12600,5.64,0,2.82,13.13,-94.4,-163.4,941.7,-36.14,-4.24,4.54,30.63
12620,0,0,0.3,6.54,-26.2,-195.2,987.5,-37.55,-3.58,2.58,30.65
12640,1.29,2.4,4.47,1.59,-134.1,38.9,983.0,-36.2,1.8,1.77,30.31
12660,0,1.2,4.31,0.47,-121.0,30.0,977.0,-41.5,9.47,-2.74,29.77
12680,3.47,4.31,0,0.95,-124.8,93.5,981.1,-40.89,12.97,-5.58,29.21
12700,0,4.1,4.87,0,-95.5,51.7,979.9,-31.09,17.6,-5.2,29.5
12720,0,0.96,0,0.85,-37.1,161.0,1005.6,-28.05,23.16,-4.58,29.45
12740,3.03,0.44,1.04,0,87.4,73.2,990.9,-12.6,12.05,-1.38,28.65
12760,0,0,0,0,49.2,104.8,965.3,-8.9,29.33,1.57,28.64
12780,78.4,21.52,5.18,0,0.5,122.1,1001.5,-1.47,22.12,1.66,28.33
12800,71.46,35.0,11.62,0,39.1,253.3,932.7,11.94,17.28,3.12,28.3
12820,51.04,45.46,18.93,0,1.8,173.1,912.5,22.43,21.94,7.18,29.03
12840,30.77,56.41,27.61,1.2,89.6,58.6,877.0,26.23,11.73,7.67,28.99
12860,17.24,52.79,41.74,0,142.4,59.0,845.5,34.19,6.84,4.65,29.33
12880,6.15,57.48,55.65,0.52,89.0,109.6,860.8,36.89,19.18,4.34,29.43
12900,1.56,43.96,68.28,1.6,100.2,117.3,759.2,40.24,13.57,2.54,29.83
12920,5.82,30.54,79.16,4.96,73.7,26.8,775.7,35.38,-0.76,-0.32,29.92
12940,2.63,18.21,85.7,3.46,82.5,-114.4,773.8,42.62,-7.42,1.07,30.36
12960,2.93,15.92,87.84,19.19,134.4,23.6,853.2,33.93,-3.42,-5.08,30.72
12980,0,13.09,72.99,24.71,47.4,-129.9,818.9,29.59,-21.98,-2.72,30.91
13000,1.68,5.26,66.67,42.72,92.8,-278.7,914.5,18.36,-10.44,-7.85,30.74
13020,0,5.06,51.99,54.44,38.5,-182.3,893.9,16.73,-21.31,-0.01,31.04
13040,3.3,0,32.61,64.13,-13.7,-174.0,1008.3,10.87,-22.12,-3.62,30.99
13060,3.82,7.18,19.97,65.45,3.7,-165.7,1016.0,-4.28,-11.3,3.03,30.87
13080,0,1.08,11.59,62.66,-86.0,-113.1,1004.9,-13.0,-24.15,3.59,31.1
13100,0,0,9.08,49.66,-11.2,-105.5,975.7,-22.16,-14.52,4.73,30.9
13120,0,0,0.89,34.9,-16.6,-66.6,1013.9,-23.16,-17.61,5.87,30.77
13140,0,0,0.08,15.75,-73.2,-86.4,992.7,-34.85,-14.69,5.04,30.57
13160,0,4.87,5.74,10.19,-65.3,38.3,985.3,-42.85,-12.72,4.0,30.48
13180,0.49,0,1.33,5.12,-75.7,7.0,983.7,-43.09,-3.43,4.89,30.31
13200,0,5.26,2.13,1.21,-147.0,22.1,981.1,-38.31,5.56,0.51,29.97
13220,0,3.88,0.88,0,-90.6,80.8,957.5,-37.16,-0.41,-3.64,29.73
13240,3.77,0,3.43,3.66,-8.8,56.5,1032.7,-32.75,7.13,-6.07,29.61
13260,2.91,3.68,6.99,0,-129.0,101.2,1023.2,-28.45,18.53,-7.06,29.3
13280,3.06,0.4,0.65,0,36.5,108.9,957.1,-21.3,21.76,-3.12,28.93
13300,1.84,1.65,2.73,2.36,-72.4,91.5,1079.4,-17.02,27.67,-3.2,28.41
13320,0.78,1.77,7.47,4.44,-18.1,255.2,1014.9,-7.73,20.46,0.34,28.42
13340,84.28,25.66,11.98,2.89,83.6,177.7,990.1,6.74,20.9,-3.15,28.14
13360,63.13,34.73,12.65,0.98,42.7,248.2,1020.7,5.49,18.72,7.52,28.15
13380,50.63,51.39,23.81,9.08,39.4,214.3,910.1,16.77,20.35,9.32,28.7
13400,26.05,56.27,29.46,0,97.4,84.2,869.4,22.14,11.46,5.18,29.2
13420,17.95,53.36,44.36,1.43,117.9,231.2,857.7,38.38,21.67,6.94,29.29
13440,1.98,56.77,56.56,0,183.9,105.0,809.3,44.01,10.64,4.21,30.25
13460,8.34,50.35,75.6,7.19,193.8,83.2,824.3,40.95,-0.46,-0.5,29.95
13480,0.52,28.98,85.65,4.12,157.4,-3.9,769.4,43.21,-6.88,1.89,30.37
13500,1.29,21.91,80.5,4.92,94.6,-24.7,764.0,38.98,-7.92,-2.35,30.28
13520,2.19,15.37,86.39,19.31,89.3,-40.6,835.8,35.01,-5.59,-6.54,30.65
13540,0,10.68,75.38,32.64,165.0,-73.6,847.8,23.03,-14.91,-7.63,30.91
13560,0,5.84,56.53,46.42,83.9,-74.4,928.1,21.99,-15.57,-3.83,31.03
13580,0,2.17,44.99,54.69,110.0,-195.4,925.5,20.94,-25.71,-3.96,30.89
13600,2.53,5.17,35.69,62.23,23.6,-90.2,995.5,5.24,-25.34,-0.53,30.58
13620,0,0,20.35,64.88,32.1,-100.4,1018.0,-8.28,-22.6,4.49,30.9
13640,0,2.1,9.85,61.87,23.9,-5.9,976.6,-14.55,-22.78,0.7,31.07
13660,4.38,3.3,7.37,47.71,-38.4,-135.2,1021.9,-17.69,-23.42,1.9,30.82
13680,1.52,0,3.32,37.61,-123.2,-65.8,1032.8,-24.72,-2.2,5.49,31.03
13700,0,5.02,0,14.41,-12.6,-46.0,998.9,-31.24,-15.28,2.2,30.48
13720,1.01,5.01,3.08,10.17,-210.9,-30.6,1026.4,-40.2,-1.9,2.89,30.23
13740,0,0,0.08,6.83,-52.3,-90.0,945.0,-35.47,-10.71,2.7,30.16
13760,0,0,6.68,0.02,-35.9,-7.8,1014.0,-43.07,-1.88,-0.96,30.17
13780,6.41,2.54,0,2.2,-96.9,162.3,1031.3,-38.02,8.86,-1.88,29.96
13800,0,5.36,0.22,0,55.4,6.8,1002.7,-33.85,15.46,-6.08,29.37
13820,4.33,0,0,0.48,-33.9,100.6,1014.7,-30.58,7.16,-5.82,28.72
13840,0.9,2.87,0,0,-86.8,102.7,1043.9,-23.19,21.35,-5.91,28.52
13860,0.97,0,1.47,2.48,1.4,200.9,966.8,-12.84,20.68,0.26,28.53
13880,2.25,3.32,0,0.98,2.3,178.5,959.5,-4.86,20.71,0.2,28.09
13900,75.16,29.87,14.77,3.08,49.4,112.6,966.7,2.44,19.39,-1.78,28.22
13920,63.09,39.85,16.33,0.96,38.5,106.2,898.9,14.98,23.76,1.39,28.42
13940,41.54,49.14,19.63,0.08,63.2,284.3,871.3,18.17,13.54,4.79,28.73
13960,27.49,52.41,37.33,0,81.9,157.4,880.9,25.09,15.69,5.56,29.05
13980,8.4,54.77,53.14,0,172.1,144.8,839.2,34.82,10.27,1.29,29.3
14000,4.87,50.62,58.97,1.01,73.7,69.1,804.2,38.49,5.81,4.04,30.14
14020,0,43.43,74.92,0,36.6,77.3,797.4,41.16,2.27,1.13,30.07
14040,3.38,25.76,82.35,10.19,195.2,26.9,800.6,37.71,-2.57,-0.97,30.43
14060,0,14.32,85.32,9.33,103.9,38.0,850.2,35.37,-17.9,-3.06,30.59
14080,0,4.66,81.47,20.49,61.5,-60.8,782.7,30.3,-14.34,-4.69,30.68
14100,3.11,0,63.78,32.84,162.9,-87.6,843.7,28.75,-9.85,-9.43,30.75
14120,0,2.33,53.82,48.56,45.0,-10.1,921.0,18.72,-19.85,-4.74,31.01
14140,0,1.23,45.52,62.37,31.1,-112.1,957.9,9.19,-21.69,-3.75,30.98
14160,1.01,0,27.15,64.96,18.9,-125.1,981.1,2.24,-24.23,-1.26,30.84
14180,0,1.98,20.88,64.43,18.0,-191.2,979.4,-5.29,-12.19,1.63,30.65
14200,2.84,0,18.99,56.95,-35.1,-174.2,1009.6,-10.39,-17.9,4.06,30.83
14220,0.22,0,2.99,43.96,-10.7,-101.1,1009.9,-21.58,-10.79,5.9,30.9
14240,0,5.17,3.7,28.57,-135.1,-69.6,937.9,-38.57,-16.16,7.03,30.69
14260,0,0,5.92,18.94,-78.6,-10.9,1000.2,-34.3,-4.39,0.58,31.0
14280,2.13,5.14,2.02,7.33,-76.0,-29.3,977.0,-41.07,1.14,6.85,30.0
14300,0,4.01,0,1.71,-160.8,-17.4,953.1,-38.88,0.66,1.18,30.52
14320,1.37,0,1.14,5.22,-203.8,-28.4,998.6,-46.62,6.8,-3.87,29.81
14340,0.47,0,4.31,4.1,-3.0,134.6,1051.0,-38.79,13.05,1.53,29.55
14360,0,0.64,0,0.37,-79.0,22.8,1011.9,-35.01,10.78,-4.09,29.55
14380,2.25,2.59,1.17,0,-52.6,49.5,1035.2,-29.39,20.78,-3.84,29.1
14400,0,2.97,4.89,1.88,-77.0,180.7,1038.7,-20.35,16.63,-1.67,28.54
14420,2.64,0,0.59,0,-13.4,98.9,998.9,-9.15,18.05,-1.34,28.64
14440,0.99,0,0.02,0,38.0,99.2,1043.1,-4.07,12.93,0.54,27.76
14460,77.7,33.53,0.95,4.17,44.4,162.0,960.7,4.49,16.88,0.67,28.34
14480,55.61,44.86,17.99,1.16,125.8,138.3,877.4,15.19,20.59,4.14,28.56
14500,40.16,49.11,24.24,0.66,33.0,184.3,880.3,26.39,11.46,4.67,29.06
14520,21.89,55.52,36.75,0,111.3,82.7,798.0,29.01,5.33,10.67,29.41
14540,11.43,61.1,52.24,2.45,27.3,81.0,795.2,32.65,-1.81,4.71,29.88
14560,2.4,43.76,62.36,3.27,-15.5,36.6,801.1,37.83,6.12,2.52,29.62
14580,4.44,39.2,79.07,5.31,135.3,78.0,834.2,35.31,-2.09,0.55,30.12
14600,1.13,24.62,83.73,6.52,75.0,5.4,811.4,42.37,-1.54,0.95,30.43
14620,0,19.72,80.33,16.29,114.8,-149.3,823.8,32.76,-7.97,-3.65,30.38
14640,0,3.88,76.62,19.75,133.9,-109.3,842.7,35.37,-3.13,-2.77,30.74
14660,2.08,7.06,68.36,37.33,98.6,-149.6,865.5,24.67,-18.4,-4.35,30.94
14680,2.88,0,51.95,45.43,56.0,-180.1,903.8,16.12,-20.7,-4.34,30.79
14700,4.77,0,39.52,62.09,-8.4,-90.8,925.5,6.0,-20.62,-4.97,31.14
14720,5.98,0.16,25.72,65.95,-49.3,-165.7,968.4,7.15,-21.04,-1.41,31.01
14740,0.81,0,16.22,63.51,-70.5,-179.0,1007.1,-8.39,-29.03,1.77,30.72
14760,6.76,0,11.1,49.79,-58.2,-138.7,975.4,-14.81,-12.97,6.11,30.72
14780,3.32,0,5.27,39.09,-122.1,-129.3,992.5,-28.55,-13.08,5.7,30.63
14800,0,0.91,6.63,21.04,-104.5,-21.3,1004.3,-34.8,-15.56,7.07,30.59
14820,1.66,0,0,16.21,-144.8,-58.7,983.5,-36.61,-3.91,1.26,30.69
14840,0,0,0.24,9.02,-6.1,-38.6,1010.1,-38.93,-13.59,4.19,30.17
14860,3.24,0,0,1.46,-97.4,-36.5,1010.1,-43.14,-5.26,-1.3,30.43
14880,1.57,0,7.87,2.55,-86.0,77.2,995.0,-38.31,1.51,-3.52,30.11
14900,0,0,2.38,0,-199.8,110.4,962.5,-36.26,12.15,-5.08,29.7
14920,1.5,0,2.87,0.94,-100.7,123.0,948.0,-30.19,7.56,-5.16,28.95
14940,1.19,0,0,0,-83.9,122.0,960.9,-26.14,17.92,-4.49,29.02
14960,0,0,0,0,12.4,89.8,1014.0,-15.4,18.38,-1.5,28.67
14980,0,0,0,2.48,-33.1,137.5,1014.4,-10.42,21.87,1.74,28.68
15000,80.1,21.45,5.52,0,-1.3,97.3,1000.4,1.76,26.46,0.86,28.4
15020,69.32,36.53,9.32,0.9,61.9,59.0,928.3,9.87,24.42,1.51,28.27
15040,56.71,50.75,20.34,0,23.3,243.3,934.9,17.18,21.69,0.08,28.68
15060,33.07,56.32,26.73,0,70.2,126.6,862.1,20.65,8.36,4.33,28.8
15080,17.56,57.85,41.85,0.46,68.9,154.2,836.3,29.52,13.08,5.76,29.34
15100,6.34,50.33,57.54,0.14,125.0,64.0,816.2,33.76,7.71,4.4,29.46
15120,2.49,50.71,73.89,0.34,89.1,77.2,828.9,36.66,6.32,0.54,30.02
15140,1.39,39.05,75.63,5.11,102.4,-6.1,801.3,40.1,-2.94,-1.29,29.79
15160,0,22.34,83.63,8.87,35.7,-30.5,800.9,41.86,5.55,2.39,30.61
15180,0,13.22,86.01,8.04,121.4,-48.5,803.1,34.24,-3.48,-0.72,30.59
15200,0,7.01,73.09,20.55,123.2,-128.3,830.8,34.67,-21.45,-6.34,30.94
15220,0,1.07,63.33,38.48,44.9,-153.5,887.5,26.72,-19.08,-5.98,30.82
15240,0,3.77,47.46,57.63,-57.5,-98.7,866.6,12.68,-16.8,-5.31,30.91
15260,3.38,1.64,31.66,62.45,-50.1,-230.0,982.3,11.48,-20.28,-2.7,30.95
15280,0,0.29,20.3,65.81,-30.7,-164.0,1006.8,-1.47,-18.09,0.91,31.02
15300,0,0,10.53,55.4,31.5,-137.1,981.4,-1.61,-24.44,2.5,30.79
15320,1.57,0.7,7.77,44.62,-126.3,-49.6,1013.4,-17.16,-17.43,2.54,30.9
15340,0.02,0,8.55,38.14,17.2,-126.7,1032.0,-32.89,-13.92,5.73,30.76
15360,0.69,0.96,5.08,25.88,-91.7,-86.1,976.3,-32.4,-10.42,6.56,30.8
15380,0,0,0,12.79,-85.1,-85.6,983.7,-35.28,-5.58,3.97,30.11
15400,0,0,0,7.2,-103.3,11.8,996.6,-37.78,-9.82,5.0,30.0
15420,3.2,3.36,0,5.68,-131.0,57.3,1004.0,-39.36,2.27,1.0,30.09
15440,1.74,1.5,2.59,0,-2.2,77.3,990.4,-41.22,-0.09,-4.21,29.8
15460,1.62,0.86,1.57,4.84,-80.2,59.6,996.0,-40.11,4.66,-5.12,29.31
15480,3.16,1.2,0,0,-161.3,85.2,1008.4,-32.61,13.38,-6.38,29.3
15500,1.98,0,0,0,-128.5,43.7,988.3,-19.59,16.54,-2.21,28.95
15520,0,2.14,1.74,1.01,-40.6,206.7,991.1,-13.93,17.61,-2.13,28.89
15540,0,2.39,0,0,-68.4,58.7,951.6,-10.36,27.7,0.67,28.25
15560,78.24,26.03,9.53,0,30.7,98.1,984.8,1.74,22.21,3.96,27.75
15580,67.78,36.37,11.27,0.37,-47.3,200.9,942.7,7.24,13.53,5.18,28.3
15600,49.71,47.67,20.58,3.85,14.1,175.9,986.9,20.63,8.8,1.58,28.88
15620,29.73,55.53,30.75,0,40.6,166.0,874.1,21.47,19.88,7.35,29.25
15640,14.76,58.27,41.39,2.38,85.7,122.9,917.0,28.71,14.16,6.63,29.87
15660,6.49,50.78,63.56,2.46,110.2,1.7,814.9,38.87,8.09,3.07,29.37
15680,1.34,37.67,72.51,3.74,119.3,30.2,820.2,39.7,3.0,-0.25,30.16
15700,0,30.43,82.08,6.23,181.6,10.2,800.2,37.03,-0.75,2.11,30.42
15720,0,19.77,91.34,8.04,121.8,-97.9,810.6,44.84,-2.75,-0.44,30.49
15740,4.45,17.75,88.57,16.46,103.5,-65.7,845.8,33.79,-10.63,0.37,30.41
15760,0,10.16,74.33,25.94,115.9,-117.5,856.8,32.77,-10.93,-4.27,30.26
15780,3.44,2.63,60.1,40.7,-14.2,-123.6,910.1,25.81,-14.67,-2.18,30.58
15800,0,3.32,48.79,56.62,36.2,-69.0,947.1,16.0,-18.5,-5.2,30.89
15820,0,0,30.48,63.78,22.1,-224.5,984.1,3.19,-8.48,-3.07,31.07
15840,0,0,22.11,60.49,23.6,-140.2,1051.5,-3.9,-20.87,-0.67,31.0
15860,4.09,0,15.28,56.9,59.4,-151.5,1003.3,-9.19,-24.3,4.07,30.91
15880,0,1.25,12.26,49.83,-118.0,-168.3,968.6,-27.9,-23.29,5.58,30.71
15900,0,0.14,8.99,27.96,-17.9,-74.8,991.2,-25.96,-20.05,2.9,30.65
15920,0,0.47,0,16.85,0.9,-73.7,999.9,-32.95,-9.87,1.67,31.16
15940,0.76,0,0,15.56,-88.7,-183.7,1026.0,-37.01,-7.83,7.17,30.42
15960,0,0.33,0,9.98,-87.9,-1.0,952.1,-43.41,2.31,5.64,30.33
15980,2.93,0,0,3.99,-127.5,-27.9,1031.8,-38.64,1.32,-0.72,29.95
16000,3.04,0,0,0,-60.5,2.3,1018.8,-34.02,-3.98,-0.74,29.55
16020,0,0,1.1,3.71,-218.8,95.5,1018.8,-32.9,14.8,-8.9,29.33
16040,0,1.84,0,0.88,-3.6,134.8,1004.1,-29.72,15.45,-4.32,28.91
16059,0,0,0,0.62,-96.8,17.7,1000.1,-19.8,8.93,-1.85,29.02
16079,2.06,3.98,1.9,7.14,-51.4,105.1,998.7,-15.64,13.84,-1.89,28.28
16100,2.88,0,0,1.63,-19.6,175.3,976.6,-1.86,14.06,-1.77,28.32
16120,75.34,26.34,10.47,0,70.9,138.9,922.4,3.84,23.2,4.37,28.41
16140,69.07,38.06,13.89,0,-55.5,92.1,894.6,11.08,26.58,2.65,28.66
16160,40.51,48.81,16.89,0,-22.5,109.5,873.0,26.23,13.33,7.01,29.02
16180,25.62,49.21,35.16,0.37,28.1,101.7,877.2,25.6,6.53,4.65,29.23
16200,9.78,60.35,45.77,0,113.7,-19.6,828.0,31.92,16.67,5.0,29.55
16219,7.72,54.74,62.0,1.21,131.9,55.6,830.8,36.74,14.99,5.38,29.51
16239,1.54,38.99,71.26,5.82,4.5,102.7,789.6,37.64,3.67,0.39,30.02
16260,0.42,26.98,82.22,5.97,101.4,-49.0,825.6,40.44,-3.1,-0.56,30.23
16280,1.3,24.42,80.99,12.1,91.3,-52.0,751.3,43.0,3.78,-5.5,30.53
16300,0,16.69,78.58,25.7,97.5,-131.7,865.6,35.62,-16.08,-5.5,30.57
16320,0.45,4.09,71.92,32.68,100.9,-70.2,812.5,26.96,-6.04,-8.93,31.06
16340,0,5.82,61.61,42.98,44.2,-90.9,909.3,28.03,-18.03,-1.82,30.75
16360,3.7,0,36.52,59.98,-13.2,-110.3,949.8,8.48,-25.49,-2.98,30.92
16379,0,1.25,31.76,69.17,1.8,-107.5,985.1,3.29,-21.63,-1.11,31.18
16400,0,4.81,20.67,63.26,-31.8,-139.6,973.6,-1.07,-34.03,2.11,30.44
16420,4.42,5.86,7.91,56.94,-100.1,-122.7,1025.1,-13.23,-14.51,1.88,31.1
16440,2.44,0.06,5.89,49.97,-52.2,-86.1,986.2,-24.71,-16.22,3.83,31.18
16460,4.11,0,3.01,31.77,-77.8,-101.9,1001.7,-30.23,-3.95,5.24,30.83
16480,4.09,0,0,16.76,-12.5,-64.8,999.9,-32.14,-14.64,4.31,30.51
16500,0,3.53,0,14.52,-164.9,-11.7,1049.4,-38.06,-5.01,1.18,30.34
16520,0.71,0,5.52,7.19,-186.6,-32.4,1013.2,-41.93,1.91,1.17,30.15
16540,0,0,3.65,0.89,-132.4,47.1,1043.2,-42.05,8.32,-0.73,29.81
16560,1.14,2.21,1.7,0,-29.4,39.2,1018.9,-31.06,7.43,0.25,29.57
16580,0,1.36,0,0,-47.5,121.8,999.6,-28.88,13.83,-5.39,29.48
16600,0.23,4.78,0,0,-42.0,125.5,989.0,-25.22,14.88,1.42,28.81
16620,0,0.73,0,0,-54.1,104.3,959.2,-20.57,19.88,-1.12,28.87
16640,0.01,0,1.74,0,-21.6,74.6,1063.0,-9.78,29.34,-0.07,28.36
16660,1.31,2.26,2.95,3.58,11.3,122.6,1018.1,0.97,17.51,-0.27,27.96
16680,76.49,32.88,8.46,0,15.4,200.8,1003.3,5.53,23.87,2.04,27.69
16700,60.14,38.62,15.2,1.74,92.9,180.2,928.5,12.24,18.18,4.23,28.53
16720,36.56,51.82,31.71,0,-13.2,161.8,910.9,21.35,26.7,8.48,28.82
16740,20.6,61.53,36.35,0,115.9,172.2,847.7,24.49,19.88,6.33,28.98
16760,7.95,58.14,52.57,0,14.9,73.4,792.5,39.52,5.37,3.84,29.27
16780,3.33,51.3,61.68,0,99.2,52.9,789.9,38.74,14.13,4.38,29.83
16800,1.67,36.12,72.1,2.39,81.4,-5.9,770.4,36.54,-0.26,1.78,29.84
16820,3.68,26.17,83.81,8.43,54.5,7.7,792.3,31.34,-4.24,-3.17,30.22
16840,3.09,15.48,86.44,12.31,33.8,62.4,790.8,45.14,-5.22,-3.75,30.28
16860,0,8.82,82.52,23.87,100.9,-164.0,833.2,30.13,-8.69,-2.94,31.19
16880,2.81,6.82,71.88,37.23,47.0,-99.3,845.3,26.81,-19.91,-5.17,30.62
16900,0.37,3.28,55.98,51.8,20.8,-119.9,925.2,17.76,-15.75,-1.25,30.84
16920,0,0,42.99,64.43,37.9,-92.6,935.6,10.78,-20.48,-6.16,31.13
16940,0,0,32.73,68.32,-34.6,-147.4,984.8,5.75,-22.54,-1.19,31.18
16960,0.94,0,13.62,65.93,18.8,-124.7,1036.3,-8.18,-26.46,5.0,31.11
16980,0,1.11,10.1,49.43,-12.2,-154.4,997.2,-16.25,-17.13,1.65,30.85
17000,0,0,6.88,43.53,-129.9,-130.5,988.0,-25.58,-6.25,3.77,30.98
17020,0,0,0,28.69,-38.2,-131.8,989.5,-35.65,-22.89,5.35,30.71
17040,6.47,0,0,21.1,-138.4,46.7,984.4,-35.12,-7.99,7.51,30.68
17060,0,5.0,0,10.15,-90.2,-8.3,1035.0,-36.4,-3.89,3.09,30.56
17080,0,0,0,0.59,-94.0,-14.0,961.9,-44.35,-1.1,1.35,30.24
17100,2.23,0,0,0.79,-179.9,77.6,999.4,-38.82,-0.82,-2.39,29.58
17120,0,1.18,0,1.72,-55.8,129.7,1041.7,-34.18,4.64,-2.79,29.69
17140,0,0,2.61,3.73,-55.5,110.0,1034.6,-29.9,11.46,-5.29,29.28
17160,2.47,0,0.19,5.87,-85.6,194.6,1025.0,-24.62,15.62,-5.05,29.5
17180,0,2.19,0.34,0,-21.3,58.2,1017.5,-13.8,17.49,-7.63,28.72
17200,0,3.55,1.6,3.1,-86.2,133.1,999.6,-14.2,24.71,-4.31,28.14
17220,0,0,6.79,0,-39.4,192.2,1053.6,1.84,19.29,0.08,28.07
17240,71.01,26.96,11.19,0,68.1,78.7,967.7,-0.1,21.13,2.53,28.03
17260,56.53,44.73,14.77,0,2.2,114.5,974.3,16.32,22.95,2.43,28.86
17280,33.53,50.75,30.62,0,125.5,156.5,877.3,21.93,23.23,0.74,29.11
17300,14.25,56.43,36.69,0,41.9,99.7,878.6,33.39,7.31,6.35,29.44
17320,11.89,54.83,54.21,1.24,90.4,82.2,830.1,35.63,9.93,4.38,29.48
17340,1.73,45.53,65.64,1.99,106.0,32.4,826.5,33.36,10.27,6.23,30.01
17360,0,35.91,78.77,0.8,82.7,55.9,832.9,38.11,11.98,3.81,30.04
17380,0.45,27.98,90.64,6.47,142.6,-44.3,778.7,36.04,-5.14,3.24,30.68
17400,2.94,16.46,81.09,20.3,53.8,-59.0,857.2,34.73,-0.64,-8.84,30.39
17420,0.36,6.65,77.35,20.82,105.1,-42.0,809.2,30.41,2.44,-7.81,30.72
17440,0,5.44,63.98,40.4,32.4,-136.1,921.1,28.63,-16.89,-1.93,30.75
17460,0.88,0,51.86,50.08,21.1,-115.5,915.5,10.06,-16.21,-5.06,30.99
17480,0,0.26,34.69,63.21,6.7,-154.4,897.0,9.26,-12.9,1.14,30.94
17500,0.76,2.84,19.84,66.76,-43.1,-232.6,999.4,-1.09,-20.65,-0.95,31.13
17520,0,0,14.76,60.33,29.4,-189.7,930.0,-9.86,-18.41,0.76,31.2
17540,6.09,3.13,10.19,54.28,0.3,-214.4,1055.6,-15.36,-19.67,4.54,30.82
17560,0.33,5.98,3.73,39.47,-31.5,-90.8,1039.9,-27.13,-17.97,2.63,30.71
17580,0,0,5.41,26.97,-74.8,-75.7,1047.1,-27.91,-13.62,7.88,30.51
17600,0.78,0.68,4.16,11.03,-46.7,-25.8,982.7,-41.42,-4.43,5.04,30.53
17620,1.52,0,6.98,4.92,-87.5,-78.7,1010.0,-38.79,5.62,0.79,30.26
17640,0,0.9,2.91,3.12,-74.9,-80.1,1036.8,-36.46,-2.48,0.92,30.02
17660,0.9,0,1.87,3.48,-89.1,35.0,954.7,-35.64,7.12,-2.75,29.86
17680,5.86,2.58,0,0,-56.6,58.1,997.1,-38.97,18.49,-1.13,29.87
17700,0,2.05,0.04,0.08,-8.7,1.4,1000.5,-28.42,6.87,-1.85,29.31
17720,0,4.35,0.1,2.85,-139.9,56.8,974.5,-20.15,10.77,-6.21,29.09
17740,0,0,0,3.73,-32.5,118.3,956.3,-16.59,14.61,-2.04,28.54
17760,2.14,3.92,0,0,11.3,189.7,991.1,-10.42,15.78,-4.95,28.32
17780,76.37,25.01,0.29,0,-41.0,202.7,1003.0,-4.21,19.98,2.98,27.95
17800,70.19,32.27,4.3,0,17.6,197.7,919.3,12.11,21.77,4.47,28.61
17820,53.25,45.27,18.15,2.18,42.8,177.3,863.4,18.69,13.24,3.42,28.54
17840,35.3,56.81,25.01,0,-4.0,209.4,927.8,18.64,10.25,3.42,28.8
17860,10.8,52.39,41.68,0,29.5,119.3,873.3,30.11,13.39,3.91,29.34
17880,3.4,51.95,54.67,1.86,143.7,4.7,813.2,41.71,11.3,0.95,29.66
17900,0,39.8,75.41,0,220.7,52.9,744.5,39.57,-1.62,1.34,30.02
17920,3.17,32.52,82.44,8.47,122.6,48.9,815.5,39.54,-4.57,-3.6,30.18
17940,2.4,19.74,85.03,7.38,55.8,-24.1,815.7,36.51,-0.73,-0.67,30.57
17960,5.38,18.66,83.27,21.58,76.7,-52.0,827.2,39.39,-10.12,-4.33,30.66
17980,2.18,6.38,77.15,26.36,52.7,-214.0,826.5,29.09,-16.75,-2.67,31.09
18000,0,3.1,63.92,42.39,-17.1,-113.4,901.3,22.83,-11.74,-3.47,30.7
18020,3.39,0,47.22,61.22,66.0,-138.5,906.0,13.77,-17.84,-1.86,30.68
18040,0,0,33.13,60.69,-50.7,-121.2,933.8,-0.1,-12.86,-2.16,30.95
18060,0,0,19.22,66.75,-16.6,-96.2,1001.4,1.33,-23.33,-2.92,30.84
18080,0,3.92,9.49,61.08,-107.9,-232.9,1003.9,-10.63,-13.97,-0.65,31.2
18100,0,0,5.45,55.48,17.6,-146.7,973.4,-17.48,-13.35,8.28,30.86
18120,0,0.67,5.64,39.11,-48.0,-29.2,1031.8,-22.25,-15.98,2.83,30.71
18140,0,0,2.13,30.24,-66.8,-82.0,996.7,-33.84,-7.17,4.04,30.71
18160,0,0,3.39,10.76,-39.4,-158.7,949.2,-37.81,-10.92,2.62,30.53
18180,0,6.45,6.74,2.95,-47.6,56.4,956.8,-41.27,-6.04,3.77,30.28
18200,0,0,8.9,7.65,-57.7,71.8,1001.7,-38.91,1.61,1.49,29.83
18220,2.59,0,0,3.3,-41.7,43.7,1023.7,-35.88,12.97,-0.92,29.74
18240,0,0.45,0,4.07,-24.8,-15.2,1006.1,-33.47,7.21,-3.94,29.22
18260,6.39,0,1.12,0.81,-61.4,120.3,986.7,-27.85,15.2,-6.4,29.26
18280,0,0,0,5.85,-8.5,165.8,1004.8,-20.75,14.53,-5.78,28.47
18300,0,0,0,0,-28.1,79.6,967.2,-15.76,17.86,-6.47,28.37
18320,2.62,0,0,0.62,61.2,186.1,1071.2,-6.81,19.72,-0.54,28.53
18340,78.7,25.06,8.12,0,34.0,106.7,975.3,4.04,13.42,2.77,28.16
18360,63.78,41.71,10.71,1.57,50.2,93.3,938.7,13.98,13.74,-0.85,28.6
18380,51.47,48.72,25.4,3.15,33.6,136.5,870.5,21.14,16.91,4.77,28.54
18400,24.91,52.31,26.7,0.67,64.6,138.5,831.1,28.13,10.55,6.12,28.97
18420,14.21,49.8,41.11,0,48.2,148.3,859.7,35.56,17.42,4.62,29.32
18440,3.42,48.42,60.57,4.1,69.9,40.9,808.1,38.1,12.2,3.82,29.82
18460,0,44.28,75.33,7.01,151.4,-30.5,831.1,39.0,4.38,-0.08,29.62
18480,0,28.33,84.5,3.94,62.8,60.6,745.8,39.85,1.21,0.47,30.19
18500,2.8,20.59,89.59,11.27,78.4,-73.7,885.4,39.09,-11.38,-3.81,30.06
18520,0,10.37,77.18,22.92,134.1,9.7,823.9,36.76,-9.69,-2.47,30.66
18540,0,5.62,72.28,29.66,88.8,-30.8,906.6,27.45,-20.44,-3.96,31.06
18560,1.07,0.76,56.41,42.97,67.7,-84.7,864.1,25.31,-22.68,-2.15,30.97
18580,0.24,3.5,45.92,57.16,113.1,-171.3,879.6,18.38,-18.88,-0.73,30.9
18600,0.4,0.07,30.54,65.57,1.2,-174.4,946.6,6.56,-5.84,-1.6,30.79
18620,0,2.83,22.23,69.66,-9.3,-188.4,982.4,-5.88,-18.58,0.69,31.14
18640,1.23,2.88,10.12,58.25,-77.1,-174.8,983.4,-10.29,-20.49,6.1,30.81
18660,0,0.41,6.42,51.36,-39.5,-177.3,974.9,-19.93,-14.04,4.21,31.26
18680,2.94,0.09,1.38,34.4,-25.1,-60.8,963.1,-24.19,-18.62,6.06,30.71
18700,0,0,0,21.22,-18.5,-7.5,982.2,-35.8,-13.15,6.45,30.51
18720,1.79,2.68,0,7.52,-193.0,-122.9,949.1,-40.0,-14.35,1.44,30.54
18740,0.73,0,0,4.8,-58.0,-18.4,1013.7,-39.22,-7.95,0.23,30.48
18760,0,0.93,1.98,7.49,-85.9,-31.6,982.0,-40.57,-2.2,-1.25,29.89
18780,3.5,1.0,0,0.24,-81.0,50.9,1009.8,-38.32,12.14,-3.37,29.75
18800,0,4.51,0.44,0,-166.3,138.8,965.4,-37.73,4.44,-3.8,29.34
18820,2.14,0.95,4.77,0,-90.4,52.3,986.5,-31.17,14.88,-2.41,28.79
18840,0,0,3.68,0,-28.5,42.1,1000.2,-19.05,19.16,-4.55,28.64
18860,0,0,0.59,0,-131.8,123.8,977.4,-18.17,12.27,-4.14,28.53
18880,0,0,3.25,1.92,-62.2,176.6,1012.1,-4.55,17.99,-1.76,27.77
18900,80.07,23.84,12.76,0,-9.0,154.6,997.5,3.3,16.31,1.71,28.08
18920,58.79,37.22,11.08,3.47,48.2,198.1,976.5,10.25,14.84,3.74,28.37
18940,47.61,47.22,21.51,0,76.6,120.0,887.6,23.68,14.12,4.56,28.77
18960,23.17,56.71,33.0,3.77,124.9,128.9,886.9,27.24,6.52,8.35,28.8
18980,14.1,55.08,47.02,0,59.4,118.0,809.1,34.85,15.04,1.64,29.66
19000,2.89,50.51,66.62,3.02,-36.7,68.1,787.6,40.05,5.9,-0.32,29.9
19020,0,41.14,78.29,3.68,125.5,113.0,814.8,37.4,5.1,1.86,30.38
19040,0,27.91,88.69,5.77,123.2,-126.0,791.4,37.81,2.02,0.85,30.46
19060,3.46,20.43,84.79,13.18,159.6,-85.2,789.3,39.67,-13.94,-4.13,30.32
19080,0.67,8.34,74.8,23.1,132.0,-33.7,836.6,29.49,-8.44,-5.51,30.68
19100,0,9.05,65.52,36.53,121.2,-131.6,861.7,26.77,-13.38,-5.26,30.63
19120,2.15,0,55.99,47.14,155.1,-58.6,892.2,18.6,-23.37,-3.97,30.99
19140,1.5,0,44.86,59.65,94.0,-152.3,863.6,14.25,-13.42,-4.06,30.8
19160,0,1.42,32.46,63.15,-47.5,-124.2,1056.2,4.24,-16.65,0.77,30.79
19180,0,1.77,19.74,66.65,-65.7,-217.1,1049.1,-5.28,-17.5,2.03,31.09
19200,2.5,1.75,11.79,50.85,-40.9,-139.3,1015.4,-16.12,-17.2,3.64,31.31
19220,0,4.24,1.89,44.43,-127.4,-71.5,1037.3,-20.83,-9.81,6.9,30.94
19240,0,1.35,0.88,34.11,-78.1,-187.5,961.7,-28.7,-17.51,5.4,30.82
19260,1.98,1.86,4.64,21.17,-40.4,-146.6,940.0,-35.08,-9.43,2.87,30.68
19280,0,0.68,0,7.65,-118.2,37.5,984.0,-37.08,-3.92,4.77,30.6
19300,0,4.25,0,6.1,-70.2,-16.7,996.5,-46.23,-4.74,-1.94,29.88
19320,0,1.25,0,3.23,-132.2,41.2,992.8,-41.1,-6.26,-0.23,29.98
19340,0,0,5.93,0,-127.6,20.8,941.0,-40.0,1.74,-2.1,29.72
19360,0.89,0,0.96,0,-114.0,187.6,969.0,-37.2,14.73,-4.01,28.95
19380,0,7.25,1.25,0.92,20.7,177.3,993.2,-24.86,9.63,-5.74,29.37
19400,0,0.51,0,2.38,3.6,119.8,1023.4,-20.82,24.82,-5.37,28.92
19420,0.81,0,2.32,4.76,49.1,128.1,1002.8,-11.06,13.63,-3.53,28.88
19440,0,0,3.04,0,10.6,182.8,998.3,0.4,15.05,-2.05,28.41
19460,68.47,30.79,9.94,0.63,89.4,140.7,919.0,8.26,12.57,1.33,28.46
19480,57.02,44.43,14.26,1.12,63.0,93.2,883.5,17.55,28.13,4.37,28.45
19500,41.67,56.78,24.03,0,121.2,22.0,905.2,24.28,20.91,5.05,29.18
19520,22.49,54.59,34.75,0.93,180.1,40.5,857.3,32.57,16.77,6.16,29.37
19540,12.79,51.94,53.07,0,101.9,187.3,802.3,36.78,4.44,2.92,29.6
19560,3.22,46.51,70.07,0.39,101.4,-116.6,817.3,39.75,3.8,3.95,30.02
19580,3.11,34.56,74.78,1.91,122.5,-46.6,739.0,37.14,0.54,1.98,29.84
19600,0,22.74,85.35,13.95,121.0,-23.6,811.9,32.21,1.88,-6.1,30.49
19620,0.25,19.19,89.53,12.88,59.0,-140.2,828.8,34.09,-11.62,-0.68,30.56
19640,0,11.21,77.6,26.0,153.7,-16.9,848.6,32.18,-13.58,-10.03,30.71
19660,0,0,65.68,40.97,52.4,-86.1,896.2,20.64,-20.84,-4.52,31.11
19680,0,1.47,51.07,50.6,66.9,-105.5,895.4,18.8,-18.67,-4.28,31.1
19700,0.41,0,37.25,62.56,37.7,-110.0,939.8,2.82,-12.34,-2.81,31.26
19720,0,5.7,31.23,62.34,-25.3,-106.8,1016.0,-0.52,-29.6,-2.49,31.13
19740,1.19,6.03,14.92,58.83,-56.5,-146.8,1016.6,-12.56,-31.07,3.14,30.84
19760,0,0,7.01,52.46,-9.7,-184.5,1002.7,-19.7,-20.82,4.63,30.85
19780,0,0,3.81,38.28,-89.2,-0.7,981.1,-24.16,-11.06,4.32,30.62
19800,0.33,2.69,0,25.05,-25.2,-76.1,996.6,-28.92,-14.52,4.31,30.61
19820,0,0.05,5.0,16.3,-30.1,39.3,986.8,-28.63,-12.47,3.28,30.59
19840,0,2.9,0,9.84,-137.6,-9.4,1001.4,-46.03,-12.4,3.72,30.26
19860,1.45,0,0,5.09,-55.7,65.4,1023.4,-40.01,-4.65,3.37,30.05
19880,0,2.21,0,4.33,-56.9,56.6,989.1,-40.16,10.64,0.72,29.95
19900,0,1.31,3.22,2.84,37.2,81.5,980.5,-34.67,0.42,-3.95,29.42
19920,0,0,0,0,-59.3,34.0,1016.3,-26.81,4.11,-8.15,29.17
19940,4.77,0,7.79,0,-33.5,183.5,1043.8,-28.69,9.19,-4.21,28.85
19960,2.23,0,0,2.5,-92.5,90.7,1003.1,-14.41,29.34,-4.48,28.54
19980,3.53,3.29,0,1.35,25.3,211.7,983.3,-8.02,20.44,1.27,28.2
20000,79.96,24.36,4.85,3.74,9.3,75.8,991.1,0.64,36.34,-1.78,28.31
20020,75.38,35.63,9.83,0,71.0,150.9,962.0,6.46,16.6,2.8,28.06
20040,51.69,41.67,18.62,1.45,64.7,54.1,956.8,17.26,16.11,3.47,28.65
20060,34.7,53.63,24.15,0,77.3,114.5,900.7,27.26,20.31,5.15,29.0
20080,20.35,61.63,38.4,3.62,96.3,161.8,876.2,29.78,13.07,6.66,29.29
20100,9.64,52.56,53.03,0,85.6,60.4,803.5,33.66,-2.11,8.42,29.62
20120,4.14,44.9,70.63,0,37.1,78.6,797.2,40.97,-0.63,2.13,29.83
20140,0,41.57,79.16,3.45,16.2,36.7,752.5,35.68,-7.54,0.1,30.24
20160,0,28.48,86.52,7.73,57.7,-51.3,777.6,33.82,-10.32,-5.04,30.43
20180,3.11,16.45,82.77,17.92,31.6,-30.6,833.0,35.82,-7.22,-3.95,30.73
20200,0,13.77,79.84,31.55,51.7,-55.1,892.2,31.51,-17.2,-5.31,30.64
20220,1.28,3.55,65.52,37.17,63.6,-174.5,880.6,21.94,-19.92,-5.55,30.66
20240,1.04,1.47,48.76,51.52,51.4,-136.6,941.3,15.95,-17.39,-6.78,30.93
20260,0.84,0.17,39.76,64.22,66.3,-127.3,961.3,4.65,-7.45,-0.58,31.18
20280,0.49,5.35,24.94,65.13,-91.5,-147.4,936.0,-4.62,-22.42,4.26,30.84
20300,0,0,15.08,59.32,42.1,-175.0,998.6,-10.44,-25.25,6.41,30.92
20320,0,6.14,16.6,47.25,-83.2,-135.7,1011.7,-18.53,-25.6,5.36,30.9
20340,0,0,7.06,37.14,-103.7,-136.6,1001.4,-22.55,-18.14,3.56,30.52
20360,1.44,8.53,5.68,23.56,-24.1,-138.9,1006.3,-30.5,-14.26,7.12,30.94
20380,3.12,5.19,3.86,9.33,12.0,-119.6,1004.4,-34.38,-7.55,5.43,30.6
20400,0,0,2.64,10.05,-153.2,-2.9,964.7,-38.8,-6.41,4.43,30.2
20420,0.13,0,4.69,4.6,-80.3,-11.6,1008.2,-40.26,-4.46,-2.35,30.3
20440,0,5.92,0,2.09,-129.3,19.5,1025.8,-40.04,13.97,-0.32,29.8
20460,0.26,2.78,0.85,2.35,-72.3,31.2,1052.9,-34.67,9.82,-6.8,29.36
20480,0,0,4.43,0,-55.6,64.7,1046.9,-38.23,11.98,-4.42,29.55
20500,0,0,1.78,0,-34.7,92.3,958.2,-21.65,14.98,-7.33,28.82
20520,4.2,0,7.11,0.44,1.7,123.8,963.2,-14.57,19.59,-4.23,28.72
20540,4.34,0.8,1.29,0,-71.5,99.8,994.9,-10.47,13.45,0.43,28.1
20560,78.18,21.29,5.58,0,10.3,144.4,944.5,6.11,20.76,2.91,27.94
20580,64.95,34.28,12.6,0,-68.3,158.2,972.6,12.82,26.13,-0.28,28.71
20600,46.57,46.32,19.12,5.07,114.4,153.3,830.6,18.84,12.81,6.6,28.88
20620,27.65,58.24,32.62,6.07,50.4,82.9,886.2,28.58,14.44,1.67,28.98
20640,14.34,59.7,40.13,2.38,113.3,169.1,842.0,30.9,10.19,5.07,29.66
20660,9.98,49.86,59.36,1.11,58.4,155.5,813.6,40.56,5.9,3.84,29.67
20680,5.72,52.99,71.76,0,38.5,69.0,764.6,39.39,5.07,1.23,30.04
20700,0,31.65,86.69,0,151.8,37.5,803.7,40.33,-11.75,-3.61,30.14
20720,0,21.68,80.36,7.44,55.4,-30.3,824.7,43.54,-11.15,-3.42,30.42
20740,0,11.16,85.48,18.14,108.6,-37.0,824.1,34.39,-7.61,-1.55,30.71
20760,0,6.63,78.69,30.91,26.7,-155.4,839.6,31.81,-11.64,-6.04,30.71
20780,5.97,4.38,64.15,41.87,62.6,-8.6,900.2,18.76,-8.31,-5.91,31.03
20800,1.46,3.98,42.14,58.09,52.6,-81.3,948.5,13.29,-18.89,-2.28,31.25
20820,1.29,1.31,35.84,64.82,29.6,-194.7,976.1,7.53,-22.05,-1.86,30.89
20840,0.48,0,22.22,63.12,14.5,-217.9,1031.3,-7.49,-24.24,1.12,31.12
20860,0,4.69,11.2,54.11,-0.4,-170.8,1033.7,-8.55,-26.44,1.19,31.06
20880,2.88,2.31,7.13,48.61,-95.2,-155.6,977.1,-20.74,-26.41,4.09,31.14
20900,2.04,0,4.35,33.62,-64.5,-197.2,1029.7,-26.36,-14.86,5.78,30.88
20920,3.38,0,2.12,25.08,-88.5,-194.0,960.9,-34.93,-12.39,9.74,30.78
20940,0,0,5.95,8.36,-88.7,-43.9,1051.4,-40.7,-8.01,5.28,30.36
20960,0,0,4.91,9.16,-93.0,40.0,986.9,-42.9,1.78,-2.17,30.12
20980,0,0,0,2.95,-82.6,62.7,1025.8,-42.3,4.87,-3.22,30.24
21000,1.35,0,3.71,5.16,-109.7,48.2,1036.1,-37.78,2.65,0.21,29.57
21020,2.94,0.67,0.45,0.14,-143.9,86.9,989.4,-35.6,18.77,-3.87,29.3
21040,0,0,0,0,-30.4,12.1,968.0,-24.69,6.45,-4.49,28.9
21060,3.06,0,0,0,85.5,131.8,982.2,-16.81,17.26,-5.15,28.97
21080,0,0,0.88,0,-38.2,58.6,990.8,-12.56,21.62,-3.23,28.41
21100,2.21,1.24,0.4,0,-45.8,137.6,958.2,-10.18,26.46,-4.2,27.98
21120,77.55,29.98,11.24,4.7,25.0,167.3,937.8,6.91,19.09,1.8,27.77
21140,65.58,33.04,16.52,0,32.3,99.1,955.9,6.82,24.72,3.01,28.29
21160,41.9,47.23,21.43,0.4,15.7,193.2,879.0,21.49,17.46,4.7,28.77
21180,28.02,58.55,30.35,1.37,151.8,133.4,820.4,33.36,15.48,4.85,29.46
21200,10.64,55.1,45.75,1.05,245.6,11.2,825.4,30.06,7.75,2.08,29.76
21220,6.71,53.08,64.44,2.52,96.8,52.1,793.4,38.72,9.04,3.95,29.81
21240,1.68,41.63,77.62,1.07,94.9,-29.5,864.3,44.18,2.52,2.01,30.01
21260,0,36.98,83.87,12.63,101.5,-42.1,841.9,35.93,-8.02,-1.43,30.13
21280,0.32,21.41,84.39,12.68,132.9,-53.8,801.1,38.25,-14.07,2.1,30.51
21300,0,5.97,84.29,20.61,15.8,-90.3,832.0,38.73,-8.5,-3.83,30.62
21320,3.13,7.75,64.18,36.26,107.4,-165.2,853.3,25.36,-22.08,-5.8,30.69
21340,8.32,4.06,58.56,43.48,8.1,-96.6,952.0,15.22,-14.6,-0.18,30.62
21360,0,0,41.76,54.8,11.4,-87.9,1014.3,15.94,-22.89,-2.56,31.2
21380,2.29,0,32.51,62.29,53.8,-163.5,977.7,1.93,-9.92,-3.89,31.26
21400,0,0,17.03,66.96,26.1,-66.0,1009.9,-9.14,-26.56,2.46,31.0
21420,0,0,8.63,59.19,-64.4,-121.6,982.9,-11.96,-19.59,4.07,30.85
21440,3.42,1.53,3.71,48.24,-64.7,-135.3,963.8,-26.02,-16.51,3.17,30.71
21460,0.27,1.96,4.04,35.16,-62.0,-184.7,1011.3,-31.82,-12.22,5.64,30.76
21480,0,0,0,20.74,-147.7,-121.7,1017.8,-34.56,-14.91,0.35,30.94
21500,3.47,0,0.37,9.8,-178.9,-23.7,1070.9,-36.73,-4.48,3.02,30.42
21520,0,1.34,0,7.57,-207.7,-106.6,987.6,-35.67,-1.86,3.28,30.13
21540,0,6.07,0,1.06,-30.8,19.1,973.5,-43.68,1.81,-0.03,30.14
21560,1.25,0,0,1.55,-124.7,41.5,1026.2,-39.56,-2.02,-3.69,30.16
21580,0,0,4.5,2.11,-114.1,84.7,975.0,-31.04,7.62,-4.89,29.47
21600,1.67,0,0,1.36,-72.0,124.1,982.3,-28.14,11.98,-0.83,28.85
21620,4.84,4.13,0,0,-57.2,145.6,921.1,-15.85,10.93,-6.63,28.78
21640,0,0,0.26,0,-10.7,145.1,993.4,-9.94,22.15,0.56,28.13
21660,4.44,0.59,0.19,0,-8.9,140.9,973.9,-2.71,23.14,-3.35,27.98
21680,72.77,29.75,9.48,2.26,-13.7,183.7,924.5,3.57,14.49,-0.14,27.69
21700,56.2,37.81,14.62,1.98,-29.8,75.9,899.6,18.76,26.92,4.64,28.02
21720,39.17,46.85,22.12,0,134.1,123.4,887.6,26.17,10.99,6.49,28.82
21740,25.34,56.8,34.92,2.95,84.4,24.8,886.8,21.6,12.09,6.05,29.15
21760,14.71,60.2,45.04,2.57,-46.5,87.5,877.5,32.57,9.47,3.08,29.55
21780,2.74,53.25,63.53,0,127.9,95.6,898.9,36.95,11.92,1.16,29.45
21800,1.96,41.66,81.52,3.69,82.4,62.2,726.2,41.51,0.11,0.09,30.1
21820,2.57,25.88,85.18,3.22,-12.4,84.3,796.9,37.04,13.07,-3.86,30.15
21840,1.27,13.41,79.5,15.43,74.2,8.6,813.9,36.22,-9.17,-1.77,31.02
21860,3.24,8.18,82.18,28.06,128.7,-9.0,874.0,31.65,-6.19,-1.31,30.87
21880,0.27,3.91,71.26,33.09,107.0,-189.4,887.7,26.64,-15.41,-6.74,30.81
21900,1.43,2.38,56.75,46.8,122.3,-156.5,920.4,20.7,-21.43,-6.14,30.96
21920,0,1.8,39.0,61.73,53.5,-143.1,977.7,15.76,-19.86,-0.28,30.6
21940,0,2.36,24.38,69.22,0.3,-150.1,982.6,6.18,-20.79,1.21,30.91
21960,0,5.23,20.7,65.62,-166.3,-169.9,1046.5,-5.62,-19.76,1.22,30.97
21980,4.5,0.29,4.98,54.93,-82.2,-132.2,965.2,-18.1,-16.82,3.23,30.91
22000,2.87,0.86,7.21,46.67,-109.6,-165.8,1016.8,-29.58,-15.97,4.76,30.52
22020,0,2.97,5.23,31.76,0.9,-41.5,1023.7,-27.03,-17.8,2.1,30.9
22040,0,2.42,1.92,21.27,14.9,-87.5,1027.2,-31.87,-8.26,0.19,30.44
22060,0,0,0,10.15,-130.4,-50.3,993.1,-37.83,-13.8,7.15,30.29
22080,0.35,0,2.57,0.88,-116.3,69.2,1015.9,-40.31,2.13,-1.74,29.81
22100,0.59,0,0,0.1,-103.7,86.3,992.8,-39.18,-3.21,-1.99,30.1
22120,0,0,0.73,4.58,-18.8,88.6,1026.8,-44.37,11.15,-2.5,29.81
22140,2.05,0,5.23,0.91,-167.5,41.4,991.3,-31.53,1.38,-3.12,29.48
22160,0,4.83,0,0,-74.5,103.9,1024.1,-21.76,14.05,-7.03,28.83
22180,8.96,0,3.7,0.77,-17.5,130.4,987.3,-21.27,16.46,-3.64,28.8
22200,0,2.35,0,0,-39.8,203.3,1073.9,-5.45,22.41,-0.58,28.5
22220,1.65,0,0,1.72,-32.2,255.3,1030.8,2.66,26.44,-0.62,27.72
22240,71.17,34.26,7.78,0,27.7,237.2,943.5,10.12,17.58,2.09,28.13
22260,59.71,45.9,15.98,0,97.6,69.3,955.7,18.67,15.19,6.98,28.76
22280,38.02,48.19,26.97,0.99,12.1,109.1,872.4,23.76,17.37,3.7,28.73
22300,20.25,56.18,38.33,3.06,109.8,111.4,884.2,31.5,8.6,5.62,29.49
22320,5.04,55.77,51.12,0.65,111.3,55.2,849.9,32.4,8.72,2.38,29.67
22340,1.89,48.18,68.61,0.38,98.1,81.1,815.1,36.74,9.98,2.43,29.89
22360,5.15,38.31,81.34,3.98,113.4,27.9,797.5,40.18,-1.44,2.82,30.47
22380,0,23.32,88.83,5.09,138.0,-105.7,772.4,37.75,2.23,0.28,30.16
22400,1.1,15.87,87.37,18.38,113.9,-25.1,754.5,36.93,-10.33,-4.02,30.17
22420,2.78,6.39,77.84,28.62,60.5,-68.9,934.9,30.19,-6.26,-7.2,30.45
22440,3.06,5.31,64.83,44.33,20.2,-127.5,877.8,29.08,-14.24,-0.73,31.19
22460,0,4.32,51.58,54.17,26.6,-61.2,917.9,17.23,-16.56,-1.6,31.12
22480,2.23,0,41.88,66.12,-24.4,-115.2,949.8,2.7,-25.88,-3.39,31.13
22500,5.32,7.16,25.96,63.45,-37.0,-154.5,971.7,-5.87,-25.97,0.94,30.97
22520,0,0,14.23,66.14,-3.3,-163.6,993.6,-12.91,-25.13,-0.62,31.07
22540,0.47,2.3,11.46,51.14,-36.0,-133.9,983.8,-18.78,-12.14,2.26,30.75
22560,0.94,5.01,8.51,37.57,16.4,-119.8,1003.2,-20.67,-10.97,2.33,30.4
22580,0.61,0,4.78,18.73,-73.3,-56.4,1002.0,-29.06,-6.47,1.47,30.61
22600,0,2.51,3.25,17.97,-82.3,19.9,1004.5,-41.47,0.69,8.24,30.87
22620,0,2.48,2.71,6.49,-131.4,-72.0,998.9,-38.3,1.75,0.29,30.62
22640,2.78,1.32,0,5.41,-77.0,-35.7,956.0,-41.32,5.0,-1.16,30.4
22660,0,2.52,0,0,-120.9,20.1,991.2,-38.5,4.76,0.67,29.93
22680,4.13,1.72,2.04,1.42,-105.8,76.9,995.9,-34.87,13.81,-1.46,29.33
22700,0,0,2.27,0,60.4,-42.4,961.3,-32.54,17.49,-3.76,29.32
22720,1.15,0,0,0,-89.6,167.3,998.3,-19.8,22.57,-2.81,29.16
22740,0,1.51,0,0,35.1,144.1,1037.5,-18.42,24.54,-3.8,28.34
22760,0,1.42,0.77,0,-109.7,175.1,998.5,-4.9,13.33,-0.65,28.26
22780,79.07,20.19,8.35,0,-69.4,235.5,969.5,-4.2,17.37,-1.69,28.02
22800,67.36,33.87,12.97,0,30.7,200.9,912.4,12.33,9.65,1.9,28.18
22820,50.07,43.05,24.11,0,57.4,107.9,917.4,16.56,15.03,5.77,28.54
22840,29.86,57.68,29.94,0,64.9,207.6,932.8,24.68,12.9,3.71,29.17
22860,16.04,54.06,45.93,0,105.2,77.7,860.4,31.2,8.45,8.9,29.38
22880,4.02,55.54,62.4,4.04,38.3,81.1,807.0,29.64,11.66,4.03,29.96
22900,1.8,51.53,70.1,0.37,65.5,-4.4,800.1,41.47,6.97,1.24,30.15
22920,0,36.15,83.25,0,181.8,70.6,810.6,38.88,7.18,2.3,29.94
22940,1.26,19.93,85.09,5.35,162.0,-37.0,798.6,32.33,-8.31,-3.92,30.3
22960,3.84,16.6,79.98,13.97,46.9,-72.2,815.4,37.78,-7.74,-4.44,30.66
22980,0,5.72,79.03,27.9,99.7,-135.9,802.3,31.85,-11.56,-4.17,30.83
23000,0,0.85,56.46,41.77,127.1,-164.2,844.8,20.4,-16.23,-1.36,30.79
23020,0.96,0,49.84,54.59,124.1,-61.7,892.1,14.81,-6.4,-4.83,30.56
23040,3.05,0,32.09,64.75,38.0,-97.7,959.8,12.92,-23.97,1.28,31.03
23060,3.16,0,24.07,62.56,-29.5,-229.5,1045.0,1.51,-18.83,-3.57,31.03
23080,5.27,0,13.63,59.8,-15.1,-109.0,1005.0,-13.3,-25.69,4.8,31.23
23100,3.63,0,6.39,51.91,-53.6,-165.3,994.8,-17.5,-18.24,0.83,30.97
23120,1.91,0.49,6.48,36.96,-78.6,-107.5,1019.0,-25.39,-11.8,5.37,30.83
23140,0.66,2.5,5.47,24.56,-37.6,-75.8,949.8,-28.25,-14.86,5.99,30.64
23160,0,0,0,14.61,-96.8,-79.7,1055.7,-42.32,-4.93,1.11,30.55
23180,1.6,0,4.38,3.33,-115.4,-43.1,1008.4,-45.7,7.2,1.39,30.55
23200,4.83,0,4.36,7.27,-47.0,92.6,997.7,-37.66,-5.78,1.43,29.83
23220,1.6,0,0,5.69,-138.3,145.8,1004.1,-37.95,-7.96,-3.4,29.67
23240,0,0,0.99,0,-6.0,33.9,995.8,-35.19,19.86,-2.87,29.58
23260,0,4.11,0,3.82,-107.8,45.2,1032.3,-25.52,23.59,-1.89,29.5
23280,0.88,0,4.91,0.31,-9.3,128.7,969.8,-23.3,16.83,-5.66,28.8
23300,1.26,3.1,0,0,-35.5,115.5,1018.7,-13.68,17.28,-3.74,28.64
23320,0,7.27,0,0,34.7,151.6,1019.6,-11.47,15.66,-1.09,28.09
23340,74.98,28.12,7.27,0,14.1,151.3,1020.3,1.99,22.58,0.92,28.24
23360,63.45,33.35,8.14,1.82,111.9,110.7,962.4,13.35,20.66,0.87,28.42
23380,48.55,47.81,20.24,0,77.8,61.3,900.4,19.61,13.76,3.69,28.46
23400,24.45,56.53,26.02,0,140.7,145.0,825.3,32.04,18.65,7.41,28.97
23420,11.43,55.86,49.24,0,105.2,99.5,872.7,31.69,7.81,-1.49,29.38
23440,8.38,53.76,62.44,0,6.5,151.6,768.2,40.3,9.13,5.81,29.69
23460,0,45.02,74.24,4.47,156.9,-27.6,852.0,34.83,6.48,2.48,29.83
23480,5.81,31.65,77.79,3.94,106.3,-48.5,781.3,40.64,-8.7,0.61,30.26
23500,0,21.98,88.88,10.8,137.8,-39.5,773.4,38.25,-9.28,-3.54,30.32
23520,0,9.7,82.94,17.06,52.9,31.4,823.1,37.44,-10.52,-5.9,30.61
23540,1.08,4.44,68.1,29.78,55.9,-131.4,821.2,28.63,-12.42,-2.86,30.39
23560,0,0,59.51,47.1,65.7,-98.0,898.1,22.16,-24.75,-3.34,30.63
23580,1.15,0.46,41.4,55.17,-40.6,-42.1,932.6,17.25,-24.94,-1.81,30.98
23600,0,0,28.87,60.53,-54.6,-111.7,934.9,-1.39,-21.25,0.23,30.94
23620,0.81,4.43,17.81,62.72,-90.1,-203.8,987.9,-3.46,-24.11,5.35,31.03
23640,1.38,0.71,10.03,59.25,-87.8,-137.8,1022.4,-8.01,-20.66,4.71,30.79
23660,2.54,0,7.13,42.7,-32.4,-204.0,1017.8,-27.12,-12.63,2.92,31.13
23680,0,0,5.61,33.07,-122.4,-86.3,946.1,-24.44,-16.29,5.34,30.88
23700,0,0,0,17.42,-57.5,-75.7,1019.2,-32.01,-6.13,5.08,30.54
23720,1.99,0,0,11.47,-49.1,-61.9,969.0,-35.91,-4.76,4.51,30.31
23740,0,0,1.19,3.03,-95.1,32.4,1019.0,-40.99,-5.64,1.75,30.43
23760,0,0,3.77,1.02,-84.0,-2.1,1044.1,-37.24,-2.17,0.03,30.09
23780,0.6,0,4.49,0,-21.2,-10.7,1000.5,-39.37,9.5,-0.48,29.69
23800,2.67,1.1,0.65,7.6,-98.1,-23.7,1006.8,-39.17,16.45,-3.29,29.59
23820,0,0,0.84,0,-62.9,107.3,963.1,-35.43,12.09,-5.96,29.09
23840,2.05,0,3.73,1.45,-42.6,136.0,1005.1,-20.69,21.68,-8.75,29.12
23860,0,0,1.41,0,-11.1,135.3,987.5,-10.24,15.28,-3.97,28.53
23880,4.06,7.19,0,2.63,26.4,170.0,1007.6,-4.33,18.06,-0.44,27.87
23900,76.79,25.06,5.39,0,1.8,74.7,980.5,3.38,21.28,-0.14,28.36
23920,61.1,35.84,11.36,3.05,2.8,130.6,903.5,14.59,23.62,4.21,28.46
23940,45.03,48.1,25.51,1.0,-9.6,60.7,929.4,18.29,11.02,2.23,28.77
23960,20.46,57.75,30.24,0.69,62.3,149.7,821.1,32.04,14.56,5.24,29.04
23980,13.01,58.34,46.71,2.79,101.3,98.7,793.3,33.83,14.2,7.67,29.28
24000,2.58,53.49,58.41,0,112.0,0.7,811.4,40.89,8.43,5.52,29.76
24020,1.69,44.68,73.27,5.89,85.1,-19.6,823.2,39.86,10.02,1.7,29.9
24040,2.98,35.12,85.71,8.81,-4.4,-116.3,798.5,38.94,-1.37,-1.91,30.38
24060,0.76,18.31,89.42,15.85,123.4,-65.1,819.1,36.64,-9.33,-1.64,30.24
24080,0.85,11.82,80.72,21.84,99.6,-9.3,826.2,32.92,-9.57,-2.95,30.75
24100,0,2.22,63.1,35.58,59.9,-137.2,869.0,29.63,-13.7,-4.31,31.1
24120,0,6.36,59.48,41.45,60.1,-222.5,924.0,17.67,-22.99,-5.98,30.94
24140,0,0,38.53,54.99,-23.6,-147.8,923.6,6.21,-10.12,-2.94,30.77
24160,0.4,0.41,28.78,64.82,-35.2,-227.2,1016.9,-2.74,-16.5,-6.81,30.71
24180,4.1,2.88,14.3,64.35,-11.8,-180.6,1028.6,-6.8,-30.56,0.4,31.08
24200,0,0,13.4,53.81,-52.1,-183.8,1019.9,-14.81,-18.35,-1.48,31.18
24220,0.05,2.15,4.34,35.81,-103.0,-150.2,1024.0,-24.36,-19.49,4.11,30.8
24240,0,0.83,2.13,35.52,-24.3,-57.8,962.3,-28.64,-15.91,6.25,30.81
24260,0.15,0,0,20.84,-89.4,-42.9,996.8,-35.74,-16.62,4.41,30.46
24280,3.02,0,0,10.15,-11.1,-18.8,989.0,-35.34,-0.66,4.89,30.4
24300,1.62,0,0,2.92,-169.8,-58.1,1004.3,-36.24,-4.7,0.8,30.12
24320,0,2.81,0,0.81,-160.9,1.8,1026.0,-41.44,-0.2,-0.04,29.89
24340,0,1.16,0,5.19,-85.7,51.5,1029.8,-40.04,11.43,-2.38,29.61
24360,0,0,0,0,-88.8,128.3,1007.8,-29.62,7.91,-4.77,28.84
24380,4.16,0,0,2.32,-82.4,165.4,950.7,-22.63,12.9,-4.84,28.68
24400,0,0.32,0,0,-77.3,167.3,1031.8,-18.61,16.08,-5.95,28.77
24420,3.6,4.47,0,0,-54.1,108.8,1009.8,-14.35,20.19,4.04,28.05
24440,0,0,0,1.76,-27.9,166.0,1018.8,0.42,26.27,-1.91,28.31
24460,73.82,30.63,9.19,3.41,35.7,216.0,985.0,12.45,15.43,2.94,28.28
24480,54.7,43.3,15.74,1.94,4.5,50.1,891.4,16.24,19.1,-0.01,28.3
24500,39.89,56.71,22.33,0,136.8,112.8,857.5,25.43,22.91,4.57,28.55
24520,17.88,55.36,35.7,0.74,62.9,40.5,818.8,33.19,19.31,4.54,29.42
24540,15.25,57.62,55.14,2.41,118.2,91.8,859.7,36.35,11.16,7.47,29.57
24560,1.06,46.4,66.93,2.78,128.1,87.6,805.7,35.42,0.15,5.88,29.75
24580,1.0,39.75,80.2,2.22,159.9,15.8,808.4,34.02,-1.73,1.1,30.44
24600,6.18,24.51,86.63,6.02,106.2,22.8,792.8,42.82,-0.53,-0.09,30.36
24620,0,11.45,83.04,16.57,37.5,-107.7,817.5,34.0,-10.46,-0.67,30.62
24640,0,11.11,75.5,28.2,78.2,-58.9,872.6,32.21,-18.85,-5.89,30.3
24660,2.55,0.52,63.86,37.1,31.7,-79.2,873.4,25.03,-19.48,-4.77,30.58
24680,0,0.52,56.29,45.15,80.1,-94.6,899.0,24.33,-13.79,-6.18,31.02
24700,0,0.99,40.32,59.66,201.0,-84.0,968.5,9.41,-18.17,-5.04,30.8
24720,0,0,26.39,66.83,-4.3,-109.5,1006.0,-1.78,-20.14,-1.77,31.23
24740,0,0,15.42,63.89,41.0,-93.4,929.9,-9.75,-32.73,3.51,30.93
24760,0,3.17,3.88,55.42,-104.1,-106.4,975.2,-21.17,-14.18,9.08,31.23
24780,0,0,3.84,45.33,-120.5,-202.6,995.1,-22.18,-11.8,1.47,30.87
24800,0.38,0,0.33,28.42,-26.4,-84.5,1017.2,-24.59,-11.38,-0.72,30.58
24820,1.63,0,0,13.92,-100.4,-98.7,988.4,-35.3,-12.28,0.74,30.72
24840,0,3.69,3.0,11.41,-190.1,-13.3,1040.5,-38.48,1.93,-1.12,30.1
24860,0.54,0,5.03,8.98,-30.4,21.8,994.7,-43.15,-3.11,-0.95,30.28
24880,4.27,3.99,2.08,6.01,-123.0,37.8,1019.3,-36.59,13.47,-2.75,29.95
24900,3.48,0.57,6.03,3.02,-115.8,47.4,1043.0,-40.47,3.97,-5.15,29.58
24920,0.02,0,3.76,2.05,-117.2,121.3,986.9,-29.29,-0.61,-6.41,29.33
24940,0,3.46,0,0.01,-22.6,110.7,930.5,-23.47,16.99,-5.05,29.08
24960,0,0,0,2.7,-23.8,142.1,989.3,-18.86,17.94,-3.79,28.9
24980,4.76,0,0,0,22.6,177.7,1016.1,-7.64,27.67,-2.47,28.63
25000,74.22,23.05,10.31,1.25,-35.3,139.7,994.4,2.98,15.66,-2.42,27.9
25020,67.64,30.63,11.54,0,88.2,105.0,998.5,8.23,17.08,1.36,28.3
25040,55.01,46.84,16.46,0,-9.4,45.8,933.8,14.96,18.87,1.7,28.71
25060,31.74,53.75,29.25,0,54.7,189.3,910.6,21.91,18.52,1.14,28.98
25080,16.6,60.01,34.82,0,82.6,113.0,825.8,28.56,16.98,2.77,29.33
25100,6.54,51.2,55.72,0.13,187.6,-21.9,804.7,32.51,16.21,4.28,29.44
25120,0.29,47.64,70.48,2.49,46.8,92.9,817.4,38.62,-1.28,-0.91,29.87
25140,0,34.21,75.28,9.26,81.6,46.1,821.7,36.83,-12.37,2.84,29.99
25160,0.87,22.7,83.77,10.92,58.2,-1.3,833.6,38.99,-0.71,-3.11,30.32
25180,2.24,18.09,83.62,17.0,75.1,-26.1,859.9,30.18,-4.56,-4.19,30.3
25200,1.37,8.22,71.88,26.07,75.6,-75.6,835.2,35.41,-26.02,-6.51,30.87
25220,0,7.05,63.03,41.49,60.8,-136.8,918.2,24.6,-18.48,-3.9,30.75
25240,0.35,6.69,49.55,53.19,1.8,-195.0,909.7,18.86,-15.21,-2.38,31.36
25260,1.31,0,33.78,63.21,3.8,-119.1,999.5,6.08,-26.01,-1.8,31.1
25280,4.49,0,21.85,68.36,-41.1,-214.6,949.1,-0.19,-15.84,3.35,31.01
25300,0.06,1.11,13.05,64.06,-0.8,-156.6,962.9,-8.99,-17.56,-0.55,31.08
25320,0,0.98,11.38,52.17,-15.2,-105.0,993.5,-15.24,-14.82,1.3,31.19
25340,0,1.28,1.88,37.28,-25.3,-135.6,1011.8,-28.23,-20.08,2.75,30.62
25360,2.23,0,5.25,21.95,-102.4,-101.0,936.9,-35.7,-19.58,4.59,30.44
25380,1.75,0,0,10.86,-101.9,-37.5,1028.7,-38.14,-0.19,1.96,30.42
25400,0.18,0,1.9,2.79,-195.9,15.4,995.0,-38.32,0.33,1.94,30.46
25420,1.65,0,0.44,7.91,-150.7,-23.2,1043.7,-39.4,-5.44,1.32,30.11
25440,0,2.39,0.32,2.07,-144.3,6.7,1015.6,-39.79,4.14,-3.09,29.86
25460,0,6.43,4.98,0,-172.6,43.5,1035.5,-30.4,21.45,-5.84,29.65
25480,0,2.32,2.44,0,-21.5,79.3,974.0,-35.06,9.02,-5.59,29.39
25500,4.33,0,1.4,0,-31.9,106.5,1016.7,-24.03,18.11,-3.92,28.74
25520,0,0,2.57,2.52,-19.1,152.9,1039.3,-18.03,22.19,-3.18,28.48
25540,4.01,2.34,0.49,3.0,45.7,270.0,991.5,-4.26,22.34,-1.51,28.55
25560,75.17,19.41,3.79,0,-0.8,128.4,997.6,-0.05,18.11,2.93,28.23
25580,71.51,34.23,16.06,2.17,-20.1,131.5,891.7,13.12,26.8,5.72,28.37
25600,47.3,43.03,16.3,0.88,3.1,56.2,900.4,20.04,22.18,2.94,28.66
25620,30.84,47.61,34.56,0,90.5,115.5,830.3,22.31,12.46,2.07,28.84
25640,14.66,57.59,45.35,0,-25.5,86.2,837.8,33.78,10.28,5.78,29.42
25660,1.45,53.38,57.24,0.8,77.9,148.3,791.4,40.48,5.43,1.24,29.79
25680,3.21,47.25,74.05,0.11,129.1,29.4,787.7,39.23,-1.47,6.07,30.0
25700,0,35.84,79.91,2.86,83.2,61.6,804.1,35.74,-1.86,2.38,30.0
25720,0,24.71,83.02,15.4,90.9,71.2,770.6,42.05,0.37,-4.75,30.6
25740,0,6.81,81.48,24.67,47.6,-71.2,822.0,33.28,-6.54,-2.25,30.5
25760,2.62,5.93,71.08,30.75,53.1,-93.0,823.1,30.3,-19.07,-1.37,30.62
25780,6.76,1.69,58.12,44.21,20.8,-83.7,869.9,20.55,-20.42,-1.88,30.51
25800,0,0,45.26,59.44,13.3,-136.5,864.9,16.3,-12.49,-5.19,31.04
25820,0,0,33.52,66.08,62.1,-129.2,1007.5,3.5,-19.31,-3.62,30.9
25840,0,0.58,20.1,61.31,35.0,-155.6,995.7,-6.34,-18.28,-1.39,30.82
25860,1.91,0,9.96,56.8,-23.4,-80.2,1037.2,-12.02,-16.23,4.15,31.01
25880,1.48,0.92,8.11,47.05,-91.6,-184.2,1020.7,-19.95,-12.85,3.43,30.95
25900,0,0,6.28,37.6,-18.0,-107.4,991.3,-27.18,-16.27,7.52,30.79
25920,0,3.03,5.09,23.38,-77.7,-97.9,1019.3,-36.87,-5.79,6.53,30.63
25940,0,0,0,9.69,2.5,42.7,1034.8,-36.8,-8.13,1.89,30.15
25960,3.5,2.1,0,6.73,-107.7,-30.4,979.6,-41.85,-7.35,2.27,30.59
25980,0,0,1.86,0,-105.2,-27.6,982.4,-36.3,5.2,-3.02,30.2
26000,8.87,0,1.81,0,-81.0,39.2,1033.3,-38.6,13.36,0.67,29.75
26020,0,0,0,1.59,-93.2,123.9,1045.8,-35.37,13.09,-6.36,29.88
26040,0,0,0,0,-41.9,140.8,990.5,-28.3,11.82,-6.0,29.22
26060,1.83,0.74,0,0,-108.9,137.7,1064.2,-24.62,19.72,-5.67,29.07
26080,5.1,5.22,1.56,2.53,-32.7,209.9,947.3,-9.71,7.39,-5.43,28.73
26100,0,8.57,0.54,2.0,-39.5,294.7,1042.0,-12.65,20.9,2.7,28.25
26120,72.76,27.99,4.9,0,80.6,41.8,1022.2,-3.6,23.85,2.93,27.97
26140,62.23,40.07,11.59,0,-31.5,134.2,890.6,14.44,27.18,2.63,28.59
26160,45.4,44.68,24.93,3.95,59.3,132.3,859.5,20.74,24.38,1.08,28.6
26180,32.78,62.01,29.8,0,54.8,126.6,843.4,25.45,12.86,6.93,29.34
26200,11.71,56.06,45.24,0,163.6,57.5,800.9,29.33,5.13,4.35,29.89
26220,0.98,48.95,58.47,1.87,69.4,124.5,855.7,33.34,-0.51,6.33,29.47
26240,0,41.02,72.0,1.92,90.3,133.6,811.3,36.57,-2.97,4.34,30.12
26260,0,24.4,81.87,10.24,9.3,67.0,868.0,41.21,3.65,-3.57,29.76
26280,0,14.53,82.35,10.95,43.5,-42.7,832.0,40.63,-6.47,-3.77,30.26
26300,0,15.39,79.89,22.4,29.1,-78.6,837.3,33.03,-10.03,-5.1,30.18
26320,3.77,5.58,73.87,32.78,71.4,-148.2,863.8,32.78,-12.25,-4.06,30.86
26340,0,0,57.08,46.86,76.7,-205.2,884.2,24.32,-18.62,-1.16,30.73
26360,0,0.97,38.57,59.04,19.4,-201.9,932.8,11.13,-23.64,-5.95,31.08
26380,4.22,0,27.53,60.03,44.1,-182.3,947.5,4.15,-22.82,-2.84,31.19
26400,0,0,25.81,68.04,-87.7,-147.6,981.8,-5.01,-14.84,2.71,30.71
26420,0,0,13.38,58.07,-57.9,-118.0,958.0,-18.94,-13.68,5.9,31.46
26440,3.71,0,5.09,45.06,-10.7,-130.0,991.5,-24.44,-23.07,4.84,30.85
26460,2.62,0,5.18,33.91,-33.2,-124.5,995.1,-22.51,-23.54,6.54,30.47
26480,0,2.94,0.22,19.6,12.4,-33.7,1015.0,-31.56,-6.24,3.59,30.84
26500,0,0,0.9,10.25,-18.2,23.3,1001.6,-38.33,-4.81,5.04,30.78
26520,0,4.8,0.95,1.52,-52.5,-70.3,948.2,-39.77,-8.71,2.42,30.39
26540,2.93,3.07,0,3.45,-187.9,-15.8,1017.2,-40.53,-3.03,-2.53,29.93
26560,2.3,0,0,2.18,-153.5,-60.1,1002.1,-44.21,12.62,-6.55,29.86
26580,0.76,1.24,0,0,9.7,49.5,1004.7,-36.55,10.51,-3.0,29.5
26600,3.91,0,0,1.36,-66.5,95.7,992.2,-29.99,16.09,-2.93,29.02
26620,0.64,0.78,0.78,1.36,-165.5,180.2,1012.1,-20.79,22.43,-6.01,28.38
26640,0,4.39,0,1.12,-43.6,101.3,963.1,-10.48,15.59,-0.62,28.48
26660,0,1.42,0.84,0.75,14.6,133.3,993.7,-0.35,17.69,-3.58,28.42
26680,72.69,34.04,9.72,0.8,71.0,202.4,961.6,3.08,25.06,-1.49,28.46
26700,55.61,40.15,14.15,6.01,-7.3,220.8,975.9,13.12,18.35,4.11,28.69
26720,40.34,50.03,20.08,0.97,59.3,167.7,902.0,24.49,23.23,6.25,28.88
26740,23.89,53.94,32.61,0,128.8,73.3,845.8,31.16,19.36,3.3,29.46
26760,6.87,57.48,44.63,2.52,31.2,86.3,822.8,41.44,21.99,2.62,29.48
26780,3.7,56.69,69.23,2.6,39.4,39.3,793.6,35.56,7.58,1.87,29.74
26800,0,42.86,81.5,4.75,142.5,71.8,828.6,39.66,0.98,-3.33,30.02
26820,0.76,27.83,83.24,3.94,177.4,-10.6,816.5,42.11,-6.94,-2.85,30.17
26840,0.87,19.21,85.1,17.62,132.7,-99.0,850.4,38.45,3.86,-3.62,30.39
26860,0.13,13.27,73.87,24.89,130.9,-61.1,830.2,31.7,-2.57,-6.79,30.6
26880,0,5.99,65.05,40.03,34.2,-152.3,905.0,29.47,-13.53,-5.06,30.84
26900,1.94,3.82,56.06,49.41,76.4,-91.1,923.0,14.94,-4.18,-3.98,30.99
26920,0,0,39.48,54.6,4.9,-95.4,959.5,5.96,-19.27,-2.91,30.93
26940,0,1.81,28.34,61.47,-46.5,-164.7,1025.9,5.75,-19.14,0.79,30.88
26960,0,1.43,20.09,63.8,47.0,-137.9,1013.6,-9.36,-14.38,1.45,30.96
26980,1.81,3.32,6.17,53.67,-11.6,-178.0,980.7,-18.0,-13.89,3.95,30.75
27000,0,0.03,4.78,45.45,-78.9,-44.6,1063.8,-23.77,-13.59,6.49,30.61
27020,0.04,0.08,0,26.74,-113.1,-55.3,987.9,-24.58,-13.12,6.15,30.86
27040,0,0,0,21.29,-35.9,-111.2,1049.4,-39.87,-7.84,-1.52,30.9
27060,0,2.01,4.27,14.22,-151.1,13.3,1010.5,-39.95,-5.98,-0.81,30.42
27080,0,2.76,2.97,3.0,-113.1,44.8,1036.7,-41.62,5.06,4.03,29.95
27100,0,0,1.13,3.78,-125.3,-9.1,1045.6,-40.03,-3.76,-0.09,29.59
27120,0,0,0,0,-61.1,77.9,1007.8,-37.35,11.94,-2.7,29.59
27140,0.01,0,0,0,-93.7,29.5,962.5,-30.19,13.17,-5.77,29.48
27160,2.18,0.85,3.01,2.53,-110.3,154.6,999.3,-28.99,9.82,-4.87,29.11
27180,0,0.09,0,0,-180.6,196.1,986.2,-18.97,18.38,-5.83,28.38
27200,0,0,0,0,-92.4,159.5,983.3,-12.87,21.77,-4.42,28.56
27220,0.18,3.37,0.57,0,3.0,175.6,978.1,-7.69,22.86,0.41,28.03
27240,78.24,30.25,10.57,3.8,-2.0,167.2,947.4,9.78,16.03,3.59,28.31
27260,55.44,44.73,14.44,0.93,-8.7,147.1,880.2,17.02,18.76,-1.02,28.64
27280,36.61,55.11,22.44,3.6,23.0,20.3,887.4,22.91,13.37,4.02,29.22
27300,17.01,53.55,41.77,0,43.4,-13.3,788.6,28.03,4.81,3.4,29.29
27320,12.89,53.78,51.49,0,132.9,119.3,800.0,31.85,9.13,6.03,29.53
27340,3.09,46.13,63.08,0.33,169.0,-24.2,821.7,37.5,10.76,2.7,29.89
27360,0,38.6,80.73,6.32,38.5,17.6,810.5,40.2,-4.36,1.7,30.11
27380,2.54,26.65,82.43,11.25,141.8,-62.0,781.6,37.93,-3.17,-5.91,30.52
27400,4.7,10.86,84.86,15.04,143.0,-92.5,851.3,38.4,1.12,-0.27,30.23
27420,4.15,11.16,76.99,26.68,32.5,-105.6,882.8,28.43,-8.3,-5.35,30.85
27440,0,0,60.53,38.71,-41.6,-116.7,892.1,21.82,-13.42,-1.16,30.94
27460,0.32,1.19,53.16,51.39,85.2,-101.3,913.4,19.57,-28.65,-1.89,30.83
27480,0,2.32,35.68,66.76,3.2,-118.5,1000.4,8.58,-22.33,-2.18,31.18
27500,0,3.25,24.19,64.78,51.7,-127.0,1009.4,-3.22,-18.51,0.84,31.26
27520,0,3.35,13.12,57.42,-28.0,-197.5,1017.5,-5.65,-24.9,3.13,31.14
27540,0,0,5.08,51.29,-57.2,-231.8,994.3,-19.56,-22.44,2.55,30.83
27560,1.1,0.83,4.41,39.0,-151.8,-114.3,1050.7,-28.03,-1.84,4.17,30.81
27580,0.79,4.17,0.59,27.49,-133.9,-73.8,986.7,-34.06,-15.63,4.53,30.92
27600,0,0,0,18.5,-94.8,-35.3,967.7,-32.33,-16.13,1.58,30.62
27620,0.65,0.61,0,3.94,-45.8,-37.0,981.3,-34.38,-0.28,2.2,30.16
27640,0,0,2.65,4.69,-45.0,-40.2,1000.5,-40.32,-0.69,1.08,30.22
27660,0,0,1.07,0,-43.2,81.7,986.4,-33.57,6.38,-2.27,29.7
27680,1.83,6.29,0,2.5,-96.6,60.3,986.9,-36.64,8.41,-1.72,29.6
27700,3.01,0,2.29,0,-95.4,10.2,1020.2,-25.83,5.16,-5.75,28.99
27720,0.03,0.38,1.96,2.83,-96.6,195.3,1002.3,-23.01,11.95,-2.83,28.95
27740,1.3,2.63,0,2.66,18.4,127.9,982.1,-16.49,11.9,-5.01,28.55
27760,0,1.39,3.69,0,45.1,55.6,954.6,-6.95,18.54,-2.42,28.46
27780,77.67,22.87,9.75,0,32.1,192.2,1001.9,-0.21,18.82,1.2,28.02
27800,68.27,32.92,10.28,0,41.7,119.5,948.9,3.13,17.73,2.99,28.52
27820,51.18,45.2,18.23,0,130.2,110.3,896.7,15.89,20.94,0.88,28.18
27840,38.77,55.09,35.05,1.83,119.2,55.7,881.9,23.57,13.84,2.42,29.03
27860,18.75,52.2,41.99,3.28,120.9,91.9,803.4,27.58,6.79,6.59,29.35
27880,9.41,58.98,53.44,2.55,24.2,106.9,809.6,33.71,3.72,4.8,30.09
27900,1.55,48.25,69.32,1.31,126.6,57.9,857.6,41.92,3.41,0.63,29.79
27920,3.75,38.57,79.77,2.36,193.6,63.5,781.0,40.91,2.23,-0.5,29.96
27940,0,22.83,91.73,11.49,101.5,-54.9,821.4,38.01,-2.6,-6.01,30.3
27960,1.16,15.2,84.64,21.18,152.6,-71.7,813.5,34.89,-11.98,-1.45,30.73
27980,0,4.98,76.55,31.53,114.5,-1.2,859.8,26.91,-6.68,-4.95,30.43
28000,1.85,2.73,60.52,45.63,95.9,-165.1,847.4,19.05,-23.26,-5.23,30.58
28020,0,0,47.25,55.78,40.0,-225.9,929.8,18.59,-21.19,-3.87,31.14
28040,1.24,0,38.56,60.37,10.3,-104.6,989.8,8.29,-13.95,-2.05,31.08
28060,3.43,2.55,23.24,63.03,42.4,-186.7,1018.3,1.16,-19.5,1.27,30.78
28080,2.54,0,16.91,62.42,12.8,-137.5,1031.4,-12.36,-21.65,4.36,31.18
28100,0,1.45,4.69,52.84,-28.0,-56.6,983.1,-14.25,-7.29,4.27,30.96
28120,3.44,0,0.37,34.65,-80.2,-40.5,1029.9,-27.72,-13.5,3.77,30.41
28140,2.99,2.11,6.09,25.49,-93.0,-120.7,1062.1,-30.36,-9.19,2.85,30.51
28160,1.5,1.1,1.65,16.63,-63.9,-44.5,995.5,-34.59,-1.94,2.28,30.39
28180,3.86,0,0.6,5.35,-102.3,50.2,1008.7,-36.86,-1.77,0.41,30.35
28200,0,0,2.65,2.31,-30.8,19.5,953.3,-41.74,2.01,1.59,29.87
28220,3.97,1.08,0.76,3.08,-63.5,-38.1,1048.5,-36.78,6.23,-1.54,29.51
28240,0,4.03,0,1.3,-111.2,95.5,978.4,-38.15,10.15,-1.15,29.53
28260,0,3.39,1.27,2.1,-92.5,118.6,1013.2,-29.9,15.88,-1.12,29.27
28280,0,0,0,3.11,45.7,112.0,1050.3,-22.45,13.22,-6.55,29.2
28300,4.02,1.31,0.1,0,-52.0,97.7,1016.0,-16.19,18.64,-4.31,28.53
28320,0,3.71,3.81,1.65,-35.5,116.0,1015.4,-4.13,23.19,0.04,27.89
28340,75.84,23.59,6.04,0,46.2,134.3,982.5,1.9,13.04,-2.2,28.14
28360,65.58,36.88,10.8,1.23,98.0,144.4,961.6,12.05,10.49,-0.35,28.66
28380,44.63,47.54,24.15,0,110.6,184.7,881.3,18.89,16.18,7.24,28.74
28400,30.67,56.56,36.08,1.48,94.4,122.6,893.9,27.77,12.02,5.66,29.28
28420,16.58,55.99,46.73,0,53.0,130.4,856.4,35.38,9.49,6.06,29.68
28440,5.55,48.93,59.98,4.63,72.5,67.2,857.4,33.75,5.6,3.54,29.58
28460,8.81,48.59,69.82,0.9,73.4,-27.6,801.9,39.52,4.56,-0.17,29.96
28480,1.45,31.5,80.94,4.09,120.7,-100.1,848.5,42.06,-2.12,-1.96,30.1
28500,6.15,15.69,84.96,13.75,150.6,-22.5,842.7,41.02,-3.97,-1.61,30.17
28520,3.38,10.03,84.04,14.99,69.9,-179.5,875.1,33.76,-11.76,-6.69,30.51
28540,0.71,7.88,67.82,31.83,62.3,-31.7,847.9,24.07,-12.14,-9.51,30.63
28560,3.39,0,57.9,42.14,129.4,-111.5,879.5,21.23,-21.46,-4.84,30.66
28580,3.31,2.63,48.47,54.37,-51.4,-173.9,932.8,13.93,-15.49,-0.6,30.86
28600,1.69,0,29.75,65.76,16.5,-66.2,941.8,1.89,-14.14,-1.91,30.89
28620,0,0.16,23.44,69.92,20.5,-83.9,1015.1,-0.69,-20.77,-1.56,31.04
28640,0,0,14.76,53.2,-139.5,-58.4,1016.7,-10.38,-17.41,2.78,30.89
28660,0,1.72,5.35,45.26,-112.7,-158.1,1012.5,-21.62,-14.83,6.53,30.55
28680,0,0,2.8,35.58,-48.8,-77.2,1012.8,-28.09,-6.2,4.58,30.73
28700,3.45,1.69,1.84,18.31,-121.8,-205.8,996.0,-36.32,-17.18,0.58,30.74
28720,3.73,0,2.4,10.8,-67.5,-62.2,990.9,-34.37,-9.95,4.49,30.66
28740,5.17,0,0.98,4.35,-146.3,-73.6,966.6,-35.86,0.92,1.98,30.06
28760,1.56,0,0,0,-172.5,123.9,980.7,-37.84,-5.95,-3.53,30.0
28780,0,0,0,0,-127.4,94.8,954.3,-37.27,20.18,-1.75,29.84
28800,0,3.49,0,4.06,-122.1,60.5,947.5,-31.25,11.56,-4.75,29.63
28820,1.63,0,0,1.23,9.5,68.4,986.7,-26.4,18.13,-5.72,29.1
28840,0,0.38,0,3.49,-4.1,167.7,1042.8,-19.7,11.47,-4.42,29.07
28860,0,1.94,0,4.66,-13.5,92.3,972.2,-17.73,16.51,-2.16,28.4
28880,0,0,4.17,0,81.1,53.1,1036.1,-0.43,19.95,-0.25,28.28
28900,74.39,23.91,8.93,2.19,43.9,167.0,988.6,9.41,11.73,3.02,28.24
28920,55.68,35.86,16.07,0.06,45.5,157.4,939.9,13.33,19.87,2.22,28.4
28940,41.88,47.08,21.5,3.29,123.9,84.0,826.5,24.62,17.72,-0.43,28.68
28960,22.85,54.28,34.27,1.91,58.6,97.3,853.6,28.5,11.93,6.79,28.9
28980,5.62,54.3,52.19,2.98,70.7,102.5,800.0,33.96,13.63,3.9,29.45
29000,6.94,51.51,55.42,0,136.0,71.9,797.8,36.27,-4.27,1.17,29.83
29020,0.65,38.51,77.66,5.2,102.2,17.4,772.5,38.41,-0.73,0.15,30.04
29040,0.76,27.67,80.04,10.74,41.2,-88.2,849.1,45.41,1.51,0.01,30.36
29060,2.83,17.16,83.74,11.88,142.4,-157.9,831.8,39.72,-5.04,1.53,30.75
29080,3.25,10.5,77.45,19.44,8.2,-111.5,830.8,36.5,-17.91,-2.73,30.67
29100,0,5.52,72.01,33.13,34.0,-94.4,888.0,24.52,-15.11,-2.55,30.81
29120,0,4.47,60.94,49.24,121.1,-100.4,917.7,20.69,-19.78,-3.63,30.96
29140,0,1.61,40.62,58.19,-10.9,-205.9,911.8,12.45,-18.16,0.11,30.72
29160,1.67,3.18,28.7,67.84,-45.7,-168.7,1011.4,0.15,-23.6,-0.62,30.72
29180,0.26,0,19.59,67.99,-113.5,-189.6,967.8,-7.98,-14.5,1.31,31.17
29200,0,2.25,12.77,50.56,37.3,-92.9,991.2,-15.17,-24.74,0.09,30.87
29220,1.45,3.65,5.41,40.2,-24.8,-186.5,993.5,-23.76,-18.89,5.94,30.73
29240,2.23,0,2.64,35.44,-120.8,-27.6,993.8,-25.67,-2.87,3.86,30.63
29260,0,1.82,0,18.44,-169.8,-68.8,1030.0,-32.8,-18.9,3.64,30.69
29280,0,0,0,4.79,-93.8,-28.6,979.4,-38.58,-6.71,6.53,30.24
29300,1.23,0,0,5.31,-69.0,-80.3,1032.2,-49.13,-4.67,1.5,30.01
29320,0,0,6.13,0.99,-112.2,111.4,1004.8,-38.18,8.44,0.15,29.91
29340,1.05,0,0,0,-122.1,69.8,1010.7,-39.41,10.89,-2.14,29.54
29360,0,0,4.08,0,-148.3,94.9,956.5,-27.53,19.71,-3.22,29.76
29380,0,0,0,0,-87.8,111.3,1009.9,-22.9,21.35,-6.27,29.16
29400,1.8,0,0.79,4.95,24.0,87.5,1009.2,-24.66,21.43,-4.4,28.66
29420,3.43,0.79,7.51,0,7.8,228.4,1009.3,-11.94,12.81,-3.07,28.41
29440,0,0,0,0.69,-51.5,183.1,970.2,1.23,13.99,2.66,28.29
29460,74.7,29.31,12.7,0.51,11.5,172.4,954.9,7.35,16.32,6.34,28.36
29480,58.81,42.47,14.55,3.74,27.3,227.8,927.7,15.83,18.04,0.15,28.64
29500,37.46,52.4,20.12,2.28,50.5,85.5,884.9,21.58,16.3,5.62,29.16
29520,22.61,54.57,33.32,6.41,101.4,149.7,861.3,33.18,14.22,4.42,29.43
29540,10.58,51.83,48.46,2.56,72.9,59.0,800.1,32.49,11.94,4.06,29.84
29560,10.54,50.8,64.81,1.52,129.2,114.7,809.5,37.04,2.17,0.3,29.7
29580,3.28,36.35,77.88,4.79,174.3,105.6,770.0,50.58,-4.5,3.32,30.19
29600,0,25.81,83.8,5.51,143.2,-100.7,787.4,42.07,0.67,-1.78,30.39
29620,0,19.44,82.26,16.57,133.6,-73.6,811.3,40.3,-12.65,-5.8,30.5
29640,0.33,10.49,77.97,20.6,152.6,-117.5,876.7,24.74,-16.75,-4.26,30.77
29660,0,0,68.52,36.52,141.3,-202.4,849.0,30.2,-20.25,-5.15,31.26
29680,0,3.14,53.15,51.63,26.4,-75.9,873.5,20.89,-17.57,-3.51,30.57
29700,0.53,1.42,41.68,61.44,85.0,-106.6,937.8,12.13,-15.0,-3.13,31.46
29720,3.27,3.3,26.65,64.32,11.0,-92.1,1004.5,2.77,-27.91,-1.96,31.42
29740,2.78,1.25,16.44,65.02,-40.2,-175.3,995.2,-9.48,-18.2,3.82,31.24
29760,0,0,5.35,54.79,-80.1,-156.4,944.1,-13.45,-20.21,-2.04,31.04
29780,0,0,7.33,40.34,-51.7,-153.2,1027.1,-21.52,-13.62,6.85,30.55
29800,0,0,0,30.06,-129.8,-141.2,1004.5,-34.95,-7.56,5.0,30.78
29820,0.4,0,0.6,17.92,-94.1,4.3,997.8,-34.22,-3.93,4.48,30.66
29840,2.53,0,0.18,3.87,-181.9,-19.3,997.3,-40.48,-8.37,1.3,30.5
29860,1.92,0.88,5.45,6.8,-73.5,39.8,1012.2,-40.01,6.66,1.93,30.07
29880,8.6,0,0.33,4.32,-169.2,67.9,1020.0,-39.01,9.28,-2.59,30.04
29900,0,1.25,0.78,2.54,-112.5,8.1,1028.2,-34.15,3.98,-4.92,29.74
29920,0.84,1.0,0,0,-39.0,106.9,983.7,-27.57,17.54,-4.36,29.19
29940,0,1.83,0,0.19,-103.7,162.9,987.0,-25.47,14.77,-6.65,29.02
29960,0,0,3.95,0,-55.8,16.8,973.0,-14.47,24.24,-5.49,28.61
29980,0,1.96,2.5,1.01,-5.8,214.8,996.9,-9.56,14.48,-0.95,28.12
30000,83.82,23.4,5.95,0,10.2,211.1,985.3,5.13,15.81,2.27,27.6
30020,70.6,30.4,8.82,0,107.8,86.0,888.3,5.46,23.06,2.21,28.34
30040,57.25,49.14,16.09,0.22,40.1,78.1,874.7,13.74,17.59,4.89,28.85
30060,32.8,57.46,26.69,0,14.0,56.5,851.7,18.92,10.24,1.66,28.78
30080,19.96,53.87,40.27,2.85,158.4,28.0,862.6,34.3,4.28,6.37,29.02
30100,6.98,59.46,55.2,0,100.5,58.1,861.0,35.01,6.73,1.68,30.03
30120,8.96,43.17,66.99,4.13,79.7,31.5,826.0,41.91,9.67,0.42,29.55
30140,0,34.12,79.81,3.21,97.9,0.4,835.8,42.55,6.04,6.29,30.23
30160,3.05,20.78,85.99,4.62,124.8,-74.0,802.1,38.79,-9.64,-4.06,30.27
30180,0,16.8,77.47,23.47,105.0,-77.5,859.8,40.79,-8.8,-2.62,30.78
30200,1.83,8.02,69.69,29.36,98.2,-122.9,801.0,30.75,-10.75,-3.14,30.5
30220,0,10.36,65.34,38.94,-24.1,-75.3,888.2,28.38,-13.71,-5.63,30.7
30240,4.33,5.97,44.65,53.67,47.5,-178.9,898.8,16.78,-22.67,-4.94,31.02
30260,0.88,1.02,37.53,58.1,101.2,-105.3,917.2,11.97,-13.93,1.6,30.95
30280,0,0,20.12,62.24,-27.4,-251.5,1042.5,5.2,-18.95,1.85,31.15
30300,4.14,0,17.3,61.04,-131.7,-51.7,981.5,-6.16,-15.66,0.12,30.94
30320,0.67,0.45,4.29,54.84,-12.8,-218.9,1015.8,-18.19,-14.2,2.22,30.44
30340,2.45,1.96,2.04,46.35,-70.8,-98.0,1022.9,-28.72,-12.56,3.59,30.54
30360,1.43,0,6.06,27.61,-63.2,-152.2,1001.1,-30.29,-19.63,6.44,30.68
30380,0,0,0,16.0,-82.3,-87.5,979.1,-38.15,-14.0,2.81,30.78
30400,0,0,3.21,4.54,-24.9,-69.2,1021.9,-39.64,-4.54,3.98,30.42
30420,2.78,5.48,0,7.26,-81.8,-59.7,1026.9,-37.51,-3.61,1.4,30.42
30440,0,0,1.35,0,-181.1,-10.1,1055.1,-41.72,7.63,-1.53,29.91
30460,0.9,0.37,0,0,-117.0,120.1,986.9,-36.75,11.72,-2.75,29.39
30480,0.62,0,0,2.44,-55.1,113.3,958.9,-30.13,9.29,-4.2,29.15
30500,2.85,0.8,0,1.68,-21.7,231.7,955.4,-29.72,11.02,-4.3,28.7
30520,6.2,0,0,0,-25.9,119.8,1028.5,-16.64,26.85,-4.21,28.44
30540,5.59,1.77,0,7.35,-26.2,201.7,971.2,-3.44,22.64,-5.99,27.93
30560,78.32,21.06,3.01,1.36,-11.6,185.6,1005.2,6.32,23.72,4.26,27.92
30580,67.35,40.75,14.78,0,104.7,248.5,916.1,11.69,17.68,1.07,28.27
30600,49.34,48.35,24.43,1.98,104.7,104.8,886.2,14.65,22.73,0.52,28.9
30620,32.12,54.49,34.5,4.6,62.0,162.6,838.5,28.66,11.91,6.49,28.95
30640,10.44,55.72,42.71,0,29.3,87.0,853.2,32.58,16.83,2.69,29.33
30660,7.37,56.18,54.58,0,90.9,76.4,766.4,38.9,4.57,1.5,29.8
30680,4.11,47.37,68.81,1.83,92.3,78.3,820.1,40.16,1.85,3.6,29.72
30700,0,36.5,87.82,5.18,27.9,-16.6,833.6,40.31,1.78,1.69,30.11
30720,0,25.36,87.2,8.41,83.6,21.0,807.4,43.41,-6.65,-3.54,30.42
30740,0,12.51,74.13,21.07,115.4,-50.4,808.7,33.67,-7.77,-4.28,30.77
30760,0,4.68,75.86,27.88,46.5,-72.1,808.2,30.78,-16.52,-4.55,30.85
30780,4.97,0,59.25,40.65,77.3,-111.0,824.8,27.6,-22.68,-8.12,31.09
30800,0,6.3,47.55,50.88,36.4,-166.6,901.9,15.23,-12.76,-2.76,30.71
30820,0,0,26.28,63.75,10.9,-180.5,957.7,8.13,-16.06,-3.64,30.82
30840,0,0,21.73,64.96,99.6,-204.7,973.1,-2.81,-25.68,1.36,30.78
30860,8.39,3.22,11.15,60.11,-80.1,-150.7,956.6,-12.79,-21.11,3.01,31.2
30880,0,6.35,7.09,46.89,0.1,-116.9,1014.7,-21.81,-17.5,8.02,30.78
30900,0.6,5.34,4.42,41.6,-119.8,-199.8,929.9,-26.43,-16.65,4.93,30.84
30920,4.8,3.1,4.67,21.18,-135.4,-54.6,1031.9,-33.07,-5.86,4.7,30.73
30940,0,0.21,1.15,14.94,-156.6,-105.6,971.9,-39.96,-3.94,3.23,30.33
30960,0.37,0,0.23,9.81,10.5,56.0,992.8,-42.08,-0.45,-1.2,30.41
30980,1.66,0.39,0.7,0.08,-102.2,12.9,1005.0,-40.45,2.9,-5.39,29.97
31000,2.79,3.52,0,0.66,14.6,53.4,1005.1,-32.96,8.86,-6.13,29.44
31020,4.91,1.42,1.57,3.55,-95.1,76.7,979.3,-38.13,17.33,-7.35,29.59
31040,3.4,0,1.13,0,-111.8,68.3,988.3,-38.31,11.34,-6.89,28.91
31060,0,0,0,0,33.2,73.0,1028.4,-24.91,15.29,-2.34,28.91
31080,0,0,0.43,1.32,7.8,143.9,989.1,-15.37,9.23,-4.99,28.57
31100,0,0,1.21,0,-112.0,149.5,968.6,-6.83,21.25,0.22,28.06
31120,78.02,26.13,8.36,0.08,-45.5,237.6,1005.7,2.42,21.66,-1.05,27.77
31140,62.25,32.78,14.51,0.51,25.6,130.6,924.7,8.84,12.14,2.95,28.91
31160,41.75,51.12,23.07,0,161.0,65.2,905.3,19.79,20.48,4.95,28.86
31180,24.72,58.75,30.04,0,51.5,150.1,870.3,30.47,15.22,-0.02,29.13
31200,9.32,50.94,47.87,0,40.7,101.5,848.1,35.67,11.45,4.42,29.42
31220,8.11,50.09,65.46,0,81.1,85.4,766.1,39.25,11.71,1.0,29.86
31240,1.97,37.96,74.11,3.62,143.3,42.7,823.1,44.36,2.04,-0.0,29.98
31260,2.49,32.9,81.6,2.57,151.1,-11.0,788.4,45.6,-3.84,-6.48,30.16
31280,4.43,20.5,84.93,13.28,-29.9,-92.6,787.7,34.52,-5.99,-2.32,30.43
31300,1.37,11.74,83.36,17.62,109.3,-56.2,775.6,32.71,-7.61,-3.03,30.23
31320,0.61,3.92,69.89,34.8,9.8,-84.7,893.1,34.11,-17.8,-2.59,31.02
31340,2.68,0,57.37,48.56,73.5,-179.3,943.7,20.64,-18.68,-8.16,31.31
31360,0.82,0.95,44.84,59.58,37.9,-222.4,990.6,16.37,-21.06,-1.56,31.12
31380,5.12,0,31.37,66.68,-74.9,-182.1,966.0,6.29,-21.62,2.84,30.9
31400,0,0,19.97,64.3,-40.1,-204.9,986.5,-6.48,-10.25,-1.07,31.21
31420,0,2.82,12.28,60.24,11.6,-195.3,1001.4,-4.55,-26.8,3.71,30.86
31440,0,1.36,2.71,45.46,-71.7,-160.3,994.1,-22.97,-18.87,6.58,30.57
31460,0,0,2.67,28.34,-26.2,-108.4,954.7,-28.15,-17.11,2.28,30.64
31480,0.92,0,0,17.48,13.7,-163.9,1021.1,-37.49,-14.13,5.12,30.82
31500,0,0,0,11.24,-45.3,-32.8,1047.3,-35.0,-13.54,0.04,30.57
31520,0,5.02,0,3.64,-133.8,-24.6,984.0,-40.6,-1.41,4.45,30.33
31540,0,3.37,0.02,0,-97.1,-10.5,991.2,-40.9,5.31,-2.16,30.37
31560,0,0,0,2.4,-41.8,45.9,1028.3,-41.21,-0.69,-4.3,29.63
31580,0,1.0,0,0.96,-18.5,26.2,928.3,-35.59,20.93,-5.76,29.33
31600,2.7,1.03,0,0,-39.4,122.6,1007.9,-22.52,18.38,-7.76,29.45
31620,1.6,0.48,0,6.36,-11.5,135.6,1025.0,-22.5,19.62,-5.48,28.93
31640,1.02,2.99,0,0,-34.7,174.8,1003.2,-6.33,23.1,-2.76,29.0
31660,0,2.01,0,3.48,12.6,183.9,991.7,-3.06,26.16,-7.85,28.1
31680,78.44,26.46,6.4,0,-7.0,188.7,979.5,7.03,19.12,1.18,27.79
31700,61.18,44.35,15.66,0.8,2.6,157.2,940.4,16.39,26.03,6.29,28.26
31720,43.21,47.12,24.19,0.41,77.3,119.3,829.8,23.88,14.08,6.85,29.09
31740,29.12,57.13,40.38,1.51,111.7,138.9,806.5,30.44,13.43,4.0,28.94
31760,9.01,59.51,53.74,3.56,117.7,91.9,828.6,38.44,-0.08,4.67,29.62
31780,0.22,46.95,67.66,1.9,112.4,30.7,840.7,34.28,4.47,2.98,29.47
31800,1.1,43.42,77.47,3.42,44.1,22.2,811.1,36.21,4.49,0.96,30.0
31820,5.66,26.34,85.33,6.36,63.1,-12.3,770.6,40.68,-11.05,1.55,30.22
31840,6.29,13.99,86.23,13.85,40.9,-83.0,846.2,36.93,-2.22,-6.84,30.85
31860,4.06,7.23,82.19,21.44,135.6,-91.7,866.6,32.77,-19.21,-3.13,30.42
31880,5.49,10.57,67.0,37.22,118.4,-74.7,879.9,28.81,-13.31,-4.91,30.69
31900,1.77,1.71,49.85,48.21,31.0,-95.7,925.1,19.31,-9.75,-5.68,31.02
31920,0,0,40.38,61.52,95.5,-143.1,920.9,9.5,-16.24,-4.95,30.86
31940,0,0,28.23,59.43,-31.4,-113.0,991.0,-0.9,-20.86,0.17,31.15
31960,4.53,0,9.01,58.47,-53.2,-109.7,964.7,-6.95,-14.15,0.03,30.98
31980,0.19,2.8,13.67,59.05,113.4,-117.1,986.2,-13.55,-18.42,3.6,30.95
32000,2.27,0.04,6.22,40.78,-37.4,-179.9,1004.6,-25.56,-10.91,5.22,30.66
32020,0.45,0,4.62,26.79,-54.0,-112.2,1021.4,-28.44,-1.57,4.29,30.54
32040,4.28,0.23,0.86,19.45,-15.0,-154.3,1005.0,-29.21,-4.73,1.3,30.59
32060,0,0,0,9.59,-141.5,-28.0,987.9,-39.06,1.33,2.36,30.42
32080,2.89,0,5.18,4.82,-151.8,-16.6,983.4,-35.43,4.4,-0.09,30.19
32100,0.66,0.56,1.87,1.06,-117.8,80.6,1006.5,-40.16,5.58,-2.81,30.36
32119,0,4.85,0.33,2.01,-99.3,70.0,944.4,-37.04,11.1,-4.64,29.57
32140,0,0.6,0,3.07,-138.1,112.3,967.2,-25.77,17.82,-4.3,29.39
32159,1.77,1.63,0,3.07,-70.2,55.7,1014.7,-23.21,24.46,-2.46,28.89
32180,1.45,4.34,6.83,2.28,-112.4,206.8,992.4,-15.88,26.78,-4.32,29.3
32200,0,1.49,1.12,3.96,5.2,107.1,1011.5,-15.35,29.18,-4.74,28.44
32220,0,0.52,0.95,0.26,86.3,89.4,1009.5,-3.64,18.42,0.81,28.06
32240,72.62,32.16,12.11,0,-19.7,206.4,959.9,1.75,30.76,1.76,28.61
32259,51.15,46.76,20.65,1.67,-26.9,116.2,913.9,22.59,14.75,8.08,28.58
32280,35.19,54.92,28.63,0.66,90.8,66.5,893.2,27.64,4.08,5.41,29.27
32299,23.68,56.43,40.81,0,58.4,64.5,839.7,33.39,6.32,3.54,29.27
32320,13.96,53.57,48.55,5.39,10.0,31.0,802.1,31.39,7.37,5.38,29.84
32340,4.31,43.39,70.35,0,133.1,-26.2,790.0,34.46,3.73,0.65,30.08
32360,2.65,37.93,78.85,4.16,198.2,-97.3,786.2,39.93,-3.21,-0.25,30.51
32380,0,21.96,83.86,7.95,59.6,-56.7,791.7,38.92,-6.41,-3.48,30.2
32400,0,13.13,84.3,13.27,88.2,-13.6,826.4,39.29,-9.07,-2.79,30.7
32420,0,11.9,78.41,23.33,81.2,-245.3,845.6,38.97,-19.84,-5.55,30.96
32439,0,1.08,70.44,35.55,41.2,-85.3,844.9,20.47,-23.03,-2.89,30.7
32460,0.78,3.29,53.77,57.12,102.6,-156.1,888.0,16.04,-12.67,-5.22,31.0
32479,0,4.65,35.51,59.01,34.9,-210.1,940.4,13.35,-25.29,2.88,31.24
32500,3.59,3.15,25.19,65.4,12.2,-213.2,904.8,-7.33,-19.69,-2.67,31.18
32520,2.0,4.67,11.08,65.96,-25.7,-112.3,999.7,-9.48,-11.68,5.95,30.6
32540,1.21,0,8.86,51.99,-103.5,-196.0,978.1,-14.53,-23.16,1.54,31.09
32560,0,0,5.59,41.42,-12.3,-95.4,963.6,-30.58,-19.28,4.44,30.66
32580,0,0,0,28.17,-57.5,-113.1,1037.4,-27.65,-20.11,4.06,30.66
32600,0.96,3.13,4.28,12.0,-30.6,-121.1,1015.7,-32.92,-2.64,4.49,30.63
32619,2.11,4.64,5.05,10.35,-141.8,1.9,1018.9,-39.56,-3.45,0.56,30.7
32640,0,0.3,2.88,0,-129.1,32.4,999.4,-39.81,2.64,-2.69,30.15
32659,0,0.4,0,0.83,25.5,121.9,1038.5,-38.84,3.25,-2.9,29.97
32680,4.34,0,5.06,0,-21.6,-21.4,1000.4,-32.62,10.46,-0.86,29.49
32700,2.8,0,0,0.33,-65.1,126.3,1013.1,-31.51,7.82,-8.8,29.44
32720,3.01,0,2.19,0.61,-55.2,123.7,988.5,-26.97,13.76,-3.58,28.68
32740,0,2.33,0,1.43,-7.3,98.7,978.5,-13.86,18.22,-4.88,28.89
32759,1.52,0,0,6.17,-26.8,114.9,976.8,-13.59,21.97,-2.2,28.26
32780,76.85,19.64,5.96,5.96,-22.3,162.3,994.9,0.93,18.79,-0.84,28.04
32800,69.26,31.56,5.14,0,28.3,124.3,920.4,9.82,15.75,0.92,28.3
32820,55.5,43.4,17.32,0,121.3,191.8,916.2,19.77,18.03,3.45,28.46
32840,33.23,55.06,30.13,6.77,86.8,123.3,880.8,29.58,14.11,2.8,28.84
32860,16.87,59.25,34.59,1.56,74.6,112.9,833.8,33.83,9.74,5.49,29.05
32880,9.67,57.31,61.22,1.37,134.7,72.3,856.2,36.73,11.85,6.25,29.99
32900,0.57,42.55,70.11,0,86.1,45.0,757.4,37.17,13.68,-1.6,30.19
32920,4.23,35.05,80.82,0,34.2,-35.2,785.7,41.67,0.35,3.03,30.11
32940,0,26.26,88.44,7.87,89.1,9.4,839.0,35.63,-8.45,-1.31,30.29
32960,2.17,13.67,84.3,15.42,96.3,-63.0,771.8,37.35,-9.15,-4.41,30.6
32980,0,9.12,67.12,32.43,109.1,-114.3,811.2,36.27,-9.04,-5.71,30.67
33000,0,5.7,61.54,45.9,151.0,-107.5,848.1,18.19,-14.58,-7.8,30.67
33020,0,3.89,48.78,49.14,29.7,-153.2,983.2,17.11,-25.14,-6.59,31.11
33040,0,1.12,27.02,58.49,-7.5,-292.1,954.8,8.21,-16.24,1.13,30.9
33060,0,0,25.24,64.83,-45.9,-160.6,1010.4,0.49,-17.2,1.19,30.92
33080,2.33,0,20.96,63.18,30.4,-102.3,1005.9,-9.84,-18.51,-0.83,31.24
33100,3.75,1.09,6.08,47.52,-104.6,-54.9,994.6,-21.13,-11.37,1.91,31.29
33120,0,0,2.55,39.45,-77.7,-115.6,1003.5,-30.69,-18.47,5.01,30.93
33140,0,0.06,2.73,22.97,-26.1,-77.1,1063.9,-35.73,-5.1,8.94,30.52
33160,0,0,0.69,9.35,-100.0,-81.8,994.4,-34.47,-7.71,4.57,30.41
33180,1.32,4.53,0,11.47,-98.4,-45.7,1044.1,-36.93,-5.56,0.36,30.24
33200,3.29,3.6,0,4.55,-62.4,90.2,962.9,-39.43,2.41,-1.87,29.78
33220,0,0,5.81,3.11,-53.3,47.0,967.3,-40.72,-6.34,-0.43,30.03
33240,2.93,0.19,0,0.82,-26.0,100.5,1037.8,-30.9,2.29,-1.18,29.94
33260,0,0,2.32,9.1,-26.6,207.8,991.4,-29.4,14.89,-6.3,29.13
33280,0,0,9.11,1.18,-57.6,160.6,1019.7,-24.69,21.78,-0.44,28.85
33300,0.86,4.29,6.59,0.92,1.3,232.2,1000.1,-13.16,13.67,-3.01,28.79
33320,0.34,4.78,0,0,-55.2,98.7,1023.5,-4.44,24.55,-3.08,28.49
33340,74.34,25.89,7.85,0.14,57.0,140.3,975.6,-1.47,19.69,-0.78,27.93
33360,67.81,35.03,16.34,3.19,115.3,143.7,899.5,8.24,34.71,1.42,28.26
33380,48.48,46.94,17.53,0,83.4,87.0,881.7,21.79,5.65,5.27,28.86
33400,30.21,59.24,31.68,0.99,56.9,147.3,883.4,28.48,13.74,5.21,29.16
33420,14.05,54.63,43.54,1.29,92.5,152.9,852.8,31.48,15.88,1.53,29.43
33440,9.93,51.14,60.26,0.14,63.7,111.9,849.1,36.98,13.11,4.38,29.86
33460,0,41.4,68.97,0,127.1,82.3,825.6,38.4,5.66,2.58,30.31
33480,0,34.03,86.59,6.62,86.8,-118.9,795.2,38.02,-1.63,-0.44,29.77
33500,2.12,19.55,80.82,10.59,29.3,12.8,808.5,37.12,-0.2,-6.71,30.29
33520,0,14.23,81.07,16.96,113.5,-121.7,859.6,35.64,-6.66,-8.19,30.59
33540,0,7.43,67.59,25.76,113.5,-26.7,823.5,24.56,-15.87,-5.08,31.0
33560,0.85,4.24,54.8,45.3,90.3,-134.6,884.9,17.43,-19.96,-3.3,30.7
33580,4.56,0,45.95,59.7,29.1,-161.1,900.9,12.12,-17.17,-3.37,30.58
33600,0,4.24,31.18,65.85,-14.4,-215.8,945.2,3.47,-7.22,-0.81,30.96
33620,5.33,0,16.58,61.1,-36.5,-127.1,989.0,-5.52,-20.01,1.23,31.06
33640,3.98,4.93,11.12,59.32,-37.9,-111.2,1008.1,-19.49,-13.55,1.77,30.86
33660,0,0,4.12,47.07,-85.1,-79.8,980.1,-18.16,-16.42,4.05,30.79
33680,0,0.95,0,34.87,-144.1,-89.3,1016.0,-20.99,-18.24,5.15,31.06
33700,0.33,0,1.7,23.67,-82.6,-125.8,1029.9,-33.09,-11.17,2.6,30.42
33720,2.05,0,0,8.16,-196.0,-132.8,1002.4,-38.0,2.68,4.87,30.48
33740,1.14,0,3.57,0.88,-235.4,-136.7,1044.0,-37.79,-2.56,-1.31,30.0
33760,1.77,0,0,2.99,-192.3,65.9,1014.4,-41.41,-0.35,1.19,30.04
33780,1.69,5.21,0,0,-151.7,17.8,956.5,-38.85,12.25,-0.45,29.79
33800,0,4.98,3.04,0.62,-17.2,89.0,1010.3,-28.44,8.42,-6.02,29.42
33820,0,0,1.71,1.55,-44.4,71.8,959.5,-28.42,23.56,-5.06,29.33
33840,0,0,5.43,2.48,-76.9,173.7,954.9,-24.59,18.4,-7.6,28.93
33860,4.21,0,4.17,4.16,-24.8,147.7,1051.9,-11.89,18.58,-2.25,28.62
33880,3.31,8.16,0,0,-39.8,171.9,976.9,-8.29,27.46,-3.92,27.86
33900,74.86,30.19,3.08,0,-56.9,166.9,1033.6,4.27,22.04,1.21,28.18
33920,57.77,40.95,11.99,3.12,102.9,150.1,957.0,11.83,14.09,5.3,28.26
33940,46.59,52.81,20.8,1.34,94.1,106.8,926.2,16.99,25.35,4.14,28.82
33960,21.12,57.3,31.43,3.41,116.4,135.7,836.5,31.2,15.18,3.03,29.03
33980,14.85,59.47,45.1,0,138.1,5.8,838.9,30.5,9.58,6.28,29.57
34000,3.03,52.67,65.53,3.37,-28.2,50.9,846.9,40.21,4.6,0.67,29.94
34020,0,42.39,79.01,10.56,86.7,-49.9,825.8,37.67,3.28,-0.12,30.3
34040,1.12,29.43,84.07,6.86,67.0,21.4,828.0,41.68,-8.15,-0.99,30.13
34060,0,16.81,84.85,13.09,167.1,-78.3,797.9,40.15,-2.02,-1.47,30.22
34080,1.48,11.99,83.45,22.88,99.9,-131.9,838.6,29.36,-9.87,-5.04,30.83
34100,0.11,0,70.48,33.98,108.1,-135.6,817.5,23.52,-17.61,-3.99,30.94
34120,0,0.74,51.38,45.55,60.9,-145.1,836.2,19.43,-21.37,-6.26,31.15
34140,0,2.35,39.78,55.75,35.3,-242.2,943.1,5.02,-14.46,-2.41,31.34
34160,0,0.3,24.78,66.21,52.1,-152.3,983.7,-0.7,-16.41,-1.41,31.03
34180,0,0.2,15.2,65.7,-51.8,-152.7,1065.0,-6.42,-23.01,2.01,31.42
34200,5.02,0,9.82,59.2,-27.4,-126.0,1020.7,-14.81,-10.21,0.65,30.86
34220,1.41,2.49,7.03,45.92,-35.1,-215.6,980.5,-17.31,-16.19,1.71,30.89
34240,0,5.13,4.64,29.94,-160.9,-155.3,1009.9,-33.78,-9.18,4.8,31.03
34260,0,4.76,2.71,16.95,-95.6,-126.0,934.2,-29.15,-26.91,5.51,30.49
34280,0,2.45,0,8.53,-146.6,-96.5,959.5,-36.74,-6.83,8.42,30.23
34300,3.63,0,3.91,12.71,-134.8,-72.9,955.6,-35.35,0.75,0.27,30.06
34320,0,0,0.53,4.9,-82.3,-34.5,984.1,-34.75,3.77,1.78,29.87
34340,0,0,0,0,-163.0,96.8,1001.8,-36.77,11.24,-4.02,29.79
34360,1.57,2.82,0.46,4.72,-30.4,48.2,996.7,-29.31,6.56,-3.97,29.38
34380,1.88,2.48,4.87,4.74,-161.3,72.3,990.8,-29.18,7.48,-5.02,29.13
34400,0,0,0,0,-19.2,90.0,971.4,-14.48,18.1,-1.37,28.47
34420,2.8,0.2,1.49,0,-64.9,263.7,973.3,-11.05,14.23,-3.4,28.48
34440,0.75,0,2.76,9.06,-55.5,176.0,934.0,-2.56,15.35,1.26,27.95
34460,72.99,26.57,14.43,1.89,53.8,212.3,962.0,4.99,14.95,1.54,28.23
34480,58.87,41.33,18.4,1.38,17.5,140.5,907.6,15.79,23.41,4.41,28.65
34500,37.24,47.82,24.21,3.73,52.0,183.6,887.6,24.88,18.77,2.56,28.59
34520,20.91,55.27,33.37,1.85,33.4,121.9,894.6,33.8,11.5,3.85,29.14
34540,10.74,56.77,46.14,4.35,135.8,44.4,819.0,36.51,17.9,6.56,29.67
34560,2.35,52.35,65.49,2.25,106.4,-94.7,802.8,33.02,1.98,2.09,29.63
34580,1.56,40.33,74.56,6.43,82.7,-8.8,803.4,38.83,1.39,-0.54,29.73
34600,0,27.27,85.23,4.57,117.0,-32.4,812.4,43.97,-4.32,-2.03,30.28
34620,0,16.51,80.77,13.78,81.8,-100.5,838.3,36.53,-12.99,-3.59,30.4
34640,0,13.11,76.88,22.27,134.2,-4.7,845.5,30.94,-8.31,-9.16,30.75
34660,0,5.3,62.96,36.04,60.2,-165.8,835.1,31.26,-20.94,-4.11,30.94
34680,0,2.86,53.52,52.6,-18.4,-207.3,909.8,21.85,-27.69,-3.64,30.94
34700,0,3.25,40.5,61.46,-6.3,-172.9,976.3,14.09,-26.31,-1.21,31.06
34720,0,0,28.22,69.49,-42.8,-206.3,1034.1,-1.28,-11.9,0.49,31.25
34740,0,0,15.71,65.34,-46.7,-139.5,1003.4,-11.92,-12.75,3.14,30.51
34760,4.54,1.58,6.42,53.53,-54.6,-94.1,1027.7,-21.7,-18.55,2.46,31.03
34780,2.26,0.48,3.84,43.58,-18.1,-239.3,946.9,-19.64,-18.16,6.17,30.73
34800,0,0,7.68,30.03,13.4,-61.2,1010.2,-28.8,-16.54,3.29,30.82
34820,1.53,3.55,0.84,13.15,-128.8,-101.7,970.3,-31.29,-13.76,5.15,30.72
34840,0,2.51,0,6.21,-94.9,-33.7,987.5,-41.37,-4.48,1.87,30.02
34860,2.46,0,0,3.55,-87.8,48.4,969.5,-44.68,-2.53,1.76,29.97
34880,0,0,0.36,0,-59.8,7.4,1044.8,-36.37,7.54,0.65,30.05
34900,1.17,0,0,0,-171.3,54.6,977.3,-34.23,-1.3,-2.68,29.79
34920,0,1.69,3.24,0,-50.5,48.0,966.1,-27.58,12.21,-3.71,29.36
34940,4.92,3.72,2.08,0,-50.1,136.0,996.6,-24.79,17.38,-3.91,28.96
34960,0,0,0,6.79,4.0,107.2,1008.8,-14.82,20.83,-2.85,28.88
34980,0,4.57,0,0,41.5,169.9,972.3,-8.28,18.48,-2.8,28.17
35000,82.52,19.17,3.46,4.14,100.8,148.5,977.7,1.0,25.66,3.36,27.86
35020,69.44,29.4,6.44,4.9,35.8,169.3,939.1,5.66,15.22,-0.36,28.49
35040,50.14,43.68,14.25,0.99,21.1,171.0,919.1,14.92,16.14,3.34,28.11
35060,35.79,45.19,30.39,4.46,65.9,86.2,878.1,25.39,16.42,4.01,28.54
35080,16.38,59.37,39.42,2.44,118.5,10.6,845.2,27.11,16.9,3.74,29.24
35100,8.53,53.7,51.11,3.31,134.9,99.6,814.5,35.52,3.45,1.55,29.98
35120,0.72,41.92,61.2,1.34,38.3,-5.4,770.3,38.89,2.43,3.73,29.83
35140,2.29,36.53,78.21,1.16,69.0,20.7,813.5,42.86,-4.2,-2.97,30.22
35160,0,21.0,79.96,5.94,101.9,-64.3,866.2,39.43,1.01,0.28,30.46
35180,2.17,15.03,82.49,11.73,43.5,-49.3,842.6,34.03,-9.54,-2.32,30.22
35200,2.66,7.25,69.56,27.01,97.4,-153.1,870.5,32.69,-15.51,-3.22,30.9
35220,0,4.2,57.55,47.76,77.7,-159.8,895.1,25.46,-10.88,-5.65,30.7
35240,0,0.53,52.94,48.83,-5.9,-149.2,907.7,13.88,-17.6,-6.11,31.25
35260,1.78,0,31.68,66.29,77.7,-211.5,939.4,7.36,-24.1,-0.09,31.03
35280,0,0.68,21.04,67.71,-38.4,-169.3,1029.8,-1.15,-22.5,1.42,31.11
35300,0,0,13.32,63.81,-87.8,-113.6,1021.7,-11.43,-25.66,3.85,30.73
35320,0,0,4.25,51.86,-73.7,-99.0,988.2,-15.19,-18.88,3.01,31.04
35340,1.42,0,2.98,39.19,-94.9,-130.6,994.2,-29.09,-14.64,2.41,30.99
35360,1.95,0,1.85,27.59,-150.0,-111.9,1023.1,-34.54,-20.29,1.72,30.4
35380,1.49,0,6.43,13.9,-111.3,-2.8,991.4,-37.61,-10.31,5.16,30.73
35400,0,0.47,1.19,8.65,-156.9,47.9,954.3,-40.72,-2.62,2.18,29.82
35420,0.79,0,2.5,3.47,-71.1,-48.3,995.9,-38.58,0.57,-4.22,30.43
35440,0,0,0,0,-161.5,26.2,1020.1,-38.0,2.19,0.83,29.81
35460,5.18,0,0,0.36,-46.3,89.9,1015.8,-28.71,13.24,-2.19,29.19
35480,1.3,0,1.34,2.84,-63.3,97.1,954.2,-30.51,15.13,-3.91,29.14
35500,0,0,8.11,1.78,-14.2,71.4,993.3,-20.85,12.51,-4.29,29.18
35520,0,1.27,0.24,2.52,-10.2,78.5,997.0,-17.18,13.92,-2.45,28.59
35540,0,1.35,0,0,59.9,182.1,947.1,-6.45,28.37,-0.46,28.08
35560,76.92,19.88,4.75,0,-51.1,171.0,957.7,0.59,29.15,-2.07,28.48
35580,68.75,31.9,11.5,4.44,-6.4,234.3,969.2,12.77,17.75,1.36,28.52
35600,52.02,41.25,14.42,5.55,74.2,150.4,878.5,25.91,5.58,3.02,28.7
35620,30.14,60.14,33.89,0.01,148.1,76.0,903.2,24.04,7.53,3.13,29.24
35640,15.66,61.34,38.96,0,79.1,184.5,853.1,40.48,6.89,4.28,29.43
35660,11.48,52.37,55.75,3.74,124.8,76.5,818.2,34.59,1.85,1.98,29.77
35680,0,41.88,71.59,4.12,160.7,73.2,797.0,38.69,11.09,0.86,30.04
35700,0,34.9,82.33,1.48,34.3,-0.9,709.7,43.84,-4.09,-0.22,30.3
35720,0,16.65,83.33,12.28,130.3,-85.7,837.6,37.99,-11.63,-2.31,30.56
35740,1.66,9.62,75.98,15.21,110.7,-121.4,848.7,32.84,-19.2,-2.71,30.65
35760,1.96,12.82,80.89,31.14,-95.0,-215.9,864.7,33.55,-15.87,-2.83,30.38
35780,2.49,6.11,60.21,49.95,-15.4,-138.3,869.6,21.74,-26.23,-6.12,30.62
35800,0,5.97,46.06,55.43,29.5,-235.3,940.9,17.01,-22.06,-5.45,30.96
35820,1.93,0.11,37.51,64.78,-21.9,-231.0,965.0,7.53,-22.96,-1.91,31.25
35840,0,0,22.89,63.75,-51.4,-198.7,989.6,0.94,-22.34,-3.74,31.25
35860,4.14,0,20.52,63.68,-44.6,-180.6,975.5,-12.35,-14.87,2.85,30.81
35880,3.3,0,6.6,50.93,-15.6,-109.8,1021.2,-18.37,-24.54,7.35,30.88
35900,0.88,0,0.38,39.57,9.3,-34.2,987.2,-23.25,-10.29,1.08,30.98
35920,0,0.74,0,21.8,-48.5,-113.6,980.1,-34.72,-7.96,3.84,30.83
35940,0,2.44,5.58,9.52,-170.6,-18.3,1011.2,-36.7,-15.08,0.54,30.74
35960,2.2,1.5,0,10.75,-117.8,13.5,976.0,-37.09,1.56,3.41,29.99
35980,0,2.09,0,0.42,-171.0,-50.9,1005.4,-39.62,1.05,1.03,30.02
36000,4.15,3.85,0,0,-93.2,71.6,966.8,-40.36,20.42,-4.4,29.41
36020,3.77,0,0,4.69,-69.5,49.6,1052.7,-29.23,9.24,-2.08,29.6
36040,2.29,0,1.32,0,-115.8,112.5,970.6,-27.67,17.92,-3.57,29.31
36060,0,0,0,4.1,-183.4,58.2,1018.7,-22.45,21.7,-0.22,29.02
36080,4.36,1.16,0,0.23,-22.3,206.1,1011.3,-13.61,16.65,-4.94,28.53
36100,0,1.39,1.36,0,-46.6,100.7,944.8,-3.26,12.86,-1.88,28.08
36120,74.36,29.73,5.93,0.23,-63.2,141.1,987.0,8.35,35.61,3.15,28.27
36140,64.16,42.59,16.01,0,-56.3,190.1,959.7,15.61,5.45,2.13,28.41
36160,43.19,44.81,18.12,0.27,164.2,131.1,945.8,25.72,16.67,3.29,28.98
36180,30.76,52.89,29.53,0.55,72.8,105.7,843.9,31.45,4.22,5.37,28.84
36200,12.62,54.25,47.77,0.84,39.2,47.9,870.6,34.51,12.62,5.32,29.37
36220,4.27,50.7,67.58,0,77.0,45.3,791.9,38.14,9.97,-1.93,29.28
36240,1.94,41.05,71.44,2.91,59.5,-89.9,746.8,37.18,8.46,2.83,30.13
36260,0,30.0,83.75,8.65,108.1,35.0,718.7,39.96,-1.23,-2.11,30.2
36280,0,20.44,88.44,16.46,18.4,-79.1,829.9,34.24,-0.0,-2.97,30.43
36300,0,16.88,80.68,19.72,183.7,-54.0,837.8,26.8,-13.86,-8.51,30.83
36320,7.21,3.86,68.78,30.93,-8.8,-218.3,835.0,24.19,-14.12,-5.95,31.0
36340,1.03,5.31,53.94,43.8,52.3,-160.1,987.2,20.92,-21.4,-5.94,30.73
36360,3.58,5.4,45.13,56.95,43.1,-201.2,925.5,9.53,-12.03,-0.55,30.83
36380,3.2,0.1,32.55,69.12,113.9,-128.7,993.1,8.32,-12.78,-1.53,31.47
36400,0,0.18,21.85,61.13,-59.3,-137.7,990.4,-7.45,-17.04,-0.81,31.01
36420,0,0,18.73,53.53,-36.1,-125.3,933.4,-14.42,-11.74,3.98,30.82
36440,5.11,2.31,5.93,45.03,-59.7,-210.5,994.6,-23.88,-18.56,6.66,31.09
36460,0,0,8.1,30.46,-107.5,-128.4,1038.2,-28.01,-13.17,4.39,30.83
36480,3.72,4.94,4.12,18.96,-163.7,-63.7,961.6,-35.08,-11.26,5.56,30.82
36500,0,0,0,8.3,-136.4,-29.0,939.1,-35.32,1.85,2.42,30.39
36520,1.78,0,0.17,3.7,-62.7,-151.4,993.1,-43.08,-9.2,4.0,30.33
36540,0.02,2.67,0,0.3,-77.6,50.1,1049.0,-35.35,9.58,-0.98,29.7
36560,0,0,8.03,0.34,-70.0,-78.4,1034.7,-39.42,13.47,-3.36,29.99
36580,0.67,6.19,0,0,-133.6,145.1,987.0,-36.49,19.3,-2.72,29.28
36600,0.47,0,0,3.05,-119.2,94.4,1013.7,-23.43,9.8,-5.41,28.93
36620,5.75,2.74,0,0,-155.5,105.2,1036.3,-20.26,19.76,-6.64,28.89
36640,0,0,1.63,6.31,-65.8,98.7,991.1,-11.7,12.86,-3.14,28.38
36660,0,0,0,2.78,-50.0,89.0,1029.3,-0.02,19.52,-0.19,28.33
36680,76.97,31.04,10.42,0,-22.3,62.4,986.1,4.45,17.53,4.46,27.84
36700,64.54,36.31,17.5,3.56,1.5,120.7,1002.2,19.15,16.86,3.23,28.64
36720,41.53,49.93,22.69,9.73,87.1,59.3,875.6,22.41,20.06,3.04,28.51
36740,23.61,57.11,39.5,2.84,44.5,68.5,875.3,32.25,11.1,3.0,28.86
36760,9.75,54.94,47.76,2.63,65.6,78.1,797.7,36.94,11.82,3.46,29.58
36780,0.34,49.23,65.96,2.19,132.2,74.5,820.3,38.93,9.46,2.41,30.02
36800,0.3,40.33,74.89,2.41,87.0,-88.7,839.3,40.28,-5.44,0.38,29.96
36820,0,30.75,85.24,8.07,57.1,-14.0,835.7,38.31,-2.24,-0.78,29.77
36840,0,19.99,87.61,10.6,19.3,-10.6,850.3,33.86,-6.59,-3.54,30.27
36860,0,14.67,78.18,21.81,113.2,-190.8,829.2,32.75,-11.65,-6.38,30.48
36880,2.73,5.65,65.99,33.55,115.2,-158.0,891.3,25.14,-22.75,-3.29,30.94
36900,0,4.44,51.05,48.71,96.9,-52.8,933.0,18.86,-20.26,-5.24,30.78
36920,0,0.05,38.97,56.65,64.4,-168.5,923.2,15.25,-15.46,-0.91,30.62
36940,0,0,31.83,59.65,-35.2,-132.6,996.7,1.34,-17.18,-0.55,31.05
36960,0,2.41,17.33,66.29,-56.9,-122.1,1021.9,-4.91,-30.88,2.66,31.45
36980,2.59,0.52,11.69,55.15,-37.6,-129.1,1015.3,-16.44,-25.08,1.42,31.33
37000,0,0.21,2.18,39.93,-34.4,-93.4,1053.9,-21.52,-17.06,5.14,30.59
37020,1.17,0.36,2.78,32.92,-26.0,-131.6,1034.5,-29.54,-12.91,3.07,30.89
37040,2.0,0,0,16.68,-141.9,-113.8,1015.8,-34.45,-14.54,2.69,30.33
37060,1.3,2.29,0,7.09,-36.0,-81.2,1011.2,-39.0,-11.32,0.78,30.32
37080,2.47,2.21,0,0,-128.2,47.4,1001.1,-39.94,2.55,-0.38,30.5
37100,0,2.13,0,4.76,-70.2,51.1,981.2,-36.7,7.39,-1.33,29.96
37120,0,0,0,0.69,-75.6,-4.2,978.3,-38.0,3.35,-0.56,29.4
37140,5.18,0,0,0,-59.8,80.7,967.7,-34.65,9.66,-5.84,29.47
37160,0.58,4.73,3.42,0,-88.4,106.0,939.8,-25.16,19.67,-5.66,29.09
37180,0,2.3,1.29,0,-62.7,245.0,1014.1,-22.68,17.86,-5.94,28.54
37200,0,0,0.58,0,-54.8,143.0,1022.9,-13.77,24.11,0.15,28.33
37220,0,0.66,0.25,0,-9.5,211.8,970.9,0.99,15.89,1.24,27.93
37240,71.67,32.41,10.9,0,-20.7,131.0,961.4,8.43,19.5,-0.45,28.2
37260,57.9,38.2,17.22,0.13,21.7,93.2,928.7,14.58,16.92,3.0,28.69
37280,31.47,51.01,26.73,1.78,81.3,133.2,897.5,23.38,20.92,5.57,29.05
37300,17.28,59.2,41.09,0,48.4,39.7,849.6,27.57,4.23,3.19,29.48
37320,6.85,50.48,53.08,2.57,78.1,59.6,847.6,36.16,7.66,5.62,29.63
37340,8.51,44.82,66.29,0.28,79.4,37.9,771.7,38.01,4.71,0.88,29.88
37360,5.64,31.71,76.14,10.06,26.9,36.2,780.2,37.69,-3.53,1.56,30.17
37380,2.43,30.07,81.59,6.68,126.9,-77.8,769.8,35.48,-5.24,-4.73,29.91
37400,1.29,21.07,83.82,18.59,100.0,-74.5,821.5,38.15,-10.49,-5.56,30.33
37420,0,8.48,77.95,23.12,69.9,-179.7,851.2,29.33,-8.84,-6.96,31.21
37440,0,2.65,63.59,40.59,116.0,-42.1,854.3,29.28,-18.87,-6.79,30.79
37460,0.13,0,55.59,48.19,34.4,-88.5,892.4,19.37,-19.99,-4.14,31.09
37480,0,0.27,31.83,62.62,39.7,-167.9,1000.2,10.44,-24.82,-2.84,30.87
37500,0,0,20.71,63.36,57.1,-177.3,992.6,-3.09,-14.93,-1.81,30.93
37520,1.58,0,18.51,61.9,-3.1,-118.5,1000.5,-10.57,-24.89,3.18,31.24
37540,3.59,0,11.87,47.56,-53.7,-115.1,981.4,-21.29,-11.06,5.68,31.12
37560,0,0,3.65,39.03,-31.9,-168.7,981.6,-21.43,-14.5,3.81,31.03
37580,3.99,2.1,1.92,24.29,-60.0,-126.1,1032.8,-30.03,-20.17,3.93,30.71
37600,1.67,0,0.79,15.95,-113.6,-63.4,994.7,-35.51,-0.07,3.41,30.34
37620,0,0,1.84,12.67,-79.3,-19.4,1012.1,-38.04,-0.52,2.77,29.89
37640,0.08,1.7,0,4.69,4.6,-3.1,1046.4,-42.55,0.17,-0.92,30.02
37660,3.33,4.46,0,2.26,-68.5,12.0,996.1,-37.81,-4.89,-1.37,29.65
37680,0,0,3.06,5.45,-133.7,140.0,997.3,-33.83,3.56,-5.1,29.62
37700,1.34,0,0,1.62,-70.5,62.2,1008.6,-29.14,9.13,-2.69,29.26
37720,0,4.05,1.54,0,-53.8,165.1,1043.2,-26.68,22.95,-2.93,28.75
37740,0,3.28,0,0,-41.7,131.9,1019.9,-13.77,19.8,-4.0,28.52
37760,0,0,1.6,2.56,-62.2,239.7,995.2,-3.88,11.05,-4.18,28.4
37780,82.84,22.06,3.84,0,-16.1,181.2,1072.4,-0.51,14.17,-1.79,28.27
37800,70.07,35.21,14.93,1.53,-27.3,143.5,1002.8,11.06,22.37,2.79,28.74
37820,52.69,47.56,18.88,0,-16.9,194.4,898.9,16.88,18.77,3.14,28.74
37840,34.88,47.7,26.14,0.22,49.7,120.4,879.6,25.27,15.47,6.43,29.36
37860,20.0,60.67,41.54,0.04,98.1,114.6,835.6,29.04,11.03,4.32,29.38
37880,5.2,56.89,54.92,0,68.6,109.7,822.0,38.45,8.98,3.03,30.03
37900,0,42.68,66.4,3.38,72.8,26.1,820.2,43.87,8.73,0.66,29.81
37920,0,36.92,70.4,2.45,156.5,-146.5,818.9,42.56,1.86,-4.18,30.09
37940,0,24.15,85.27,6.43,163.5,53.0,801.5,38.39,-7.64,-3.13,30.36
37960,2.26,13.43,82.09,13.19,134.3,-70.5,799.5,30.99,-3.57,-5.03,30.7
37980,1.55,10.36,76.43,26.67,120.7,-59.2,833.0,35.9,-13.18,-2.69,30.43
38000,0.34,0.33,61.09,38.51,-11.8,-125.8,880.8,18.64,-18.31,-3.18,30.93
38020,0,1.59,52.9,58.09,-37.3,-135.0,883.9,15.31,-19.54,0.8,31.02
38040,1.65,0,35.99,62.39,40.2,-176.3,956.5,13.87,-18.6,-2.35,31.15
38060,1.97,5.9,28.67,72.05,18.9,-135.7,979.2,-6.35,-15.46,2.36,31.03
38080,2.67,1.01,10.45,64.97,-23.5,-185.5,998.9,-12.97,-11.28,6.19,30.94
38100,0.79,2.25,7.07,50.07,-17.2,-185.5,1083.2,-17.2,-17.96,6.1,30.56
38120,0,1.88,5.6,38.97,-54.8,-87.9,978.2,-33.69,-9.82,1.6,30.67
38140,4.81,0.54,9.92,21.48,-164.9,-127.7,982.8,-33.88,-8.0,3.5,30.68
38160,0,1.49,1.95,15.83,-51.3,-71.1,1009.6,-34.49,-7.51,-0.55,30.66
38180,0,0,4.34,7.43,-80.7,-76.9,1000.8,-41.28,-4.47,1.92,29.97
38200,0,0,0,0,-43.8,62.3,1041.8,-41.88,-0.82,-3.87,30.05
38220,0,2.48,0,0.14,-123.1,54.6,958.8,-36.62,-3.66,-3.46,29.48
38240,0,6.61,0,1.56,-68.7,90.3,1017.4,-35.09,9.78,-3.18,29.55
38260,0.55,5.51,0,0,-134.9,63.1,1018.4,-32.09,14.23,-3.8,29.49
38280,0,0,0,0,-42.9,40.9,1025.3,-25.54,20.39,-4.1,29.18
38300,7.5,0,1.17,0,-13.3,142.6,980.8,-15.43,20.49,-2.43,28.57
38320,0,0,0,6.8,-15.0,245.7,1010.0,-8.56,11.8,-4.46,28.45
38340,76.08,26.25,10.72,0,5.1,109.6,1004.0,-1.24,15.46,-0.25,27.97
38360,63.95,34.74,10.49,0.41,-2.4,188.4,889.0,13.67,21.8,5.68,28.11
38380,48.8,49.54,16.76,0.28,95.2,111.9,970.1,18.56,24.74,5.28,28.68
38400,29.7,55.85,32.95,0,101.3,143.6,894.4,30.86,10.99,8.77,29.18
38420,14.94,59.95,44.36,0,176.1,80.1,844.1,40.83,2.14,4.93,29.46
38440,12.31,50.45,61.45,0,79.5,70.8,768.7,40.2,9.16,-0.19,29.77
38460,0.77,41.48,76.2,4.29,51.4,7.3,813.7,47.86,-2.46,1.77,30.07
38480,2.18,33.36,82.77,5.46,84.4,1.2,804.4,39.43,6.69,-0.44,30.29
38500,0,23.76,82.43,4.9,125.3,63.9,836.1,34.04,1.4,-3.03,30.55
38520,0,11.17,88.49,14.85,80.0,-144.1,869.4,32.15,-9.0,-6.17,30.68
38540,0,11.46,77.02,33.46,63.5,-62.9,814.9,31.11,-8.51,-2.56,30.64
38560,0.59,0.19,55.71,48.93,-18.0,-148.7,884.8,23.29,-16.8,-2.23,30.73
38580,2.72,0,43.1,58.55,36.3,-75.3,916.1,12.47,-12.07,-2.02,30.57
38600,0,0,30.0,60.92,58.7,-137.5,1001.5,5.17,-17.26,-1.34,30.91
38620,0.51,0,19.46,65.38,-51.7,-155.0,985.7,-4.6,-13.8,5.81,30.98
38640,0.66,2.08,14.6,63.08,-35.7,-166.8,1010.0,-13.52,-19.85,3.57,31.25
38660,1.39,0,7.88,43.45,-119.7,-98.5,983.0,-17.58,-15.1,5.11,30.87
38680,0,4.61,4.52,34.36,-41.6,-198.2,974.5,-28.53,-4.12,2.8,30.89
38700,6.36,3.1,6.54,18.06,-40.1,-75.6,915.9,-37.78,-16.62,5.51,30.66
38720,3.51,0,0.32,5.65,-130.1,-115.1,990.6,-43.36,-7.74,2.54,30.15
38740,2.1,2.63,0,1.51,-74.3,76.9,962.1,-36.67,-2.32,2.81,30.25
38760,4.58,1.82,0.33,0,-60.9,34.0,1027.1,-39.77,6.47,3.71,29.98
38780,2.6,0.52,2.92,0,-89.9,10.9,931.8,-38.69,0.23,-2.16,29.81
38800,1.11,6.25,0,3.1,-13.0,77.5,1018.1,-35.55,14.28,-7.13,29.29
38820,0,4.3,8.07,0.75,-82.3,113.6,972.9,-24.72,5.8,-3.82,29.36
38840,0,7.25,5.77,2.81,40.8,115.0,1011.8,-20.1,13.21,-6.33,28.97
38860,0,3.86,0,0,46.4,108.5,991.9,-10.6,22.95,-3.87,28.44
38880,0,0,8.63,2.45,-9.6,117.0,989.8,-7.94,28.45,-3.12,28.09
38900,74.67,25.32,6.61,1.46,42.2,197.2,971.1,5.34,24.5,2.51,28.08
38920,61.34,35.04,13.2,0,167.3,188.3,965.0,12.33,19.22,0.13,28.3
38940,39.56,49.35,29.23,3.45,80.1,78.3,885.6,21.74,14.09,3.0,29.12
38960,28.81,55.62,40.23,2.52,92.7,126.9,761.2,25.97,12.39,5.2,29.25
38980,13.24,61.64,52.06,0.42,127.5,71.2,835.4,33.09,15.19,1.83,29.75
39000,4.06,47.24,60.82,0.04,73.6,60.6,813.3,36.71,2.6,4.81,29.77
39020,2.87,36.53,80.85,4.37,66.2,8.0,844.8,37.8,3.23,-0.63,30.16
39040,9.69,24.33,82.43,4.04,79.4,-60.0,813.6,36.09,-0.51,-0.92,30.31
39060,0,17.14,83.87,16.39,179.7,-108.3,860.4,42.36,-12.34,-2.17,30.59
39080,0.26,7.57,81.01,18.35,146.5,-103.3,824.3,34.07,-10.81,0.6,30.33
39100,5.88,5.64,65.68,37.86,3.1,-124.6,865.4,23.85,-15.32,-4.57,30.6
39120,0,0,51.24,47.22,66.6,-90.1,926.3,18.52,-20.35,-1.18,30.91
39140,0,0.87,44.4,60.93,8.4,-102.9,950.5,13.63,-17.26,-4.78,30.92
39160,1.66,6.11,24.8,64.19,66.4,-95.6,988.9,3.42,-27.6,-5.29,31.08
39180,0.8,4.1,18.22,64.49,-8.2,-199.9,1048.4,-5.09,-8.73,2.63,31.08
39200,0,3.11,13.44,61.52,-36.1,-139.1,990.3,-14.26,-14.22,4.13,30.78
39220,0.49,0.91,6.01,47.34,-91.1,-224.3,1013.3,-18.93,-16.3,5.57,30.78
39240,0,2.07,4.45,26.29,-170.9,-87.9,1011.0,-29.93,-3.63,2.66,30.61
39260,3.65,2.08,1.05,18.7,-129.1,-71.8,996.2,-38.78,-9.28,5.09,30.72
39280,0,0.54,1.71,10.18,-106.6,37.9,1055.5,-37.78,-3.86,3.8,30.29
39300,4.64,0,1.86,5.53,-51.7,-37.0,955.8,-39.7,-0.97,-2.94,30.34
39320,0,0,0,2.79,16.6,124.5,1011.6,-43.64,-1.32,-0.75,29.7
39340,0,1.04,0,0.37,-85.5,81.1,996.5,-37.93,3.51,-0.67,29.56
39360,1.15,6.94,0,0,-115.9,53.0,979.4,-36.84,11.41,-4.44,29.15
39380,0,0,4.49,1.96,18.7,131.2,1013.2,-23.03,11.15,-3.2,29.05
39400,5.21,0,0,5.0,-54.7,167.0,1001.7,-20.03,9.56,-2.85,28.96
39420,2.35,0,3.59,1.98,-65.1,156.5,1012.5,-13.43,13.88,-5.54,28.24
39440,0,0,0,0,-4.7,140.5,1038.6,-4.81,22.59,-2.37,28.29
39460,73.12,23.01,15.69,0,50.0,168.7,973.3,5.95,8.73,2.59,27.9
39480,59.97,41.71,14.95,0,28.1,131.0,894.2,15.03,15.73,7.68,28.51
39500,40.58,51.21,25.98,2.64,57.0,127.3,875.8,25.72,19.73,5.14,28.7
39520,24.35,57.3,37.67,0,30.4,82.0,825.6,30.1,9.21,5.35,29.72
39540,10.55,58.25,46.83,0,148.2,8.8,813.3,40.83,11.34,7.05,29.73
39560,3.6,53.24,67.51,2.03,144.5,54.3,820.7,40.4,8.0,4.17,29.8
39580,0,37.36,75.66,1.57,53.6,91.3,767.6,37.58,5.14,-0.17,30.19
39600,2.12,20.95,87.46,3.05,98.8,-72.7,820.5,41.71,-10.15,-0.58,30.68
39620,0,14.65,84.64,18.46,15.2,-63.5,783.1,34.15,-1.74,-1.51,30.3
39640,1.16,8.73,77.13,23.8,80.0,-117.4,889.9,32.29,-18.27,-4.35,30.71
39660,1.51,4.8,64.03,37.71,71.3,-91.2,890.7,22.99,-19.26,-4.52,30.99
39680,0,0.35,52.38,48.42,79.8,-127.0,891.5,18.21,-17.84,-5.22,30.98
39700,2.89,3.17,37.3,62.46,5.6,-170.7,968.1,10.61,-24.93,-1.95,31.02
39720,0,0,27.49,67.6,-57.0,-163.1,975.4,5.91,-25.54,0.37,30.76
39740,2.06,0.26,15.56,59.28,-86.3,-133.6,953.3,-2.45,-12.68,2.92,30.91
39760,5.15,0,8.29,59.09,-70.0,-84.4,1013.8,-20.97,-18.02,3.55,30.96
39780,0,1.97,13.93,41.27,-78.7,-85.9,967.3,-25.84,-11.77,6.51,30.6
39800,0,4.63,5.45,21.86,-69.4,-221.3,1010.8,-27.06,-23.45,4.32,30.83
39820,2.85,0,3.37,13.11,-95.9,28.4,1024.6,-32.79,-7.96,2.53,30.57
39840,1.05,0,0.66,10.31,-152.2,-40.3,999.9,-33.8,-1.94,3.54,30.21
39860,0,0,0,0.5,-102.6,-89.2,1018.3,-39.91,-1.51,2.03,30.25
39880,0.67,2.02,0.03,1.75,-97.6,73.9,1036.2,-41.01,-4.23,-2.79,29.86
39900,0,0,3.17,0,-104.6,103.9,1006.8,-37.74,10.14,-2.86,29.39
39920,0,0,2.77,1.33,-119.5,88.9,1022.5,-35.7,12.17,-0.08,29.65
39940,1.4,0,0,0,-100.1,131.1,1004.5,-21.55,26.26,-5.62,28.93
39960,2.81,2.44,1.7,0,-122.5,86.9,998.1,-20.39,16.74,-3.57,28.51
39980,1.17,0,0,1.34,-33.0,223.4,997.6,-11.2,15.12,2.43,28.15
40000,79.4,20.84,8.42,0,-31.1,134.3,974.1,-3.4,20.27,1.88,28.09
40020,73.03,33.13,9.18,0.43,-13.0,158.4,963.3,5.85,13.35,1.56,28.37
40040,58.38,45.58,14.14,2.28,26.3,76.9,983.6,16.87,14.96,3.63,28.81
40060,33.55,60.77,23.67,0,-12.2,135.8,826.9,22.88,18.04,3.34,28.9
40080,11.47,54.35,40.64,0,73.9,75.7,867.6,28.47,12.94,4.76,29.17
40100,11.29,56.16,61.8,0,-2.1,34.5,823.0,31.96,5.1,3.79,29.58
40120,2.49,42.95,74.37,3.64,65.9,76.3,830.3,39.95,11.95,4.18,29.69
40140,0,40.42,78.91,9.18,62.0,16.2,880.7,40.77,10.16,0.96,30.11
40160,0,25.33,87.1,5.17,115.9,-41.9,823.1,37.19,-9.92,-1.65,30.48
40180,0,16.02,83.51,19.47,78.8,-75.6,778.2,37.96,-2.75,-4.99,30.67
40200,0,6.03,75.48,26.29,171.4,-82.7,829.9,32.61,-5.58,-7.89,31.17
40220,0.07,7.78,59.56,39.62,41.0,-110.0,865.2,25.36,-24.89,-1.72,30.84
40240,0,3.45,45.2,54.47,-17.9,-94.3,860.6,16.84,-20.96,-3.7,31.0
40260,0,7.55,32.71,60.72,-2.1,-149.3,983.7,7.77,-26.1,0.57,30.96
40280,0,0,21.93,65.05,-69.5,-153.2,983.3,2.36,-14.45,5.46,30.73
40300,0.62,0,16.88,59.69,41.1,-129.5,1047.2,-9.25,-13.5,0.64,30.95
40320,4.34,0,11.39,50.08,-107.0,-121.8,1016.3,-21.43,-15.04,2.55,30.6
40340,0,3.25,2.51,43.17,-103.5,-145.0,977.7,-23.91,-4.84,5.47,30.75
40360,0,0,1.43,25.35,-37.3,-16.4,964.4,-32.25,-8.14,6.89,30.49
40380,0,0.95,0,17.66,-60.3,-15.4,985.1,-36.65,-13.63,4.55,30.51
40400,0.99,3.84,0,11.46,-64.2,-67.3,963.4,-45.22,-1.68,-0.0,30.11
40420,0,0,1.7,5.28,-49.8,-75.6,1049.4,-40.86,5.6,-0.6,30.27
40440,0,0,5.26,1.6,-85.0,-27.2,1014.0,-41.18,11.64,-2.31,30.03
40460,0,0,0,1.34,-72.0,8.3,993.0,-35.68,17.65,-3.55,29.7
40480,1.68,1.08,2.67,0,-32.4,84.0,980.1,-33.2,10.02,-4.46,29.12
40500,3.99,3.85,0,0,-98.5,66.9,1023.0,-26.09,19.89,-5.13,28.59
40520,0,0.92,5.73,7.15,-28.5,149.1,1013.3,-10.78,18.24,-2.85,28.5
40540,0,1.19,0,5.23,-67.2,94.1,1010.9,-5.47,21.79,-0.17,28.27
40560,73.37,24.49,0.71,0,-12.3,117.3,1015.0,4.97,23.16,0.0,27.86
40580,62.03,33.31,9.57,1.85,86.3,73.5,992.6,14.03,25.44,-0.29,28.28
40600,49.44,50.15,18.64,3.39,-3.5,102.0,837.7,21.18,21.35,3.34,29.05
40620,28.84,57.5,25.83,0,145.1,99.5,877.1,27.5,15.51,5.0,28.87
40640,16.74,56.36,42.47,3.47,181.2,10.4,795.0,31.47,15.16,3.86,29.17
40660,12.89,51.09,58.31,3.54,30.8,31.5,847.5,34.09,6.52,0.82,29.93
40680,1.96,42.31,73.02,4.35,97.5,40.6,785.9,35.97,0.38,1.64,30.01
40700,0,39.21,81.05,0.33,67.7,-73.5,792.0,36.35,-2.31,-1.53,30.38
40720,1.2,17.01,83.06,11.92,172.4,-30.5,774.3,35.33,-4.31,-0.08,30.62
40740,0,14.77,82.41,17.59,138.9,-45.0,837.2,35.39,-9.94,-5.22,30.3
40760,0,3.6,74.44,30.73,72.8,-112.4,878.5,27.84,-16.16,-5.7,30.83
40780,0,0,57.01,44.48,39.3,-161.8,861.7,20.15,-21.9,-3.05,30.99
40800,0.81,1.75,48.39,44.42,14.0,-116.1,921.5,20.82,-12.75,-1.92,30.94
40820,2.84,1.15,35.62,68.53,-76.3,-156.6,964.0,7.88,-22.85,-3.91,31.05
40840,0,2.97,18.02,64.81,-51.0,-276.7,1000.8,-4.24,-25.94,-0.69,31.38
40860,0.65,0,10.48,62.61,-37.8,-47.3,990.4,-8.1,-30.75,2.25,31.16
40880,1.06,1.01,5.31,49.16,21.6,-173.3,987.6,-20.46,-17.89,1.49,31.13
40900,0,4.45,4.13,35.87,-138.3,-82.1,989.4,-29.58,-22.9,3.37,30.89
40920,1.03,0.92,0.53,27.05,-158.5,-75.2,986.9,-36.15,-7.52,4.34,30.72
40940,3.2,0,0,9.58,-58.3,-90.9,1012.8,-37.27,-12.91,5.19,30.3
40960,1.57,2.46,0,6.67,-23.7,-68.5,1010.1,-40.21,1.09,-0.17,30.05
40980,0,0,0,0,-74.5,-48.0,939.2,-36.52,1.22,-0.95,30.16
41000,0.13,0,2.4,3.57,-140.9,64.5,1004.0,-32.08,-2.38,-1.61,29.45
41020,0,0,4.33,3.55,-120.7,94.2,1021.4,-34.54,2.41,-7.14,29.36
41040,0,3.3,0,0,-97.1,80.8,983.7,-32.84,16.1,-4.05,29.19
41060,4.33,2.06,3.21,0,-80.6,159.3,944.5,-20.65,21.71,-4.96,28.85
41080,0,1.69,1.69,0.47,-27.9,144.3,1024.6,-16.07,22.08,-2.44,28.47
41100,2.38,0,4.04,0,-28.3,192.7,984.1,-4.72,21.1,-0.56,28.35
41120,77.76,32.86,7.4,0,-60.2,179.9,1011.4,3.39,25.25,1.73,27.95
41140,66.99,38.09,14.81,0,-150.0,172.1,893.2,15.59,25.27,3.33,28.41
41160,43.6,45.91,16.02,0,82.3,116.8,890.1,19.61,17.44,5.82,28.95
41180,29.07,56.67,29.36,0,177.7,34.1,870.9,33.84,13.35,5.81,29.2
41200,12.71,55.33,43.21,0.77,108.8,122.1,849.8,39.18,17.57,4.82,29.44
41220,7.32,55.08,58.91,0,152.8,-9.2,799.3,45.11,4.39,1.47,29.69
41240,6.18,42.78,75.84,4.29,74.3,24.4,758.9,42.58,8.35,-0.95,30.5
41260,0,27.29,80.91,11.65,87.9,0.8,812.1,40.43,-0.12,-3.48,30.33
41280,0,23.62,81.34,11.74,77.5,-151.0,821.6,35.97,-3.28,-3.58,30.48
41300,0,8.6,77.29,18.17,119.3,-89.7,843.4,36.77,-6.74,-4.09,30.57
41320,0,1.0,73.71,33.8,-4.0,-19.7,847.3,27.31,-13.67,-5.71,30.76
41340,0,0,54.54,43.2,43.0,-95.0,883.0,22.34,-19.73,-7.05,31.25
41360,1.53,3.89,48.22,63.72,40.9,-201.4,951.0,13.09,-17.4,-1.23,31.09
41380,3.37,1.04,26.58,61.91,18.9,-186.6,940.6,5.73,-22.01,-1.48,31.3
41400,3.91,3.1,12.27,67.85,-71.4,-213.8,1017.4,-6.52,-13.15,4.81,31.2
41420,1.07,0,10.23,56.99,15.6,-254.9,984.8,-15.93,-21.42,0.08,31.08
41440,0.21,0.71,4.2,39.4,-47.2,-42.3,994.2,-23.7,-23.2,2.39,30.99
41460,0,0,1.05,29.06,-125.0,-127.2,951.1,-30.83,-5.61,3.02,30.67
41480,1.65,3.05,1.97,22.74,-50.1,-155.4,1030.9,-36.35,-12.13,1.94,30.6
41500,0,0,3.43,6.67,-179.3,-35.1,1010.8,-35.07,-11.34,-0.29,30.33
41520,0,0,0.28,3.48,-213.3,-57.3,963.3,-41.07,-9.34,6.71,30.05
41540,3.19,0,4.24,2.82,-18.8,106.7,1022.6,-39.92,1.32,-2.1,30.17
41560,2.27,0,1.23,0,-5.3,17.1,994.0,-40.2,7.85,-6.99,29.8
41580,0,0,0,0.44,-132.9,47.1,1012.7,-36.39,8.55,-5.13,28.78
41600,0,0.04,4.09,0.05,-157.8,59.3,948.0,-28.74,19.05,-3.86,29.05
41620,0.83,0,2.48,0,8.8,168.1,930.4,-18.2,15.89,-3.95,28.77
41640,0,0,0,0,39.4,231.5,1039.1,-14.4,11.9,-4.28,28.14
41660,0,1.9,4.14,2.98,9.1,39.5,1028.9,-0.75,17.07,0.16,28.1
41680,77.46,26.76,9.39,0,94.4,153.4,936.1,1.74,21.87,-1.81,28.23
41700,60.64,40.89,23.52,0,45.7,142.7,969.0,20.4,19.47,4.63,28.74
41720,38.16,47.26,27.79,0.87,93.0,110.7,879.2,20.78,10.84,3.97,28.81
41740,19.65,52.33,30.87,2.38,95.5,142.0,888.9,31.31,15.21,4.46,28.92
41760,5.47,52.98,48.35,0,101.5,34.8,882.4,38.74,2.99,1.13,29.61
41780,6.87,50.94,64.67,0,83.1,54.7,745.5,36.23,6.51,-0.11,29.64
41800,2.46,48.06,74.74,0.67,140.2,33.7,795.7,40.48,12.83,3.55,30.08
41820,0,28.32,86.86,8.03,126.4,44.9,762.0,35.92,6.55,1.37,30.58
41840,0,17.53,83.62,18.36,83.7,-54.4,840.3,42.11,-9.33,-1.66,29.91
41860,1.72,6.47,78.15,21.69,-7.8,-46.2,844.3,35.33,-10.57,-3.32,30.59
41880,0,7.95,67.88,36.89,115.4,-158.8,933.4,26.24,-17.24,-4.46,30.79
41900,0,2.06,56.27,47.41,75.7,-22.6,922.2,18.43,-13.44,-5.14,31.1
41920,0,3.68,36.49,60.25,-51.2,-194.5,936.0,13.99,-23.06,-1.09,31.19
41940,3.28,1.5,26.69,72.28,5.1,-247.7,969.8,3.61,-17.85,-2.12,30.84
41960,0,0,18.89,59.28,-87.6,-60.6,1037.6,-1.75,-16.23,2.07,30.94
41980,3.74,1.56,10.57,53.41,-54.7,-197.6,1000.4,-11.56,-22.37,3.35,30.82
42000,2.69,0,4.93,39.05,-62.5,-84.8,988.9,-24.48,-13.73,5.61,30.96
42020,0.4,1.24,0,33.24,15.0,-37.2,1008.9,-29.47,-18.58,3.26,30.91
42040,0.44,1.03,2.35,19.88,-132.2,-73.7,989.0,-31.15,-7.31,3.67,30.89
42060,0,3.13,1.5,13.43,-71.8,-20.8,1024.1,-39.83,-6.49,-0.5,30.36
42080,0,0,1.73,3.81,-122.0,9.8,1014.9,-38.12,-0.92,-3.28,30.14
42100,0.68,0,1.43,0,-72.4,72.5,1007.3,-43.06,3.27,-1.7,29.72
42120,0,1.08,0,3.15,-99.6,85.4,980.9,-34.26,16.58,-4.59,29.4
42140,3.56,0.05,0,5.71,-114.9,96.0,992.0,-27.74,16.83,-0.59,28.85
42160,0,4.23,3.44,2.4,-53.6,93.1,1044.2,-20.55,22.38,-5.59,29.24
42180,0,0,4.71,0,-107.3,137.2,1076.5,-17.63,10.42,-1.38,28.88
42200,1.58,4.79,0,0,-15.0,183.7,1013.9,-10.01,18.22,-4.54,28.47
42220,0,1.29,0,0.89,24.2,114.4,1000.5,1.74,21.67,0.45,28.07
42240,68.56,29.35,8.57,3.96,58.2,166.8,945.2,12.9,22.56,0.72,28.23
42260,55.53,47.66,19.17,0,10.4,136.6,942.2,17.96,22.84,7.18,28.5
42280,37.68,52.55,26.25,0,150.1,239.1,927.4,24.03,8.97,4.3,28.83
42300,21.87,49.75,39.98,0.87,-32.9,121.6,860.8,30.11,11.59,7.41,29.41
42320,12.66,52.56,54.58,4.41,136.3,109.5,825.4,30.57,21.77,4.5,29.59
42340,2.58,55.43,65.95,2.04,204.0,69.0,801.5,34.42,6.83,4.67,30.04
42360,1.27,35.82,77.41,2.54,182.6,35.1,814.1,34.92,1.68,-2.26,30.12
42380,2.61,29.35,87.98,8.82,77.1,-15.2,801.2,43.6,-10.78,-1.67,30.45
42400,0,12.0,89.3,16.82,123.2,-74.2,824.0,36.28,-0.83,-4.78,30.72
42420,1.77,11.71,79.28,27.98,97.2,-109.2,838.5,24.98,-5.52,-5.71,30.54
42440,0,8.57,62.62,39.97,45.7,-59.7,901.1,25.0,-19.24,-2.98,30.9
42460,2.78,0,52.5,53.58,140.3,-143.9,929.0,18.22,-17.18,-3.73,30.75
42480,1.82,1.77,33.98,62.81,13.4,-143.0,979.2,9.34,-21.49,-0.45,30.84
42500,2.28,1.28,29.68,69.39,-74.5,-161.2,979.6,0.89,-20.86,-2.72,31.02
42520,3.66,1.2,16.7,61.41,-53.6,-124.1,982.6,-6.67,-17.77,-2.03,31.18
42540,0,0,8.93,48.03,-94.1,-133.2,994.8,-19.3,-22.35,2.99,31.11
42560,2.61,2.34,5.26,37.71,-85.8,-131.0,1035.6,-26.71,-14.04,7.61,30.77
42580,0,7.66,6.57,22.07,-114.7,-14.4,1024.5,-36.47,-13.9,4.1,30.62
42600,0,0,0.95,11.01,-150.1,8.6,1005.2,-34.38,-16.16,4.66,30.26
42620,1.42,0,4.54,11.18,12.7,-63.4,1049.3,-35.8,1.32,4.24,30.34
42640,0,0,3.26,6.46,-121.6,64.4,1004.8,-35.92,-6.07,-1.73,30.19
42660,0.55,2.39,1.93,3.65,-91.7,100.3,965.8,-37.82,7.66,-4.03,29.49
42680,0,5.3,0,0,-49.1,61.2,1023.9,-34.72,12.34,-1.14,30.01
42700,0,3.97,1.09,0,-114.1,122.1,974.1,-25.2,9.69,-6.12,29.37
42720,0,0,3.14,0.46,-59.3,180.8,997.2,-24.21,19.38,-5.61,28.83
42740,1.26,4.35,2.1,4.88,-67.5,97.9,977.0,-23.84,10.9,-4.84,28.46
42760,0.18,0.44,4.16,0,-49.9,111.0,999.0,-5.08,16.6,-2.38,28.7
42780,80.69,21.33,8.77,0,3.3,80.7,989.6,2.19,24.02,3.24,28.27
42800,65.66,33.48,12.97,0,39.6,136.5,971.4,7.83,23.71,4.49,28.4
42820,51.8,42.84,23.4,0,32.6,158.5,863.6,21.43,14.38,4.07,28.63
42840,36.61,51.28,23.74,0,80.7,53.6,840.8,20.69,6.86,6.92,29.08
42860,17.02,61.16,47.34,0,25.5,166.3,816.0,32.55,10.96,4.18,29.65
42880,5.11,49.41,49.64,1.88,178.2,30.8,834.0,31.95,7.14,2.82,29.7
42900,2.28,42.55,67.98,0,41.0,61.1,803.3,43.88,-4.97,-0.44,29.73
42920,0.14,36.74,76.65,7.29,114.5,34.5,774.6,40.36,-2.67,-2.17,29.98
42940,1.42,24.27,83.02,8.18,78.2,-99.9,837.8,34.66,-13.7,-0.89,30.46
42960,4.47,19.02,84.3,22.4,29.2,-14.9,819.4,35.78,-3.18,-5.42,30.81
42980,0.3,6.89,69.66,27.19,59.3,-46.2,928.2,31.64,-19.16,-2.2,30.69
43000,5.4,0,59.96,43.26,64.7,-22.2,919.2,26.51,-14.16,-6.22,30.54
43020,0,1.54,52.71,57.2,68.1,-97.3,969.8,15.54,-22.08,-2.67,30.97
43040,0,4.91,35.63,61.38,39.4,-161.4,914.7,7.74,-19.01,-0.52,31.12
43060,6.12,0,26.6,69.12,16.8,-126.5,987.8,-1.68,-24.79,4.77,30.88
43080,0.07,6.57,11.31,58.62,-37.2,-130.4,1001.9,-14.35,-11.47,3.35,31.0
43100,0,0,8.69,51.55,-14.2,-120.9,1010.7,-15.72,-21.38,4.2,30.74
43120,0,0,6.07,34.73,-117.5,-148.3,1021.1,-29.94,-15.28,7.02,30.91
43140,0,0.61,0,23.52,-57.9,-179.7,1016.9,-32.76,-2.83,5.58,30.48
43160,0,0.58,0.89,18.65,-52.3,-69.5,1011.1,-38.29,-9.13,3.47,30.47
43180,0,0.87,2.02,3.2,-103.2,-41.9,1017.9,-39.89,-0.4,0.45,30.16
43200,6.26,0,0,8.86,-2.4,-7.0,1084.2,-37.55,3.26,-1.6,30.1
43220,0,3.65,0,3.44,-104.4,45.2,957.4,-34.09,1.27,-5.72,29.45
43240,2.97,0,0,0,-94.5,4.5,1028.0,-28.71,10.32,-5.53,29.89
43260,3.28,3.67,0,0,-8.2,142.7,1024.7,-30.48,4.77,-5.18,29.07
43280,1.75,0,0,0,-54.7,129.7,993.4,-22.01,10.2,-2.73,28.71
43300,0.85,2.77,0,2.13,-49.5,135.3,978.7,-19.43,15.69,-1.86,28.71
43320,2.41,0,2.82,0,-38.5,204.9,1009.8,-6.33,15.17,-1.95,28.09
43340,77.73,25.21,12.35,3.64,-105.2,153.7,965.4,5.54,11.94,-0.11,28.07
43360,62.18,32.93,14.21,2.34,-59.4,160.6,958.9,7.91,24.05,6.49,28.42
43380,46.14,51.79,22.24,0,107.9,99.1,936.6,24.28,19.55,6.97,28.6
43400,29.58,54.13,33.42,2.31,76.6,113.5,872.9,30.35,19.27,5.29,29.1
43420,16.52,57.96,44.15,8.54,25.5,131.7,823.3,31.22,12.82,4.37,29.44
43440,5.06,51.98,61.01,1.4,135.0,30.5,793.3,38.77,15.73,2.27,29.28
43460,4.08,48.79,69.06,2.38,115.4,117.3,807.4,38.88,3.3,6.34,30.35
43480,0,31.38,88.05,2.47,130.2,38.2,754.3,46.61,-4.88,-0.73,30.4
43500,0,20.54,88.26,8.27,109.5,-48.3,802.7,38.09,-7.68,-4.76,30.78
43520,0.58,14.01,79.5,21.92,191.3,-43.9,858.3,38.17,-14.98,-3.18,31.0
43540,2.35,5.19,67.23,34.16,59.8,-52.2,829.2,26.85,-13.95,-3.19,30.82
43560,0,3.73,63.85,46.45,70.5,-46.2,887.9,20.68,-14.93,-5.85,31.27
43580,1.73,0,41.88,57.36,31.8,-131.9,928.9,15.59,-23.03,-4.32,30.93
43600,1.46,4.99,27.77,67.07,22.5,-101.1,965.6,8.94,-19.15,-2.07,31.41
43620,2.43,0,22.56,64.19,45.7,-199.4,980.1,-2.8,-19.95,-1.21,31.23
43640,0,0,10.1,56.48,48.3,-92.4,982.7,-15.79,-15.3,6.53,31.26
43660,0,0,3.3,43.15,-40.0,13.8,970.2,-20.34,-9.15,2.25,31.33
43680,3.02,2.94,3.3,33.36,-95.9,-100.3,989.9,-25.97,-16.34,3.98,30.5
43700,0,0,3.85,25.41,-109.3,-100.9,1002.7,-29.52,-13.88,1.8,30.61
43720,0,2.97,0,13.86,-132.9,-28.7,1000.0,-40.53,-5.1,4.27,30.22
43740,0,1.09,0,0.21,-149.1,-51.4,992.7,-41.87,4.02,-0.29,30.27
43760,2.36,0,0,0.12,-154.9,-75.3,965.6,-41.49,5.25,-1.95,29.91
43780,7.84,0,0,5.65,-147.7,46.6,1018.6,-38.22,8.86,-1.22,29.47
43800,0.41,0.73,1.83,0,-67.2,44.6,959.5,-35.12,4.76,-4.46,29.8
43820,0,0,5.89,0,-57.1,78.8,976.0,-28.6,14.36,-3.49,29.25
43840,2.1,0,2.38,0,-58.7,142.2,1037.3,-16.38,23.15,-7.83,28.68
43860,0,0,0,2.11,-15.1,120.9,993.6,-14.45,15.46,-4.74,28.46
43880,0,0.8,0,4.91,-22.8,164.7,969.5,0.9,12.26,-4.86,27.9
43900,77.87,27.99,4.77,4.24,75.3,123.7,959.7,5.67,19.05,0.69,28.07
43920,56.82,39.43,10.91,0.92,22.8,196.4,913.0,15.31,18.63,3.37,28.42
43940,43.66,50.21,21.69,0,79.9,125.4,865.2,25.2,8.09,0.81,29.26
43960,17.51,57.45,38.49,6.27,130.3,127.3,867.1,27.21,11.32,5.16,29.33
43980,12.57,60.26,46.07,2.89,73.4,70.9,803.4,31.14,14.45,5.8,29.67
44000,7.52,51.61,68.85,0,61.4,-19.0,768.8,45.68,8.13,-0.4,29.69
44020,0,41.12,81.27,0,58.7,16.6,791.7,40.78,-3.32,1.57,30.25
44040,4.95,29.44,76.93,3.65,87.7,-3.2,809.3,39.51,-2.99,-3.29,30.02
44060,4.49,19.64,85.67,12.03,116.5,-18.0,823.3,37.6,-9.91,-4.1,30.62
44080,0,10.22,83.62,24.65,97.9,-62.8,824.4,35.55,-9.46,-0.91,30.9
44100,0,10.46,70.38,35.32,123.0,-85.5,851.9,24.96,-9.2,-4.45,31.1
44120,0,3.34,56.73,50.84,77.5,-191.2,884.0,15.25,-25.5,-3.15,30.76
44140,0,0,40.58,62.46,73.8,-269.0,932.2,14.17,-23.19,-6.49,31.13
44160,0.73,2.59,29.28,64.65,32.6,-203.3,973.1,-0.8,-15.82,-1.05,30.94
44180,1.35,5.48,22.22,61.77,-76.4,-133.2,995.4,-7.52,-13.15,0.74,31.09
44200,2.05,0,6.57,55.86,-99.7,-125.6,1042.1,-15.84,-19.63,4.84,30.9
44220,0,0,3.18,40.76,-97.6,-169.4,1072.7,-26.49,-12.13,8.39,31.37
44240,0,3.34,1.87,27.01,-83.8,-125.2,1021.9,-28.97,-5.65,4.73,30.62
44260,0,1.55,0,14.57,-121.5,-61.0,978.4,-34.94,-10.98,3.7,30.81
44280,0.25,0,0.1,10.79,2.3,-1.5,1034.5,-38.34,-9.02,4.46,30.39
44300,0,3.94,5.15,1.4,-162.7,-68.1,1015.1,-38.05,6.87,2.42,30.13
44320,0,0,0,6.01,1.5,50.1,996.9,-40.5,-2.26,1.98,29.7
44340,0,0.44,2.73,1.76,-117.8,49.1,1005.0,-36.62,12.27,-4.57,29.59
44360,0.36,0,0.22,2.2,-109.9,134.2,1041.3,-34.44,12.28,-3.72,29.72
44380,2.49,0,0.29,0,-164.5,211.4,989.1,-26.22,19.77,-4.43,29.13
44400,0.99,7.26,0,0,-46.9,138.7,952.1,-13.79,16.47,-2.26,28.7
44420,0,0,1.44,1.11,-11.2,126.5,996.0,-16.07,21.27,-1.04,28.55
44440,3.07,0.86,2.35,0,-28.6,194.6,977.8,1.69,19.98,-1.13,28.28
44460,71.25,31.01,10.95,0.72,15.6,160.6,954.3,7.22,26.64,4.11,28.55
44480,55.85,46.29,20.67,0,97.9,133.0,913.5,11.82,18.06,1.66,28.81
44500,39.67,46.68,28.43,0.21,-10.1,117.0,882.8,27.72,7.31,6.28,29.15
44520,24.48,61.44,39.05,1.1,49.1,131.5,892.8,39.85,10.96,3.24,29.19
44540,13.68,50.4,56.24,0.55,80.1,60.6,817.8,35.51,9.28,2.92,29.51
44560,5.45,49.0,67.91,1.41,26.2,124.4,805.9,36.54,-0.23,1.93,29.91
44580,0,37.4,80.44,6.81,104.1,-27.3,835.9,39.7,-4.32,0.28,30.1
44600,0,26.31,87.55,10.16,140.6,-52.6,838.6,36.58,-2.25,-1.85,30.56
44620,3.96,20.98,83.43,12.01,69.4,-38.6,842.0,39.14,-7.7,-2.28,30.56
44640,0,11.08,82.05,25.44,141.1,-94.5,821.6,34.13,-13.56,-6.14,30.75
44660,1.2,8.1,65.59,33.58,138.7,-95.0,874.4,25.2,-16.88,-5.69,30.88
44680,0,1.88,55.61,52.15,58.1,-10.4,908.2,19.69,-14.02,-2.12,30.98
44700,0,4.77,32.9,62.38,55.3,-117.7,980.0,12.63,-13.3,-5.1,31.05
44720,0.77,2.59,27.92,64.29,33.5,-88.0,977.1,2.94,-24.69,-1.24,31.04
44740,4.0,4.9,12.87,65.04,-13.4,-119.9,974.9,-5.56,-7.08,1.12,31.25
44760,4.33,0,7.7,53.24,-89.1,-122.9,1013.6,-6.83,-18.18,8.96,30.68
44780,1.96,0,5.1,43.8,-78.5,-135.9,998.0,-27.02,-21.69,8.18,30.89
44800,0,2.26,2.66,31.2,-81.2,-83.9,1027.6,-28.55,-21.0,5.55,30.52
44820,0,0,4.8,15.85,-113.0,-72.2,1007.6,-40.14,-6.06,2.73,30.41
44840,0.16,0,0,7.02,-156.8,22.9,979.0,-39.6,-14.46,4.21,30.32
44860,0,0,0,2.74,-54.0,7.8,1035.1,-40.32,2.62,0.66,30.22
44880,3.54,0.73,0,2.05,-14.6,-8.4,975.7,-40.95,5.2,0.46,29.79
44900,1.24,0.83,2.52,1.74,-87.8,141.1,1013.7,-41.77,13.09,-0.4,29.84
44920,1.67,0,0,1.06,-69.3,104.3,972.9,-27.41,17.39,-3.87,28.93
44940,2.4,3.52,3.69,4.74,-44.1,67.2,1032.0,-18.99,23.93,-5.06,28.71
44960,0.11,0.71,4.26,0,5.4,138.6,1018.5,-14.05,15.56,-0.92,28.94
44980,3.4,1.11,3.74,0,-47.5,181.9,1019.3,-12.24,16.64,-3.84,28.54
45000,80.38,19.65,3.94,0,23.9,194.5,980.1,-5.03,23.21,-3.85,28.04
45020,69.69,29.69,10.84,0.36,10.3,152.6,932.2,7.05,24.09,2.87,28.29
45040,46.93,44.63,15.32,0,-4.7,155.7,886.6,16.3,19.32,4.56,28.86
45060,33.19,50.58,26.91,4.1,12.9,81.4,868.7,28.16,19.76,7.1,29.3
45080,19.68,55.93,36.15,0.25,74.1,48.2,885.4,29.06,8.34,-0.5,29.38
45100,10.04,50.62,62.73,0,63.7,34.6,829.3,35.83,-2.94,3.82,29.13
45120,4.93,50.1,64.89,3.9,129.5,-17.9,800.7,43.73,0.4,1.59,29.83
45140,0,36.55,77.71,0,-24.9,23.2,816.4,44.35,3.27,-2.7,30.05
45160,0,20.7,81.97,13.7,65.3,-11.7,808.1,42.92,-1.85,-1.73,30.24
45180,0,16.38,85.51,14.11,19.5,-64.1,843.4,33.33,-7.89,-1.35,30.64
45200,0.06,7.65,78.86,32.1,85.9,-162.6,851.6,27.67,-17.87,-8.77,30.5
45220,0,6.27,63.42,35.67,124.4,-179.0,943.1,22.01,-5.8,-6.72,30.71
45240,2.07,0,48.69,56.0,7.9,-139.3,901.2,17.79,-15.45,-4.19,31.06
45260,0,3.09,29.79,60.25,-14.8,-115.4,969.6,12.81,-24.92,-4.37,30.98
45280,4.16,0,17.25,63.94,26.8,-196.9,993.4,-1.24,-24.6,0.63,31.21
45300,2.69,0,15.02,57.71,-32.6,-161.2,1074.0,-10.65,-12.2,4.86,30.77
45320,1.68,1.3,7.79,50.94,-47.6,-98.3,988.7,-21.07,-8.99,4.53,30.98
45340,0.05,3.83,2.42,33.82,-47.5,-66.9,1022.6,-23.35,-15.8,6.44,30.95
45360,1.62,0.31,0.34,27.41,-200.6,-21.1,962.1,-43.02,-4.22,3.34,30.35
45380,0,0,4.49,17.63,9.9,-106.4,962.8,-37.28,0.0,0.69,30.31
45400,0,0,4.05,2.17,-56.2,-8.1,968.2,-36.04,2.35,-0.36,30.34
45420,0,1.54,0,5.63,-81.7,22.5,978.1,-40.07,1.27,-0.53,30.28
45440,0,0,2.2,2.14,-101.9,30.8,992.9,-38.9,4.61,-4.25,30.11
45460,0,6.48,2.74,5.24,-76.3,17.8,998.9,-28.77,20.58,-3.18,29.56
45480,0.05,0,3.74,0,-111.8,19.2,1022.6,-30.78,12.85,-3.9,29.13
45500,0,1.68,1.37,0,-115.9,79.7,1037.9,-17.85,13.92,-5.34,28.97
45520,2.79,0,3.88,0,-78.9,115.8,984.9,-14.73,20.36,-4.77,28.23
45540,0,0,0,3.7,-67.7,150.5,1070.1,-8.97,23.17,-3.53,28.49
45560,78.06,32.26,5.7,0,-13.1,163.3,1001.1,4.85,12.57,-1.53,27.97
45580,70.25,41.37,5.97,0,75.8,216.1,982.8,5.49,17.05,4.04,28.38
45600,45.23,45.77,21.37,2.2,43.3,153.9,865.5,19.34,15.24,5.58,28.85
45620,25.1,56.02,33.27,0,35.1,138.8,912.2,26.43,13.67,7.36,28.91
45640,20.18,57.74,43.23,2.56,-22.9,54.1,849.7,30.02,12.87,7.45,29.11
45660,4.92,48.95,54.24,0,94.4,88.7,814.8,38.9,14.97,7.19,29.5
45680,0.3,43.75,69.54,2.22,82.0,-57.8,846.8,41.42,13.44,2.36,30.01
45700,7.58,33.64,78.64,6.18,181.3,10.0,805.6,35.91,-8.21,-2.38,30.17
45720,3.04,23.99,81.29,10.7,171.7,-39.1,771.7,39.31,-4.66,-4.79,30.25
45740,0,13.4,80.88,19.47,160.2,-63.9,849.3,35.69,-11.91,-2.39,30.7
45760,1.3,10.03,72.18,35.96,-12.6,-73.0,826.5,26.21,-8.66,-6.58,30.6
45780,1.85,4.43,59.74,38.55,12.6,-201.6,872.1,16.44,-9.69,-6.3,30.97
45800,3.21,2.91,47.72,54.91,-26.9,-135.9,927.8,14.29,-25.97,-1.73,30.74
45820,3.29,5.03,29.21,67.55,17.1,-182.1,985.8,5.29,-14.85,2.39,31.14
45840,4.34,0,23.3,64.8,-28.1,-102.2,1019.1,-0.97,-10.26,-0.96,31.1
45860,0,2.51,15.81,61.76,-76.9,-148.0,985.5,-8.01,-21.5,0.45,31.11
45880,1.92,0,3.28,47.72,-23.5,-135.8,988.3,-20.54,-20.49,2.25,30.82
45900,3.49,1.55,4.91,37.72,-29.2,-83.9,1000.6,-23.62,-18.04,7.33,30.86
45920,0,1.37,2.52,23.62,-97.3,-32.0,919.6,-33.7,-19.59,4.52,30.71
45940,3.76,0,0,14.07,-149.9,-66.3,1014.1,-37.76,-5.96,2.01,30.61
45960,0,2.03,2.7,11.03,-96.7,-30.5,992.6,-40.01,6.79,-0.94,30.66
45980,0.89,2.8,2.43,3.03,-80.5,37.7,1046.6,-40.64,-1.36,-2.44,30.03
46000,4.78,0,0.43,8.62,-21.9,29.7,1071.0,-45.58,12.48,-2.51,29.99
46020,1.85,2.05,0,1.24,-129.1,58.4,992.9,-37.93,8.75,-5.12,29.61
46040,3.35,2.38,3.38,0,-34.3,85.3,942.6,-33.46,14.76,-6.49,29.11
46060,3.4,0,0,2.55,-0.9,223.4,1038.8,-22.9,22.54,-5.11,29.45
46080,0,0,0,0,-47.9,206.2,982.2,-14.46,11.57,-4.06,28.47
46100,0,0,0,0,-24.0,68.9,1031.8,-2.07,22.16,0.24,28.28
46120,73.53,30.45,7.89,5.43,-69.6,146.3,995.0,1.43,22.08,-0.77,28.01
46140,66.8,31.59,8.25,0,125.4,240.3,978.0,12.63,22.65,1.85,28.55
46160,43.3,43.73,27.11,0,-5.1,155.4,863.2,16.8,6.89,2.28,28.81
46180,23.9,59.51,32.78,0,125.0,115.4,861.6,28.82,11.88,6.35,28.97
46200,9.51,52.86,42.38,1.86,149.1,14.0,812.8,32.03,15.62,4.73,29.4
46220,1.43,57.34,64.54,4.38,72.5,148.4,788.0,39.24,-3.62,-2.75,29.99
46240,2.67,42.69,71.75,0.47,67.4,65.0,783.4,43.44,3.64,3.5,29.8
46260,0,32.36,77.19,7.22,97.5,-25.2,835.4,36.15,-10.28,-0.8,29.98
46280,1.86,19.63,86.24,14.49,77.8,-152.9,813.6,32.63,-17.38,-3.38,30.4
46300,5.06,16.48,83.98,25.13,193.5,-50.0,783.1,28.83,-8.02,-6.14,30.44
46320,1.65,2.37,70.49,31.86,10.3,-5.0,854.2,29.49,-7.1,-5.65,30.66
46340,2.85,5.11,55.2,49.67,67.4,-88.1,868.5,25.5,-14.36,-5.77,30.82
46360,0,7.64,39.17,64.43,66.3,-137.9,936.9,14.79,-10.11,-5.89,30.69
46380,2.54,2.3,29.22,62.01,64.0,-179.1,998.0,0.69,-26.19,-1.3,31.22
46400,0,1.19,18.54,58.37,-95.8,-138.8,997.6,-3.59,-20.83,4.52,30.63
46420,0,2.86,10.82,59.88,-43.0,-80.9,1048.0,-15.38,-16.16,3.01,30.81
46440,0,0,8.13,40.31,-183.8,-139.0,1005.2,-17.5,-18.95,2.31,31.24
46460,0.26,3.56,2.81,32.55,-7.9,-175.3,1001.8,-29.02,-15.54,2.81,30.53
46480,2.01,0,0.82,14.75,-149.4,-108.1,1001.9,-32.65,-14.37,9.02,30.65
46500,3.83,0.14,0,10.71,-97.9,-7.3,1033.1,-36.42,-8.68,5.19,29.95
46520,2.47,5.3,3.48,7.1,-69.2,-66.3,1009.4,-38.98,3.16,0.62,30.49
46540,7.17,0,0.96,1.33,-137.3,29.6,1010.6,-35.06,10.03,-0.59,29.98
46560,0,4.01,0,1.84,-41.2,23.8,1009.3,-42.81,7.09,-0.71,29.94
46580,1.03,6.59,0,5.64,-141.8,27.8,1038.7,-32.47,17.88,-5.84,29.33
46600,5.24,3.73,6.52,0.12,8.0,170.7,1019.4,-32.14,20.83,-5.46,29.47
46620,3.29,0,4.22,0.63,-59.6,74.7,1008.8,-18.88,15.18,-2.26,28.93
46640,0,0,3.2,0,-32.4,65.9,1013.3,-11.6,17.27,-4.94,28.24
46660,0,0,3.14,1.4,58.9,86.2,929.1,-1.46,10.19,3.72,28.26
46680,74.54,25.09,19.74,0,-29.5,305.2,959.8,8.22,13.76,0.45,28.27
46700,55.08,36.57,17.43,0,28.0,173.1,951.1,12.44,20.55,4.54,28.66
46720,45.14,50.58,18.3,0,115.3,30.6,864.1,20.81,14.81,3.01,28.71
46740,21.33,57.23,39.57,1.49,157.7,171.0,847.3,28.99,15.25,7.57,29.19
46760,11.06,62.53,53.31,1.64,41.4,97.1,909.6,39.62,18.89,4.75,29.68
46780,1.05,51.03,68.69,1.09,23.7,26.5,811.7,39.64,-6.91,2.14,29.94
46800,0,46.09,79.17,1.37,92.7,-47.5,809.5,39.87,2.24,-1.29,29.99
46820,0,21.48,81.82,7.24,135.8,61.8,777.0,35.01,0.54,-1.46,30.39
46840,0,12.23,83.97,15.68,174.4,-142.4,793.4,31.46,-14.65,-3.01,30.51
46860,0.53,13.77,84.26,26.95,18.4,-72.2,834.6,31.98,-8.86,-3.59,30.5
46880,0,7.85,74.85,34.67,156.8,-118.5,836.9,28.1,-19.79,-4.93,30.53
46900,0,6.25,48.97,48.71,121.0,-232.3,901.2,21.03,-21.14,-3.93,31.35
46920,0,6.73,41.11,65.7,62.9,-242.5,998.4,8.34,-26.94,-2.18,31.1
46940,0.5,1.82,27.16,66.67,-23.4,-99.0,952.7,2.88,-20.79,1.57,30.81
46960,0.11,2.33,17.51,64.17,-67.5,-66.3,1016.2,-10.33,-29.62,0.46,31.14
46980,4.32,0,3.12,58.13,-13.6,-101.3,1014.2,-9.48,-22.24,1.08,30.81
47000,2.85,0,7.53,39.22,-80.8,-130.1,998.3,-19.32,-6.49,6.41,30.91
47020,0.51,0,0,36.29,-113.8,-182.8,991.9,-30.85,-10.17,7.62,30.59
47040,0,1.27,0,14.13,-145.8,-78.9,997.7,-35.1,-1.67,5.54,30.41
47060,0,0,0,10.02,-77.2,-87.8,1029.1,-31.8,-4.47,2.54,30.17
47080,2.62,3.14,0,9.99,-16.9,-5.0,1047.2,-40.21,5.72,-2.74,30.0
47100,0,0,1.72,0,-23.0,33.0,970.2,-39.39,1.21,-1.85,30.09
47120,4.41,3.26,1.56,2.66,-92.4,97.6,1027.4,-36.18,12.23,-5.5,29.45
47140,1.48,0,2.03,0.07,-100.0,20.1,1004.1,-35.03,10.57,-6.56,29.54
47160,0,0,0.01,0,-54.8,146.5,1036.5,-28.31,12.45,-2.89,28.82
47180,1.32,0,0,0,13.4,210.1,954.9,-23.97,23.05,-5.04,28.87
47200,0,1.72,0,0,-15.4,137.8,998.8,-12.22,14.71,2.38,28.14
47220,1.7,0.24,2.62,0,16.4,165.0,972.6,0.5,22.92,2.57,27.83
47240,74.04,30.97,8.84,0,15.7,198.4,926.3,6.17,15.37,3.85,28.26
47260,59.39,44.95,16.05,0,101.9,205.2,952.6,16.58,13.57,4.14,28.41
47280,36.85,51.62,24.0,4.04,24.7,132.9,867.6,28.22,18.9,7.09,28.9
47300,16.53,56.05,39.6,0,89.3,58.0,867.8,34.38,16.77,6.14,29.3
47320,8.07,56.34,53.32,0.2,9.8,43.1,820.6,33.96,11.28,4.66,29.7
47340,3.5,50.64,72.84,0,92.3,45.1,800.8,45.25,4.92,1.71,30.26
47360,0.17,35.37,74.58,1.86,126.6,-37.9,780.7,41.22,-1.28,3.17,29.76
47380,0,24.9,82.04,8.17,86.7,-78.4,809.6,36.69,-5.74,-2.67,30.05
47400,0,15.39,80.77,15.55,52.9,-27.6,828.9,34.89,-7.25,-3.05,30.18
47420,4.94,6.8,80.05,28.99,136.2,-191.7,834.3,29.02,-8.04,-6.13,30.78
47440,0,2.06,65.56,38.88,57.0,-185.6,913.8,23.68,-14.79,-2.97,30.82
47460,0,5.72,52.35,55.5,-32.2,-92.0,962.3,17.75,-12.51,-3.22,31.06
47480,0.01,0,38.38,56.89,-16.8,-241.8,971.1,4.03,-14.5,-4.94,30.91
47500,0,0.89,20.85,67.17,-11.0,-217.2,1033.3,2.94,-21.65,-0.39,31.12
47520,1.19,0,11.4,63.6,-88.0,-187.4,1030.5,-12.77,-21.41,1.42,31.39
47540,0,0,7.64,53.3,-114.3,-171.2,1004.7,-15.19,-9.71,3.79,30.55
47560,0,0,2.33,39.33,-92.4,-90.2,1023.0,-19.98,-11.34,1.71,30.85
47580,0.87,0.37,2.03,29.0,-38.0,-44.7,1017.1,-31.04,-17.63,4.96,30.55
47600,0,0,2.17,16.27,-102.7,-109.4,971.9,-37.37,-6.83,4.64,30.7
47620,4.95,2.05,0,9.7,-91.5,-97.0,982.9,-40.5,-8.63,1.66,30.25
47640,2.08,0,3.86,2.15,-145.0,27.0,991.8,-38.23,0.64,-0.33,30.2
47660,0,0,0,0,-111.3,-31.7,1022.1,-35.88,6.48,1.57,29.74
47680,2.94,0.65,0,0.36,-148.4,75.4,959.8,-39.02,14.26,-5.32,29.26
47700,0,0,0,0.2,-95.7,62.4,1033.0,-32.85,15.86,-5.61,29.22
47720,0,1.13,0,0,-158.7,6.2,949.9,-23.11,12.91,-4.54,29.07
47740,0,0,2.94,0,45.7,111.0,967.0,-16.44,10.2,-3.22,28.83
47760,0,0,1.66,0,-15.1,136.4,938.2,-8.19,12.43,-1.62,28.23
47780,74.91,21.08,2.05,0,88.0,131.7,984.5,2.88,17.27,-0.22,27.57
47800,71.97,34.89,10.22,0,78.7,127.6,937.2,10.18,22.82,2.49,28.49
47820,49.02,44.72,24.56,0,14.5,155.7,886.6,20.6,21.43,5.04,28.49
47840,32.97,54.51,28.2,0,26.5,158.2,875.0,18.77,14.96,2.87,28.85
47860,17.55,54.28,38.38,0,86.5,128.9,824.8,35.03,18.65,5.0,29.61
47880,7.2,54.58,57.76,2.08,70.5,67.5,816.1,40.06,-1.92,1.91,29.76
47900,3.05,45.97,74.19,5.78,172.8,53.5,795.6,38.48,3.14,2.06,30.2
47920,3.37,34.06,81.07,6.55,48.1,-11.9,752.2,41.67,-2.88,-1.29,29.77
47940,0.3,26.85,84.34,10.96,78.4,-14.1,815.6,42.56,-5.58,-5.48,30.58
47960,1.15,18.27,79.06,14.52,37.4,-53.8,812.6,34.99,-7.81,-3.62,30.72
47980,0,12.34,75.94,31.16,94.2,-85.5,859.6,28.45,-13.13,-5.06,31.04
48000,6.99,4.47,63.05,43.73,39.4,-152.6,875.6,25.46,-12.51,-6.24,30.82
48020,0,2.85,47.02,60.87,12.4,-55.2,848.4,21.75,-19.11,-1.97,30.87
48040,0,4.23,30.56,66.31,-40.7,-138.5,964.1,7.19,-26.09,0.23,30.67
48060,0.07,5.97,20.21,64.38,21.5,-119.0,1005.4,0.39,-24.72,0.78,31.09
48080,0.32,0,7.8,65.69,-51.8,-171.9,920.1,-9.68,-11.77,4.82,31.08
48100,0,0.61,8.41,53.59,-3.0,-147.5,1031.3,-20.65,-11.03,3.09,30.97
48120,0,4.69,6.17,37.8,-36.1,-134.1,1044.2,-26.85,-19.97,5.84,30.74
48140,0.73,1.11,1.08,17.4,-118.6,-137.5,1002.9,-36.06,-6.58,6.17,30.71
48160,0,2.84,0,12.24,-110.9,-107.0,976.7,-33.01,-3.04,7.39,30.75
48180,1.68,0,2.78,6.64,-102.0,-34.8,1007.5,-40.58,-7.15,0.97,30.47
48200,0.81,0,0.01,3.48,-12.8,20.6,1017.9,-38.34,-0.35,1.44,30.49
48220,0,1.03,1.87,6.29,-123.1,-5.0,1039.9,-40.13,9.52,-2.53,30.02
48240,2.35,1.06,1.65,0,-57.4,70.2,979.5,-37.01,20.95,-4.56,29.56
48260,0,0,0,4.72,-6.8,67.8,1061.6,-28.68,8.28,-3.53,28.61
48280,0,0,0,2.68,-52.2,72.1,980.0,-22.34,21.97,-4.36,28.73
48300,0.5,0,2.95,0,-88.4,141.6,956.7,-9.28,12.83,-3.37,29.03
48320,0,0,0,1.39,-18.8,190.3,1015.0,-6.68,10.67,-3.15,28.14
48340,74.44,23.21,9.43,1.1,-10.3,202.2,961.7,-1.36,20.06,-0.52,28.01
48360,58.18,35.64,14.36,0,104.7,109.1,991.6,10.2,21.87,5.21,28.27
48380,53.3,49.19,21.85,6.71,154.2,135.4,941.1,17.8,19.22,6.89,28.75
48400,27.18,54.64,30.51,0,165.1,221.3,861.9,28.51,18.55,5.93,29.17
48420,15.05,58.65,41.5,0,109.7,89.4,897.1,31.3,24.96,3.47,29.3
48440,6.29,65.57,61.63,4.87,154.9,83.8,755.7,33.08,5.75,3.03,29.69
48460,1.83,42.14,69.93,0.02,97.6,81.4,797.8,36.96,7.81,4.26,30.02
48480,0,32.36,78.95,7.8,80.6,54.0,820.5,38.8,-1.04,-2.23,30.11
48500,0,20.43,86.25,9.53,78.2,-45.2,790.6,35.35,-12.31,-2.24,30.22
48520,1.47,12.15,81.56,24.16,200.3,-92.4,820.4,35.58,-9.59,-3.9,30.81
48540,1.39,7.67,73.65,31.27,92.9,-45.4,800.8,27.78,-7.42,-6.86,30.67
48560,3.71,6.74,58.97,47.26,148.6,-155.4,882.2,26.16,-13.38,-3.37,31.0
48580,4.96,0,45.31,56.62,4.3,-130.1,967.2,11.66,-27.02,-2.64,30.98
48600,0.79,0,33.01,61.96,64.7,-70.3,1008.9,7.25,-8.41,-1.56,31.11
48620,0,0,24.46,65.17,-26.0,-113.1,962.5,-5.64,-15.05,-0.59,31.23
48640,0,0,16.05,57.15,-60.2,-115.1,1037.9,-10.63,-13.3,5.36,31.3
48660,0,0,5.97,48.8,-115.8,-65.7,1041.0,-22.48,-15.56,8.39,30.83
48680,2.63,0,0,32.13,-76.6,-71.5,1025.5,-25.88,-20.49,2.72,31.04
48700,0,2.54,3.35,23.18,-37.4,-50.9,1008.9,-39.84,-1.85,7.09,30.88
48720,0,0,4.88,10.16,-98.2,12.3,1036.8,-35.36,-7.85,0.18,30.38
48740,3.44,2.67,0,0,-63.3,53.1,1015.8,-37.53,-13.26,0.33,30.08
48760,0,0,2.77,3.88,-198.2,-3.9,988.0,-43.23,1.43,-2.79,29.93
48780,0,0,0,0,-162.9,-1.5,991.5,-30.83,4.58,-1.91,29.98
48800,0,0.93,0.14,1.56,-113.3,101.6,1052.7,-32.08,11.58,-3.34,29.55
48820,1.22,0,2.2,0,-12.5,164.6,981.6,-31.72,21.04,-4.27,29.11
48840,0,0.29,0.5,2.61,-19.5,124.2,952.4,-25.84,4.88,-3.53,28.73
48860,1.66,2.85,0.45,0,-24.2,139.9,1005.0,-11.61,23.48,-1.42,28.52
48880,1.1,0,0.77,0,20.3,269.4,976.6,-4.02,23.65,-1.1,28.31
48900,70.1,24.96,2.36,0,54.6,125.3,967.2,0.62,19.31,5.26,28.12
48920,61.91,40.38,17.29,0,121.5,129.9,975.6,9.11,16.99,6.6,28.38
48940,46.9,52.52,22.78,0,70.6,113.0,870.2,18.06,11.42,3.85,28.93
48960,23.7,56.02,34.41,0,11.7,135.8,820.9,31.65,17.27,7.67,28.88
48980,10.06,58.27,46.33,2.57,117.2,72.3,787.5,35.86,13.0,2.54,29.47
49000,6.75,54.36,62.97,1.04,162.2,41.6,853.6,32.75,10.83,6.31,29.69
49020,0,41.12,71.58,5.03,57.7,-69.5,823.1,41.03,-1.17,1.51,30.22
49040,0,35.64,84.98,7.84,121.6,20.1,785.4,41.06,0.8,-0.45,29.8
49060,0,14.72,79.41,12.66,42.7,-68.5,806.1,35.41,0.26,-2.02,30.57
49080,2.26,14.68,84.36,21.41,75.8,-116.0,868.2,30.33,-18.53,-8.88,30.42
49100,3.26,8.43,68.24,35.5,108.8,-96.7,846.0,26.63,-12.12,-5.91,30.82
49120,0.16,0,59.4,55.43,93.0,-102.9,952.9,21.43,-15.1,-5.41,31.32
49140,1.04,0,36.55,57.99,127.5,-197.9,972.7,10.17,-28.47,-3.71,31.3
49160,0,0,28.8,65.41,0.6,-190.3,984.0,2.15,-14.78,-1.18,31.19
49180,0,0,19.63,63.98,38.9,-252.6,1032.6,-4.78,-17.28,6.88,31.42
49200,2.28,0,12.35,52.88,13.3,-136.2,1022.2,-15.63,-17.97,1.73,30.62
49220,1.46,0,8.82,45.76,-108.4,-160.9,997.0,-23.79,-16.43,3.93,30.96
49240,0,0,2.17,25.37,-34.0,-74.2,989.8,-29.24,-16.03,7.81,30.75
49260,0.42,1.32,0.09,17.25,-128.9,-158.7,994.8,-37.87,-3.52,7.41,30.41
49280,1.52,0,0,14.52,-193.7,-79.2,971.8,-34.76,-4.05,1.3,30.31
49300,0,0,0,6.03,-126.7,-48.9,1007.9,-39.61,-5.02,-1.42,29.92
49320,0,1.43,1.24,1.89,-116.2,-17.3,989.1,-35.32,0.4,0.73,30.05
49340,0,2.61,0,0,-138.6,133.7,1039.1,-38.26,0.71,-4.39,29.53
49360,0,0,5.24,0,-116.6,124.6,992.9,-29.46,3.01,-1.55,29.27
49380,1.82,0,0.2,0,-36.5,93.0,1006.7,-21.11,15.28,-9.52,29.24
49400,1.56,0,0.07,1.97,-72.4,114.8,1027.5,-21.47,8.53,-5.6,28.67
49420,0,2.03,1.48,1.8,-102.1,131.4,991.7,-5.49,10.25,-3.19,28.52
49440,0,2.88,0,0,-67.7,186.9,1039.6,1.02,23.93,-2.33,28.09
49460,75.68,29.77,8.4,0.92,79.1,105.6,956.6,10.4,12.75,-0.11,28.17
49480,60.4,40.97,13.16,1.37,-7.2,246.1,907.9,16.81,20.43,3.22,28.68
49500,39.58,52.58,25.47,0,143.7,123.5,879.4,21.36,14.34,6.6,28.64
49520,19.14,57.06,34.21,0,64.3,122.9,860.4,32.64,10.84,6.01,29.63
49540,7.97,57.93,49.44,0.21,18.7,10.0,839.3,35.77,3.06,3.06,29.6
49560,3.11,54.89,63.44,3.85,53.6,26.0,772.8,33.81,4.26,3.17,29.86
49580,0,37.16,76.7,7.09,206.1,3.5,820.7,41.93,2.13,1.48,30.08
49600,0,23.67,87.47,6.14,65.1,-135.3,760.3,36.01,3.31,-1.88,30.22
49620,1.01,16.84,86.69,14.32,100.0,-57.3,839.5,35.19,-11.27,-1.71,30.75
49640,0,12.21,76.37,24.88,-59.8,-103.8,809.9,34.72,-19.85,-1.48,30.49
49660,0,8.01,71.27,40.41,50.3,-137.3,885.9,24.4,-12.35,-6.34,30.63
49680,1.55,2.05,52.13,52.63,86.5,-43.2,934.7,15.38,-21.86,-4.31,30.84
49700,0,4.99,38.73,59.71,38.1,-260.0,927.5,10.4,-23.57,-2.29,30.94
49720,3.85,2.8,28.7,66.65,-9.8,-197.7,1019.5,-2.25,-24.58,-2.38,30.9
49740,0,1.74,19.38,65.78,-28.5,-52.6,983.3,-7.28,-20.51,0.61,30.77
49760,0,0,5.63,50.04,-38.7,-125.3,1056.6,-17.19,-22.18,-0.03,30.98
49780,0,0.53,9.48,47.1,-94.5,-129.8,1027.7,-22.01,-12.75,5.22,30.71
49800,0,0,2.53,28.88,-63.3,-34.2,958.4,-29.34,-13.98,5.46,30.83
49820,7.47,1.27,0,13.56,-136.9,-36.8,1035.6,-34.7,-6.94,5.8,30.38
49840,0,0,0,7.1,-62.1,-90.4,968.1,-35.75,-10.86,0.17,30.55
49860,0,0,0,4.79,-63.9,-85.1,1040.9,-41.63,3.78,2.51,30.15
49880,0,0,0,9.19,-177.2,-26.3,1006.6,-37.01,-2.13,-2.03,30.01
49900,0,4.39,0,0,-125.8,20.2,1021.5,-34.9,9.91,-4.43,29.77
49920,0,2.02,2.84,0,-51.5,-16.6,997.5,-27.78,6.58,0.87,29.22
49940,0,2.19,1.51,1.69,19.7,89.2,1035.5,-30.33,18.35,-4.13,29.1
49960,3.13,0,7.54,1.39,23.2,216.2,976.6,-16.04,13.14,-1.9,28.48
49980,1.01,2.59,0,0,-80.1,135.1,1008.1,-7.47,17.6,-3.79,28.67
50000,77.45,22.61,4.73,1.3,32.6,71.5,1008.6,-0.09,15.64,-1.51,27.85
50020,73.92,33.15,12.26,0.74,69.7,175.5,922.3,9.51,12.51,2.93,28.05
50040,52.92,46.2,13.22,3.32,67.2,47.4,966.8,19.33,18.82,4.06,28.55
50060,36.21,49.81,30.58,2.96,21.1,93.9,831.7,23.26,21.64,5.01,28.75
50080,18.3,58.19,40.86,0,138.9,77.8,823.1,28.91,10.75,4.97,29.46
50100,6.4,55.82,50.68,0,-48.0,108.0,810.5,39.31,6.9,4.22,29.7
50120,0.68,45.06,65.0,0,101.7,24.7,795.3,38.84,4.22,1.26,29.91
50140,0,32.46,78.92,6.07,120.1,2.5,814.8,42.97,18.65,4.18,29.91
50160,0,26.71,87.01,12.41,144.5,-73.1,763.0,41.39,-4.81,-3.17,30.19
50180,1.08,15.55,82.34,20.49,15.8,40.5,896.8,35.99,-4.63,-5.68,30.63
50200,0,6.39,76.14,23.25,-43.2,-4.3,827.2,36.76,-15.87,-4.52,30.77
50220,0,3.09,62.1,43.76,145.7,-153.3,926.8,16.95,-11.74,-3.68,31.04
50240,0,0,48.33,58.01,55.3,-21.2,879.3,19.21,-14.58,-5.21,30.85
50260,3.34,1.98,33.68,62.78,5.6,-165.2,1016.7,2.44,-14.91,-2.63,31.13
50280,1.77,0,26.97,64.67,-12.9,-170.6,966.7,-4.02,-15.64,2.0,31.37
50300,0,0,12.2,62.88,27.6,-89.0,988.5,-10.72,-26.37,1.82,30.62
50320,0,0,8.92,50.88,-65.5,-155.7,995.3,-19.57,-8.06,2.34,30.55
50340,2.53,3.25,5.41,39.09,-79.5,-93.7,968.8,-27.03,-9.47,6.17,30.59
50360,2.57,1.71,4.79,16.62,-77.0,13.8,985.0,-34.37,-16.82,3.74,30.75
50380,0,0,1.75,13.45,-198.7,-83.7,1037.9,-41.89,-15.39,4.73,30.47
50400,0,4.79,0,9.65,-37.6,-50.7,973.6,-44.77,-6.21,1.29,30.2
50420,0,2.4,0,1.2,-93.2,21.3,1031.5,-41.97,11.83,-0.96,30.27
50440,0,0,6.9,6.24,-91.8,80.6,1034.0,-33.81,4.97,-2.52,29.76
50460,0.98,0,1.02,0,14.7,167.4,972.1,-39.13,18.26,-4.07,29.54
50480,0,0,4.82,0,-149.1,140.8,1052.6,-29.41,16.69,-5.13,29.01
50500,0,0,5.74,0,25.6,96.5,999.4,-20.96,30.28,-5.7,28.74
50520,0,0.8,0.4,0,20.7,92.7,950.0,-19.65,15.44,-4.03,28.41
50540,5.18,0,0.45,2.58,-8.7,189.3,987.1,-4.73,18.47,-0.6,28.44
50560,77.17,23.4,2.35,0.91,-32.9,130.5,956.4,-2.07,20.61,-2.36,27.64
50580,66.23,33.34,10.06,0.67,55.4,144.3,993.5,15.27,30.51,5.47,28.7
50600,48.42,49.79,24.34,0,25.1,113.5,933.7,17.18,11.26,5.51,28.78
50620,34.52,58.68,31.57,1.39,22.7,126.9,882.0,31.35,24.0,4.88,29.08
50640,14.4,57.64,34.41,2.68,68.5,110.2,875.1,33.3,15.25,4.98,29.76
50660,9.75,56.71,58.36,2.2,50.6,66.1,874.1,39.8,7.34,4.35,29.82
50680,1.31,44.85,72.75,0.38,59.8,75.5,781.5,38.1,4.05,1.13,29.92
50700,1.84,31.73,77.58,6.88,48.9,-113.0,815.8,39.71,1.68,-2.96,30.24
50720,0,22.36,84.85,11.08,16.9,-63.7,834.7,38.04,-15.58,-4.65,30.11
50740,0.83,8.15,76.64,17.15,88.2,-61.5,782.7,43.82,-7.48,-3.49,30.6
50760,2.1,8.1,75.98,31.32,13.0,-121.0,838.8,24.64,-9.62,-4.97,30.64
50780,0,3.46,64.7,43.35,51.7,-224.9,922.7,20.1,-16.3,-6.05,30.72
50800,0,0,43.78,60.22,26.0,-95.7,949.2,15.61,-18.04,-4.34,30.79
50820,0,2.56,30.86,63.38,64.2,-163.3,969.8,12.07,-19.81,-3.36,30.67
50840,0.75,5.88,19.64,67.77,-7.3,-183.8,1007.7,-2.84,-18.55,-0.39,31.08
50860,2.48,0.26,18.08,59.54,-5.2,-82.6,1033.2,-14.22,-11.86,2.78,31.21
50880,3.26,0,9.15,49.69,-53.8,-164.5,1000.3,-24.2,-17.58,2.72,30.84
50900,0,0,5.64,34.85,-150.9,-101.5,998.5,-23.53,-20.35,3.87,30.49
50920,3.81,0,2.23,19.79,-161.6,-52.8,1032.9,-33.9,-16.44,-0.04,30.66
50940,0,0,1.58,17.24,-50.7,10.6,1030.4,-36.32,-18.36,5.31,30.79
50960,0.79,0,6.04,9.16,-142.0,-136.0,1028.4,-44.39,0.62,1.52,30.01
50980,0.38,0,0,0,-17.0,31.5,990.6,-41.3,1.95,0.96,30.24
51000,1.7,2.58,0,4.31,-153.6,58.2,1040.1,-39.58,5.15,-3.7,29.68
51020,0.33,4.82,1.91,4.62,-109.7,44.0,1024.6,-39.57,15.57,-2.19,29.25
51040,1.76,0,0.22,0,-219.2,14.3,1077.9,-33.74,11.07,-2.53,29.22
51060,0,1.31,3.22,0,-112.9,68.0,1036.7,-25.92,22.18,-7.03,28.83
51080,0,0.45,5.29,0,-66.5,116.1,989.6,-14.71,19.08,-3.8,28.55
51100,0,1.74,3.39,0.11,-74.1,73.4,976.0,0.14,16.02,-1.25,28.41
51120,69.97,29.34,7.77,2.27,17.5,140.6,964.2,5.81,22.0,0.08,28.38
51140,64.54,37.9,15.04,0,21.1,123.1,951.5,11.17,13.39,1.41,28.76
51160,38.73,46.42,18.48,1.29,62.2,153.0,895.4,25.62,22.51,4.24,29.09
51180,24.35,54.44,29.04,3.91,35.6,153.2,899.4,31.6,18.28,3.94,29.18
51200,12.54,56.64,51.33,0.87,20.0,49.7,839.6,33.1,12.34,4.76,29.22
51220,4.35,53.09,65.54,0,73.5,92.8,805.5,37.18,6.1,-0.54,29.67
51240,0.07,37.99,69.21,3.71,104.3,-8.2,815.5,41.97,-0.5,2.63,30.05
51260,0,30.97,83.02,11.79,109.1,4.5,766.5,35.56,1.99,-0.86,29.73
51280,0,18.41,85.27,18.33,-24.9,-69.8,765.3,37.29,-10.68,-2.89,30.41
51300,0,12.96,77.13,23.56,85.2,-180.1,802.0,30.47,-11.88,-7.54,30.37
51320,1.24,6.25,68.24,36.96,6.4,-66.7,855.3,27.52,-13.73,-5.76,30.66
51340,0,1.86,60.83,47.78,51.5,-90.5,914.9,19.6,-15.55,-2.61,31.11
51360,0,1.17,40.0,54.45,13.9,-144.7,952.5,11.56,-17.36,-1.06,30.8
51380,5.86,0,23.8,66.45,103.0,-160.0,1043.7,7.89,-23.84,-1.39,30.72
51400,3.55,0.4,19.37,55.26,-51.2,-208.4,953.6,-7.6,-12.78,1.45,31.15
51420,0.91,2.8,11.38,60.05,-24.6,-123.4,1024.9,-14.87,-17.3,0.29,30.99
51440,1.44,2.71,1.7,41.03,6.5,-88.2,1058.9,-16.46,-21.37,6.5,30.81
51460,0,0,0,30.86,-77.6,-73.9,950.8,-27.73,-15.06,5.99,30.76
51480,1.94,0,3.92,22.97,-23.6,-29.3,1010.1,-31.79,-13.29,5.1,31.02
51500,0,2.72,0.14,6.75,-88.5,-99.6,1002.9,-35.78,-9.42,3.29,30.52
51520,0,0,0,4.54,-147.1,-55.7,995.0,-39.67,-0.13,0.17,30.24
51540,3.08,0,0,6.11,-45.8,22.5,1030.5,-40.7,3.18,-3.38,30.46
51560,0,0,0,0,-77.4,116.8,990.7,-36.54,8.44,1.08,29.89
51580,1.27,0,0.57,0.35,-19.8,128.5,1034.9,-35.28,13.43,-5.87,29.33
51600,6.27,0.21,0,2.67,-65.9,75.5,1047.0,-25.59,20.76,-0.81,29.43
51620,0,0.29,0,2.43,-100.2,119.1,1019.9,-21.04,22.67,-6.21,28.54
51640,0,0.95,0,0,-43.2,173.4,983.1,-11.89,16.84,-2.81,28.56
51660,1.66,4.15,0,0,-125.0,67.4,1015.9,-6.74,10.33,-3.75,28.05
51680,74.43,27.49,12.18,0,-21.0,191.7,977.1,7.11,19.43,-0.17,28.23
51700,60.05,41.96,16.12,3.42,84.8,160.6,915.0,13.22,11.87,3.97,28.59
51720,44.01,54.09,24.45,0,151.6,16.8,900.9,22.61,20.17,3.24,29.45
51740,22.71,58.96,39.25,0.06,-27.6,137.6,844.9,22.63,20.87,2.57,29.34
51760,12.41,51.47,46.59,2.88,127.8,92.1,815.5,34.0,11.9,6.13,29.52
51780,5.93,48.63,59.94,2.79,153.5,-93.1,823.0,42.92,10.2,0.3,29.81
51800,1.81,44.48,73.51,3.61,91.5,58.5,792.3,36.86,3.81,-1.43,30.03
51820,0.99,30.47,81.44,8.66,37.7,16.4,809.2,39.64,4.11,-1.9,30.01
51840,2.56,18.23,90.5,11.04,107.4,-55.0,802.6,25.54,-11.45,-4.92,30.46
51860,0.36,13.0,84.99,23.41,148.4,-91.8,802.9,33.44,-7.19,-7.39,30.56
51880,0,8.6,64.96,32.47,-4.1,-213.6,863.3,23.84,-10.31,-2.15,30.81
51900,0,3.12,51.34,49.4,92.4,-106.2,887.0,17.25,-19.69,-5.08,30.57
51920,0,0,41.75,62.5,46.5,-191.5,914.6,8.37,-26.79,-5.48,30.65
51940,0,0,29.68,63.51,4.0,-174.5,1005.0,-0.41,-21.09,-1.17,31.41
51960,0,0,14.03,68.35,-20.2,-112.3,982.4,-5.48,-17.66,1.85,30.95
51980,2.81,0,10.64,59.69,-17.8,-70.6,1004.5,-10.99,-19.37,3.22,31.52
52000,3.87,0,0,43.77,-54.7,-114.9,1003.7,-27.2,-30.72,1.61,30.8
52020,1.98,0.64,0.86,27.56,-85.5,-95.4,1004.7,-30.13,-16.74,6.38,30.87
52040,0.57,0,0,13.38,-77.7,-45.9,918.5,-38.66,-6.44,2.08,30.69
52060,2.17,0,0,12.06,-169.8,7.7,1004.6,-37.24,-7.29,5.71,30.3
52080,2.59,2.68,0,9.04,-50.0,-39.9,1031.2,-35.94,-6.73,1.43,29.99
52100,0,4.07,0.64,3.55,-151.4,-23.5,1003.1,-41.2,8.62,-0.31,29.82
52120,0,0,0,2.66,-105.9,42.2,1021.7,-35.63,2.57,-0.84,29.74
52140,0,3.22,0.03,0,-68.3,217.6,1028.4,-31.24,15.97,-5.74,29.16
52160,0,0.45,0.92,2.99,-8.9,9.9,1015.1,-25.96,17.26,-3.7,28.95
52180,2.48,0.23,0,5.87,-12.2,165.9,1067.4,-20.03,12.72,-5.95,28.88
52200,0,0,0,0,-69.1,201.9,947.0,-8.86,22.52,-4.27,28.5
52220,0,2.58,0,1.21,-62.6,194.7,989.7,-0.55,24.19,0.75,27.73
52240,70.05,31.12,11.4,3.01,23.0,98.9,968.1,6.6,22.03,2.03,28.5
52260,57.09,44.25,12.75,0,-2.0,211.7,921.2,13.08,17.04,2.26,28.79
52280,35.78,49.83,26.31,0.17,71.0,77.0,854.9,26.16,16.34,10.27,28.95
52300,21.38,55.49,35.18,0,182.8,39.5,806.4,31.58,9.67,9.32,29.4
52320,4.97,54.83,54.32,0,94.1,103.9,845.1,34.48,4.69,-0.42,29.49
52340,0.74,49.92,68.26,7.35,-62.4,29.9,791.1,38.3,-3.61,4.52,29.93
52360,0,40.35,75.23,2.17,43.2,-73.3,828.2,44.65,-8.43,-0.03,30.28
52380,0.58,22.86,81.25,7.79,14.8,26.2,844.1,30.53,-6.5,-1.63,30.22
52400,0.79,12.78,84.43,17.1,100.7,-63.3,830.4,39.41,-4.05,-5.06,30.6
52420,1.93,4.76,77.89,27.43,140.4,-75.9,872.3,24.72,-16.43,-4.21,30.74
52440,1.89,6.01,60.42,39.45,131.6,-145.0,878.3,23.29,-6.03,-2.25,31.05
52460,0,2.21,48.07,51.67,69.7,-188.5,904.2,17.38,-21.73,-1.21,31.36
52480,0,0,37.0,63.69,21.3,-218.1,955.4,2.97,-18.62,-1.92,30.96
52500,0,0,24.84,66.5,-72.4,-136.2,1006.9,-2.46,-8.97,0.59,30.86
52520,0,2.79,17.41,64.41,-7.6,-149.6,987.3,-8.02,-19.65,3.77,30.65
52540,0,0,5.31,48.62,-72.3,-138.3,1007.1,-12.83,-20.55,0.6,30.86
52560,0,1.19,6.85,37.89,8.7,-154.3,988.0,-29.72,-8.48,3.02,30.76
52580,1.43,0,0,22.63,-121.5,-106.1,1050.4,-34.49,-4.13,3.98,30.85
52600,3.41,2.86,0.38,12.59,-120.5,-131.5,1037.0,-33.74,-7.7,2.59,30.65
52620,2.26,0,0,9.08,-148.5,-117.1,1006.3,-37.43,-5.82,0.61,30.56
52640,0.36,0,3.05,3.69,-16.1,-8.8,983.4,-38.49,2.87,2.72,29.82
52660,3.07,0.77,0,2.52,-161.4,101.1,1020.5,-41.7,4.19,-3.23,29.66
52680,0.99,2.92,0,0,-46.1,45.1,1032.2,-36.04,15.65,-2.87,29.84
52700,2.24,0,0,0,-50.2,59.1,1074.2,-31.49,14.77,-1.42,29.4
52720,0.17,0.76,4.6,0,-77.6,103.4,986.8,-26.14,-3.48,-3.47,28.84
52740,3.94,0.71,7.21,0.32,-47.2,106.9,1011.9,-13.86,17.14,-7.09,28.68
52760,3.51,1.22,0.33,0,76.9,158.6,952.8,-4.82,16.8,-1.84,28.34
52780,74.28,24.36,9.41,0,-103.9,213.7,1013.7,-1.21,27.8,1.37,28.0
52800,66.89,34.8,13.36,1.24,-103.7,152.6,939.9,6.73,13.5,-0.27,28.37
52820,52.28,41.99,15.02,0,28.7,176.3,904.4,21.68,13.07,4.06,28.9
52840,27.86,52.93,22.47,0,26.8,87.3,828.8,25.86,22.04,9.14,28.95
52860,18.14,57.23,45.77,0.58,81.1,100.6,865.9,32.72,13.15,3.44,29.41
52880,3.58,57.27,58.24,0,134.3,70.9,836.8,38.62,7.38,1.66,30.03
52900,6.1,45.36,66.67,0,139.9,15.0,869.7,37.43,-6.86,2.45,29.89
52920,1.76,29.32,77.66,9.55,48.5,18.3,823.9,37.85,2.36,-0.73,30.32
52940,0,22.82,86.52,14.81,135.4,-125.6,799.3,38.16,-5.69,-5.14,30.36
52960,0,15.69,84.78,18.38,33.0,-73.5,852.9,35.82,-15.33,-3.22,30.82
52980,0,5.9,75.69,29.52,125.9,-106.7,915.2,31.98,-11.79,-4.14,30.48
53000,0,1.09,62.51,40.5,87.1,-114.1,894.4,21.68,-13.03,-4.27,30.72
53020,0,0,43.17,64.19,101.6,-141.2,877.2,20.29,-25.81,-1.04,31.12
53040,0.1,0,36.5,64.5,111.7,-184.2,972.3,3.62,-12.79,-1.89,31.08
53060,6.37,3.02,25.38,68.5,-54.6,-165.9,1001.1,2.1,-19.3,1.8,30.85
53080,0.53,1.85,11.18,59.02,3.4,-92.6,1005.3,-10.6,-10.54,1.74,30.99
53100,0,4.22,9.91,50.52,-50.5,-211.2,1034.7,-16.72,-13.04,3.2,30.98
53120,0,0,3.91,44.48,3.4,-85.9,1004.8,-23.73,-12.56,7.09,30.97
53140,2.34,1.88,3.01,23.38,37.6,-80.0,1045.6,-31.54,-10.12,4.92,30.72
53160,0,0,6.29,12.79,-77.4,-12.9,1009.8,-38.49,-3.5,-0.13,30.42
53180,5.78,0,0.2,9.91,-154.8,-37.8,985.8,-42.32,-6.49,3.29,30.01
53200,0.86,0.29,0.11,5.35,-11.8,62.6,1034.9,-40.78,-7.29,4.17,30.39
53220,1.97,0,0,2.92,-13.7,23.2,996.7,-42.73,3.2,-0.92,30.1
53240,1.61,2.45,0,0.51,-3.1,104.6,1051.2,-34.3,2.45,-3.84,29.26
53260,0,0,1.57,0,-166.5,99.0,1000.0,-26.68,17.39,-3.59,29.33
53280,3.29,0,0,0.32,-9.6,137.7,932.8,-21.44,22.03,-4.24,29.18
53300,0,0,0,2.44,-2.4,135.0,1004.0,-12.59,22.88,-5.14,28.24
53320,4.09,0,1.84,0,-125.7,167.8,967.4,-6.61,16.42,-1.73,28.3
53340,75.85,22.52,3.5,0.86,-123.2,157.2,951.6,5.48,12.67,2.56,28.2
53360,60.28,37.1,12.65,7.42,-11.7,188.0,924.6,13.56,14.15,6.13,28.76
53380,43.86,44.61,16.88,0,118.7,183.1,925.8,19.84,12.31,3.16,29.01
53400,22.44,55.74,35.31,0,2.9,74.0,888.5,29.44,18.66,5.69,29.15
53420,13.92,52.21,47.99,2.38,55.7,10.8,808.3,30.29,5.67,-0.56,29.25
53440,11.68,56.41,54.25,0,70.9,-5.8,867.8,35.28,7.92,4.5,29.33
53460,8.54,46.83,73.05,4.5,57.3,110.0,816.7,40.73,5.46,2.05,29.96
53480,2.22,33.33,85.84,9.46,121.7,-35.1,801.1,35.77,-2.29,0.95,30.1
53500,0,15.59,88.82,13.13,71.9,-62.4,798.8,38.23,-13.83,-5.19,30.24
53520,0,7.25,78.19,19.85,110.1,-49.5,834.0,40.24,-14.28,-4.46,30.71
53540,0.78,7.68,67.13,25.95,195.8,-177.2,915.8,30.06,-17.83,-6.89,30.61
53560,0.78,0.75,58.84,45.15,89.3,-110.1,877.3,21.93,-19.07,-4.5,30.87
53580,2.41,0.92,41.97,57.81,112.5,-95.4,953.0,10.45,-5.6,-8.12,30.79
53600,1.62,0,30.81,65.71,12.2,-134.1,955.8,4.9,-23.28,0.43,30.63
53620,7.59,0.55,19.07,67.52,6.3,-95.0,993.5,-2.04,-15.36,2.17,30.97
53640,4.33,0,16.26,58.7,-101.6,-157.5,956.4,-11.83,-28.04,2.25,31.64
53660,0.01,0,7.83,42.24,5.6,-188.2,999.3,-23.98,-12.26,6.22,30.52
53680,0.47,0,3.67,34.38,-132.6,-96.9,1015.0,-32.53,-17.42,4.56,31.03
53700,0.01,2.92,2.67,23.11,-123.3,-6.0,991.5,-38.18,-22.08,6.11,30.64
53720,0,1.13,0,15.7,-61.6,-163.5,936.7,-37.29,-10.53,2.39,30.3
53740,0.14,0,0.79,3.76,-205.0,22.5,1000.6,-42.08,2.84,-0.64,30.07
53760,0,0,3.85,6.79,-80.6,57.6,981.7,-39.18,6.7,0.03,30.11
53780,0,6.62,0,0,-159.3,-9.9,1002.8,-36.27,0.76,-1.25,29.59
53800,0,0.48,0.59,0.93,-115.6,95.3,983.0,-37.91,3.79,-5.16,29.24
53820,0,0,3.97,4.02,-52.3,76.3,969.4,-26.51,12.7,-3.1,29.21
53840,0.52,0.5,2.92,0.52,-54.4,192.3,1062.5,-18.67,18.5,-6.47,29.07
53860,0.94,0,0,4.87,-63.2,157.1,1006.5,-15.12,23.05,-3.49,28.43
53880,0,5.69,0,2.44,-19.8,77.2,973.6,-7.25,17.7,0.55,28.13
53900,71.99,29.19,6.68,1.07,29.0,131.3,1014.2,7.61,20.61,1.11,28.22
53920,64.43,37.86,12.25,0.34,15.4,186.2,891.6,19.34,25.46,6.25,28.97
53940,37.29,53.99,24.53,0,96.4,110.8,908.5,22.43,23.78,0.39,28.95
53960,28.24,57.91,35.36,0,16.7,108.2,847.9,27.83,11.52,6.83,29.28
53980,12.4,53.19,48.86,5.6,129.2,82.3,866.2,35.02,14.56,1.91,29.53
54000,8.77,54.95,68.72,0,163.7,-37.4,797.2,35.22,15.44,4.63,30.13
54020,2.6,39.46,76.25,0.49,40.1,-13.3,823.1,44.23,-3.72,1.79,30.02
54040,0,31.59,84.88,6.45,89.7,107.3,765.8,36.06,-5.91,-1.76,30.34
54060,4.04,20.27,87.25,10.24,116.9,-24.0,792.5,38.38,-10.45,-1.7,30.04
54080,4.61,17.95,80.22,22.57,75.3,-155.3,867.2,39.04,-12.88,-1.54,30.71
54100,0.76,4.31,70.82,36.64,14.4,-75.1,856.1,29.26,-9.98,-6.58,30.7
54120,1.15,9.76,56.87,49.51,82.1,2.9,853.7,23.04,-16.5,-4.47,31.04
54140,0.27,0,40.58,61.33,-22.3,-231.1,930.5,8.69,-9.53,-2.06,31.04
54160,6.14,2.4,27.74,68.66,-5.7,-104.8,990.0,-0.29,-15.69,-2.47,31.26
54180,1.7,2.13,18.04,63.76,-99.9,-85.5,965.7,-3.52,-20.04,3.51,30.87
54200,0,7.21,10.7,54.93,-142.5,-145.8,994.7,-13.14,-15.42,7.82,31.17
54220,0,0.82,6.53,37.52,-107.5,-139.4,991.1,-27.54,-13.76,6.85,30.97
54240,1.77,0,0,32.45,-113.3,-73.0,1064.3,-26.61,-8.9,-0.26,30.55
54260,0.22,0,0.49,20.19,-46.2,-119.3,987.5,-37.43,-19.73,4.32,30.77
54280,0,4.8,0,13.2,-72.5,-57.6,990.6,-35.46,-6.72,0.84,30.64
54300,0.01,0,0,7.08,-139.9,-39.9,1021.9,-42.63,2.63,-0.34,29.91
54320,1.4,3.44,0,6.17,-115.3,36.3,987.0,-43.21,4.76,-4.32,29.83
54340,0,0,0,2.59,-69.8,121.3,977.6,-38.65,12.1,-2.52,29.51
54360,2.05,1.59,3.16,0,-28.8,-15.8,989.1,-33.2,2.71,-3.47,29.39
54380,0.36,2.46,1.49,5.38,-110.0,149.2,1055.9,-27.56,14.1,-5.9,28.96
54400,0,0,0,0,-60.0,147.3,1043.1,-21.73,10.52,-6.43,28.76
54420,5.96,0,0.64,5.52,-133.6,159.2,990.6,-11.99,20.16,-0.56,28.78
54440,0,3.65,1.46,0,-19.1,161.6,1021.8,-0.61,19.02,-2.72,28.1
54460,73.56,28.8,5.8,0.85,-18.4,141.4,1004.7,5.76,20.58,1.51,28.03
54480,60.31,41.36,18.11,0,-43.3,135.3,899.2,12.37,20.99,1.01,28.44
54500,39.1,49.24,27.36,0,25.4,144.7,896.2,19.01,19.22,-0.23,28.79
54520,25.08,50.83,39.07,0,52.7,121.0,874.3,26.5,15.5,4.82,29.2
54540,9.08,56.51,50.93,0,-43.2,101.3,820.8,28.62,2.2,4.33,29.54
54560,3.31,49.2,66.68,2.14,95.9,27.3,839.6,38.16,12.04,1.57,30.28
54580,2.01,36.1,77.94,3.98,88.8,-18.0,768.8,40.86,3.57,0.34,30.53
54600,0,26.7,85.77,9.98,164.8,-38.9,867.3,39.44,-9.08,-0.74,30.24
54620,4.41,18.04,81.44,17.16,124.4,-48.3,835.5,39.78,-6.43,-2.52,30.53
54640,1.92,4.82,78.03,22.99,116.8,-25.8,798.7,31.52,-16.69,-2.88,30.53
54660,0,11.55,70.69,38.48,70.3,-195.6,856.9,33.8,-17.64,-5.34,30.84
54680,0,2.54,52.42,48.22,68.0,-115.3,962.4,24.15,-16.59,-2.47,31.1
54700,0,3.81,40.1,64.13,55.0,-183.9,907.9,8.01,-16.96,-5.96,30.85
54720,2.02,4.32,18.34,68.96,82.6,-46.3,1005.3,2.52,-11.64,1.59,31.08
54740,0,0,16.28,64.12,-128.5,-228.1,990.4,-5.85,-21.5,0.15,30.94
54760,0,0,10.27,50.63,-16.7,-139.4,968.2,-16.35,-19.51,2.66,30.93
54780,0,0,8.29,41.81,-129.7,-131.8,1101.6,-28.35,-17.12,2.95,31.07
54800,0,0,2.63,26.69,-104.4,-143.5,1004.1,-21.58,-15.86,6.33,30.71
54820,0,1.55,0,16.88,-126.2,-79.0,900.3,-35.32,-0.04,1.62,30.64
54840,0,1.5,2.63,9.56,23.9,1.3,982.1,-34.65,-3.04,-0.86,30.56
54860,0.81,0,4.73,5.71,-191.0,-10.7,1016.6,-43.09,-0.95,-1.45,30.26
54880,0.36,3.07,0,3.97,-59.6,19.2,1021.0,-37.81,11.37,-0.63,29.87
54900,0,0,5.5,0,-13.6,123.7,1012.5,-38.35,10.07,-1.38,29.88
54920,0,0.49,3.77,0.72,-91.3,94.7,961.6,-30.43,11.3,-3.79,29.8
54940,3.71,4.38,0.87,0,-3.7,93.6,963.9,-25.79,16.76,-5.11,29.23
54960,1.47,0,0,0.88,-8.3,95.8,989.8,-15.15,14.79,-4.83,28.98
54980,0,0.02,0,0,-17.0,157.3,1014.6,-7.62,18.61,-2.88,28.23
55000,75.75,11.91,5.65,0,13.5,73.4,1033.2,1.65,27.05,2.08,27.88
55020,65.92,34.04,15.66,0,32.1,113.9,865.8,9.66,14.27,2.37,28.81
55040,52.68,47.19,23.03,0,94.5,218.9,956.5,13.92,8.96,-1.44,28.93
55060,36.37,51.05,28.88,0.44,47.6,168.1,876.6,18.51,19.43,3.7,28.9
55080,17.42,54.21,36.16,0.2,80.4,99.1,808.4,31.99,9.43,5.21,29.2
55100,4.62,55.93,56.97,0,98.8,73.1,779.7,38.22,8.25,0.63,29.52
55120,6.32,47.91,69.44,4.04,116.7,48.5,793.5,39.94,15.61,3.07,30.23
55140,0,38.79,80.92,1.81,259.5,2.8,770.9,36.32,-2.73,2.03,30.18
55160,1.91,19.54,84.2,7.07,55.4,39.9,782.4,34.7,-2.21,-0.16,30.55
55180,1.63,13.96,82.16,18.9,51.1,-168.5,845.0,33.03,-5.38,-3.97,30.36
55200,3.79,10.19,80.5,24.92,-9.7,-46.8,837.8,29.1,-19.45,-9.14,30.68
55220,3.29,1.28,60.79,43.55,46.0,-111.4,890.8,23.88,-27.92,-7.23,31.04
55240,8.02,1.29,50.6,56.66,17.6,-168.9,936.5,11.77,-11.86,-6.05,31.06
55260,0,2.15,34.25,64.84,-61.2,-112.8,905.6,6.66,-16.42,-7.26,30.52
55280,0.22,3.07,26.04,64.36,-33.3,-167.3,1007.3,-0.07,-18.35,0.51,31.34
55300,0,0,6.75,64.92,-78.2,-104.9,996.3,-15.82,-29.44,3.75,30.97
55320,0,0.26,9.08,50.85,40.3,-166.9,1034.4,-22.09,-14.59,2.73,30.94
55340,2.94,0,3.81,37.09,-67.5,-75.9,1016.4,-22.83,-18.76,4.84,30.71
55360,0,2.18,2.65,26.84,-44.5,-77.8,1024.0,-30.52,-10.54,7.72,30.69
55380,0,0,2.11,16.66,-116.0,-21.1,983.9,-34.08,-13.45,2.99,30.21
55400,2.13,0,2.43,8.29,-99.7,-50.2,1053.4,-39.99,-6.84,4.27,30.06
55420,7.86,0,2.75,1.82,15.3,64.2,968.4,-34.75,6.12,-1.24,29.96
55440,0,0,2.92,0.96,-175.7,1.1,1012.7,-32.7,3.16,-2.75,29.85
55460,3.08,0,2.59,2.29,-99.3,41.8,995.1,-35.43,14.1,-4.76,29.76
55480,0,0.46,0,0.1,-69.2,158.5,997.5,-28.79,17.58,-4.27,29.29
55500,0,0,1.2,6.46,-151.4,-5.2,1032.2,-21.6,20.16,-1.76,28.89
55520,2.25,0.2,0,0.83,-174.0,174.1,1025.2,-18.37,23.46,-5.58,28.86
55540,3.33,0,0.52,0,-39.2,117.0,991.2,-5.11,25.87,4.51,28.2
55560,75.0,22.44,3.84,3.63,36.4,228.3,1050.3,0.84,17.92,1.48,28.4
55580,67.63,38.8,13.73,5.96,21.1,194.1,964.9,11.08,19.56,2.36,28.52
55600,47.87,45.42,16.24,2.22,-52.5,207.1,902.4,17.95,17.77,4.7,28.87
55620,29.75,52.28,29.87,1.43,95.2,177.3,798.7,30.1,16.85,3.68,29.04
55640,18.24,54.94,46.46,0,137.4,140.6,862.6,29.54,10.04,2.43,28.97
55660,6.46,56.6,59.81,0,112.5,118.1,794.5,36.48,14.49,7.66,29.6
55680,1.8,42.78,75.23,0,90.6,83.2,820.3,41.81,0.5,3.24,29.9
55700,0,31.48,81.9,5.68,12.3,-7.2,785.9,36.72,-12.88,-0.9,30.38
55720,0,23.35,81.88,11.5,126.8,-23.3,820.9,37.45,-2.12,-2.61,30.26
55740,0,9.04,84.54,22.31,131.8,-67.3,767.6,36.03,-16.85,-3.94,30.27
55760,0,9.77,74.52,29.49,98.4,-236.9,898.9,34.44,-15.94,-3.3,30.7
55780,0.72,6.02,61.35,45.34,25.9,-107.2,875.4,23.88,-16.51,0.22,30.72
55800,0,2.8,46.24,59.21,101.3,-135.1,894.4,12.13,-12.03,-3.78,30.8
55820,0.89,1.51,28.3,66.85,-79.3,-159.8,925.6,4.68,-15.98,0.14,30.92
55840,5.63,0.26,17.97,66.15,18.0,-185.0,1024.1,0.62,-15.9,0.74,31.29
55860,4.32,0,9.04,61.37,-2.8,-136.3,970.6,-8.92,-20.06,4.32,31.05
55880,2.69,1.98,10.97,44.48,-60.1,-160.9,965.3,-15.86,-13.63,4.48,30.85
55900,5.71,1.91,5.16,37.53,-75.8,-96.5,972.0,-28.84,-17.64,4.73,30.78
55920,0,0,0,26.08,-25.5,-112.3,983.0,-32.68,-7.37,7.16,30.65
55940,0,0,5.82,12.17,-141.5,31.3,961.1,-32.1,-4.36,1.32,30.59
55960,0,1.17,0,6.25,-113.1,-22.7,999.9,-40.63,-1.11,-0.01,30.05
55980,0.52,0,0,1.58,-14.5,16.9,1017.9,-41.7,-1.62,0.2,30.15
56000,0,0.26,0.06,0,-88.1,-21.1,941.6,-43.65,15.14,-0.93,29.8
56020,4.75,6.35,2.63,2.11,-121.0,22.8,999.8,-30.0,14.21,-5.12,29.29
56040,6.63,0,0.12,4.58,-129.8,112.6,1020.3,-29.77,14.44,-7.59,29.33
56060,0.63,0,0,6.24,-68.6,166.1,943.0,-17.11,18.37,-4.19,29.02
56080,7.4,0.02,6.74,2.2,-33.2,192.5,1023.5,-12.72,17.26,-3.02,28.64
56100,0,0,0,0,-19.0,138.3,1005.0,-6.25,24.97,-1.77,28.0
56120,76.1,29.42,10.54,0,18.2,123.4,908.8,-0.75,18.59,3.61,27.87
56140,64.15,37.77,16.94,0,43.4,81.7,902.1,8.11,14.82,1.0,28.49
56160,40.78,42.12,23.96,0,15.8,126.8,879.0,27.34,20.91,2.62,29.03
56180,32.75,61.94,34.56,1.41,104.0,201.7,892.2,22.32,13.45,1.84,28.98
56200,19.16,60.3,52.72,2.83,10.9,33.0,823.8,38.15,13.46,3.12,29.42
56220,9.73,48.32,62.52,0,100.6,2.6,795.6,37.84,-0.59,0.12,29.66
56240,2.51,38.97,72.66,4.57,134.7,-19.3,780.2,39.07,1.85,-2.11,29.81
56260,0,31.16,89.89,12.16,119.4,45.1,837.2,42.19,1.25,-0.11,30.29
56280,0,19.33,86.0,11.34,127.7,43.3,812.8,39.07,-8.03,-5.41,30.56
56300,3.67,11.2,79.48,24.75,146.4,-93.4,870.7,37.08,1.98,-6.89,30.82
56320,0,8.76,70.4,36.18,119.6,-248.3,910.2,30.06,-22.84,-8.55,30.81
56340,0,0,55.1,48.66,54.1,-103.2,900.3,15.71,-19.38,-3.37,30.77
56360,1.07,2.07,40.7,60.11,-4.9,-68.5,947.4,16.44,-20.4,-6.03,30.88
56380,1.91,2.6,29.0,67.39,-4.7,-122.8,1007.9,6.92,-15.2,-2.17,30.78
56400,6.87,3.74,20.33,64.98,-16.6,-172.5,1002.0,-3.81,-16.85,1.66,30.62
56420,0,0,16.68,56.93,-59.4,-170.8,1014.2,-15.28,-17.49,3.07,31.03
56440,0,0,7.14,46.05,-15.0,-171.8,1039.2,-23.33,-14.93,5.4,31.18
56460,6.03,2.87,10.7,29.46,69.5,-134.5,992.3,-23.73,-10.01,5.63,30.27
56480,1.56,0,7.09,14.36,-149.0,-108.9,1035.7,-33.6,-13.0,5.12,30.56
56500,1.2,0,0,16.36,-71.1,-26.7,1002.7,-35.19,-8.51,4.37,30.3
56520,0,0,0.34,5.0,-101.5,3.5,988.2,-41.89,-1.14,-1.89,30.11
56540,0,2.59,1.48,0.89,-162.0,-15.7,1023.9,-40.43,10.4,-0.44,29.75
56560,2.81,0,0,4.71,-36.8,115.6,996.3,-36.61,8.47,-4.31,29.58
56580,0.73,2.35,0,0,-79.6,161.5,1023.9,-30.51,23.86,-5.38,29.13
56600,0,0,2.61,0,-115.9,74.2,1023.9,-29.54,13.9,-8.21,29.08
56620,0,0,1.92,0,-124.5,41.8,1043.1,-23.82,20.66,-3.87,29.08
56640,1.51,0,0,0,-26.4,150.3,996.9,-11.1,13.12,-4.35,28.55
56660,2.52,4.28,3.0,0.46,-106.1,37.6,997.7,-1.31,22.7,-4.48,28.33
56680,73.55,31.97,6.52,0,57.9,85.0,928.4,-0.16,15.07,2.85,27.83
56700,62.43,41.22,14.71,2.37,20.1,125.8,913.1,14.85,25.86,5.4,28.57
56720,42.58,46.36,18.97,4.62,13.8,195.1,890.3,22.16,11.22,6.24,28.73
56740,26.72,58.76,33.0,0,62.3,185.4,858.4,31.41,16.03,5.76,29.27
56760,20.56,53.86,44.18,0.99,121.6,98.8,840.7,33.64,17.42,7.33,29.45
56780,5.61,50.73,65.05,4.69,59.5,49.7,812.7,39.86,9.67,3.18,29.73
56800,0.6,36.97,76.4,3.75,76.3,-33.8,812.5,41.09,-2.3,0.51,30.12
56820,0,32.38,83.65,9.18,113.8,-61.3,812.8,38.96,-5.87,0.41,30.32
56840,4.92,15.58,87.49,13.58,109.6,-54.7,800.4,36.68,-16.18,-2.0,30.45
56860,0,10.41,83.78,22.88,88.4,-42.7,796.8,33.53,-16.85,-3.06,30.73
56880,0.82,6.23,65.69,37.65,82.8,-80.0,873.8,26.79,-11.29,-1.63,30.89
56900,0,0,56.79,51.45,74.4,-191.1,873.1,17.2,-13.88,-6.94,30.83
56920,0.84,1.84,38.12,58.39,-19.6,-91.6,971.8,3.88,-24.69,-4.16,30.92
56940,1.16,1.3,24.88,66.09,0.4,-173.0,991.9,-4.01,-20.21,-3.77,31.15
56960,0,0,18.6,62.68,-18.8,-162.3,1006.0,-8.4,-21.89,1.5,31.19
56980,0,0.5,6.27,59.8,-105.7,-126.9,1011.7,-18.96,-19.21,3.58,30.88
57000,1.46,0.76,5.55,42.05,-102.1,-96.7,1035.9,-20.99,-8.4,6.67,30.79
57020,0,0,1.14,29.97,-13.2,-113.3,1013.5,-34.26,-11.73,5.15,30.85
57040,0,4.81,2.13,17.37,-110.8,66.7,1045.4,-28.22,-8.45,5.2,30.29
57060,0,0,0,5.64,-92.6,-66.1,972.2,-43.8,-2.34,2.44,30.26
57080,2.27,0,1.18,5.37,-188.5,4.4,984.8,-41.49,6.93,-1.79,29.9
57100,1.96,3.8,1.09,6.35,-11.8,6.3,953.7,-39.43,-3.01,3.18,30.06
57120,0,0,0,2.3,-118.1,69.6,1038.5,-35.2,12.09,-4.93,29.64
57140,2.88,0,1.22,3.63,-70.9,109.0,964.4,-28.09,12.29,-3.53,29.35
57160,0,0,2.56,3.48,-88.5,124.1,1030.1,-26.28,7.6,-7.81,29.19
57180,1.13,2.43,0,0,-56.5,161.9,1025.8,-21.68,19.68,-2.56,28.46
57200,3.03,0,0,4.38,-69.4,156.4,981.8,-11.36,9.39,-2.16,28.19
57220,0,0.51,0,0.86,-38.3,150.2,1019.3,0.71,16.59,1.5,28.1
57240,68.12,32.44,4.39,0,17.4,234.1,946.0,5.52,15.54,4.22,28.61
57260,57.68,38.5,13.29,2.75,81.7,82.2,962.4,17.55,20.04,2.84,28.49
57280,33.57,51.46,26.11,1.46,241.3,207.4,900.9,27.25,14.84,4.29,28.63
57300,15.97,56.26,33.99,2.3,60.1,54.2,842.4,30.52,13.55,4.62,29.55
57320,11.22,54.02,55.1,0,132.3,42.5,817.1,36.04,10.27,3.61,29.42
57340,5.94,52.26,69.63,0.59,112.5,48.7,888.9,38.92,3.88,2.72,29.53
57360,0,35.75,83.2,6.7,246.3,42.2,797.7,43.26,-6.7,-0.11,30.4
57380,0.65,25.77,83.6,8.52,101.5,-0.5,803.2,40.29,1.65,-3.21,30.34
57400,4.9,15.44,85.61,12.45,126.9,-49.6,806.9,34.56,-4.22,-0.8,30.63
57420,6.56,6.93,72.08,23.37,-27.4,-190.6,869.6,29.88,-13.35,-7.62,30.66
57440,0,5.5,65.27,36.55,28.4,-90.1,895.4,22.9,-20.44,-4.47,30.6
57460,0,0,53.5,52.18,17.3,-139.1,912.6,20.46,-14.84,-4.25,30.93
57480,0.07,5.5,41.79,63.22,-4.0,-153.8,1014.0,10.89,-21.41,-1.69,31.17
57500,3.11,1.12,26.88,69.3,-22.2,-144.1,988.4,3.29,-19.18,-0.78,31.21
57520,0,1.12,11.29,58.31,-47.5,-70.3,999.1,-10.95,-8.65,-0.12,31.35
57540,0,0,5.02,53.63,-3.8,-104.7,1029.7,-18.28,-18.15,3.31,30.93
57560,0,0,0,44.38,-187.4,-137.1,947.7,-21.77,-9.94,5.18,30.63
57580,7.33,0,4.42,23.3,-118.9,51.6,980.6,-27.85,-11.9,3.75,30.89
57600,0,5.85,5.6,17.04,-74.2,-85.3,972.0,-32.28,-8.32,3.04,30.47
57620,0,1.0,2.76,13.93,-132.5,-71.9,979.0,-37.74,-8.48,-0.18,30.42
57640,4.64,1.06,0,7.56,-77.9,4.8,1010.1,-44.63,-10.42,0.05,30.38
57660,3.62,0.71,0,3.81,-146.4,-31.4,962.0,-42.23,5.92,-1.58,29.65
57680,0,0,0,2.04,-110.5,34.4,978.2,-32.54,13.01,-7.17,29.44
57700,4.0,2.78,7.68,0,10.1,80.3,970.1,-33.29,11.54,-3.19,29.07
57720,2.35,0,3.21,3.05,-202.2,73.1,993.1,-24.08,19.97,-4.73,28.71
57740,3.28,0,3.38,0,-32.3,120.9,974.1,-18.43,17.51,-2.29,28.56
57760,3.54,2.13,2.44,0.32,-13.7,153.3,958.9,-4.43,16.62,0.4,28.01
57780,75.93,16.5,2.39,1.21,-8.4,218.0,981.5,-1.89,17.16,1.96,27.96
57800,72.7,33.82,11.66,0.31,-49.3,154.1,950.2,10.79,22.4,0.78,28.67
57820,47.18,43.82,19.45,0.68,22.3,167.5,940.1,17.06,19.45,1.53,28.67
57840,34.37,49.75,27.57,4.75,33.4,191.3,871.4,24.73,11.86,2.57,28.89
57860,17.2,55.9,44.97,4.28,95.7,30.3,852.6,31.17,14.22,4.26,29.61
57880,12.31,48.81,54.72,0,54.3,75.1,783.3,36.57,13.83,3.89,29.99
57900,4.4,43.65,75.16,4.87,141.1,74.7,822.7,36.86,-10.12,1.91,30.11
57920,0.24,33.0,82.68,0,46.3,71.5,780.0,40.31,-1.51,-0.08,30.0
57940,0,24.63,91.45,5.88,64.3,13.9,785.0,33.68,-14.6,-1.06,30.41
57960,0.27,13.91,74.84,22.07,146.8,-37.7,833.2,31.81,-10.98,-2.59,30.72
57980,0,8.11,76.02,26.06,-12.2,-152.9,888.6,23.28,-14.21,-7.77,30.38
58000,0,4.52,60.52,39.11,33.4,-108.3,900.6,22.39,-21.56,-5.39,30.45
58020,0,3.11,52.03,55.35,73.8,-86.4,921.0,17.44,-18.54,-0.72,31.1
58040,0.36,0.58,25.58,65.97,-32.4,-109.9,966.9,3.04,-8.87,0.01,30.99
58060,0,0.72,22.49,61.45,-8.2,9.6,946.1,3.44,-13.52,1.99,31.16
58080,0,0.11,15.57,60.14,-21.7,-202.7,1036.7,-10.2,-20.68,1.83,31.33
58100,0,1.87,4.57,47.94,110.6,-48.6,996.4,-24.8,-12.29,0.52,30.82
58120,0,0.72,0.07,34.26,-111.1,-80.7,1042.8,-25.13,-11.31,7.64,31.08
58140,0,1.04,2.36,17.94,-99.6,-185.8,994.0,-35.27,-13.53,5.21,30.68
58160,0,1.45,1.53,11.69,-28.1,-18.0,983.5,-37.89,-7.26,1.44,30.52
58180,0.92,0,2.45,5.97,-176.6,-64.8,1007.2,-42.63,-5.0,3.51,29.9
58200,0,1.31,0.06,8.5,-109.5,-4.9,985.6,-40.32,0.17,-1.5,30.2
58220,0.97,0,8.5,1.5,-100.4,60.4,991.9,-36.61,-2.47,-2.6,30.09
58240,1.46,6.54,1.56,0,-56.4,131.5,1006.7,-29.6,14.79,-3.48,29.29
58260,3.82,0,1.86,0,-103.5,58.2,998.7,-30.68,9.44,-4.22,29.45
58280,0,2.62,4.63,0,-47.6,79.6,1006.4,-22.78,8.5,-3.05,28.66
58300,4.16,0,0,0,-79.4,135.3,1013.0,-12.06,11.07,-3.34,28.97
58320,0.93,1.82,0.51,0,-126.9,169.9,971.0,-9.53,12.86,0.18,28.42
58340,75.75,27.96,4.13,0,-14.2,113.5,984.0,3.13,17.96,0.49,28.04
58360,57.73,41.62,14.94,0.51,93.8,53.4,958.9,13.42,16.09,6.36,28.27
58380,45.1,47.68,22.1,0,95.6,88.0,865.6,20.7,16.79,6.59,28.87
58400,28.63,56.57,33.08,0.75,108.9,42.6,887.4,27.55,19.27,5.63,29.34
58420,9.94,56.97,40.42,0.47,32.3,65.4,835.1,32.54,9.81,6.5,29.67
58440,1.14,56.61,65.11,2.85,77.1,44.4,801.3,40.47,6.86,3.16,30.14
58460,0,42.36,74.79,1.72,162.0,-10.4,798.6,35.74,-0.36,5.0,29.98
58480,0,30.45,82.26,7.9,90.7,15.1,805.6,45.28,5.09,-5.06,30.03
58500,3.65,19.95,83.7,6.81,98.8,-16.5,842.8,37.76,-4.66,-0.2,30.15
58520,0.64,14.92,82.18,22.51,33.5,-80.9,811.5,33.22,-22.91,-4.7,30.24
58540,0,5.33,73.29,31.99,59.1,-40.9,895.9,32.27,-9.6,-5.5,30.57
58560,3.53,7.21,60.6,44.62,91.8,-48.4,890.2,27.07,-5.37,-3.56,30.6
58580,0,5.82,47.42,58.01,-12.5,-194.1,948.4,15.04,-24.41,-5.45,31.07
58600,3.97,0,33.18,63.01,72.4,-108.0,991.9,5.0,-28.18,1.78,30.66
58620,0,0,19.3,67.63,-67.7,-231.5,1025.4,-4.16,-22.15,2.14,30.94
58640,0.25,4.68,13.8,58.75,-62.6,-134.7,976.4,-14.7,-13.25,2.51,30.99
58660,3.54,0,7.47,49.52,-36.5,-131.4,968.9,-19.11,-13.27,1.58,30.89
58680,0,0.08,6.15,32.73,0.1,-83.8,1025.9,-27.24,-17.02,5.19,30.92
58700,0.19,5.71,1.73,20.78,-87.9,-119.1,924.8,-30.6,-5.43,6.16,30.87
58720,2.46,0.36,0,10.92,-74.5,-48.2,1031.1,-38.18,-1.31,4.15,30.48
58740,5.24,0,0,6.42,-117.4,-10.3,977.7,-38.81,-0.62,0.95,30.15
58760,0,0,0.1,5.98,-100.6,97.8,987.7,-30.89,0.14,1.49,29.62
58780,0,0,0,4.95,-107.8,129.9,971.6,-39.85,1.67,-1.05,30.06
58800,6.19,0,0,5.34,-98.4,39.5,1042.9,-28.87,11.97,-3.07,29.63
58820,4.81,0.53,1.93,1.32,-12.4,121.5,978.7,-25.18,14.89,-4.95,29.02
58840,5.54,2.89,0,2.38,-7.3,97.6,965.6,-19.85,15.53,-3.59,28.76
58860,3.78,0,0,0,-40.3,159.5,1011.8,-17.14,18.45,-5.64,28.34
58880,0,4.41,0,0,-39.9,120.2,1032.5,-4.69,21.66,0.65,28.16
58900,79.13,29.28,6.07,0,-22.2,174.9,955.4,4.98,17.8,4.18,28.25
58920,60.65,40.21,14.05,0.86,-43.4,55.0,902.9,15.17,15.62,5.8,28.67
58940,44.77,54.43,27.99,2.07,43.6,148.0,848.9,22.17,20.0,6.61,28.77
58960,23.84,59.23,34.1,1.15,174.6,67.5,849.1,24.91,14.0,7.46,29.39
58980,13.95,54.22,50.57,1.26,92.9,140.1,771.0,25.32,3.16,4.99,29.62
59000,6.09,52.45,57.24,5.11,120.4,44.1,808.6,41.2,12.25,-0.69,29.64
59020,0,38.27,72.61,0,91.4,-68.3,779.9,41.65,0.61,1.33,29.85
59040,3.37,28.52,84.93,10.82,113.7,-94.4,778.3,37.92,-13.13,-3.07,30.38
59060,0,18.76,81.31,17.09,191.1,12.2,779.6,37.8,-10.42,-4.88,30.33
59080,1.18,12.01,73.73,29.48,33.8,-74.3,794.1,28.71,-8.79,-2.64,30.77
59100,0.47,7.09,72.76,30.09,-2.9,-94.3,839.2,25.12,-19.45,-2.23,30.66
59120,2.92,0,54.68,48.81,62.5,-143.5,900.4,21.84,-14.0,-3.28,30.88
59140,1.8,0,42.3,62.97,-32.4,-6.7,896.0,13.07,-20.75,-6.92,31.43
59160,3.25,0,31.26,61.12,106.2,-145.8,1020.2,8.17,-25.95,0.37,30.84
59180,0,4.43,15.22,69.18,-20.2,-176.4,1034.9,-6.72,-16.03,4.01,30.83
59200,0,0,14.53,56.42,-41.3,-147.8,1002.4,-16.93,-16.97,3.67,30.84
59220,7.94,1.53,4.97,41.48,-59.8,-96.0,1022.6,-19.87,-20.24,5.75,31.05
59240,0,1.09,3.28,33.49,-12.7,-157.6,1108.4,-27.27,-18.4,5.65,30.59
59260,1.02,0.62,0,13.69,-90.6,-71.2,956.1,-30.7,-15.49,-0.01,30.73
59280,2.95,0.6,0.2,10.23,-50.0,3.9,1039.1,-37.82,-11.28,-0.14,30.59
59300,2.36,0,4.46,7.52,-106.6,-23.2,1022.0,-37.24,-11.85,0.69,30.41
59320,0,0,4.5,1.43,-188.9,-75.5,1030.0,-46.9,3.31,0.38,30.06
59340,4.81,4.97,0,0.3,-92.8,26.0,1020.5,-38.89,7.99,-1.4,29.35
59360,4.58,0,0,5.33,10.6,-67.4,1000.2,-33.94,5.31,-4.47,29.33
59380,0,0,0,0,-83.0,73.9,954.8,-24.02,13.6,-5.18,29.16
59400,0,0,4.59,0,-70.1,199.2,993.7,-18.58,4.31,-3.82,28.96
59420,0,2.14,3.84,0,-3.1,106.0,1004.7,-12.36,21.03,-5.19,28.31
59440,4.62,6.39,0,0,-53.2,134.6,1052.7,-3.08,24.64,-1.43,27.61
59460,77.59,33.03,14.83,0,-37.1,126.5,950.9,7.32,20.13,0.21,28.26
59480,59.91,41.33,14.87,1.77,-39.6,141.8,889.2,14.57,20.62,2.74,28.54
59500,41.54,55.52,25.16,1.67,5.0,39.2,903.8,26.51,11.59,2.35,29.28
59520,17.86,58.31,41.46,4.42,66.7,98.3,858.0,32.2,11.63,3.71,29.61
59540,6.16,54.67,56.41,0,161.5,151.2,800.1,30.53,3.87,0.41,29.6
59560,0.99,49.28,65.88,3.81,28.0,68.7,794.8,33.46,1.63,3.4,29.77
59580,3.33,35.58,76.53,0.66,31.5,-4.4,822.3,40.89,-0.8,-4.43,29.92
59600,0,29.12,82.55,3.36,183.2,-99.1,833.7,37.17,-1.33,-4.07,30.2
59620,0,26.97,83.7,12.18,145.7,-87.2,782.2,25.58,-13.13,-3.59,30.67
59640,0,11.05,81.72,25.69,44.7,-34.7,857.2,31.26,-5.02,-1.84,30.21
59660,0,4.98,69.7,40.07,40.3,-55.5,878.8,25.88,-8.02,-3.77,30.62
59680,2.58,2.53,54.33,48.0,56.1,-49.3,845.7,26.88,-12.32,-4.19,31.12
59700,0,1.94,36.25,54.71,-21.3,-161.9,937.5,6.29,-16.04,-2.71,30.79
59720,0,0,22.54,67.53,1.8,-75.6,1037.5,1.23,-19.67,-0.09,31.46
59740,0,0,17.42,60.52,-62.7,-119.9,1042.7,-8.79,-19.7,2.8,30.99
59760,0,0.31,11.13,53.11,-31.1,-106.5,1015.0,-18.62,-17.11,2.34,30.77
59780,1.57,0.5,4.93,40.59,8.2,-74.0,1029.8,-26.19,-12.44,3.89,30.93
59800,0,0,2.33,30.08,-89.4,-104.9,960.6,-33.19,-18.61,5.91,30.75
59820,4.24,0.91,0.41,14.97,-21.8,42.8,1067.2,-35.34,-9.7,6.52,30.82
59840,0,0,0,13.68,-119.1,-3.4,998.2,-38.17,-4.43,-1.19,30.2
59860,0.63,0,2.17,2.41,-114.1,-47.9,988.4,-42.96,-2.78,0.14,30.45
59880,0,1.31,1.03,4.5,-149.1,42.9,977.6,-44.06,12.02,2.87,29.71
59900,0,0.87,0,2.0,-119.3,37.2,980.3,-32.13,1.65,-3.09,29.41
59920,0.82,0,0,0,-173.1,198.2,1012.2,-28.2,12.11,-3.97,29.69
59940,0,0,0,0,-101.4,148.1,985.3,-24.47,12.02,-2.46,28.93
59960,6.82,0,0,0,-29.4,109.9,1009.5,-18.07,19.85,-2.12,28.37
59980,0,3.25,0.9,0,-37.2,170.2,1019.1,-11.66,10.28,-1.93,28.25
60000,77.3,20.75,9.24,0,-17.4,160.8,1016.9,-1.45,28.22,-0.3,27.99
60020,75.86,34.69,9.12,1.3,-12.3,182.6,987.1,6.17,22.1,2.48,27.94
60040,49.81,42.2,22.16,2.86,29.0,82.9,895.8,19.21,16.54,3.22,28.38
60060,30.62,54.39,26.73,0,28.0,195.3,920.4,26.55,16.34,6.01,28.97
60080,24.67,57.42,38.28,0,29.3,99.6,886.0,29.14,16.04,4.79,29.26
60100,4.93,54.53,54.23,0,-15.2,30.8,793.3,39.88,12.49,3.09,29.72
60120,11.03,48.42,65.49,0,152.6,128.7,811.5,36.57,16.31,-0.84,29.73
60140,1.85,35.72,83.18,3.46,112.2,-15.6,821.2,37.5,1.93,1.57,30.09
60160,3.5,21.88,84.23,5.59,92.0,6.3,737.0,39.3,-4.05,-5.22,30.07
60180,0,11.96,83.27,14.63,83.8,-2.5,802.4,32.63,-12.13,-6.08,30.35
60200,2.43,3.53,75.6,32.28,206.2,-13.7,861.8,28.2,-2.62,-4.7,30.56
60220,1.41,4.49,66.12,39.48,159.8,-111.6,838.7,24.06,-10.67,-5.56,31.04
60240,0,0.75,49.67,50.85,104.8,-188.9,909.1,20.38,-23.87,-5.82,30.93
60260,2.55,0,37.53,61.89,29.8,-143.6,955.0,7.45,-16.18,5.58,30.95
60280,5.08,0.19,23.67,65.97,-66.0,-251.9,1080.0,-2.9,-16.0,0.81,31.06
60300,5.21,1.35,12.28,59.72,6.6,-172.1,996.8,-5.46,-21.48,0.34,30.84
60320,0.19,0,5.62,51.56,-58.1,-230.3,1015.4,-24.35,-14.59,3.87,30.8
60340,0,0,5.06,34.39,-119.0,-92.8,1045.0,-25.95,-30.72,11.18,30.71
60360,0,1.5,2.19,23.6,-69.4,-97.8,990.8,-33.18,-16.1,3.48,30.65
60380,0,2.72,2.75,16.05,-90.4,64.4,990.3,-34.97,-14.06,0.63,30.57
60400,1.64,7.55,1.32,7.6,-40.8,-85.4,1028.1,-35.9,3.86,1.52,30.3
60420,0,2.49,0,0.21,-156.3,22.0,1027.3,-43.26,8.02,-0.37,30.11
60440,3.77,0,0,0,-138.1,-26.7,1028.1,-38.48,5.43,-0.35,30.03
60460,0,1.72,1.97,0,-111.0,100.4,1033.5,-35.19,3.7,-1.87,29.61
60480,2.99,0,1.37,0,-43.2,80.3,1028.2,-28.26,19.17,-3.27,29.31
60500,0,0,0,2.39,-54.9,86.1,1055.0,-27.81,10.5,-6.92,29.04
60520,1.05,0,3.07,1.51,-50.3,113.0,988.6,-17.24,15.86,-4.96,28.62
60540,0,0,0,0,-7.3,105.1,1025.0,-7.54,15.14,0.04,28.42
60560,79.88,28.23,7.81,0,-20.1,126.4,1029.1,4.39,16.09,1.81,28.03
60580,69.96,29.13,14.52,10.81,2.3,144.9,971.4,11.48,32.26,3.79,28.11
60600,49.26,42.63,13.66,0,46.3,63.8,839.5,28.41,17.66,5.47,28.56
60620,28.72,59.93,24.36,0,65.0,111.4,891.9,25.7,13.76,3.6,29.2
60640,10.24,52.74,42.38,2.81,181.2,125.8,880.7,34.74,5.48,1.11,29.32
60660,6.68,56.71,62.04,4.01,34.5,112.6,746.6,40.16,4.85,4.95,29.91
60680,0,49.63,70.64,1.05,70.8,41.8,784.8,37.34,-2.62,4.38,30.1
60700,3.18,38.68,80.4,10.34,116.5,-42.6,820.0,41.11,10.17,-2.73,30.1
60720,6.67,19.09,88.8,8.27,34.8,-63.8,761.0,35.28,-10.53,-4.69,30.37
60740,0,13.61,85.17,20.19,203.4,-42.4,838.0,34.61,-9.69,-2.46,30.86
60760,2.06,6.29,74.86,28.08,11.7,-39.6,798.5,32.72,-7.4,-4.53,30.92
60780,0,0,52.46,40.06,2.9,-90.7,874.5,22.66,-25.22,-5.63,31.26
60800,0,3.28,48.84,57.08,56.1,-139.5,894.5,19.71,-17.44,-6.5,31.03
60820,0,0,34.8,65.92,28.0,-159.3,929.7,9.87,-12.43,-2.32,31.08
60840,1.73,0,15.82,63.91,73.3,-155.3,971.6,-0.46,-14.32,-2.35,31.39
60860,2.8,0,10.31,54.02,2.7,-75.5,1019.3,-12.03,-28.79,6.87,30.93
60880,0,2.42,5.85,50.75,-32.1,-73.0,971.8,-20.8,-11.78,3.78,30.64
60900,2.79,5.29,0.58,36.47,-59.8,-23.6,994.8,-28.21,-21.51,4.75,30.84
60920,0,3.96,4.46,22.9,-163.0,-106.1,972.7,-36.73,-8.89,1.58,30.54
60940,0,4.78,1.29,19.43,-118.3,-134.4,987.3,-38.55,-4.95,5.31,30.62
60960,0,3.54,0,2.86,-15.7,-35.9,1026.0,-36.41,-3.69,0.8,30.31
60980,0.97,2.71,4.91,4.28,-47.0,26.3,1015.1,-40.55,-1.73,2.95,30.07
61000,4.93,0,0,5.09,-135.4,105.7,1022.9,-40.57,13.2,-5.45,29.81
61020,2.7,0,0,0,5.0,47.0,989.2,-32.44,6.01,-1.95,29.59
61040,0,2.04,0,0.96,-116.8,104.9,975.6,-27.53,15.37,-6.89,28.98
61060,0,0,0.43,0,-39.5,180.1,1030.3,-21.39,10.61,-6.51,28.66
61080,0,0.47,0,0,-73.1,121.9,966.2,-14.57,17.74,-1.08,28.48
61100,0,7.94,4.92,0,-23.5,155.6,949.1,-3.72,21.3,1.16,27.88
61120,78.06,29.12,9.48,0,11.0,156.4,1009.5,3.23,19.51,5.72,28.24
61140,65.49,38.36,7.74,0,55.4,157.7,984.2,18.23,25.06,2.27,28.5
61160,43.03,53.61,25.18,2.08,23.4,247.0,901.1,21.03,23.85,4.9,29.32
61180,23.82,59.18,31.91,2.3,24.2,209.4,852.1,31.77,15.14,8.39,29.24
61200,19.8,61.33,48.32,1.34,71.4,60.7,815.3,36.39,9.71,5.25,29.55
61220,9.31,51.64,60.63,0,91.4,19.9,815.0,34.73,5.95,3.17,29.69
61240,0.34,41.13,72.93,3.77,164.2,28.2,823.9,42.36,-2.34,0.27,29.9
61260,3.15,25.86,84.96,2.66,162.3,-82.7,748.9,43.04,-0.6,-3.12,30.33
61280,1.37,27.99,78.19,12.33,150.5,3.8,797.2,41.11,-11.59,-4.91,30.46
61300,0,8.91,80.4,17.3,142.8,-115.8,847.2,33.78,-14.72,-4.93,30.43
61320,0.09,6.78,72.17,38.48,52.1,-68.5,811.1,30.02,-18.14,-6.69,30.85
61340,0,5.95,57.51,45.64,121.0,-97.3,902.8,16.24,-14.59,-6.54,30.81
61360,0,11.87,38.29,57.52,-30.2,-158.6,882.3,15.57,-13.75,-4.6,30.88
61380,0,0,27.91,71.46,49.9,-154.9,953.8,4.33,-20.84,-0.19,31.35
61400,0,0.38,17.03,64.78,2.8,-105.3,1012.0,-3.33,-19.29,1.16,31.02
61420,0,3.08,7.01,59.37,-56.6,-11.1,1033.1,-16.4,-25.99,4.48,31.13
61440,4.12,0,10.8,42.82,-89.1,-51.1,958.5,-30.02,-18.51,7.3,30.69
61460,1.12,1.73,0.02,31.83,-69.4,-97.1,1040.6,-27.79,-14.24,4.67,30.8
61480,4.43,0.86,0,17.63,-55.5,-117.1,987.8,-35.85,-26.37,1.65,30.37
61500,2.81,4.55,0,10.78,-90.6,34.3,1060.1,-38.54,-10.03,-0.42,30.33
61520,0,0.17,0,1.85,-87.2,10.3,988.7,-41.63,-7.07,1.44,30.31
61540,3.01,0,0.94,1.76,-140.8,-33.0,1055.0,-41.68,0.76,-2.23,29.76
61560,0.23,0.88,6.91,0,-62.1,60.5,951.9,-31.85,5.48,-0.81,29.35
61580,1.93,0.67,1.14,0,-134.6,78.2,975.9,-31.69,14.11,-3.1,29.48
61600,0,0,0.36,0,-34.1,175.4,1045.7,-30.36,16.54,-5.9,29.02
61620,4.52,5.96,3.42,0,-36.9,125.6,986.9,-20.22,21.58,-3.15,28.84
61640,3.75,5.72,0,0,-8.8,85.7,1002.5,-11.87,22.69,-1.68,28.31
61660,6.29,0,0,7.75,10.9,199.2,994.8,-6.56,16.4,0.43,28.27
61680,79.67,28.13,6.78,0,12.3,163.0,952.1,7.4,24.31,2.42,28.67
61700,55.88,38.8,19.36,0,-8.8,141.9,887.1,14.96,21.3,3.04,28.81
61720,40.16,50.02,21.52,1.14,-41.6,172.0,917.2,22.35,19.43,6.41,28.63
61740,21.58,55.26,40.04,0,70.4,64.1,880.5,29.12,15.32,5.63,29.49
61760,12.28,55.71,48.99,4.86,77.7,-38.9,863.3,31.47,0.1,7.0,29.8
61780,0,50.31,63.47,0.47,76.7,16.5,821.6,39.58,3.86,-0.04,29.71
61800,0,46.11,76.38,2.7,-11.1,-25.2,833.6,37.63,-8.58,0.6,30.02
61820,1.08,23.58,73.77,7.43,101.4,72.8,769.1,35.56,-7.01,-2.04,30.56
61840,4.2,19.81,82.91,14.71,99.8,-24.6,773.9,42.58,0.7,-6.09,30.36
61860,0,8.01,73.98,21.48,22.8,-35.5,801.3,31.64,-20.34,-6.18,30.5
61880,0,7.79,71.69,40.39,48.4,-81.7,875.7,24.84,-19.69,-1.76,30.63
61900,0,4.26,48.17,49.5,95.1,-176.2,958.6,16.08,-20.67,-7.05,31.31
61920,0,5.01,43.99,65.58,-39.8,-141.9,930.0,11.17,-14.77,-3.5,30.78
61940,0,0,23.59,61.23,17.2,-157.2,983.1,3.11,-21.53,-4.41,30.98
61960,0,1.85,17.76,68.14,-19.3,-145.8,968.3,-7.43,-22.63,0.24,31.05
61980,0,3.08,12.48,57.89,-74.0,-81.6,1018.1,-10.16,-23.64,4.97,30.72
62000,0,3.57,9.04,36.11,-33.5,-136.7,1001.7,-21.59,-13.21,4.87,30.61
62020,1.48,0,3.06,34.29,-63.2,-91.0,1033.4,-25.93,-20.2,4.5,30.83
62040,0,0,2.43,16.08,-87.7,-10.5,1016.3,-32.58,-3.87,-0.67,30.68
62060,0,0,2.86,12.27,-136.8,-7.9,952.7,-37.74,-7.51,0.78,30.35
62080,0,1.52,0,3.04,-189.3,-48.0,967.2,-43.14,0.03,-0.06,30.23
62100,0.79,0,1.42,2.56,-22.5,14.2,952.5,-38.43,1.22,-2.21,30.05
62120,1.06,0,0,0.32,-114.9,172.9,1046.7,-34.46,10.5,-5.42,29.8
62140,0,1.22,0,0.37,-44.3,51.7,1028.6,-41.27,8.89,-5.86,29.43
62160,3.51,6.05,0,0,-37.7,78.0,982.3,-24.38,18.47,-6.61,28.72
62180,0,0,1.68,2.79,34.2,177.2,967.5,-16.75,25.83,-6.18,28.59
62200,5.09,3.2,0,0,-42.8,147.1,988.4,-8.05,16.85,1.22,28.11
62220,0,3.54,0,0,22.3,172.9,995.3,-2.78,21.04,0.22,27.84
62240,70.86,29.58,10.48,0,38.3,139.9,964.7,9.48,12.87,-0.41,28.44
62260,53.49,41.73,20.71,0,-18.1,146.5,914.5,15.56,14.38,-1.71,28.75
62280,31.88,51.39,25.02,2.82,40.4,91.4,873.6,21.39,17.04,5.19,28.91
62300,21.77,55.73,38.25,1.34,32.1,63.1,821.4,27.59,10.48,2.99,29.26
62320,10.4,50.51,52.13,2.69,-44.2,92.0,818.5,30.96,11.74,2.23,29.55
62340,6.02,49.21,70.95,0,70.2,80.8,786.5,42.59,-0.91,0.65,29.92
62360,2.8,33.63,82.62,8.85,110.3,-6.0,764.9,40.59,1.58,-1.63,30.01
62380,1.6,23.06,84.74,9.04,92.2,-134.4,778.6,38.94,-0.88,0.48,29.91
62400,3.27,17.43,90.02,17.48,132.8,-6.5,791.5,36.34,-4.64,-1.96,31.01
62420,2.38,6.92,78.42,19.37,53.0,-96.9,896.9,31.09,-12.87,-4.87,30.51
62440,1.64,7.7,68.71,37.14,26.5,-115.2,877.9,28.57,-20.38,-4.3,30.97
62460,0.49,0.7,51.09,59.16,46.5,-82.7,940.9,22.21,-22.86,-3.21,30.79
62480,0,0,39.82,62.92,45.7,-141.6,974.1,8.61,-23.5,-0.23,30.94
62500,1.87,0,21.65,64.79,-9.2,-181.0,973.9,-0.89,-18.88,1.58,31.16
62520,0,2.13,17.12,66.4,-21.8,-55.1,1003.6,-7.43,-25.84,2.21,31.41
62540,3.13,0,6.8,52.29,-70.2,-53.9,973.1,-15.83,-12.91,7.87,30.77
62560,0.28,3.08,7.41,43.01,-134.0,-50.6,948.6,-23.41,-11.05,6.41,30.7
62580,0,0.13,0,29.39,-102.5,-115.5,1019.3,-35.23,-5.3,3.92,30.67
62600,2.59,0,2.93,13.72,-117.6,-91.3,976.3,-40.51,0.21,3.86,29.96
62620,0,0,0,11.98,-97.8,-3.5,981.8,-38.78,-3.69,4.72,30.46
62640,0,1.58,0.54,5.3,-25.2,72.3,1100.0,-36.11,7.75,1.88,30.08
62660,2.74,0,0.54,6.71,-167.2,82.3,1046.5,-41.58,6.07,-3.37,29.98
62680,1.54,0,0,6.21,-88.8,40.3,997.7,-33.13,-5.79,-1.84,29.64
62700,0,0,1.71,0,54.0,49.1,980.1,-33.04,9.69,-7.11,29.17
62720,0,0.31,0.73,0,-12.0,95.8,999.8,-25.47,16.89,-4.03,28.93
62740,0,2.22,1.04,0,73.7,143.9,1023.8,-20.29,21.98,-3.87,28.66
62760,0,0,0,4.11,63.2,159.4,980.0,-9.48,20.18,-1.76,27.76
62780,75.3,26.82,0.54,0.5,42.4,189.8,974.2,4.29,19.25,0.18,28.13
62800,72.47,34.96,15.63,9.01,3.9,284.5,940.9,8.24,20.38,3.02,28.36
62820,47.88,45.49,14.02,1.04,46.3,131.1,882.8,17.5,6.28,3.62,28.84
62840,35.51,57.06,27.16,0,8.2,126.2,926.9,27.17,11.41,5.77,28.74
62860,13.71,59.54,44.43,3.08,17.9,185.6,862.7,30.33,14.13,4.53,29.42
62880,5.28,53.68,59.29,0,89.0,77.2,894.8,35.51,0.7,3.54,29.76
62900,1.09,47.96,68.15,2.32,131.1,87.0,796.5,32.09,8.22,1.65,29.98
62920,4.84,32.33,83.38,4.71,130.1,-19.5,785.7,43.36,1.49,-4.13,30.17
62940,0,27.01,85.86,10.77,158.3,-77.4,811.8,38.24,-8.86,-1.3,30.62
62960,0,13.85,85.0,14.82,142.6,-86.3,828.1,40.76,-5.82,-7.53,30.84
62980,2.0,7.64,75.21,31.52,78.1,-116.3,802.3,30.67,-4.83,-5.82,30.56
63000,0.15,6.48,59.14,42.6,89.9,-84.5,883.8,26.29,-17.13,-4.02,30.77
63020,4.24,6.22,48.46,56.52,29.9,-213.7,889.0,13.47,-22.85,-3.25,30.93
63040,0,0,37.96,64.94,52.6,-151.7,1001.9,6.78,-20.02,-0.55,31.09
63060,0.19,2.41,22.89,66.89,26.8,-187.1,1015.0,1.59,-28.29,-0.36,30.76
63080,0,0,10.43,60.5,-46.8,-170.5,1018.1,-8.75,-15.01,1.81,30.86
63100,0,0,3.09,54.51,-37.8,-65.0,1031.0,-27.45,-25.62,0.84,31.52
63120,0,2.17,5.02,35.23,-41.8,-54.1,1040.4,-24.92,-24.45,2.3,31.07
63140,0,1.71,1.35,25.42,-124.2,-103.8,993.0,-32.93,-11.1,6.6,30.62
63160,0,0,4.8,9.5,-135.2,-70.5,1011.5,-35.68,-12.83,9.25,30.17
63180,0.05,0,1.82,2.54,-193.2,-30.3,1036.8,-42.94,-4.9,-0.99,29.99
63200,0,1.15,0.79,1.13,-141.5,26.0,1032.2,-44.61,-0.4,-0.3,30.41
63220,7.8,1.77,0,4.32,-105.5,57.4,1010.4,-33.85,4.41,-2.48,29.64
63240,0,1.29,0.07,0.07,-136.6,145.5,970.4,-31.63,11.94,-3.62,29.65
63260,2.98,3.13,0,0,-24.1,53.2,996.9,-27.5,24.66,-4.68,29.53
63280,0,2.04,0.24,1.06,-3.1,103.0,1005.1,-19.4,26.44,-2.18,28.79
63300,0,0,4.17,0,-25.7,205.4,989.3,-12.51,22.37,-2.02,28.49
63320,0.5,0,0,3.06,-26.0,99.7,1013.6,-4.88,18.43,-1.54,28.25
63340,77.57,26.34,10.91,0.14,22.0,135.3,961.2,3.38,16.33,0.63,28.18
63360,70.13,35.69,13.57,4.31,-39.4,121.9,930.6,12.43,20.5,4.93,28.43
63380,46.71,45.71,18.89,0,112.6,207.2,865.0,22.36,12.48,4.72,28.4
63400,29.25,56.08,26.82,0,106.8,98.9,948.8,24.83,13.4,5.84,28.88
63420,18.77,52.39,38.67,0.05,144.0,100.1,859.1,31.42,10.94,6.69,29.33
63440,5.73,58.05,57.28,2.49,86.8,88.1,805.7,34.32,6.51,3.9,29.85
63460,3.98,43.17,76.13,2.58,93.3,70.5,795.3,41.47,-0.02,2.18,29.93
63480,0.12,31.32,85.14,1.92,236.5,34.2,780.8,40.78,-0.69,3.26,29.98
63500,1.67,22.06,88.18,9.98,132.4,-16.4,775.5,40.47,2.49,-4.83,30.14
63520,0,15.1,79.46,20.27,145.0,-93.6,821.6,40.34,-8.23,-7.0,30.48
63540,0,9.83,73.34,31.83,49.8,-89.9,842.0,29.24,-11.43,-3.18,30.85
63560,0,1.96,58.36,47.95,3.6,-123.1,886.0,20.23,-22.1,-5.12,30.77
63580,1.34,2.76,40.8,58.43,108.6,-106.7,935.5,15.27,-17.9,-4.69,30.96
63600,0,0,27.44,65.75,-35.1,-149.7,1007.3,2.25,-17.08,0.98,31.1
63620,0,0,24.85,57.71,-37.5,-64.3,981.2,-8.79,-19.03,-1.45,30.91
63640,0,0,6.9,58.94,71.1,-225.5,1035.7,-14.78,-16.51,3.43,31.25
63660,3.62,0,9.85,52.5,19.5,-164.8,973.3,-15.48,-11.4,5.57,30.72
63680,2.3,3.19,4.12,36.65,-49.8,-1.7,1020.6,-27.58,-12.75,3.54,30.41
63700,0,3.47,1.84,28.03,6.7,-102.1,1020.7,-27.98,-9.64,4.34,30.78
63720,6.93,0,1.48,12.04,-104.4,8.0,1026.5,-40.59,-10.69,3.84,30.24
63740,1.36,0,1.79,5.17,-111.5,48.1,983.3,-39.41,-6.65,-0.33,30.25
63760,1.14,2.4,0,5.48,-81.2,-13.4,1029.1,-30.82,6.29,-2.11,29.77
63780,0,0,0,3.08,-156.3,36.7,1021.1,-35.23,-1.0,-2.46,29.64
63800,1.84,5.49,5.34,0,-26.4,87.1,968.2,-32.22,15.08,-6.23,29.53
63820,0,4.91,0,0,-59.9,54.0,1014.4,-33.43,6.38,-6.51,29.72
63840,4.83,0,3.37,4.75,-55.6,122.6,1008.7,-23.57,19.55,-5.74,28.56
63860,0,1.43,1.37,0,-57.5,119.0,1030.2,-8.84,23.99,-1.31,28.85
63880,0.29,0,3.88,0,-19.0,80.6,983.0,-3.24,27.02,1.54,28.17
63900,73.94,31.55,5.27,0,-12.9,88.4,936.5,8.62,11.25,0.43,28.0
63920,64.14,37.31,15.8,0,68.2,118.0,908.8,14.59,22.11,3.28,28.58
63940,44.9,48.87,28.66,4.89,68.3,104.1,896.8,19.83,14.11,2.84,28.85
63960,18.26,57.01,35.83,0,89.0,115.3,793.7,27.47,13.22,4.85,28.92
63980,16.51,51.89,50.87,1.16,117.2,-6.1,809.8,32.77,14.4,3.28,29.58
64000,8.79,54.03,66.31,0,-25.3,2.1,841.5,36.48,7.12,3.81,29.55
64019,0,39.42,78.19,5.12,79.5,-33.9,797.5,39.28,10.7,0.15,30.24
64040,0,32.1,85.78,8.95,22.0,-37.5,782.7,41.94,-6.42,-2.24,30.3
64060,0.95,19.87,85.22,11.37,185.7,-56.8,783.4,40.17,-6.63,-5.52,30.5
64080,0,11.18,81.63,23.8,104.4,-93.5,856.8,34.81,-1.59,-5.2,30.67
64099,3.3,3.43,65.27,36.67,74.3,-50.3,816.8,27.2,-17.92,-5.95,30.55
64120,3.78,8.29,55.58,45.86,-18.2,-158.0,939.2,18.89,-29.3,-2.3,31.06
64140,0,0,41.36,59.3,24.4,-113.1,935.7,9.06,-19.53,-5.05,30.83
64160,0,2.27,32.75,63.87,49.3,-14.3,1030.4,9.29,-14.16,-2.93,30.74
64180,3.5,2.25,21.58,65.49,1.9,-88.3,1006.4,-5.88,-12.3,-1.08,30.94
64200,0,1.14,9.35,56.34,87.2,-182.8,1028.4,-10.63,-17.59,3.81,31.1
64220,3.28,0,11.21,43.08,12.6,-146.7,1002.2,-22.54,-20.4,4.81,31.33
64239,2.19,1.62,0.17,32.29,-86.7,-168.5,1023.9,-33.78,-17.32,8.05,30.8
64260,0,0.16,0,25.76,-127.6,-159.7,986.4,-33.07,-12.55,-0.44,30.58
64280,0,0,3.63,12.11,-39.5,28.6,980.0,-40.07,-9.59,3.81,30.33
64300,3.58,0,4.93,4.58,-200.9,-42.6,1006.6,-39.58,1.54,-2.23,30.32
64319,4.8,3.6,0,1.84,-128.5,4.9,1019.6,-43.92,8.21,-3.41,30.24
64340,1.5,0,2.25,0,-108.6,111.0,1022.8,-41.06,6.18,-4.47,29.31
64360,1.22,0.96,4.62,2.69,-15.2,134.0,983.4,-32.85,4.1,-5.28,29.58
64379,0,0,0,1.06,-98.0,100.6,1004.8,-25.15,15.96,-6.45,29.26
64400,0,0,0,0,-23.4,201.2,980.6,-18.07,17.53,-6.86,28.45
64420,0,0,7.4,0.85,15.1,118.2,1040.5,-12.55,22.31,-0.48,28.38
64440,3.58,0,1.69,0,-59.8,99.2,1009.7,-4.84,20.5,-6.57,28.19
64459,70.65,29.45,2.83,3.99,-79.6,166.5,1017.5,8.87,14.74,1.25,28.41
64480,57.17,38.93,14.07,1.63,-39.1,170.6,862.1,17.57,20.36,4.57,28.94
64500,35.7,54.14,27.68,3.89,-34.6,106.0,840.1,20.41,12.64,1.33,29.07
64519,23.83,54.3,41.45,2.54,67.2,84.9,828.1,26.98,4.92,5.48,29.34
64540,7.56,53.62,50.07,0,76.4,39.2,813.1,36.22,20.91,3.96,29.52
64560,3.17,51.21,61.06,0,27.1,99.0,813.0,43.37,1.19,7.59,29.8
64580,6.97,38.65,77.72,3.84,97.7,-106.4,837.4,42.33,1.88,0.99,30.43
64599,2.0,33.4,82.83,3.41,90.7,12.3,833.0,39.44,-4.55,-3.98,30.38
64620,0.5,16.28,78.32,10.86,120.3,-9.2,821.0,33.92,-10.4,-4.41,30.51
64640,2.04,3.85,76.17,23.9,15.0,-123.3,807.0,33.24,-14.19,-3.36,30.92
64660,0,0,72.44,41.03,102.3,-112.8,841.1,29.41,-23.21,-5.81,30.92
64680,0,0,53.44,51.8,146.8,-182.1,943.0,22.49,-22.77,-4.32,30.93
64700,1.14,0,38.79,63.2,37.5,-171.7,972.1,4.33,-14.12,-3.7,30.93
64720,6.19,0,28.59,62.28,-39.6,-170.0,954.4,2.86,-31.82,3.15,30.72
64739,0,0.05,12.05,57.5,97.7,-85.6,1029.6,-8.62,-22.0,-0.18,31.2
64760,2.57,0,9.95,50.99,48.1,-196.4,1006.2,-16.01,-11.27,2.32,30.52
64780,0,4.76,7.77,38.31,-93.6,-215.7,1009.2,-21.84,-16.93,2.9,30.71
64800,1.99,0,6.85,28.67,-57.3,-147.3,970.5,-27.12,-7.42,3.94,30.73
64819,0,3.55,0.98,16.92,-133.8,-53.9,1051.5,-39.29,-18.25,5.65,30.37
64840,4.43,0,0,10.27,57.6,-0.8,1014.1,-42.47,3.24,2.26,30.22
64860,0.86,5.47,1.97,5.14,-39.1,-13.9,1011.7,-38.32,1.36,1.66,29.94
64879,3.96,0,2.57,2.9,-114.0,73.3,992.3,-38.99,7.95,-0.99,29.46
64900,0,0,1.86,6.48,-68.7,73.1,991.8,-32.11,15.22,-0.05,29.57
64920,0,0,0.05,0.28,-87.9,146.0,979.4,-31.72,15.13,-7.54,29.38
64940,0,4.21,0,1.71,-18.3,100.9,1042.0,-22.36,18.52,-6.03,29.17
64959,0.76,0,0,3.07,2.2,163.5,1004.4,-11.8,18.5,-3.72,28.92
64980,1.84,0,0,2.48,18.0,59.6,1017.0,-9.39,18.35,-3.6,28.23
65000,78.99,13.65,0,0.48,-7.3,132.9,1057.6,0.04,11.88,-2.29,28.04
65019,70.68,28.59,6.79,5.59,96.2,162.7,966.4,9.18,21.65,3.77,28.45
65040,53.37,39.65,16.7,0,39.0,187.9,911.4,16.64,16.72,3.41,28.58
65060,34.39,54.64,29.43,0.47,175.5,53.9,837.9,23.14,20.79,4.25,29.16
65080,21.69,63.47,37.38,0,112.6,131.3,800.6,29.61,4.72,2.91,29.2
65099,4.06,56.86,48.83,2.11,32.2,88.2,829.3,41.75,19.71,6.78,29.57
65120,12.53,51.61,66.85,7.85,85.1,7.2,773.0,38.5,5.74,6.76,29.98
65140,0,37.62,77.08,0,125.9,2.3,808.4,35.98,-0.13,-3.07,29.82
65160,2.93,26.87,84.45,4.62,82.0,-70.1,816.0,41.11,-1.99,-4.96,30.57
65180,3.33,15.42,82.11,21.09,37.3,-23.2,746.6,38.35,-4.4,-3.09,30.71
65200,0,9.92,81.31,26.65,113.2,-60.1,834.8,26.17,-14.65,-3.64,30.71
65220,0,0.48,63.42,34.49,56.9,-174.4,901.8,24.14,-26.35,-6.53,30.6
65239,5.01,0.5,51.06,59.03,85.7,-124.1,892.9,18.56,-11.11,-4.74,31.1
65260,1.08,0,34.41,64.09,0.9,-243.4,963.2,7.65,-11.51,-2.03,31.2
65280,2.16,0,25.25,61.24,7.4,-130.8,1039.3,2.48,-23.57,3.68,31.37
65300,0,1.28,11.46,58.23,-62.3,-142.2,1010.1,-6.6,-14.24,1.62,31.34
65319,2.0,0,2.68,46.14,-19.9,-136.7,991.4,-14.62,-21.6,7.47,30.86
65340,0,0.68,4.22,34.89,-15.1,-231.8,988.7,-24.68,-15.11,6.83,30.56
65360,0,0,0,27.28,-47.7,-46.1,995.0,-30.79,-18.61,4.1,30.87
65379,1.19,0,5.74,9.88,-137.4,2.9,1025.3,-39.53,-7.62,5.22,30.67
65400,0.54,2.91,0.96,5.93,-54.0,-94.2,988.5,-38.56,-11.28,5.1,30.13
65420,2.26,1.57,4.74,2.04,-51.9,6.0,1017.2,-37.97,2.06,-0.0,29.98
65440,0,0,0,0,-114.6,2.6,997.1,-38.98,7.85,0.52,29.62
65459,2.62,4.7,2.04,0,-97.5,-52.8,1008.5,-36.89,10.52,-5.78,29.61
65480,3.2,0,5.75,5.8,-9.2,70.5,997.5,-33.19,11.39,-5.27,29.52
65500,5.17,0,7.08,5.18,-50.8,125.4,970.4,-23.5,14.0,-6.18,28.42
65519,0,0,0.91,1.23,-85.8,133.7,994.1,-16.54,12.03,-4.6,28.85
65540,1.92,0,0,0,43.2,149.7,949.5,-6.97,16.68,-1.21,28.23
65560,78.94,19.99,7.91,0.62,27.4,36.1,1000.1,3.06,21.41,0.8,28.23
65580,68.09,36.27,14.36,0,19.3,174.9,972.5,13.02,15.48,2.89,28.2
65600,55.46,47.79,17.8,4.33,18.0,166.7,886.3,26.15,19.21,2.35,28.82
65620,26.82,51.08,28.78,4.8,18.1,84.9,892.0,23.68,11.72,7.1,29.25
65640,15.38,51.31,37.67,0,79.0,137.7,868.8,35.53,19.81,3.15,29.3
65660,7.02,56.87,55.25,0,133.1,33.4,833.5,41.1,5.39,3.63,29.37
65680,0,46.95,73.28,4.53,74.5,40.7,832.3,39.21,4.28,0.5,30.13
65700,1.84,30.89,81.21,2.94,225.3,-15.6,757.2,40.78,-2.39,-0.73,30.41
65720,5.4,25.96,82.98,13.6,13.6,-106.3,808.6,34.63,1.91,-0.48,30.45
65740,0.13,13.49,82.7,21.45,57.6,-161.2,805.9,33.39,-8.37,-4.18,30.6
65760,0,10.14,75.65,29.57,-26.9,-94.4,820.0,27.04,-8.04,-4.11,30.62
65780,0,1.12,57.74,47.26,-20.9,-88.7,895.2,21.77,-17.47,-5.38,30.8
65800,0,0.61,49.69,54.94,4.2,-146.2,941.9,18.09,-10.56,-6.48,31.14
65820,0,0,30.3,65.73,68.6,-243.5,976.0,3.49,-16.32,-1.5,31.15
65840,0.53,0,22.06,59.97,98.5,-77.5,1025.3,-1.9,-20.11,-0.26,30.66
65860,1.52,1.01,8.26,59.34,-196.4,-105.8,1028.8,-14.2,-12.97,1.73,31.03
65880,0.01,0,6.21,50.39,-77.6,-95.8,1030.4,-19.71,-15.03,0.87,31.09
65900,2.56,0,9.64,36.35,-34.4,-134.0,961.4,-28.28,-35.16,5.39,30.92
65920,0,0,0.12,25.09,-31.7,-145.5,964.6,-36.62,-12.18,7.83,30.48
65940,0,2.3,4.04,16.22,-6.8,-66.5,1027.0,-37.24,-10.52,2.67,30.51
65960,4.97,0.1,3.94,8.26,-33.3,-16.4,1004.6,-40.55,-1.45,1.93,30.46
65980,1.23,0,0,8.88,-185.5,3.1,1012.4,-41.56,-3.68,2.57,30.11
66000,5.86,1.8,0,1.09,-109.9,177.0,1001.0,-40.48,10.41,-7.49,29.72
66020,1.52,2.31,0,0,-157.9,92.8,1007.5,-36.13,14.73,-7.87,29.12
66040,0.98,4.11,0,2.69,47.4,46.0,997.6,-29.5,10.74,-3.51,29.34
66060,0,0,0,3.3,-112.4,174.5,968.2,-20.49,18.66,-5.87,28.68
66080,0,4.29,2.0,0,9.8,127.9,1054.8,-16.95,22.62,-1.24,28.26
66100,0.86,3.14,0,0,6.5,228.9,984.8,-2.4,23.08,-4.28,28.22
66120,78.2,25.25,2.75,0,34.6,147.0,974.1,3.68,22.92,0.52,28.06
66140,64.61,38.29,16.97,5.39,85.0,128.7,936.1,12.85,22.27,6.36,28.69
66160,51.16,52.95,24.22,2.81,-5.3,166.5,863.4,22.06,27.23,4.53,28.58
66180,32.29,56.14,34.55,0,72.0,170.6,853.8,26.81,21.77,4.71,29.02
66200,16.58,61.33,47.7,0,81.7,82.5,815.8,29.72,18.02,0.45,29.97
66220,2.24,51.48,64.62,0,79.5,15.7,780.8,36.7,6.64,2.76,29.78
66240,2.33,41.86,72.61,0,162.7,52.5,811.9,42.91,8.85,3.81,29.91
66260,1.36,34.97,83.16,7.3,50.3,27.8,824.5,39.44,3.86,-1.24,30.37
66280,1.11,18.57,82.36,8.53,91.6,-71.3,799.9,38.49,-15.58,-4.66,30.63
66300,0,8.18,80.48,25.66,115.2,-53.7,891.7,36.53,-6.07,-4.39,30.49
66320,0,0,74.36,32.06,12.1,-89.5,862.6,28.21,-14.36,-3.64,30.71
66340,0.59,3.3,58.57,46.28,60.0,-159.2,914.0,21.49,0.12,-4.8,30.85
66360,0,1.53,44.05,55.54,46.7,-244.6,944.7,12.36,-17.9,-5.3,30.78
66380,0,0,32.69,68.33,-35.2,-132.8,974.8,1.08,-21.04,0.45,31.25
66400,0,5.45,17.65,66.15,-72.8,-156.7,959.4,-2.51,-17.39,0.97,31.14
66420,0,2.63,7.6,58.89,-77.7,-131.8,961.1,-14.67,-20.78,0.6,30.92
66440,0.07,0,5.7,45.12,-150.8,-118.6,973.4,-20.48,-18.67,4.16,30.79
66460,1.22,1.59,6.05,32.87,24.0,-64.9,974.2,-23.21,-12.27,2.85,30.45
66480,0,7.92,0.52,21.07,-121.0,-51.6,965.6,-39.36,-15.22,8.17,30.66
66500,0,0,1.46,8.96,-69.1,5.9,1033.1,-37.2,-2.58,1.11,30.38
66520,0,0.42,0,1.96,-101.8,-43.4,1018.7,-38.84,-2.19,1.34,30.46
66540,0.48,0,3.19,1.4,-46.1,63.6,1094.9,-39.06,3.82,2.14,30.32
66560,0,0,0,4.58,-55.9,40.0,1008.2,-39.94,8.91,-3.36,29.43
66580,0,0,0,0.54,-107.9,83.4,960.5,-27.06,6.0,-4.4,29.39
66600,0,0.95,3.88,0.33,-58.2,198.0,1014.6,-26.96,15.17,-6.57,29.59
66620,0.74,0,0,0,-25.2,100.1,1005.4,-12.74,19.31,-3.62,28.69
66640,0,0.51,3.13,3.25,25.0,60.3,998.1,-9.94,24.25,-6.15,28.77
66660,0.97,0.35,2.05,4.57,-37.0,46.4,984.6,-1.73,18.62,-1.27,27.97
66680,74.43,28.36,8.62,0,-17.0,110.5,1011.7,14.33,19.49,-0.27,28.42
66700,62.27,33.23,13.75,0,-46.4,134.7,933.2,16.76,16.29,2.32,28.41
66720,38.66,50.35,26.69,2.69,92.9,157.1,848.3,21.49,17.77,5.76,28.71
66740,24.78,52.51,35.45,0,129.4,51.0,766.4,26.89,6.82,3.4,29.24
66760,12.28,57.83,48.16,0,35.1,22.0,863.2,39.11,7.25,6.13,29.68
66780,1.47,52.0,64.11,0,75.0,-51.6,812.9,35.38,13.8,2.69,29.88
66800,0,35.23,74.15,1.93,132.9,54.0,824.8,41.01,-7.65,1.19,29.97
66820,5.35,31.74,90.1,9.05,44.7,-30.0,777.2,34.28,0.08,-3.46,30.34
66840,0,16.06,78.14,16.72,77.1,-135.7,819.6,37.22,-1.36,-4.92,30.29
66860,2.39,10.36,77.08,24.6,56.5,-38.6,845.9,35.69,-20.17,-2.73,31.05
66880,0,4.53,63.79,36.64,36.8,-68.2,892.5,28.61,-23.94,-8.94,30.85
66900,0,4.4,58.52,53.06,94.8,-161.0,895.2,16.6,-21.2,-0.75,30.76
66920,4.68,0.22,42.45,59.12,-22.1,-139.8,942.9,10.0,-24.58,-2.56,31.15
66940,2.42,0,30.44,64.79,6.2,-106.3,981.1,4.6,-14.2,0.1,30.93
66960,3.01,1.05,18.28,64.04,-26.8,-141.2,1011.8,-9.33,-12.47,1.11,30.97
66980,0,0,14.45,52.24,-15.6,-176.9,1001.9,-20.26,-17.66,6.58,30.75
67000,0,0.64,4.31,43.09,-89.2,-140.7,1019.4,-25.79,-16.34,6.63,30.61
67020,0,0.7,3.77,30.53,-83.2,-159.7,963.0,-28.57,-17.81,6.77,30.33
67040,2.18,0,3.39,17.21,-117.7,-90.7,980.6,-36.94,-6.02,-0.56,30.6
67060,0,4.63,0,11.92,-154.0,-48.3,992.0,-38.59,-15.76,2.45,30.33
67080,0.32,0,0,5.72,-148.2,-87.4,1017.1,-40.93,-5.36,-3.1,30.42
67100,0,0,0,1.58,-119.1,86.8,998.0,-37.33,13.75,0.04,29.83
67120,0,0,0.75,0.78,-83.2,-33.0,1016.2,-40.47,11.92,-2.92,29.62
67140,0,0,1.61,5.47,-109.2,67.2,955.8,-29.36,8.77,-4.54,29.57
67160,0,0,0,3.62,-8.3,200.8,1047.2,-23.0,11.1,-4.11,28.91
67180,0,0,0.71,0,-94.7,182.8,996.2,-19.85,25.86,-5.18,28.59
67200,0,5.4,4.48,0,69.6,240.8,1029.9,-13.13,33.03,-3.85,28.26
67220,2.87,0,1.45,3.56,-103.0,132.8,1055.5,-0.29,16.17,1.12,27.82
67240,72.17,32.68,12.64,0.14,85.6,170.9,970.0,15.28,16.08,-4.16,28.55
67260,57.79,39.48,14.18,0,25.1,204.1,921.2,19.05,24.16,5.4,28.42
67280,34.67,53.02,22.93,4.07,66.3,120.2,849.8,25.84,10.42,5.21,29.03
67300,21.67,59.7,38.93,4.48,185.6,81.7,844.1,28.58,21.6,6.72,29.36
67320,6.95,58.02,56.67,0,89.5,76.5,858.6,34.84,8.23,8.59,29.61
67340,2.62,47.66,64.9,0,56.0,-26.5,850.3,41.75,15.58,2.39,30.1
67360,6.52,33.65,82.9,0,91.4,-97.8,780.9,36.65,-2.85,0.65,30.51
67380,6.11,30.94,88.84,10.95,149.3,44.5,813.4,37.01,-6.37,-3.07,30.14
67400,0,18.18,84.44,15.46,35.5,-40.7,760.2,34.42,-3.89,-2.86,30.96
67420,0,11.17,77.43,29.2,68.1,-28.0,845.5,28.87,-12.41,-6.3,30.48
67440,0,5.95,64.32,44.07,-22.5,-123.6,954.3,29.16,-20.16,-6.23,30.56
67460,0,4.83,53.79,57.57,9.5,-142.2,883.3,17.95,-17.98,-4.29,30.77
67480,0,0,38.43,61.23,15.2,-105.4,996.8,11.01,-14.43,-0.1,30.81
67500,1.41,8.19,24.11,60.35,19.6,-151.5,1033.3,0.54,-28.59,-1.41,30.83
67520,0,2.87,16.22,63.75,7.2,-40.7,1007.5,-5.51,-12.5,1.63,31.04
67540,2.48,0,8.05,46.95,-53.6,-196.8,992.6,-21.64,-25.75,6.53,30.86
67560,2.17,2.51,3.72,41.14,-49.4,-139.8,991.6,-22.02,-18.82,3.29,31.13
67580,0.69,0.23,5.67,28.94,-44.5,-132.0,981.5,-29.62,-11.58,3.75,30.76
67600,0,3.2,0,15.13,-115.6,-162.6,1023.0,-33.75,-14.25,5.58,30.61
67620,1.26,0,0,6.28,-120.0,-4.5,1024.8,-38.28,-5.74,1.55,30.5
67640,0.85,2.15,0,2.49,-116.9,64.5,1025.0,-42.33,-6.79,1.6,30.08
67660,2.83,0,1.21,0.08,85.4,161.3,990.7,-45.07,2.14,-1.12,29.89
67680,0,0,1.34,0.11,-31.2,68.5,972.9,-41.23,-3.0,-1.51,29.3
67700,6.54,0,0.11,0,-62.2,83.4,953.3,-32.86,22.69,-7.53,29.19
67720,4.82,0,0,1.31,2.0,228.6,1017.8,-23.07,30.49,-4.71,29.09
67740,3.43,0,0.84,3.38,-81.3,92.4,997.8,-11.89,28.05,-3.16,28.43
67760,1.4,0,0,0,21.3,227.4,1047.5,-8.52,28.94,-5.74,28.18
67780,76.91,20.23,6.24,0,-19.2,107.3,1004.3,-3.67,24.6,0.54,27.98
67800,67.34,35.44,7.59,7.15,112.5,187.7,966.6,10.68,9.74,1.55,28.49
67820,53.06,46.9,22.13,1.14,69.9,45.6,956.0,19.69,16.92,-0.63,28.62
67840,30.83,54.38,27.35,0,54.2,61.8,865.8,27.8,19.25,7.01,28.82
67860,15.29,56.7,43.94,0,72.4,104.1,825.3,31.49,13.83,3.09,29.71
67880,10.77,52.29,54.84,0,120.9,33.3,780.1,37.03,8.19,5.09,29.62
67900,2.05,44.43,65.24,1.71,156.2,85.3,836.4,34.19,13.4,3.69,29.62
67920,2.93,32.96,82.97,9.24,155.9,-38.8,843.3,41.63,2.98,0.81,30.28
67940,4.83,21.09,88.2,4.15,-12.9,-2.9,836.3,38.67,-4.8,-3.72,30.26
67960,0,17.02,80.84,19.02,124.6,-21.5,779.8,29.21,-6.23,-1.89,30.57
67980,0,7.61,77.15,28.89,70.9,-64.3,864.8,30.88,-7.02,-5.03,30.94
68000,0.12,6.31,62.7,43.46,174.7,-135.5,854.6,18.66,-12.71,-4.86,31.04
68020,0,0,46.65,51.99,9.1,-132.3,937.4,9.75,-9.39,-9.27,30.94
68040,3.51,0,26.25,64.21,-31.4,-93.8,926.1,5.02,-29.72,-1.21,31.25
68060,0,0.2,25.77,65.04,-40.6,-155.6,977.1,0.5,-11.65,-0.86,31.12
68080,0,0.38,14.69,55.96,-54.2,-111.1,1020.3,-11.12,-14.74,1.28,31.21
68100,2.51,0,8.34,51.42,-5.1,-107.7,1060.2,-18.88,-17.73,1.82,30.95
68120,0,0.89,0,39.44,39.7,-127.5,973.5,-26.76,-9.3,5.96,30.53
68140,1.13,0,1.54,25.04,-32.7,-112.4,1052.0,-32.92,-10.72,3.06,30.73
68160,0,0,0,9.57,-44.3,25.0,1030.2,-42.81,-14.91,3.68,30.19
68180,0,2.92,1.53,9.55,-108.8,45.5,1024.7,-40.39,-5.02,6.73,30.35
68200,1.24,1.3,0,8.23,-104.9,25.3,1039.7,-37.44,-0.7,0.24,30.21
68220,1.31,0.24,4.5,4.69,-73.1,4.9,1034.9,-44.69,6.26,-0.18,29.9
68240,2.53,0,1.1,7.51,-91.2,39.9,989.3,-32.22,15.16,-4.82,29.43
68260,0,0,0,0,-80.5,202.6,986.6,-25.49,16.18,-3.68,29.3
68280,0,0,7.68,0,-70.3,51.8,994.5,-17.27,9.39,-4.15,28.84
68300,0.56,0,0,0,-36.8,200.0,989.3,-16.99,23.07,-5.66,28.02
68320,3.9,0,0,0,5.2,156.9,997.7,-10.21,27.2,0.91,28.21
68340,70.97,21.06,9.46,1.39,-36.3,79.4,948.1,3.91,21.95,-0.98,27.93
68360,67.76,37.79,13.84,7.2,-0.6,253.6,905.3,11.62,13.31,2.67,28.42
68380,51.0,45.55,16.89,2.82,19.5,89.2,914.1,22.81,15.84,9.99,29.2
68400,30.18,58.65,35.94,1.17,66.7,45.6,868.6,23.1,12.63,6.22,29.23
68420,11.76,59.62,46.05,0,80.7,203.8,813.1,35.27,16.54,5.23,29.37
68440,4.84,49.6,59.29,0,82.3,92.3,755.7,38.32,9.04,2.75,29.58
68460,0.64,40.43,69.2,5.14,46.6,10.4,793.5,42.44,10.92,1.61,30.01
68480,0,30.12,83.61,8.59,137.1,-52.1,850.1,35.16,5.44,-4.27,30.05
68500,1.71,19.62,79.83,10.54,76.7,-50.1,782.5,36.22,-0.05,-3.59,30.66
68520,0,11.49,81.61,25.17,139.1,-122.0,823.3,34.57,-2.65,-5.49,30.39
68540,0,7.23,73.83,26.92,85.2,-56.6,837.4,30.15,-9.7,-2.37,30.78
68560,0,1.52,57.24,45.44,46.3,-186.0,877.5,18.71,-17.96,-5.33,31.03
68580,0,1.81,41.93,53.86,78.8,-156.5,925.0,13.27,-12.04,-1.61,31.29
68600,0.04,7.32,25.66,60.67,42.7,-111.8,994.2,3.86,-22.79,-2.67,31.04
68620,0,0,19.41,58.4,8.0,-156.3,977.0,-3.73,-13.52,-0.84,31.09
68640,0,0.65,14.39,61.32,-71.3,-158.9,1051.1,-11.99,-21.61,0.05,30.8
68660,3.21,2.62,12.43,45.91,-44.3,-129.8,1009.1,-19.49,-18.04,4.9,30.92
68680,4.06,0,8.67,30.56,-109.5,-90.5,970.7,-25.6,-18.63,2.2,30.55
68700,4.82,0.31,1.89,17.86,-134.9,-55.8,1019.6,-31.03,-21.37,4.48,30.99
68720,0,0,0,7.95,-60.9,-107.0,974.5,-41.07,-13.78,3.43,30.69
68740,2.91,0,0,9.71,-34.9,-42.5,1022.1,-44.77,-3.42,0.12,30.31
68760,3.35,0,0,5.98,-129.8,-31.9,1001.2,-39.89,8.56,-0.95,29.69
68780,0,0,2.66,0,-23.0,16.5,964.0,-41.61,2.98,-5.1,29.74
68800,1.99,0.09,1.03,2.32,-58.3,69.5,1056.7,-32.81,12.43,-4.77,29.33
68820,0.07,0,0,0.57,-9.6,113.5,1031.2,-23.13,8.58,-5.7,29.02
68840,5.1,0,2.15,3.2,46.0,72.1,1009.6,-25.18,18.17,-8.32,28.76
68860,2.54,2.14,0,4.36,56.9,104.2,960.9,-11.13,17.02,-4.44,28.52
68880,3.41,2.44,4.74,0,-30.2,84.2,967.1,-0.9,17.5,-0.79,28.39
68900,74.29,32.97,10.07,3.99,9.0,51.8,1005.1,9.18,26.38,4.13,27.71
68920,61.1,41.04,10.73,0,68.8,114.3,910.8,16.75,10.77,2.41,28.36
68940,43.34,48.32,25.79,4.47,64.2,103.6,917.8,25.46,7.09,6.22,28.86
68960,20.53,58.2,35.21,0,103.5,156.7,847.7,29.61,10.01,6.15,29.54
68980,14.19,53.27,49.95,1.27,88.0,48.8,846.6,39.6,13.36,3.95,29.92
69000,0,50.44,67.15,5.25,49.3,-91.9,843.7,36.57,11.46,3.53,29.54
69020,1.85,40.52,75.98,1.69,66.1,84.1,789.2,39.16,5.94,1.92,29.55
69040,0,29.98,80.22,9.51,91.9,-49.3,816.6,40.93,-14.72,-2.46,29.9
69060,0,16.62,82.86,11.38,83.3,16.5,763.3,35.03,1.14,-2.76,30.56
69080,8.95,11.75,79.26,19.64,132.1,-57.5,842.5,33.08,-12.41,-3.29,30.55
69100,0,3.39,75.35,34.92,109.4,-107.8,865.0,27.53,-8.19,-4.47,31.16
69120,0,4.9,53.84,46.46,43.9,-104.7,944.0,16.69,-15.47,-4.34,30.64
69140,0,4.39,38.08,57.28,51.0,-113.0,955.3,9.38,-13.88,-3.21,31.34
69160,1.18,2.94,29.67,61.64,8.8,-111.6,970.3,1.89,-20.74,1.93,31.03
69180,0,0.23,19.55,61.73,-22.4,-195.4,1006.2,-11.36,-17.2,1.2,30.42
69200,0.53,0,12.64,59.43,0.6,-171.1,1028.7,-13.53,-20.79,6.42,30.91
69220,1.05,0,6.61,45.72,-73.9,-155.9,1022.1,-22.66,-15.07,5.97,30.83
69240,0,1.6,5.03,32.65,-115.9,-82.3,995.2,-29.56,-23.34,4.37,30.79
69260,3.76,0.44,0,18.35,-129.7,-51.5,982.8,-33.04,-14.67,5.82,30.86
69280,0,1.38,0,10.26,-121.5,-64.1,1036.5,-40.21,-9.4,2.47,30.23
69300,0,0,0,13.19,-114.3,-48.5,1011.2,-38.02,-3.0,1.65,30.0
69320,0,0,1.14,7.08,-117.4,-12.0,1019.0,-38.06,-4.32,-1.23,29.84
69340,0,1.59,0,0,-174.6,73.8,1067.7,-40.03,11.68,-4.64,29.5
69360,2.76,0,0,3.01,-75.4,123.4,1006.5,-28.11,17.12,-8.8,29.65
69380,0.59,0,0,2.01,-104.0,190.4,1030.4,-24.01,21.69,-6.08,29.02
69400,0,0.22,0,0,-76.2,148.0,984.6,-14.15,12.34,-5.42,28.93
69420,0.64,0,1.71,0,9.5,116.4,973.9,-10.82,13.54,-3.92,28.42
69440,0,2.74,2.15,0,-64.2,222.4,966.0,1.52,22.05,-1.3,27.93
69460,71.42,27.07,10.66,0,24.8,136.0,936.1,8.79,25.08,4.02,28.18
69480,60.85,45.59,16.02,0,-46.6,122.5,953.7,14.82,6.6,3.47,28.36
69500,33.58,51.27,23.76,2.59,76.8,65.9,858.2,22.83,11.17,4.21,29.34
69520,20.47,54.71,43.01,7.62,109.3,91.7,837.2,36.43,13.02,2.4,29.15
69540,9.47,55.81,52.06,0.38,42.0,86.6,831.4,36.75,1.78,0.02,29.05
69560,1.18,49.08,63.55,3.18,33.6,97.0,782.0,34.33,4.17,1.07,29.85
69580,4.78,35.87,79.69,5.48,101.8,-69.4,873.5,39.15,7.18,2.91,30.24
69600,0.24,22.61,78.7,3.99,60.5,-57.2,813.8,38.91,1.29,0.7,30.33
69620,1.99,15.48,82.92,15.5,60.5,-39.0,857.5,36.81,0.11,-1.6,30.49
69640,1.47,18.7,81.28,24.46,149.4,-52.1,875.9,31.7,-11.47,-4.17,30.5
69660,1.31,4.68,65.87,30.03,187.7,-127.4,918.1,23.54,-12.38,-3.4,30.47
69680,0,1.53,57.79,53.13,97.5,-99.7,933.0,15.47,-12.91,-0.15,30.83
69700,0,4.44,37.9,61.99,25.7,-140.9,965.0,11.85,-15.34,-3.26,31.11
69720,1.81,1.11,30.1,71.65,13.8,-158.8,991.6,-3.92,-23.96,1.02,30.66
69740,0.71,0,12.12,58.63,6.9,-148.8,980.5,-7.36,-17.67,1.62,30.62
69760,2.63,0.63,8.97,52.44,-11.0,-116.5,960.2,-12.13,-18.79,1.61,30.93
69780,0.63,1.81,0.36,44.15,-3.9,-58.3,1000.2,-22.53,-19.16,7.64,31.15
69800,3.62,2.82,3.92,25.47,-4.6,-70.7,1069.3,-25.48,-9.69,4.51,30.38
69820,0,0.76,2.45,15.44,-63.5,4.8,944.6,-33.62,-12.48,4.82,30.41
69840,3.76,6.81,0.79,6.65,-105.1,28.7,1002.0,-43.56,-8.38,1.74,30.32
69860,4.64,5.91,3.48,6.41,-70.3,-38.4,1022.3,-42.14,-3.89,0.27,29.71
69880,0,0.44,3.38,0,-5.9,-81.1,959.5,-37.21,-0.32,-4.29,29.89
69900,0,0,3.57,0,-111.0,67.5,1014.0,-32.99,9.65,-4.18,29.81
69920,0,0,0,0.41,-37.4,187.0,1022.9,-31.96,22.12,-4.33,29.2
69940,0,0,5.04,0,-85.2,82.8,1027.8,-23.44,19.68,-4.2,28.9
69960,1.87,1.91,0,0,11.5,112.7,1031.5,-18.97,19.24,-3.99,28.47
69980,0.73,0,0,1.37,-136.2,162.2,983.6,-12.75,19.09,-0.47,28.4
70000,71.82,18.14,3.23,0.75,14.9,138.4,1048.2,-2.31,15.51,-2.22,28.02
70020,72.77,30.11,8.3,2.59,1.5,100.5,908.9,7.5,17.95,2.36,28.35
70040,55.02,43.92,13.85,6.02,-97.7,24.9,887.3,19.1,22.53,3.41,29.11
70060,36.85,52.09,26.97,3.53,183.7,105.6,864.9,24.68,10.42,7.15,29.03
70080,18.47,61.52,40.28,1.37,23.5,-0.5,828.0,33.21,5.06,4.46,29.04
70100,4.44,56.26,60.46,0.97,55.5,112.4,818.9,35.12,10.79,4.4,29.65
70120,2.76,46.51,71.1,0.87,120.1,95.4,844.1,43.13,4.25,-1.3,30.45
70140,7.49,35.98,79.46,3.94,103.1,-45.1,816.3,43.32,1.75,2.35,29.94
70160,4.8,26.38,87.65,6.02,248.6,-40.7,739.1,38.6,-4.22,1.49,30.49
70180,0,15.7,83.15,13.46,64.3,-115.0,814.2,29.95,-13.0,-2.08,30.59
70200,0,5.78,72.13,20.6,161.4,-18.6,880.4,31.45,-10.44,-2.98,30.96
70220,0,6.89,64.22,44.05,58.4,-184.0,838.3,27.8,-19.92,-5.25,31.06
70240,0,0,45.2,54.72,55.4,-199.6,929.5,16.39,-11.08,-3.4,31.06
70260,4.43,0,32.89,62.81,44.8,-136.6,982.8,4.08,-22.93,-0.01,31.04
70280,0.78,0,21.51,64.15,10.0,-204.4,1016.5,2.43,-22.51,-2.83,30.77
70300,1.13,0,13.46,61.28,-32.0,-173.3,1000.4,-12.67,-23.12,2.37,30.89
70320,0.24,4.73,6.8,49.13,-82.7,-163.8,1021.2,-19.33,-21.83,0.91,30.88
70340,0,0,1.88,38.11,-137.3,-142.5,998.7,-27.05,-26.73,4.07,30.64
70360,0,4.36,1.71,23.2,63.5,60.4,969.5,-34.1,-8.54,5.34,30.78
70380,0.01,0,3.02,13.61,-110.3,-91.2,974.6,-33.54,-10.06,4.69,30.62
70400,1.42,0,0,6.73,-62.1,1.4,1007.2,-35.99,0.46,3.03,30.28
70420,0.34,1.09,0,0,-122.8,5.3,1001.9,-39.19,-6.89,0.17,29.9
70440,1.42,2.13,3.09,5.74,-83.5,83.2,997.2,-38.19,4.4,-2.48,29.46
70460,2.92,0,0,0,-63.7,144.8,1010.5,-32.75,4.9,-1.94,29.68
70480,2.19,0,0,0,-166.6,98.1,1024.2,-31.02,16.65,-6.76,29.09
70500,2.27,0,3.29,4.28,-59.9,90.0,937.1,-18.15,13.96,-2.61,28.78
70520,0,0.21,0,0,-77.4,227.7,1026.8,-16.64,21.96,-2.64,28.44
70540,4.73,4.13,2.34,0,-33.2,165.1,1029.0,-12.08,12.26,-0.8,28.29
70560,81.06,23.69,7.41,1.4,44.6,181.4,965.1,-1.42,22.92,1.09,28.28
70580,70.9,33.51,6.11,0.54,67.0,102.3,905.8,9.41,17.22,1.24,28.68
70600,50.0,39.41,14.67,0.73,74.2,161.3,892.5,18.32,17.23,2.58,28.66
70620,33.83,55.05,29.44,5.6,108.6,72.5,877.6,28.72,11.81,9.41,29.58
70640,18.05,60.03,40.01,0,55.9,20.4,838.9,34.73,12.37,4.7,29.61
70660,7.86,55.68,55.02,2.94,128.8,109.1,808.0,40.46,14.52,5.42,29.27
70680,2.12,42.1,66.57,4.51,50.3,119.8,795.8,41.03,8.07,0.74,30.27
70700,0,32.29,82.41,4.62,64.9,-53.0,803.4,38.69,0.71,0.07,30.21
70720,0,23.13,88.13,9.65,88.6,47.0,779.6,39.01,-6.74,-5.67,30.49
70740,0,11.22,83.71,26.08,117.8,-49.7,829.5,34.91,-0.87,-6.59,30.76
70760,3.85,9.3,74.99,26.06,123.6,-98.3,909.5,25.46,-23.14,-2.39,30.78
70780,3.08,0,62.96,43.99,53.7,-191.1,894.4,17.56,-6.69,-7.37,31.1
70800,0,0,48.56,52.54,-27.5,-123.7,899.2,11.95,-11.19,-4.29,31.23
70820,0,1.43,36.59,62.05,33.5,-230.2,1038.1,9.52,-15.44,-2.22,31.1
70840,5.13,0,18.42,66.44,-21.1,-204.9,965.9,-4.09,-20.04,0.21,31.44
70860,3.96,2.2,13.42,61.22,-57.0,-154.9,986.0,-12.48,-20.01,5.23,31.15
70880,3.86,0.23,4.9,46.86,-96.0,-114.2,999.7,-23.65,-23.42,4.02,31.04
70900,0,0,8.63,31.78,9.2,-81.0,995.9,-31.58,-23.58,5.82,30.74
70920,0,3.8,1.16,22.89,-68.0,-132.6,996.9,-37.49,-13.47,3.7,30.86
70940,5.28,0.17,0,14.35,-142.3,53.7,948.2,-42.84,-5.01,2.95,30.23
70960,2.65,2.3,0.08,10.04,-108.2,-5.7,975.7,-41.08,-8.73,1.41,30.12
70980,0,7.67,0.75,0.79,-79.3,18.7,962.4,-42.79,-3.39,-4.64,29.66
71000,1.61,0,0,0.22,-43.7,-12.0,952.2,-40.81,1.89,-1.92,29.58
71020,0.95,0,0,0.48,-151.7,62.1,969.8,-36.46,1.67,-1.57,29.36
71040,2.57,0,0,1.24,29.0,101.9,1003.2,-30.12,17.03,-8.54,29.29
71060,0,0,0,0.73,-92.4,191.6,1018.5,-20.58,25.13,-5.07,28.55
71080,1.78,4.4,2.51,0,12.3,122.9,990.1,-16.35,20.84,-6.96,28.5
71100,1.89,0,0,0,20.1,153.7,994.8,-2.6,18.03,-0.83,28.03
71120,73.9,20.65,7.67,0,131.7,142.0,964.4,8.65,22.05,-0.62,28.19
71140,64.48,35.96,9.79,0.68,81.4,257.8,925.4,17.88,24.89,4.0,28.39
71160,43.15,48.81,21.82,0,54.9,78.2,920.0,19.51,15.13,7.57,28.77
71180,23.47,56.9,26.55,0,121.4,97.9,858.2,26.38,19.52,4.4,29.17
71200,14.94,58.38,48.52,1.96,130.4,63.1,834.7,32.2,2.03,4.91,29.25
71220,1.42,56.52,63.34,0,114.1,33.0,836.2,35.37,3.07,2.93,29.54
71240,1.12,39.02,71.38,1.46,171.7,82.5,813.6,40.62,-0.28,5.62,30.09
71260,0,33.59,82.28,8.89,75.8,3.4,791.5,39.39,-4.03,-1.02,30.06
71280,2.92,19.58,88.86,15.7,93.3,-129.4,813.4,40.26,-8.07,-0.59,30.42
71300,0.47,10.55,84.71,14.18,118.8,-109.5,867.7,32.63,-4.32,-4.63,30.46
71320,5.87,4.54,69.77,34.57,136.9,-80.0,844.3,24.2,-17.41,-6.13,30.71
71340,0,2.56,56.96,47.28,121.5,-87.0,899.1,25.38,-19.96,-7.2,30.98
71360,0,4.71,43.27,56.43,50.2,-225.1,913.4,18.37,-12.65,-2.91,31.05
71380,0.29,0,25.59,65.69,-102.6,-169.1,987.4,1.76,-21.0,0.28,31.06
71400,0.56,2.12,18.64,64.54,-2.4,-165.0,1044.8,-5.94,-19.33,5.78,31.07
71420,0,0,9.56,58.83,61.4,-153.3,1001.9,-17.63,-21.33,4.57,31.0
71440,0,0.93,8.79,44.82,-30.7,-162.6,1018.8,-23.09,-15.86,4.58,30.74
71460,2.03,0,2.65,29.91,-56.4,-111.6,972.7,-31.1,-22.6,4.66,31.22
71480,0,0.78,3.51,14.52,-109.4,-83.7,962.7,-31.24,-12.82,6.08,31.09
71500,0,0.94,0,12.25,-147.2,-47.0,1044.2,-38.13,-11.13,2.82,30.28
71520,1.42,1.62,0,4.36,-58.2,-33.0,990.3,-46.65,-4.43,2.05,30.2
71540,1.27,1.35,4.93,6.54,-154.2,7.5,965.6,-38.37,6.19,-0.25,30.04
71560,5.11,0,0,0,-8.3,43.4,969.0,-38.33,14.07,-1.93,29.86
71580,0,0,0,4.57,-135.7,34.0,984.8,-33.95,15.77,-6.61,29.29
71600,1.25,0,0,4.65,-105.1,76.7,1010.1,-25.91,16.17,-4.21,28.94
71620,0,0,3.48,0,-50.6,197.1,1045.4,-21.86,16.34,-0.86,28.88
71640,0,2.26,0,1.16,58.8,142.1,987.9,-10.55,27.52,-5.47,28.78
71660,0,1.45,4.66,1.94,-11.9,168.8,1085.5,-3.77,23.7,-0.34,28.43
71680,74.3,27.49,6.97,0,-38.1,149.8,973.3,6.57,13.69,-2.42,28.05
71700,58.2,38.94,11.18,0,-9.9,191.1,925.6,13.25,28.42,0.19,28.09
71720,38.04,46.43,25.25,0,69.1,80.0,931.4,23.97,22.11,6.89,29.01
71740,27.85,59.23,40.1,0.86,45.3,73.9,865.4,23.01,12.95,2.31,29.49
71760,7.69,55.33,47.06,0,30.2,-40.2,828.5,37.29,2.88,2.21,29.56
71780,5.55,49.77,60.29,0.23,113.5,-20.3,744.8,36.3,11.14,2.89,29.73
71800,0,40.07,78.66,2.68,34.2,-39.0,753.3,43.79,12.46,2.29,30.06
71820,1.97,28.16,76.19,3.63,191.5,-33.9,869.1,44.31,-7.33,1.34,30.43
71840,2.4,13.39,79.82,12.25,139.7,-70.6,802.1,40.46,-4.12,-5.03,30.73
71860,0,9.0,79.33,19.59,0.9,-44.0,817.8,32.81,-15.36,-6.41,30.67
71880,0,4.84,67.18,31.95,92.8,-96.2,824.2,27.69,-15.89,-7.39,30.59
71900,0,3.03,64.3,50.58,129.0,-206.0,963.1,21.56,-16.05,-6.42,31.29
71920,0,0,41.5,63.46,-14.1,-94.2,973.0,12.52,-21.59,-5.46,30.83
71940,0,0,29.53,65.27,77.2,-128.2,945.1,1.3,-18.34,-1.87,30.86
71960,1.9,1.42,17.42,64.19,-38.4,-105.4,1009.5,-5.1,-14.69,0.21,31.07
71980,0,3.08,6.31,53.07,-7.9,-98.0,1010.6,-12.28,-18.08,3.13,30.82
72000,0,0,3.16,41.8,-22.6,-142.9,1020.9,-22.34,-24.82,5.47,30.89
72020,0.91,4.88,2.19,23.68,-75.5,-205.2,1024.4,-24.6,-13.63,5.51,30.66
72040,2.18,0,1.85,16.4,-84.5,-141.4,989.2,-37.12,-10.31,4.74,30.33
72060,0,4.59,0.57,8.68,-78.0,-120.3,1037.6,-40.34,-5.57,4.24,30.45
72080,1.62,0,0,2.27,-243.4,37.3,993.6,-38.05,0.32,-0.66,30.2
72100,4.6,0,1.79,0.77,-150.2,-95.2,997.7,-41.54,4.48,0.34,29.83
72120,0,0,0,5.01,-95.3,-34.4,940.5,-36.56,7.94,-2.35,29.22
72140,0.26,0,0,0,-90.5,73.4,989.1,-30.72,14.77,-1.96,29.72
72160,0,0,0,4.24,-99.3,55.8,979.5,-28.09,23.82,-9.74,29.07
72180,0,0,0,0,-18.7,56.5,988.6,-16.75,17.32,-8.83,29.39
72200,2.41,0,0,0,-108.7,109.4,1019.0,-3.21,21.85,-4.54,28.65
72220,4.49,0,4.86,0,26.1,138.2,1042.9,1.01,13.01,-4.04,27.9
72240,69.1,26.08,10.2,0,56.8,140.3,945.9,7.92,22.9,2.24,28.33
72260,59.8,44.06,17.92,0,53.7,206.0,972.7,16.12,17.97,5.78,28.36
72280,35.89,58.76,27.16,4.27,-0.2,202.5,877.3,25.08,14.32,5.67,28.92
72300,22.89,59.07,35.36,2.73,69.2,223.6,872.9,30.01,10.98,2.77,29.2
72320,9.39,58.97,58.2,0.39,-2.4,74.3,859.1,36.48,13.5,4.18,29.59
72340,1.63,44.62,74.16,3.04,105.1,117.7,806.4,35.44,11.45,1.38,29.93
72360,2.56,40.61,78.74,5.85,73.7,-137.0,809.9,35.29,-6.32,2.4,29.76
72380,0,24.74,84.61,3.27,98.7,40.0,806.0,43.3,-4.86,-1.03,30.21
72400,0.41,17.07,86.15,16.28,77.0,-55.6,834.6,40.03,-5.25,-7.21,30.08
72420,0.21,9.24,76.54,21.86,60.8,-24.9,854.5,35.94,-14.4,-2.47,30.63
72440,0.3,5.13,65.35,38.28,77.7,-73.7,920.6,30.21,-16.4,-1.01,30.56
72460,0,1.98,51.95,48.07,53.2,-151.4,938.7,18.4,-19.83,-3.79,31.1
72480,0,0.46,36.33,63.85,50.1,-136.3,956.9,1.31,-14.29,-1.34,31.33
72500,0,10.46,24.35,66.14,13.5,-151.5,1051.0,2.17,-25.49,0.0,30.8
72520,0.62,0,18.25,55.01,-49.6,-216.5,956.1,-11.8,-17.42,1.28,31.27
72540,5.37,1.66,12.2,51.72,-50.5,-143.3,914.3,-17.69,-15.96,3.17,30.63
72560,0,1.14,0.61,39.09,-31.3,-135.5,1046.4,-19.48,-20.74,3.77,30.62
72580,2.45,1.16,5.26,22.1,-63.2,-108.3,1019.1,-32.82,-15.63,6.76,31.1
72600,5.41,5.64,0,11.99,-78.9,-28.0,998.9,-38.69,-13.12,1.93,30.44
72620,3.2,3.99,0,7.46,-109.3,29.6,1022.2,-40.93,-1.27,1.47,30.25
72640,0.41,0,0,2.72,-46.2,-33.9,1039.3,-39.96,5.68,-5.35,29.95
72660,3.23,3.53,1.39,1.32,-17.5,27.1,1032.3,-40.91,0.93,-5.35,29.91
72680,1.92,0,1.44,4.27,-14.5,80.2,1053.0,-38.41,6.52,-6.85,29.75
72700,2.7,2.38,0.93,0,-22.7,27.1,1025.7,-29.05,17.44,-8.16,28.95
72720,5.58,0,0.17,0,-48.1,138.1,1008.2,-26.52,19.0,-3.16,29.06
72740,0,0,0,2.78,-71.2,114.3,1034.1,-18.51,16.12,-4.03,28.87
72760,0,0,3.08,0.53,-2.4,129.5,986.5,-8.79,8.92,-1.44,28.39
72780,78.01,20.77,4.51,2.47,-97.8,165.2,1041.8,0.22,26.09,2.23,28.24
72800,73.4,36.71,12.12,0.58,-12.8,126.7,958.3,5.72,22.11,2.92,28.54
72820,52.83,41.09,21.09,2.3,-24.4,67.1,897.9,20.85,13.35,1.91,28.54
72840,31.75,55.01,28.05,0,60.4,215.2,897.2,28.8,13.58,5.02,29.01
72860,21.58,59.65,45.52,0,9.5,-28.6,822.6,28.12,19.4,3.13,29.28
72880,9.39,62.29,59.73,0,27.1,55.4,825.3,35.5,14.76,1.35,29.46
72900,5.78,47.0,67.09,0.08,77.9,71.2,818.4,44.65,0.59,0.61,30.13
72920,2.92,36.44,79.27,10.99,112.1,-29.4,768.8,45.28,6.07,-2.11,29.99
72940,2.11,26.29,87.17,11.63,36.7,12.9,819.9,43.54,-5.07,-5.34,30.43
72960,3.56,15.04,80.32,13.73,86.0,-43.7,866.8,36.15,-7.45,-3.99,30.32
72980,0,8.92,77.76,30.45,96.2,-132.1,769.7,29.14,-11.64,-5.19,30.72
73000,0,0.78,69.72,47.9,41.0,-119.9,859.0,24.01,-20.02,-4.19,30.79
73020,0,0.84,47.31,51.28,7.0,-210.6,908.9,11.96,-14.67,-4.41,30.87
73040,0.51,2.44,34.36,69.07,-13.5,-147.1,937.9,8.71,-22.13,-0.24,30.92
73060,0,0,20.97,62.39,46.8,-54.2,1007.3,-6.56,-20.14,2.58,31.1
73080,0,1.07,11.77,62.07,27.6,-47.6,988.2,-14.8,-23.43,0.9,31.25
73100,3.55,0,11.19,48.8,-36.6,-142.1,994.8,-14.12,-13.08,3.63,30.98
73120,0,0,7.21,28.8,-63.3,-69.7,980.1,-27.69,-19.77,6.97,31.05
73140,0,0,1.19,24.76,-158.8,-91.6,1043.6,-31.45,-16.62,7.31,30.66
73160,1.48,2.08,7.31,17.19,-68.2,-101.4,1028.1,-37.69,-5.48,5.66,30.73
73180,7.86,0,0,10.47,-184.3,14.9,1005.4,-44.46,-7.85,2.69,30.26
73200,6.96,3.42,0,0.82,-83.7,7.9,974.5,-36.17,2.36,1.95,29.97
73220,5.93,4.76,0,1.01,-99.6,38.7,1046.4,-43.05,16.53,-1.0,29.77
73240,0,0,2.04,0,-104.2,105.5,967.0,-34.74,12.87,-3.01,29.59
73260,4.66,2.51,0.43,0,22.0,87.8,974.7,-33.33,8.48,-3.21,29.52
73280,2.48,4.02,5.08,0,-57.5,151.0,1032.9,-22.42,17.68,-2.43,28.96
73300,0,0,1.02,0.29,-153.2,124.9,1000.8,-11.7,22.34,-4.12,28.61
73320,3.52,0.03,0,0,-33.9,90.3,1011.5,1.88,23.48,-0.22,27.92
73340,76.9,24.81,6.45,2.44,61.1,113.4,984.5,3.07,19.37,0.57,27.96
73360,65.07,37.54,9.25,4.8,-5.2,38.1,938.6,15.38,13.43,2.51,27.8
73380,46.0,47.89,15.47,0.05,174.4,120.4,937.4,19.28,10.23,2.45,28.72
73400,27.74,54.57,31.93,3.64,168.7,105.5,888.0,29.2,13.43,2.35,28.75
73420,19.3,66.47,47.14,7.62,57.2,88.8,862.4,34.22,11.45,5.06,29.44
73440,10.9,56.02,52.39,0,96.6,-52.9,791.9,37.99,5.56,-0.79,30.02
73460,0,48.06,71.98,1.93,156.8,-28.6,798.5,35.45,0.76,0.9,30.11
73480,2.25,33.75,83.7,6.93,113.8,-89.0,802.3,36.58,3.1,-0.84,30.34
73500,0,21.71,84.81,15.06,20.0,-32.9,839.3,37.87,-8.23,-2.4,30.43
73520,2.4,12.47,83.63,17.87,231.0,-25.2,855.2,31.69,-7.94,-4.17,30.43
73540,0,6.81,70.71,30.45,99.2,-85.3,838.7,30.56,-17.83,-4.2,30.68
73560,0,3.94,58.76,48.13,66.2,-144.1,839.7,23.02,-10.4,-3.16,30.99
73580,6.48,5.47,41.86,59.77,120.0,-161.6,922.5,19.09,-20.25,0.59,30.99
73600,0,3.91,32.63,63.83,-6.8,-100.9,969.8,6.45,-14.15,-4.01,30.81
73620,1.68,0,21.68,61.35,30.7,-45.0,1009.5,-3.25,-15.2,-0.3,30.95
73640,3.06,0.23,8.3,55.06,-53.0,-155.0,1037.9,-20.81,-23.89,-0.03,31.26
73660,0.49,0,9.58,45.38,-68.5,-177.3,1001.1,-20.6,-17.64,4.22,30.95
73680,0,3.89,1.92,34.82,-38.9,-49.7,977.4,-32.11,-22.24,7.42,30.74
73700,0,0,0,27.03,-34.7,-144.5,1065.2,-33.97,-24.49,8.46,30.74
73720,0,0,1.27,16.01,-110.0,-34.1,1009.4,-37.85,-6.37,1.18,30.42
73740,5.14,0,1.89,6.49,-90.7,1.0,991.7,-44.61,5.08,4.32,29.91
73760,1.58,4.46,0,2.14,-153.3,-37.2,976.6,-39.24,0.22,0.14,29.83
73780,1.42,0.58,0,0,-64.8,143.8,974.5,-41.38,-2.46,-3.76,29.95
73800,7.67,1.1,0,0,-69.4,34.5,963.0,-37.96,6.82,-2.47,29.54
73820,0,2.14,0.17,0,-68.6,147.4,957.1,-29.43,19.88,-4.54,28.97
73840,0,1.17,2.4,0,-30.5,7.9,997.6,-23.39,21.1,-5.3,28.88
73860,0,3.99,0,0,-18.3,172.4,1020.7,-21.01,17.98,-1.81,28.29
73880,2.59,1.0,0.73,0.35,16.4,147.6,988.6,-1.09,24.97,-1.79,28.35
73900,68.78,26.16,5.01,0,78.8,150.2,949.2,2.0,23.23,2.98,28.38
73920,60.86,41.08,10.46,0,21.7,147.1,959.5,12.13,23.67,1.32,28.4
73940,36.76,48.61,19.91,3.52,80.7,138.9,847.7,20.1,22.75,7.42,28.7
73960,19.56,55.27,30.3,0,129.4,192.4,853.1,26.97,18.41,7.7,29.14
73980,12.58,55.19,52.03,2.4,145.4,113.5,850.6,34.96,0.83,7.29,29.19
74000,5.67,54.96,65.26,0,96.8,50.4,849.5,38.65,1.33,0.38,29.92
74020,0,37.29,75.6,0,129.7,19.0,766.5,38.87,5.97,2.39,30.27
74040,0,30.41,82.61,7.74,62.8,40.4,768.1,39.9,-2.77,-2.34,30.31
74060,4.25,16.46,92.31,12.14,122.7,-41.4,789.4,34.44,-5.69,-3.23,30.86
74080,0.77,9.13,75.3,20.1,82.1,-104.3,876.3,31.41,-11.46,-2.92,30.5
74100,1.99,10.42,72.66,35.45,100.4,-146.6,845.3,28.94,-11.49,-8.19,30.77
74120,0,0.87,53.51,52.78,71.0,-113.0,881.3,15.61,-22.81,-5.43,30.79
74140,0,1.78,44.73,57.17,57.3,-157.4,940.5,15.39,-20.98,-4.83,30.81
74160,0.13,2.42,32.26,63.97,32.2,-131.1,992.1,6.95,-15.51,0.17,31.4
74180,0,0.93,22.17,63.31,39.4,-168.9,1002.0,-4.31,-20.45,2.45,31.14
74200,0,0,12.77,56.84,-35.9,-195.3,919.9,-17.07,-21.21,2.03,31.2
74220,0,6.24,5.7,44.1,-70.1,-174.6,952.8,-22.34,-16.91,3.29,30.95
74240,2.02,0,2.74,30.78,-110.5,-54.4,1000.9,-32.01,-28.49,5.56,31.04
74260,0,0,0,15.22,-4.8,-165.1,1035.9,-35.34,-12.56,6.53,30.5
74280,1.94,3.18,0,9.59,-77.0,-38.7,983.4,-39.9,-6.23,4.7,30.53
74300,0,2.61,0.6,0,-36.6,-0.1,1011.8,-39.81,-3.96,-2.05,30.17
74320,0,0,2.7,0.17,-25.6,-23.7,987.8,-41.0,6.87,-6.43,29.64
74340,0,0,0,3.85,-89.5,-32.4,995.1,-35.14,-0.05,-3.9,29.89
74360,0,0,5.26,2.39,-59.1,26.6,1014.8,-30.66,16.42,-4.12,29.52
74380,2.53,0,1.23,1.12,-69.9,124.9,1000.1,-26.67,14.98,-6.92,28.95
74400,0,0.12,2.42,0.75,-45.2,62.5,966.9,-21.57,16.66,-5.03,28.54
74420,1.42,2.06,2.17,1.21,-16.3,148.1,1005.9,-11.78,16.27,-4.48,28.42
74440,0,0.3,4.15,3.98,-63.4,169.7,996.4,2.85,20.65,-2.97,28.15
74460,73.24,30.72,7.15,2.83,64.4,158.4,952.2,3.27,26.66,4.02,28.56
74480,57.76,41.03,14.25,0,3.3,152.1,904.7,18.06,17.17,6.71,29.05
74500,42.39,51.75,23.9,2.78,74.7,138.0,882.2,20.46,20.16,3.79,28.93
74520,18.86,57.65,34.98,1.2,5.9,31.9,889.5,33.1,13.76,2.02,29.64
74540,10.16,54.42,54.36,7.27,-6.7,126.2,814.0,35.28,10.08,2.76,29.59
74560,0,46.16,67.07,3.28,172.1,-10.1,799.4,34.91,-2.58,4.56,29.57
74580,1.43,37.19,77.64,3.24,154.2,70.4,776.6,40.34,-4.69,-2.68,30.28
74600,0,29.44,85.99,4.92,54.6,-122.4,822.8,41.27,3.05,0.08,30.5
74620,0,15.21,80.71,16.17,65.0,64.6,812.6,35.77,-14.23,-6.35,30.38
74640,0,7.01,77.23,26.88,57.4,-96.9,856.0,25.37,-21.42,-5.16,30.5
74660,0.15,7.13,73.01,40.46,-18.7,-161.0,861.8,25.07,-13.54,-3.23,31.1
74680,2.22,5.22,56.18,52.61,27.0,-142.8,911.0,15.12,-16.34,-3.29,30.89
74700,0,0,35.94,61.32,36.8,-102.2,967.4,6.75,-18.86,-5.45,31.17
74720,0,0,26.0,66.22,48.6,-92.1,971.3,1.3,-11.79,-1.41,31.11
74740,0.2,0,17.02,59.46,70.3,-152.3,964.3,-6.7,-19.07,2.38,30.88
74760,1.55,0,8.3,49.39,-78.9,-104.0,987.1,-20.02,-24.27,1.69,31.09
74780,2.32,0,5.82,38.97,-41.1,-118.4,999.1,-24.82,-25.53,8.31,30.88
74800,0.1,0,3.05,33.37,-107.8,-110.3,1047.7,-34.34,-8.27,4.54,30.51
74820,0,3.57,7.04,22.82,-74.4,-10.5,990.7,-36.67,-9.42,2.44,30.47
74840,0,0,0,8.49,-174.6,-31.6,1045.1,-39.65,-16.55,1.66,30.35
74860,5.83,0,2.8,2.17,-124.1,15.8,995.6,-34.38,-0.04,-2.3,30.02
74880,0,4.71,0,0,-21.9,23.5,981.1,-37.21,-0.89,-4.45,30.11
74900,0.69,3.51,0.02,3.53,-174.4,19.8,1048.2,-36.44,15.36,-5.84,29.31
74920,0.53,0,2.97,0,-35.5,75.6,945.8,-36.01,11.56,-6.59,29.26
74940,0,0,0,0.96,-63.4,104.7,1023.0,-26.11,15.81,-7.3,28.82
74960,5.78,0.08,4.56,0,-16.1,42.8,1021.2,-20.88,20.78,-2.43,28.6
74980,4.13,0,1.68,0,-22.1,121.6,990.5,-15.07,24.69,-3.27,28.28
75000,78.18,21.4,0.85,1.31,-1.2,128.8,978.6,3.8,27.04,-1.27,28.49
75020,74.55,34.79,10.68,5.87,90.5,209.3,920.6,13.42,28.06,4.58,28.52
75040,53.12,33.9,20.04,2.16,-101.3,167.8,868.5,15.38,22.81,2.49,28.41
75060,34.22,49.06,23.32,0,123.8,110.3,862.4,25.38,9.16,2.39,28.86
75080,17.93,62.22,37.8,0,81.4,75.8,829.2,31.15,12.32,8.42,29.52
75100,6.25,53.45,56.0,2.11,115.1,10.8,813.4,35.65,1.86,3.95,29.32
75120,1.55,47.33,71.88,4.76,97.0,-4.6,754.7,34.94,5.64,2.39,29.76
75140,0,38.05,81.47,4.76,105.9,29.6,838.6,40.27,-0.3,-0.78,29.82
75160,2.7,31.08,85.48,9.27,160.3,-129.7,827.4,34.93,-21.8,-2.01,30.1
75180,0,16.52,87.91,18.61,128.9,7.1,845.0,34.48,-8.9,-4.83,30.53
75200,0.33,7.88,78.2,26.5,77.5,-37.9,844.5,29.95,-13.08,-2.15,30.89
75220,0,0.19,65.56,41.42,33.3,-124.3,861.6,22.91,-12.55,-4.64,30.53
75240,0,4.69,49.93,52.57,4.9,-156.7,897.9,19.11,-21.65,-4.43,30.98
75260,0,0,35.96,66.67,78.4,-106.0,969.4,5.96,-24.48,-2.2,31.15
75280,0.45,0,22.36,69.91,2.4,-176.0,1023.9,1.26,-26.64,-3.66,30.71
75300,0.39,0,14.53,62.97,-8.1,-157.1,1035.7,-8.23,-15.09,2.14,30.48
75320,0,0,11.18,55.3,-135.3,-207.8,1012.4,-16.81,-21.43,3.09,31.13
75340,0,0,5.91,38.22,-14.9,-103.5,961.7,-22.15,-10.85,7.43,31.21
75360,0.75,6.03,1.67,24.38,-72.0,-118.6,979.2,-26.94,-10.02,5.96,30.58
75380,0,0.16,0,12.7,-104.7,-68.9,1030.5,-37.76,-5.27,5.89,30.29
75400,1.12,0,0,5.82,-117.2,92.8,1004.7,-39.02,1.06,0.79,30.21
75420,0.9,0,1.75,4.24,-87.3,-21.0,1022.3,-42.56,-3.71,-0.28,29.88
75440,3.37,0,0,4.36,-35.3,35.9,978.4,-33.57,0.28,-1.44,29.94
75460,0,0.07,0,2.42,-141.4,93.2,1001.7,-30.4,8.44,-5.94,29.0
75480,0.9,0,0,0,-69.8,108.3,1032.8,-34.22,14.72,-5.07,29.42
75500,0,0,3.15,0,-63.1,89.3,979.6,-21.9,25.61,-2.02,29.26
75520,1.03,0,0,0,-41.6,165.9,1003.3,-11.73,16.16,-7.42,28.63
75540,0.77,0.11,0,0,9.9,119.5,1029.3,-5.39,19.98,0.26,28.1
75560,74.35,25.39,6.39,0,18.9,173.3,950.3,6.45,25.64,3.73,28.05
75580,65.3,38.63,14.5,0,-12.9,144.4,918.2,14.0,16.24,0.95,28.66
75600,47.92,48.81,22.85,4.19,29.4,114.2,918.2,23.99,22.25,6.01,28.7
75620,25.92,54.68,31.86,0,48.8,58.5,893.2,29.58,8.24,4.6,29.22
75640,18.43,58.19,42.93,0,52.4,147.7,851.8,27.45,6.58,3.9,29.37
75660,4.03,57.06,57.74,2.16,166.5,159.4,889.7,38.95,20.58,3.47,29.68
75680,4.11,48.37,67.91,0,24.7,31.4,829.3,36.98,4.98,-0.43,29.97
75700,10.46,35.24,80.9,8.46,102.4,-72.0,770.2,40.45,-1.89,2.41,29.89
75720,0,24.8,85.18,13.49,220.3,-48.1,830.9,35.11,-6.5,-1.59,30.6
75740,2.32,13.53,84.33,16.61,67.6,9.7,808.6,30.83,-13.49,-1.53,30.62
75760,1.05,3.08,73.43,28.91,133.5,-85.2,852.2,33.93,-17.49,-0.05,30.94
75780,0,2.47,61.38,45.83,77.9,-84.0,908.3,22.87,-6.24,-2.88,30.77
75800,0,0,45.86,54.95,44.8,-161.7,926.2,17.02,-18.35,-0.37,30.75
75820,0,3.05,34.18,59.42,88.4,-232.9,986.5,1.42,-16.48,0.03,30.84
75840,0.44,2.48,24.66,66.41,43.6,-208.7,972.8,-4.14,-22.09,-0.5,31.23
75860,0.88,3.16,11.93,55.85,-10.8,-86.0,1033.2,-12.22,-23.46,0.13,30.9
75880,0,2.04,4.9,45.52,-111.5,-143.7,988.8,-23.1,-16.89,4.33,30.85
75900,0,0,4.48,27.23,-121.8,-128.5,1027.6,-27.7,-11.32,5.76,30.86
75920,2.45,0.79,5.75,22.07,-57.3,-103.5,957.9,-33.15,-10.21,6.17,31.17
75940,0,4.85,0,16.84,-59.4,4.9,988.8,-41.04,-8.49,2.45,30.44
75960,3.87,0,0,8.81,-44.9,-39.5,949.8,-47.27,4.69,-0.42,30.18
75980,4.98,0,0,9.29,-43.1,-17.6,948.2,-40.2,1.8,-1.86,29.8
76000,0.69,0,0,4.38,-111.2,44.5,1042.9,-40.97,5.64,-3.81,29.86
76020,2.31,0,3.74,0,-172.0,47.3,1004.7,-34.63,13.87,-4.99,29.57
76040,0.63,0,0,2.09,-127.0,106.8,1003.3,-27.77,17.19,-2.37,29.32
76060,3.8,0,2.86,3.98,-67.6,75.0,992.7,-19.69,23.02,-6.37,28.75
76080,0,2.73,2.39,0,-77.8,134.3,1010.7,-12.54,11.67,-2.94,28.56
76100,0,0,0.82,2.53,-53.9,133.7,1031.5,-2.92,21.93,0.37,28.17
76120,76.24,29.16,8.86,0,53.8,213.9,1016.2,9.04,18.86,0.66,27.98
76140,57.57,39.53,14.93,0.1,132.9,62.1,940.0,7.82,27.69,5.88,28.08
76160,41.48,48.42,21.3,1.16,16.1,246.6,918.9,24.87,17.85,3.59,28.73
76180,26.33,57.55,28.67,6.37,71.4,32.6,886.8,27.51,22.67,4.23,29.0
76200,13.76,60.61,45.15,0,96.1,100.8,874.9,26.83,13.88,7.49,29.25
76220,9.52,51.57,60.77,0,69.5,142.1,805.5,38.46,5.36,3.37,29.72
76240,3.87,39.63,73.88,0,24.6,-6.1,838.9,39.86,5.72,2.77,30.13
76260,0,29.65,77.58,6.02,61.4,-1.1,787.5,42.67,-2.22,1.06,30.49
76280,0,18.98,83.79,20.64,127.9,-71.1,803.4,40.5,-1.71,-3.8,30.41
76300,0,17.12,84.47,21.42,149.5,-40.7,860.8,35.16,-20.91,-7.52,30.78
76320,1.62,6.34,74.83,35.23,52.0,-48.9,857.8,30.26,-23.55,-3.17,30.95
76340,0.96,5.14,59.58,47.15,18.4,-48.6,841.1,29.24,-13.39,-5.08,31.08
76360,0,0,47.32,59.31,73.0,-109.7,950.0,8.83,-22.46,1.21,30.99
76380,0,3.83,35.05,66.28,-12.0,-185.7,948.4,5.87,-25.53,-2.28,31.01
76400,0,1.35,20.46,61.96,9.2,-127.8,992.0,-1.52,-18.56,1.58,30.99
76420,0,0,14.09,60.88,-17.8,-121.6,1026.3,-13.21,-24.61,3.93,31.01
76440,0,1.64,6.33,43.53,-31.1,-141.7,1048.2,-25.07,-15.45,-0.62,30.87
76460,0,0,2.34,33.77,-46.5,-137.0,963.2,-32.98,-16.42,4.47,30.69
76480,3.47,0.93,0.59,18.29,-174.6,-72.8,1000.3,-36.83,-3.4,0.8,30.78
76500,0,2.1,1.13,9.83,-107.4,11.8,1005.6,-37.08,-12.89,4.53,30.69
76520,0,2.48,0,2.73,-107.5,-41.3,1018.0,-38.03,0.02,3.64,30.38
76540,0,0,0,2.55,-92.7,-26.6,1041.1,-37.41,7.36,-1.09,30.03
76560,1.5,0,2.18,1.19,-3.2,31.0,964.8,-40.77,10.29,-6.66,29.91
76580,0,3.06,0.39,6.89,-139.4,4.0,1021.3,-35.65,0.92,-5.03,29.67
76600,0,0,0,6.73,-64.4,155.2,1040.6,-22.2,16.72,-2.55,28.96
76620,0,1.38,1.19,0,-30.7,124.4,1019.9,-22.45,13.18,-8.78,29.02
76640,0,0,0,0,-83.4,178.4,998.8,-12.1,20.94,-0.58,28.28
76660,0.79,2.34,0,2.27,2.3,272.5,1036.0,-9.66,16.64,-1.66,28.09
76680,70.78,26.66,5.84,0,44.7,111.5,982.2,1.17,20.39,4.3,28.2
76700,54.44,40.19,13.26,0,-8.6,114.8,903.7,16.89,15.49,4.0,28.57
76720,44.41,54.96,22.94,0,71.5,220.8,869.7,25.72,18.21,4.94,29.19
76740,21.46,54.84,40.26,0,69.8,178.5,827.0,25.04,6.46,4.21,29.18
76760,6.98,49.13,56.12,0,72.9,-65.2,791.9,32.18,16.65,6.28,29.56
76780,6.58,45.13,63.95,7.8,166.9,32.7,818.6,36.9,6.12,2.02,29.97
76800,5.83,37.63,73.0,0,115.8,72.8,809.5,42.72,0.19,1.99,29.91
76820,0,26.77,85.32,4.73,140.1,-63.7,803.5,42.06,-13.9,-1.71,30.4
76840,0,16.28,87.9,16.54,112.3,-106.2,762.3,39.28,0.52,-3.08,30.64
76860,0.63,10.3,73.67,19.44,102.6,-69.7,839.2,32.58,-10.59,-3.16,30.71
76880,3.24,5.42,67.25,38.33,74.9,-100.5,873.9,27.09,-18.84,-7.53,30.91
76900,4.97,2.48,53.81,49.68,22.6,-193.7,903.2,22.17,-19.81,-1.39,30.73
76920,1.82,1.82,42.19,66.01,178.3,-118.3,957.1,13.72,-22.31,0.68,31.15
76940,4.33,3.78,27.79,65.02,34.1,-140.2,955.0,2.51,-27.35,-1.14,31.02
76960,0.3,0,14.37,67.27,19.9,-99.0,1027.3,-6.1,-16.78,0.47,31.26
76980,0.48,0,10.29,58.68,-29.8,-147.7,1018.7,-15.68,-13.72,0.58,30.7
77000,0,4.3,4.16,37.74,-16.2,-102.4,1011.6,-23.98,-12.27,2.71,30.92
77020,0.68,0,0.11,27.37,-97.8,-219.6,972.2,-32.35,-19.14,8.56,30.94
77040,0,0,5.34,23.6,-117.3,2.5,1026.9,-34.09,-7.51,1.79,30.76
77060,0,0,0.13,12.31,-70.2,36.5,963.4,-36.13,-3.73,4.72,30.54
77080,3.79,4.19,0.18,3.87,-108.9,27.1,1018.2,-33.58,2.29,0.34,30.12
77100,0,3.28,0,1.59,-159.3,60.0,1010.8,-45.74,1.86,-4.13,29.84
77120,0,0,0.54,2.95,-96.9,93.0,994.3,-36.0,7.05,-2.55,29.52
77140,1.97,4.79,2.24,3.79,-50.5,-61.0,1022.6,-36.0,14.31,-5.76,28.92
77160,0,2.05,6.01,0.12,-61.5,57.1,976.2,-23.11,13.65,0.96,28.94
77180,2.12,0,0,3.6,50.3,166.6,1004.3,-19.91,15.7,-4.07,28.64
77200,1.46,1.95,0.26,0,29.3,146.6,1012.4,-14.03,12.48,-2.66,28.38
77220,2.07,0.95,0,0,-61.0,208.4,978.2,5.24,19.78,3.67,27.97
77240,70.42,35.21,10.15,0.19,8.4,209.8,917.6,9.97,24.3,3.81,28.2
77260,56.12,42.23,17.76,0,55.4,135.7,937.2,11.36,17.72,6.3,28.6
77280,37.24,55.69,26.7,0,80.3,165.5,847.1,24.6,17.06,3.97,29.25
77300,17.93,54.62,38.98,4.96,31.6,26.1,838.7,28.28,16.35,3.09,29.5
77320,10.17,57.97,54.09,0.64,108.8,86.7,772.4,37.74,10.27,3.35,29.38
77340,3.71,46.95,66.71,2.81,233.4,62.3,812.5,41.87,1.74,0.96,30.04
77360,3.97,35.19,84.22,0,63.3,-44.6,760.5,40.73,4.73,0.56,29.91
77380,0,26.66,85.02,10.36,38.3,-18.4,803.3,36.53,0.37,2.19,30.25
77400,0,15.87,85.05,14.48,103.9,-9.2,833.7,37.6,-18.94,-6.91,30.61
77420,3.87,7.84,78.97,28.31,112.0,-50.0,840.8,30.46,-7.05,-3.05,30.67
77440,4.8,3.32,65.57,41.48,48.4,-114.5,875.1,27.75,-11.52,-10.08,30.57
77460,0,2.08,52.78,53.23,103.7,-146.6,950.3,13.22,-15.89,-4.42,30.66
77480,0,2.85,35.02,60.56,82.3,-126.2,917.5,8.99,-20.04,-5.34,30.88
77500,1.71,0.94,22.32,62.94,-6.1,-180.5,1000.1,-0.01,-14.64,0.43,31.09
77520,0,0.78,10.74,63.25,14.1,-66.4,1077.7,-9.49,-13.68,8.69,30.71
77540,2.91,0.93,5.42,51.72,-39.3,-178.1,1055.5,-17.55,-18.76,2.77,31.15
77560,0,0,7.79,35.05,-33.1,-189.3,964.6,-27.45,-14.75,7.36,30.38
77580,1.21,2.09,0,28.23,-47.4,-57.6,983.7,-30.74,-31.53,3.04,30.46
77600,0,0,5.82,18.81,-142.6,-59.3,1023.8,-35.14,-9.17,4.85,30.2
77620,2.19,1.49,2.86,11.44,-70.7,-79.6,1032.1,-35.73,-5.81,-0.39,30.36
77640,0.72,0.11,0.43,0.14,-79.3,78.3,978.5,-37.14,-6.49,-0.86,29.97
77660,0,0.84,0,4.34,-110.2,27.2,992.6,-37.74,10.22,-1.16,29.93
77680,0.28,2.98,0,1.84,-84.2,83.8,978.3,-34.19,4.95,-5.07,29.53
77700,0.24,0,0,0,-67.3,96.7,989.5,-38.32,9.19,-5.64,29.31
77720,2.73,3.67,1.57,0,-59.9,42.4,1021.0,-28.74,18.3,-1.7,28.7
77740,0.12,0,2.48,3.46,-40.4,148.5,1045.9,-17.82,18.98,-2.64,28.66
77760,5.59,1.95,4.86,1.75,-45.9,180.4,1032.2,-9.37,12.49,-2.27,28.29
77780,73.85,21.25,12.33,0.34,-23.9,216.2,1034.4,-3.83,12.06,-0.28,28.35
77800,65.87,34.19,11.42,0,-38.9,124.3,978.4,9.17,15.14,4.94,28.62
77820,51.43,48.5,15.45,4.96,64.9,112.0,884.4,11.2,15.19,2.88,28.86
77840,29.14,56.86,28.16,3.98,131.1,38.9,808.1,24.98,6.31,6.45,29.05
77860,14.01,65.71,37.83,0,78.2,137.6,902.6,33.41,9.59,6.9,29.26
77880,3.45,58.72,55.92,1.72,52.0,-47.1,827.1,38.45,13.17,2.12,29.44
77900,5.62,42.91,73.58,5.43,119.2,21.5,742.7,40.57,6.03,4.16,30.14
77920,1.27,35.07,79.98,0.76,163.2,-8.1,808.2,41.28,-2.53,-2.49,30.01
77940,0.43,24.72,84.08,9.93,13.4,43.9,828.0,37.29,-9.55,-3.53,30.48
77960,0,13.64,84.12,16.7,37.1,-114.0,779.7,33.31,-15.6,-2.94,30.88
77980,0,8.09,77.59,25.23,58.0,-170.0,832.7,34.87,-6.4,-3.13,30.62
78000,3.69,2.57,55.41,50.91,99.8,-91.4,838.0,24.54,-22.37,-6.7,30.5
78020,3.73,5.02,48.21,58.74,65.6,-101.7,890.8,17.34,-22.15,-5.12,31.06
78040,5.01,0,32.44,60.93,-67.2,-218.8,948.8,4.65,-15.64,-0.14,31.01
78060,0,0,19.77,67.12,15.9,-179.6,1043.7,-3.92,-12.55,-0.81,31.42
78080,2.88,0,11.53,58.8,-26.7,-104.9,968.5,-12.33,-18.45,-0.65,31.12
78100,0,0,15.53,54.15,-12.4,-105.5,985.3,-18.74,-16.12,4.98,30.94
78120,0,4.9,1.42,33.3,-27.2,-237.6,1004.1,-27.81,-18.9,5.33,30.68
78140,2.09,3.26,0,17.52,-138.2,-50.0,1043.3,-33.34,-10.02,2.96,30.59
78160,1.47,1.78,0.5,14.74,-69.9,-83.2,989.2,-38.43,-1.89,3.09,30.55
78180,0,4.78,0.57,10.54,-130.9,-42.8,1017.5,-39.12,-0.33,2.1,30.72
78200,0,0,0.58,4.35,-45.0,-67.3,961.2,-38.33,7.85,-1.03,30.32
78220,0,0,0,0,-118.3,104.2,1006.8,-39.19,17.93,-3.13,29.35
78240,2.22,2.57,0.44,6.2,-61.6,190.4,991.0,-37.61,9.56,-6.14,29.6
78260,4.64,1.98,0,3.09,-96.2,50.0,993.8,-30.67,13.81,-3.23,29.38
78280,0,0,0,0.35,-87.4,83.4,1034.7,-23.04,11.89,-6.11,28.81
78300,0,0,1.25,0,-24.7,115.6,998.5,-15.04,13.98,-2.04,28.85
78320,0,0,3.4,0,-92.7,80.7,997.1,-3.26,22.92,-1.01,28.35
78340,81.25,25.94,12.68,0,2.0,216.7,978.4,3.57,17.01,2.0,28.24
78360,65.51,33.3,10.89,0,53.3,147.5,948.5,12.53,17.08,5.57,28.8
78380,46.44,47.51,21.56,5.83,53.9,195.4,888.0,20.2,23.99,2.71,28.97
78400,31.4,57.19,32.6,0.73,139.1,105.8,844.8,30.61,9.92,7.66,29.21
78420,14.87,56.99,49.36,0,46.5,94.7,835.2,29.88,8.49,5.29,29.38
78440,7.48,55.55,63.01,0,45.6,38.8,845.3,37.19,10.44,6.17,29.71
78460,5.55,39.02,71.78,0,146.1,78.4,802.9,39.4,2.2,2.02,29.71
78480,0,33.48,80.21,6.03,96.4,-68.8,842.6,41.0,2.99,-0.19,30.46
78500,4.09,23.89,85.1,9.75,128.8,11.0,843.6,39.62,-17.71,-3.0,30.43
78520,0,15.82,84.53,22.68,216.6,-147.4,831.4,33.17,-7.5,-2.92,30.52
78540,6.74,8.42,70.62,28.34,110.4,-105.1,879.6,30.95,-16.39,-7.66,30.88
78560,0,8.1,59.92,42.78,21.1,-196.7,916.3,25.67,-12.4,-3.92,30.71
78580,0,6.79,45.82,62.94,42.4,-77.0,949.7,18.61,-16.86,-4.03,30.87
78600,0,0,24.81,60.64,38.9,-248.5,988.0,4.56,-20.72,-3.75,31.06
78620,3.21,2.48,22.59,63.12,-25.5,-156.1,1028.0,-2.94,-15.75,-0.03,31.03
78640,0.71,0,11.78,60.61,-90.0,-219.9,1041.7,-13.51,-19.52,-0.53,31.06
78660,8.32,4.14,9.57,43.54,-68.7,-200.3,1018.3,-23.64,-14.11,5.15,30.88
78680,0,0,0,31.07,-101.4,-163.2,1015.8,-25.12,-14.73,6.6,30.74
78700,1.47,0,0,18.35,-75.1,-7.8,963.2,-35.28,-9.04,4.58,30.65
78720,0,0,0,14.37,-133.6,-83.1,1031.4,-34.68,-7.8,4.55,30.17
78740,0,2.05,0,4.76,-146.4,-10.1,964.4,-37.27,1.21,0.76,30.18
78760,0,2.98,0,0.7,-72.7,53.4,1034.5,-42.4,8.23,-2.42,29.87
78780,0,4.97,3.76,5.15,-34.4,16.0,957.2,-39.37,6.05,-3.16,29.74
78800,0,1.69,0,0,-102.4,84.6,992.3,-34.94,7.19,-4.09,29.49
78820,0,4.71,1.58,0.17,44.9,76.2,988.4,-31.45,15.83,-5.66,29.24
78840,0.64,1.11,0,0,-107.5,73.4,966.6,-19.35,20.71,-5.64,28.55
78860,2.63,3.42,0.51,4.05,-42.2,142.3,959.9,-16.29,22.72,-0.34,28.64
78880,1.69,0.68,0,0,-50.7,105.7,1021.1,-5.78,18.82,-3.19,28.04
78900,71.73,28.11,12.55,0,43.4,190.0,1018.5,0.04,25.32,-0.66,28.22
78920,66.32,41.18,17.61,4.34,81.9,74.8,867.4,14.28,21.3,3.69,28.07
78940,44.14,48.76,22.93,0,89.3,91.8,920.9,25.47,18.87,3.61,28.84
78960,24.13,58.0,35.97,4.08,141.1,121.3,884.1,25.68,8.12,6.23,29.54
78980,9.08,52.48,48.01,4.67,145.8,22.7,834.9,35.14,4.02,6.13,29.35
79000,9.31,46.28,59.49,0,177.1,-12.5,825.9,35.54,-0.16,2.43,29.64
79020,4.06,39.48,76.49,7.14,47.0,66.8,803.0,42.94,3.47,-1.84,29.69
79040,5.88,31.02,82.72,2.71,108.2,-50.9,824.3,37.63,3.35,0.13,29.89
79060,2.4,17.18,82.91,9.05,76.3,-57.4,807.5,38.54,-8.63,-0.88,29.83
79080,0,10.98,85.36,21.93,106.9,-72.0,881.3,31.52,-17.22,-3.35,31.07
79100,0,2.95,70.5,35.03,121.7,-22.6,844.2,27.14,-23.5,-6.05,30.6
79120,0,0,51.52,48.11,119.1,-158.3,957.7,22.91,-13.86,-7.17,30.83
79140,0.06,5.97,38.1,58.71,30.1,-100.9,957.5,10.29,-15.02,0.33,31.12
79160,0.48,1.12,28.41,66.46,8.2,-176.5,955.3,7.17,-18.57,-2.66,30.83
79180,0,3.83,16.44,65.09,-1.9,-184.6,1038.5,-7.0,-17.0,5.12,30.81
79200,1.58,0,7.27,57.34,24.5,-126.8,1042.7,-18.65,-24.57,3.62,30.87
79220,1.76,0,2.84,43.69,-101.9,-98.4,977.8,-23.87,-17.04,3.75,30.85
79240,0.95,0,8.83,32.25,-52.9,-57.2,1026.9,-28.09,-15.31,5.42,30.84
79260,2.56,0,3.08,23.13,-149.9,-75.6,1048.0,-37.37,-7.98,2.69,30.17
79280,0,0,0,10.53,-94.1,-21.0,960.1,-40.2,3.11,0.85,30.17
79300,0,0,2.55,1.26,-108.1,31.7,970.4,-38.8,1.7,3.91,30.29
79320,0,1.63,0,4.48,-145.2,-7.4,977.5,-32.97,-0.96,1.09,29.86
79340,0,0,0,2.72,-150.2,61.4,1022.9,-38.11,11.25,0.18,29.37
79360,2.91,4.75,2.26,1.8,-125.7,162.1,963.2,-34.32,16.82,-6.05,29.12
79380,0,0.95,0.18,0,-62.6,108.5,1009.6,-26.85,22.15,-7.13,28.85
79400,0.72,0,0,1.93,-12.2,102.5,929.0,-20.92,23.55,-5.73,28.61
79420,0,0,1.98,2.7,-62.4,209.7,1014.1,-3.69,24.05,2.73,28.67
79440,1.54,0,3.6,0,-80.1,160.9,1011.4,-1.4,22.1,-3.03,28.19
79460,76.28,29.69,5.04,0,34.5,84.4,978.1,14.62,18.73,5.28,28.48
79480,57.18,45.06,13.83,0,-9.6,178.9,932.7,17.94,17.78,4.16,28.81
79500,37.77,54.12,23.49,1.94,-12.4,144.3,854.0,21.9,11.38,3.66,29.11
79520,17.08,54.23,37.98,1.95,43.4,152.1,859.4,27.37,16.17,5.65,28.66
79540,8.35,53.6,52.14,2.09,60.2,99.1,862.8,37.27,11.47,3.26,29.31
79560,4.24,49.23,62.19,0.63,100.4,-69.4,822.1,42.36,3.55,-0.1,29.71
79580,0.85,32.02,77.82,0.05,54.6,-2.7,779.3,46.05,0.21,1.54,30.38
79600,3.81,30.07,85.69,12.84,91.2,-74.9,784.0,36.8,-2.12,-2.57,30.05
79620,0.11,19.16,79.71,13.35,45.4,-78.9,842.3,40.41,-6.96,-0.86,30.47
79640,0,9.88,80.71,25.54,119.1,-64.5,843.0,30.14,-16.91,-6.38,30.76
79660,0,5.45,71.44,36.79,78.5,-103.7,921.6,29.15,-20.63,-4.17,31.02
79680,4.73,1.36,51.65,53.47,114.4,-154.1,945.8,21.23,-18.51,-1.38,31.0
79700,0.35,0,35.36,60.15,54.5,-67.2,984.7,8.81,-11.7,-2.7,30.82
79720,0,2.69,21.44,63.51,87.7,-225.4,971.0,1.87,-21.73,-5.14,31.31
79740,0.95,3.71,18.93,62.99,55.4,-162.1,999.9,-16.26,-14.83,0.38,30.9
79760,3.4,1.01,6.97,51.37,7.4,-195.8,1000.0,-15.02,-16.83,6.48,31.19
79780,0.03,2.18,3.3,32.6,-120.6,-125.0,1022.5,-21.96,-15.32,5.93,30.63
79800,0,4.54,1.9,28.11,-103.5,-132.2,1029.9,-28.15,-9.49,3.18,30.6
79820,3.25,0,0.32,18.86,-208.4,-28.4,1019.8,-36.89,-4.12,5.54,30.43
79840,0,0,0,8.93,-156.6,-7.0,1101.0,-41.13,-7.16,-1.4,29.97
79860,0,3.34,0,1.15,-83.9,16.2,1015.1,-35.17,-4.83,0.64,30.29
79880,5.98,0,0,1.97,-95.9,41.0,1022.7,-38.42,1.61,-1.5,30.02
79900,1.07,1.41,1.27,2.67,-68.1,-0.5,998.9,-39.37,6.51,-1.81,29.7
79920,1.91,0.01,0,0,-79.0,54.4,1043.1,-33.26,16.3,-4.77,29.45
79940,0.11,0.25,1.45,0,-134.5,104.5,1031.7,-21.99,12.98,-4.46,29.25
79960,0,0.25,2.32,0,-70.0,113.6,1039.0,-14.48,14.6,-6.76,28.91
79980,0,0,0,3.59,-81.7,139.8,980.4,-10.01,28.69,-2.4,28.54
80000,75.12,19.4,0.05,0,-55.1,123.8,960.8,-2.91,13.74,4.88,27.9
80020,71.14,32.46,9.71,0.48,-85.8,205.0,890.6,9.41,14.79,1.2,28.54
80040,51.2,45.27,19.07,0,57.8,135.1,924.0,18.89,12.89,1.12,28.51
80060,32.58,52.46,32.96,0.26,56.5,90.0,909.3,21.17,17.57,8.0,29.06
80080,12.91,59.13,38.66,0,-7.0,32.6,826.1,31.12,13.58,7.32,29.2
80100,9.21,56.25,60.7,2.29,55.6,77.3,824.7,39.91,16.68,1.28,29.42
80120,3.78,46.83,64.16,2.69,68.6,30.8,839.5,39.3,8.3,4.76,29.92
80140,2.93,35.07,75.85,2.89,127.7,35.3,821.0,45.91,-10.57,-0.29,30.07
80160,2.57,25.93,90.09,11.88,36.0,-98.4,823.4,36.68,-12.46,-1.37,30.43
80180,0,15.57,84.57,12.99,72.9,58.3,816.2,35.38,-11.85,-3.9,30.53
80200,0,12.9,71.36,30.86,55.3,-79.9,910.8,31.27,-5.86,-2.74,30.62
80220,4.16,0,65.09,38.1,13.8,-186.1,888.6,21.52,-25.25,-4.4,30.71
80240,0,1.91,49.06,56.65,12.5,-123.1,858.3,19.69,-17.75,-2.9,31.02
80260,0.23,0,36.36,60.29,-49.3,-175.6,940.7,7.98,-22.99,-2.18,31.14
80280,3.37,0,26.38,61.21,-87.6,-268.2,1059.4,-0.25,-21.58,1.17,31.23
80300,0,0.23,11.57,67.88,-59.0,-68.6,1000.4,-8.23,-19.03,0.69,30.93
80320,0,0,6.51,54.63,16.1,-153.7,1028.7,-13.98,-11.86,5.13,30.74
80340,0,1.72,2.08,38.96,-59.5,-142.6,984.3,-29.51,-23.19,2.7,30.33
80360,0,0,0,27.66,-137.1,-100.9,977.0,-31.61,-17.8,3.54,30.4
80380,1.08,3.05,0,14.48,-136.4,-145.9,1009.5,-35.63,1.48,4.21,30.43
80400,0,0,0,8.8,-37.4,81.0,999.7,-36.3,-2.16,3.33,30.45
80420,0,0,3.19,0,-135.6,34.2,1018.8,-38.13,12.44,-3.39,30.47
80440,1.31,3.24,0,2.16,-127.1,36.2,976.9,-37.05,1.35,-7.01,29.62
80460,0,0,0,1.79,-89.4,155.9,1025.5,-43.72,11.37,-3.82,29.57
80480,0,0,0,0,-131.0,76.2,1002.2,-32.97,7.28,-5.63,29.21
80500,2.0,0.75,0,1.48,-66.1,159.7,1019.6,-20.74,20.48,-2.51,29.13
80520,1.45,1.38,1.48,0,-73.2,120.3,989.9,-21.24,17.84,-3.07,28.48
80540,0,1.01,0.91,0,-19.9,137.1,991.8,-2.74,18.3,-1.15,28.42
80560,72.55,22.69,7.94,0,-26.4,93.3,929.8,-2.92,28.04,2.89,28.3
80580,69.83,35.82,13.31,1.77,65.2,157.4,965.5,14.5,23.82,4.98,28.84
80600,47.18,50.67,14.05,1.14,125.3,148.9,890.4,20.52,10.31,-0.56,28.86
80620,33.74,56.62,29.24,0,78.6,128.2,906.5,30.97,8.0,5.83,29.17
80640,18.8,52.35,42.37,3.9,107.3,61.0,801.7,31.25,14.39,4.46,29.47
80660,6.21,55.47,61.41,0,111.1,72.5,784.8,40.78,9.84,2.94,29.74
80680,0,46.89,71.67,2.21,168.6,61.0,821.2,38.76,6.04,1.96,30.15
80700,5.46,30.37,81.25,0.81,94.6,-18.3,805.9,39.0,-8.75,-2.54,30.01
80720,0.55,21.52,78.96,13.55,23.8,-49.7,834.5,37.9,-3.4,-5.06,30.28
80740,0,11.82,78.82,21.4,143.7,-140.9,859.5,33.69,-0.72,-3.99,30.53
80760,3.66,9.77,74.8,27.6,89.4,-131.7,875.6,33.24,-20.48,-3.0,31.13
80780,0,4.56,63.47,45.37,19.0,-88.9,913.6,23.87,-19.23,-4.1,30.64
80800,0.95,1.93,49.34,47.94,94.4,-157.2,863.3,22.38,-23.03,-2.62,31.08
80820,2.32,0,28.05,57.7,-23.9,-153.1,929.8,10.28,-17.83,-2.7,31.25
80840,0,0,22.71,70.99,30.0,-254.9,969.3,-1.02,-22.53,2.49,31.28
80860,0,0,13.04,56.35,-55.4,-196.2,1001.2,-15.17,-16.47,3.87,30.78
80880,0,0,9.5,50.05,-89.9,-139.4,1070.8,-15.8,-15.95,3.67,30.52
80900,2.66,0,3.06,33.43,-85.4,-190.0,1023.5,-28.75,-21.47,6.0,30.51
80920,0,0,6.31,25.3,-54.0,-120.3,1012.6,-33.17,-19.43,3.05,30.52
80940,0,0,6.22,6.28,-115.2,-115.8,1056.2,-36.66,-9.16,2.71,30.25
80960,1.3,0,0,8.57,-40.0,-43.7,953.0,-42.65,-6.75,4.48,30.47
80980,4.55,3.03,3.5,0,-53.1,79.7,972.9,-36.55,-5.93,2.28,29.9
81000,1.5,0,0,1.12,-100.0,-21.0,1029.3,-33.92,6.68,-1.23,29.43
81020,0,0,1.7,4.1,-88.9,138.0,1031.3,-31.3,18.64,-5.9,29.67
81040,3.44,0.8,2.58,0,-113.3,124.8,978.3,-33.38,10.79,-4.61,29.48
81060,0,0,0,0,-122.2,166.0,1004.0,-24.59,7.05,-2.78,28.83
81080,2.74,4.13,0,0,-7.5,145.4,1016.8,-18.95,11.43,-1.48,28.66
81100,0,3.14,1.63,0,8.0,70.0,1000.3,-8.1,14.15,-3.83,28.04
81120,85.18,27.82,11.94,0,1.1,108.4,963.5,6.79,23.86,-0.7,27.94
81140,64.3,41.25,13.25,0,30.5,209.4,957.9,15.39,28.81,1.95,28.29
81160,48.92,48.53,20.8,4.23,49.5,98.6,916.9,23.49,20.12,3.21,28.71
81180,29.52,51.13,30.06,0,90.4,37.4,869.8,31.03,6.63,7.58,29.08
81200,13.31,60.42,44.19,1.32,83.9,201.9,859.2,34.51,14.8,5.62,29.49
81220,8.45,45.63,64.28,0,99.8,58.1,818.3,42.19,10.26,1.94,29.74
81240,0.14,47.95,74.54,0,56.5,8.2,792.7,46.13,-4.03,-0.2,29.9
81260,1.32,26.6,80.76,11.36,106.9,14.3,832.6,43.11,-2.58,-1.01,29.73
81280,2.26,23.81,82.55,8.36,164.3,-9.2,829.0,34.35,-16.75,-1.61,30.79
81300,0,9.07,78.74,18.99,109.9,-44.7,893.5,33.07,-11.3,-4.3,30.62
81320,0,4.73,77.78,36.36,15.2,-25.1,851.0,29.38,-13.69,-2.97,30.85
81340,2.66,4.73,53.7,46.83,81.9,-254.8,871.6,20.07,-18.82,-5.84,30.93
81360,1.05,1.41,38.03,60.79,4.9,-174.1,976.8,13.66,-24.51,-0.32,30.91
81380,0,3.97,28.69,59.84,-12.5,-86.1,974.7,4.85,-22.7,-3.61,31.17
81400,0,0,22.39,64.85,11.0,-126.9,978.5,-7.23,-14.51,2.79,30.76
81420,0,0,12.7,57.23,-36.2,-179.7,954.9,-21.67,-20.41,5.51,30.69
81440,0,2.7,4.46,43.26,-44.4,-63.5,960.4,-24.14,-25.02,6.35,30.71
81460,0,1.32,0,29.21,-71.4,-192.9,1037.6,-33.47,-20.25,5.39,30.78
81480,2.44,0,2.24,23.01,-105.0,-104.9,997.0,-30.66,-11.82,3.21,30.71
81500,1.5,0,0,13.17,-109.5,-3.6,910.3,-37.09,-12.23,3.68,30.4
81520,0,2.71,0,5.05,-64.9,-29.0,1000.3,-34.9,2.55,1.06,30.36
81540,0.47,0,1.66,0,-128.9,8.7,967.8,-39.16,9.96,-0.62,29.77
81560,3.52,2.9,2.85,0,16.5,18.8,1025.6,-39.71,-4.02,-4.19,29.88
81580,7.43,0,0,0,-91.2,129.1,1042.6,-34.92,9.5,-6.11,29.73
81600,0,0.9,0,2.07,-23.5,123.3,939.8,-26.83,17.65,-5.25,28.96
81620,0,0,0,0,-77.4,20.5,1035.3,-20.74,23.83,-3.77,28.93
81640,0,0,0,0,2.0,157.5,1043.5,-12.23,15.48,-1.94,28.5
81660,0,0.52,0,0,-41.6,141.9,1008.6,2.08,20.38,-1.18,28.24
81680,67.58,30.03,6.55,0,28.5,155.7,965.5,5.68,16.16,-0.02,28.22
81700,56.27,43.66,16.68,0,79.9,138.8,970.7,19.65,18.1,3.11,28.57
81720,38.86,53.85,26.49,3.32,43.1,143.6,906.7,22.91,13.79,4.78,29.2
81740,20.43,61.33,36.14,5.75,70.2,132.7,867.0,33.05,15.71,8.51,29.15
81760,8.86,55.75,52.29,0.2,55.6,-10.0,839.8,32.26,10.67,3.55,29.41
81780,6.94,56.84,64.88,0.29,179.7,57.3,829.7,33.23,3.2,3.76,30.03
81800,5.92,43.38,80.1,0.75,8.4,29.4,799.9,43.04,8.05,1.69,30.05
81820,0,23.45,89.38,7.33,90.5,-0.0,812.9,43.81,-0.15,0.98,30.46
81840,0,21.69,85.74,13.12,71.5,-78.7,811.8,42.7,-4.44,-5.73,30.36
81860,4.11,7.31,80.09,19.96,33.0,-52.1,858.7,33.58,-6.14,-8.74,30.8
81880,3.33,3.62,67.9,35.23,128.3,-87.8,838.3,25.35,-19.67,-4.0,30.92
81900,0,1.76,60.84,51.57,90.4,-183.0,899.6,18.94,-26.49,0.42,31.29
81920,0,0,44.52,66.7,94.2,-163.5,937.2,13.1,-21.15,-2.43,30.9
81940,0.63,0,25.16,64.48,9.4,-143.9,1013.8,-1.94,-15.41,-0.45,31.2
81960,1.62,5.76,17.64,68.31,54.9,-111.8,976.4,-10.1,-7.36,3.57,31.25
81980,0,0,10.88,56.18,-128.5,-114.7,925.8,-14.88,-19.78,3.89,30.61
82000,0,0,3.34,39.74,-145.9,-39.0,993.1,-25.79,-19.07,3.75,31.02
82020,0,2.57,6.09,29.8,-5.5,-75.7,966.9,-25.49,-16.37,5.19,30.59
82040,0,0,0,19.34,-107.8,-19.6,1056.1,-38.88,-7.68,4.12,30.39
82060,0,0,0.54,8.8,-114.5,-22.7,1043.5,-32.89,-14.02,-1.68,30.5
82080,0,0,0,3.44,-72.0,-13.6,961.4,-42.9,10.78,2.51,30.42
82100,0,0,0,0,-75.7,18.6,983.9,-40.94,1.3,-1.07,30.12
82120,4.11,0,1.72,0,-110.5,77.0,952.9,-41.3,10.17,-2.38,29.46
82140,0,0,0.53,0,-116.7,130.2,955.1,-28.6,4.34,-2.28,29.17
82160,0,0,0,0,-42.6,121.8,1005.1,-32.11,18.32,-1.04,28.59
82180,0,4.48,0.39,0,-44.0,154.7,1011.8,-19.5,18.1,-1.94,28.66
82200,2.25,6.87,1.93,0,34.1,165.9,1026.4,-9.36,18.35,-1.43,28.43
82220,0,0,0.59,0,-32.7,203.5,1038.1,-4.02,15.64,-2.22,27.93
82240,71.95,33.17,8.69,1.5,-24.6,163.4,982.1,7.96,13.21,5.61,28.21
82260,60.17,44.55,13.67,1.92,8.1,35.8,925.8,16.98,21.06,6.17,29.01
82280,32.1,55.12,26.75,0,122.0,167.4,870.4,24.4,22.94,6.51,28.63
82300,18.25,60.17,40.51,0,62.3,-61.0,941.8,35.5,14.21,1.14,29.54
82320,9.05,59.47,54.97,0,125.9,62.1,824.8,34.36,8.05,6.23,29.31
82340,0,48.62,68.69,2.09,80.1,53.5,842.6,41.11,4.06,2.13,29.93
82360,0.71,39.18,74.0,1.28,6.6,-13.4,762.1,41.1,0.42,0.35,29.97
82380,1.88,22.24,86.24,9.53,83.7,41.5,786.3,37.5,-7.7,-2.97,30.22
82400,2.08,18.19,86.45,14.24,181.7,-19.6,786.4,39.7,-6.83,-3.05,30.41
82420,0,8.12,78.03,26.02,112.5,-132.0,901.2,31.16,-22.19,-2.67,30.72
82440,0,4.6,62.82,44.35,84.1,-55.4,912.2,20.63,-8.6,-6.3,30.56
82460,6.57,6.7,52.99,57.0,54.8,-134.0,863.8,19.26,-28.49,-6.16,30.82
82480,0,6.59,37.24,61.95,-65.6,-75.6,1046.6,11.11,-12.88,-2.41,30.87
82500,3.42,0,27.03,65.49,-48.4,-141.5,1051.3,0.7,-16.67,-3.99,31.1
82520,2.43,0.93,10.8,59.33,-51.4,-152.3,970.2,-12.7,-18.15,3.24,30.63
82540,1.81,0,11.86,53.54,-43.6,-153.0,968.8,-19.75,-18.78,2.3,30.94
82560,5.43,0,7.92,39.51,-23.0,-72.9,981.2,-21.56,-7.47,3.74,30.81
82580,0,0,2.03,28.34,-161.0,-143.3,1026.6,-36.8,-11.88,6.52,30.87
82600,2.89,0,0,18.65,-125.0,-79.6,922.8,-37.57,-7.12,3.93,30.49
82620,0,0,3.66,4.69,-48.5,-45.2,983.1,-41.74,-3.83,4.33,30.12
82640,0,0,0,6.1,-140.5,53.7,936.7,-34.76,1.69,-4.11,30.05
82660,0,0,0,1.34,-69.1,88.0,990.2,-42.08,-0.96,-5.4,29.64
82680,1.57,2.39,1.23,3.28,-94.0,29.6,980.9,-38.18,-3.35,-6.22,29.63
82700,6.49,0,1.27,0.54,-76.4,20.6,980.8,-31.89,10.08,-6.86,28.94
82720,0,2.95,0,0,-22.1,133.8,1022.5,-24.63,19.42,-2.98,29.11
82740,0,0,0.26,3.11,-62.1,190.0,953.5,-16.31,21.42,-4.06,28.49
82760,0,1.12,0,2.55,-47.8,173.0,1014.7,-10.85,19.47,-1.35,28.26
82780,79.6,27.36,5.62,1.08,70.7,175.2,993.9,1.03,25.45,-1.82,27.86
82800,69.99,34.53,6.61,0,-35.4,163.3,902.4,9.29,31.21,2.05,28.5
82820,53.45,43.99,18.13,0,89.5,237.2,883.7,21.47,11.04,6.0,28.84
82840,28.88,54.31,27.72,0,36.7,52.2,891.2,28.17,13.48,6.33,28.89
82860,16.32,58.59,47.15,2.34,102.6,79.8,867.7,33.57,11.32,3.7,29.36
82880,7.34,49.74,59.76,2.15,104.4,47.7,757.3,35.94,8.77,2.72,29.65
82900,1.1,47.36,71.67,4.96,81.7,64.5,778.1,34.07,7.4,2.81,30.1
82920,0,33.6,81.08,2.11,90.1,-8.8,800.0,40.44,-4.27,0.11,30.43
82940,0,24.57,83.01,13.75,144.5,-74.1,836.9,38.13,-7.8,0.29,30.16
82960,1.42,17.59,82.55,17.94,99.5,-86.8,890.3,30.22,-7.95,-6.62,30.84
82980,0,7.83,76.99,19.55,148.2,-109.4,815.7,26.69,-7.36,-6.02,30.75
83000,0,8.26,56.43,46.53,69.8,-246.1,910.2,22.53,-17.42,-5.38,30.98
83020,0,1.14,53.16,59.78,-52.5,-176.0,917.4,18.55,-16.71,-3.81,30.91
83040,0,0,35.17,65.13,-33.9,-86.4,959.2,4.47,-19.02,-5.53,30.86
83060,0,0,28.9,70.78,10.6,-142.8,950.2,-3.38,-19.39,3.22,31.02
83080,0,0.36,12.43,66.32,-13.5,-138.6,997.6,-11.75,-28.44,3.52,30.92
83100,0,0,6.83,50.7,-73.9,-122.2,979.5,-19.19,-20.0,3.36,31.18
83120,0,0.28,1.12,39.62,-180.9,-152.1,1005.7,-24.23,-13.22,6.06,30.74
83140,0,1.0,2.49,20.56,-79.2,-111.3,1020.0,-35.64,-18.23,2.01,30.53
83160,0,0,4.01,13.72,6.0,-61.5,993.5,-38.33,-14.29,2.89,30.61
83180,0,0,1.54,5.76,-66.5,-65.9,997.9,-37.27,-12.94,-0.22,30.38
83200,6.03,5.27,0.87,2.44,-106.0,8.1,994.1,-42.6,2.0,-2.29,29.88
83220,0,4.26,3.1,1.81,-91.4,33.4,991.3,-40.03,-3.34,-2.78,29.88
83240,7.13,0,1.68,4.18,-76.5,133.4,996.7,-30.12,13.38,-0.7,29.41
83260,0.67,2.76,0,1.38,-103.4,102.8,989.9,-29.88,15.94,-3.31,29.24
83280,1.66,7.51,0,6.03,93.1,230.0,1020.0,-27.18,11.84,-6.41,28.97
83300,0,2.03,1.02,0.11,-61.4,64.6,1070.2,-14.22,18.26,-2.66,28.52
83320,1.94,0,4.98,4.13,78.7,207.0,1017.7,-8.35,17.33,-2.04,28.33
83340,78.14,27.16,10.71,1.32,-11.5,164.8,979.1,1.5,21.54,-0.19,27.85
83360,62.98,37.57,11.74,0.8,54.5,180.0,918.2,9.05,11.37,0.5,28.65
83380,44.03,45.22,17.42,0,21.9,142.7,904.6,21.28,19.49,2.41,28.78
83400,30.49,54.75,34.11,2.23,38.9,110.0,850.3,26.99,17.5,3.69,29.36
83420,14.47,57.88,48.05,0,90.8,93.8,850.8,30.64,10.29,3.5,29.49
83440,8.47,51.51,58.31,0,97.4,81.4,827.7,36.51,5.66,0.7,29.57
83460,2.41,42.14,79.4,5.33,105.0,-29.6,800.2,40.25,2.86,0.49,29.78
83480,0,30.88,84.22,2.4,115.9,-44.8,763.4,34.36,-4.87,0.15,30.3
83500,0,25.84,84.41,14.28,186.2,-35.0,827.5,45.74,-6.3,-4.52,30.48
83520,0,11.14,83.69,16.26,54.9,-109.5,822.6,35.01,-8.28,-3.73,30.28
83540,2.83,8.47,78.11,29.37,118.4,-60.6,930.5,31.91,-14.23,-10.38,30.84
83560,1.01,2.22,58.5,41.75,92.3,2.1,934.5,21.87,-11.65,-0.36,30.88
83580,0,6.17,46.38,56.4,-53.9,-182.8,927.0,11.87,-16.43,-2.64,31.16
83600,0,2.28,31.6,66.41,-16.8,-53.5,957.3,5.98,-20.83,1.84,30.79
83620,0,2.31,19.87,62.87,-19.4,-72.5,1020.2,-7.35,-27.0,-0.01,31.3
83640,0.49,0,7.39,60.73,-11.3,-80.9,968.1,-13.83,-24.76,3.3,30.61
83660,4.72,0,2.69,46.11,27.2,-62.2,1007.1,-18.42,-11.91,3.43,31.06
83680,0,0,4.16,35.42,-76.7,-161.8,1022.1,-29.24,-20.5,-0.37,30.97
83700,0,0.01,4.3,23.02,-99.8,33.9,1024.7,-35.32,-15.01,4.53,30.58
83720,0,0.15,5.09,8.38,-78.0,-16.1,1024.8,-40.81,-1.4,0.43,30.34
83740,4.89,3.23,0,3.47,-182.9,5.5,1002.5,-39.3,1.16,2.28,30.14
83760,3.97,0.35,1.62,5.62,-76.5,-16.5,977.4,-38.61,0.45,-2.7,29.84
83780,4.27,0.95,4.29,4.29,-11.6,9.4,1006.5,-36.89,-1.65,-1.43,30.0
83800,5.77,0,5.42,0,-86.9,264.3,939.6,-33.54,7.96,-0.77,29.41
83820,0,1.57,3.62,6.15,-33.5,47.3,1057.2,-28.6,5.43,-4.62,29.38
83840,0.22,0,0,0,-46.6,182.9,1038.3,-22.66,8.37,-4.35,28.68
83860,0.59,2.16,0.02,0.46,-145.0,130.2,1005.6,-17.91,26.87,-8.93,28.63
83880,3.25,2.7,2.26,0,-88.6,166.8,1007.6,-2.38,25.27,0.01,28.08
83900,78.52,31.43,14.93,0,16.4,189.8,977.2,7.38,24.97,2.51,28.25
83920,58.84,41.69,14.01,0,87.6,99.5,950.3,10.36,25.58,4.17,28.63
83940,46.76,47.47,26.64,0,56.6,167.6,870.2,18.25,10.26,6.62,28.7
83960,23.56,54.39,31.52,4.19,78.8,105.9,862.9,24.05,19.38,6.89,29.27
83980,11.62,56.79,51.31,4.66,86.1,-21.6,831.6,35.15,13.47,1.6,29.46
84000,0,51.5,64.67,3.82,75.9,40.5,792.9,39.7,6.32,3.16,30.23
84020,4.41,37.65,76.36,2.37,46.0,-36.5,806.4,37.65,-0.65,-0.39,30.15
84040,0,33.11,87.49,10.52,151.6,-84.0,805.6,35.73,-0.16,-0.75,30.37
84060,8.06,19.03,86.21,14.13,145.8,-39.5,774.4,36.56,0.76,-0.33,30.57
84080,4.91,7.19,80.05,27.8,34.2,-28.3,814.9,33.77,-3.69,-5.05,30.89
84100,0,10.14,69.47,36.58,158.9,-157.5,921.7,29.86,-3.88,-2.06,30.55
84120,1.62,8.92,55.69,46.35,79.9,-117.1,946.0,18.32,-9.88,-3.64,31.02
84140,0,0,41.09,54.51,-52.5,-198.7,985.3,16.06,-25.62,-1.25,30.58
84160,0,0,25.69,66.15,-28.5,-44.1,1011.9,0.63,-13.36,-1.06,31.36
84180,0,0.05,16.53,66.71,59.6,-189.8,992.8,-0.47,-16.49,2.17,31.15
84200,5.24,0,11.27,58.36,17.8,-148.1,970.3,-13.63,-16.65,3.72,30.82
84220,0,0,0,42.83,-22.7,-152.7,949.8,-17.1,-22.97,4.73,30.94
84240,2.06,0,6.83,25.26,7.8,-125.5,988.2,-28.91,-12.12,4.79,31.02
84260,1.9,4.39,3.36,11.3,-108.5,-105.4,969.6,-33.23,-9.4,5.09,30.64
84280,0.45,0,0,13.61,-146.0,-76.9,1021.6,-32.09,-0.29,2.68,30.54
84300,2.07,0,0,1.58,-107.8,-1.5,1021.0,-45.7,-0.58,-0.24,30.21
84320,0,2.01,0,6.91,-153.5,31.4,938.5,-44.91,0.66,0.8,29.99
84340,0,4.71,0,0,-51.4,18.3,1011.1,-36.0,6.9,-3.95,29.66
84360,3.3,0,0,0,-42.5,119.1,960.9,-37.14,10.23,-2.45,29.32
84380,0,2.81,0,0,-35.6,78.5,1018.5,-32.03,16.59,-4.79,28.99
84400,0.68,3.19,2.21,0,-127.3,123.5,1032.4,-23.38,11.34,-5.48,28.93
84420,0.07,0,0,2.21,-28.8,196.5,1018.1,-13.69,19.88,-3.21,28.65
84440,0.97,1.33,0,4.64,-50.9,147.9,990.6,-1.6,20.22,-4.36,28.26
84460,77.54,29.09,8.8,0.93,-28.8,148.3,931.0,12.2,20.43,5.39,28.45
84480,58.56,40.46,16.71,0,63.7,142.6,968.1,20.13,23.16,3.73,28.26
84500,39.19,50.91,29.53,0,181.0,165.7,862.7,28.7,17.94,6.27,28.79
84520,17.87,60.25,36.93,3.84,109.6,44.6,875.5,28.98,14.64,5.11,29.39
84540,4.64,56.12,56.78,0,81.2,52.3,797.2,31.33,2.45,5.57,29.67
84560,0.88,44.91,66.44,2.58,50.9,-11.8,813.5,35.79,0.39,5.05,30.06
84580,0,37.5,76.95,0,70.3,5.9,822.1,36.05,1.83,-2.36,30.09
84600,0,26.62,81.32,5.39,63.7,-37.2,842.9,35.04,-4.56,-1.43,30.47
84620,0,19.75,89.12,15.29,201.1,31.4,856.4,39.16,-10.19,-0.46,30.72
84640,4.17,14.42,80.81,22.7,138.2,-57.8,812.1,30.24,-9.2,-4.16,31.1
84660,3.12,1.35,68.85,35.9,33.0,-113.9,843.0,18.82,-15.82,-5.04,30.45
84680,0.64,0,49.79,53.33,-16.6,-101.3,956.9,16.24,-27.67,-2.66,30.68
84700,0,8.35,36.75,57.85,81.2,-89.4,948.6,9.15,-21.41,-5.33,30.96
84720,0,0,27.82,66.12,132.7,-158.3,980.5,1.45,-20.44,-3.76,30.71
84740,0,0,19.22,62.42,-22.6,-159.3,928.9,-13.42,-23.74,0.7,30.27
84760,0.01,4.13,1.93,53.21,-54.4,-206.0,1013.8,-15.88,-20.23,5.87,31.05
84780,1.55,5.51,1.4,41.58,-113.2,-136.3,941.9,-26.29,-18.25,6.76,30.7
84800,0.3,1.63,0,26.93,-148.3,-126.2,1006.6,-25.87,-12.42,7.27,30.67
84820,2.27,0,3.49,17.65,8.8,-62.9,1023.4,-30.54,-7.1,3.39,30.83
84840,3.93,0,0,11.48,-51.7,-87.0,1053.2,-36.71,-2.95,3.98,30.63
84860,0,0,0,7.38,-252.8,-3.5,987.4,-39.42,3.81,0.51,29.92
84880,2.24,0,0,3.29,-103.0,85.9,1003.2,-43.06,-4.48,-0.52,29.8
84900,4.82,0,0,4.04,-72.2,58.5,1040.8,-34.39,-4.25,-3.18,30.04
84920,0,0,1.47,0,-137.4,55.0,1010.8,-32.14,13.45,-2.88,29.69
84940,5.91,2.8,0,0,-8.2,53.4,1021.5,-22.93,9.93,-3.82,28.98
84960,5.15,0,0.21,0,-82.5,170.9,1000.5,-19.9,23.16,-3.13,28.64
84980,0,0.03,0,0,-73.5,130.5,991.9,-11.91,20.81,-0.45,28.22
85000,82.65,17.45,3.43,0,41.0,165.8,979.6,-0.11,10.35,-2.45,28.24
85020,68.88,32.79,9.19,0.01,-55.7,60.9,963.4,12.01,19.16,1.04,28.49
85040,52.03,48.22,12.01,0,26.1,119.4,859.5,16.51,16.24,4.43,28.7
85060,34.67,55.61,28.09,0,138.0,186.8,815.8,22.24,20.62,6.22,29.12
85080,14.08,55.31,41.11,0,29.2,54.0,839.7,32.85,15.73,8.0,28.84
85100,9.0,51.55,61.7,1.87,169.9,59.4,844.0,36.85,11.49,3.19,29.41
85120,4.64,52.55,70.51,2.01,69.4,69.7,823.9,40.6,5.47,5.6,29.9
85140,0,37.29,79.55,3.84,69.6,5.5,739.1,40.21,-0.56,-2.52,30.28
85160,1.74,27.49,85.03,10.19,119.5,13.9,765.4,40.02,2.42,-4.21,30.03
85180,0,13.79,80.58,13.62,78.6,-5.1,812.9,40.88,-6.72,-5.41,30.46
85200,3.44,8.31,74.03,33.54,103.5,-107.2,877.3,32.57,-12.21,-2.37,30.87
85220,2.88,0,63.45,42.04,53.3,-131.9,893.7,26.67,-9.86,-5.14,30.44
85240,0,5.13,47.76,53.74,64.7,-142.5,910.4,17.26,-19.32,-4.19,31.04
85260,0,0.38,34.43,61.65,-59.7,-166.7,993.7,6.71,-12.38,-3.65,31.18
85280,0,0,23.62,67.59,70.7,-128.8,1000.8,-0.21,-25.29,0.12,31.18
85300,1.76,3.93,12.87,55.63,-80.6,-155.2,978.8,-6.57,-14.78,3.4,31.03
85320,0,3.09,6.12,57.33,-37.2,-102.1,984.4,-20.1,-8.22,1.65,31.02
85340,0,0,5.7,30.48,-127.1,-126.5,999.8,-28.39,-16.39,5.5,30.79
85360,1.12,0.77,6.09,23.64,-136.5,4.1,1003.0,-30.88,-2.82,1.99,30.54
85380,5.15,4.73,7.18,10.88,-217.8,-60.6,1009.7,-38.01,-8.12,1.28,30.67
85400,0,0,0,9.29,-159.8,-3.7,1021.9,-40.03,-10.43,1.81,30.39
85420,4.19,5.24,0,0.11,-135.9,-111.4,1021.6,-38.45,3.54,-3.2,29.71
85440,6.48,0,4.1,4.94,-114.3,-0.5,1013.5,-38.67,3.74,-3.67,29.97
85460,0,0,6.28,0,-111.6,142.8,934.2,-35.7,4.43,-1.72,29.44
85480,3.21,1.86,4.28,0,-88.9,62.3,998.0,-30.39,24.38,-5.97,29.37
85500,0,3.11,0,1.18,11.2,176.8,1019.1,-19.28,13.09,-3.16,29.05
85520,2.49,7.22,2.16,0,7.8,161.2,1008.0,-10.31,23.61,-3.16,28.52
85540,0,1.68,0,0,3.8,135.8,1041.5,-5.22,14.21,-3.02,27.9
85560,80.67,25.54,5.55,0,63.7,182.3,988.9,1.5,11.28,-0.12,28.16
85580,72.96,39.97,12.54,2.73,46.0,116.3,946.4,15.16,17.24,5.17,28.41
85600,50.03,45.65,23.2,0,29.6,89.3,940.8,19.9,18.96,6.75,28.69
85620,28.43,54.91,28.63,3.02,-12.1,108.3,866.1,23.6,10.22,5.04,28.86
85640,12.71,57.37,40.93,0,3.4,93.6,855.7,28.54,19.27,2.79,29.79
85660,6.42,47.32,53.09,2.25,94.7,71.6,830.6,39.47,7.42,5.52,29.5
85680,0,44.97,71.86,1.91,44.4,19.0,802.7,41.36,0.81,1.9,29.91
85700,1.81,36.73,82.99,5.79,137.3,9.0,791.7,43.92,-0.76,0.23,30.13
85720,0.72,26.14,85.01,6.44,139.5,-150.7,848.1,41.78,1.03,-3.64,30.48
85740,0,16.65,87.03,17.45,68.1,-76.3,795.6,38.72,-7.24,-4.21,30.68
85760,5.8,8.77,76.93,32.15,129.5,-54.1,880.5,32.09,-13.37,-6.58,31.07
85780,0.53,2.4,61.66,45.7,126.4,-166.4,932.1,17.2,-12.69,-4.04,30.9
85800,7.42,2.97,44.87,51.8,27.8,-144.6,897.6,14.72,-17.94,0.19,30.99
85820,4.19,0,34.7,64.91,-1.4,-235.8,958.0,9.28,-19.46,0.08,30.88
85840,0,0,21.5,59.21,-58.4,-160.0,929.8,-2.78,-25.2,-0.85,31.06
85860,1.78,0,13.86,59.37,-81.4,-69.7,1038.0,-10.24,-16.94,5.84,31.14
85880,0,0,10.07,49.76,-3.6,-166.3,993.9,-26.77,-13.33,3.52,31.1
85900,0,1.23,6.5,35.72,-42.3,-79.3,988.8,-24.64,-10.84,3.0,30.68
85920,0,0.58,3.29,20.51,-198.7,4.8,995.3,-31.21,-14.18,5.38,30.68
85940,0,0,0.91,16.57,-67.9,28.5,1011.4,-39.39,-0.87,0.42,30.6
85960,0,0,0.19,11.63,-39.1,-76.5,1046.6,-34.62,-12.24,1.32,30.35
85980,0,3.54,4.29,0,-141.8,2.6,1000.1,-41.39,-2.01,0.8,30.26
86000,0,0,0.49,1.11,-138.7,71.5,955.2,-37.45,17.22,-3.42,29.41
86020,0.76,0,1.31,0,-52.4,47.9,1028.3,-34.61,13.45,-4.01,29.6
86040,0,0,0,2.13,-65.1,-19.1,999.0,-26.62,8.69,-8.4,29.13
86060,1.87,0,1.5,4.38,-27.3,109.6,963.0,-19.97,16.73,-6.04,28.73
86080,3.61,0,0,4.17,13.9,107.4,984.1,-11.43,14.65,-3.47,28.82
86100,0,0,0,4.39,-17.3,138.3,985.6,-5.09,17.83,-1.38,28.38
86120,77.34,23.9,2.86,0,43.1,-5.3,948.3,3.59,15.92,3.42,28.29
86140,64.18,46.62,15.54,0,133.8,229.9,957.4,13.68,24.28,1.66,28.57
86160,44.85,51.35,26.98,0,57.1,151.7,857.6,23.04,13.79,3.35,28.7
86180,24.78,50.51,32.21,0,13.9,125.6,863.6,25.67,7.62,4.82,29.37
86200,11.66,58.82,50.35,2.0,75.4,69.6,802.0,32.7,8.5,2.93,29.07
86220,1.74,48.8,62.46,1.11,183.6,47.3,836.9,36.5,8.64,5.38,29.77
86240,2.66,41.71,72.61,1.07,141.0,25.3,789.0,42.65,-5.74,0.29,29.93
86260,0,31.67,78.68,3.84,33.8,-25.3,804.9,42.53,-2.79,-4.5,30.54
86280,0.45,22.38,80.43,11.57,142.3,-86.8,805.4,35.95,-13.7,-0.45,30.77
86300,0,13.04,79.87,23.25,81.8,-24.5,825.6,35.42,-8.29,-4.8,30.59
86320,0,6.26,73.39,30.38,159.2,-91.5,862.9,26.71,-15.14,-3.48,30.67
86340,1.07,1.77,57.96,41.74,-12.6,-162.5,876.7,20.49,-24.64,-1.34,30.63
86360,0,0,43.97,58.19,85.4,-88.7,907.3,11.67,-7.6,-4.83,31.05
86380,4.0,2.74,27.19,66.06,60.9,-120.8,935.8,6.09,-13.49,0.1,30.93
86400,5.99,0,18.12,62.46,81.4,-220.6,1019.8,-6.17,-28.78,-2.59,31.17
86420,0,1.55,10.58,57.97,86.4,-74.2,1010.8,-20.16,-16.15,2.29,31.21
86440,0,0.84,6.13,48.24,-118.0,-129.5,1059.5,-19.71,-11.32,4.75,30.58
86460,2.83,0.61,0,33.71,-124.2,-112.2,1028.2,-30.79,-17.12,6.64,30.91
86480,2.07,6.93,0.58,19.18,-34.0,-148.7,1018.7,-29.61,-11.9,5.41,30.45
86500,0.11,4.23,0,10.21,-101.1,-89.1,1005.3,-40.77,-7.37,3.38,30.78
86520,0,2.99,0.84,6.05,-87.0,-34.6,1004.2,-44.68,3.18,1.25,30.05
86540,5.75,4.61,0,3.72,1.6,107.3,1015.8,-40.14,-4.64,-0.56,29.5
86560,0,0.87,1.26,1.05,-111.7,143.8,978.7,-32.32,8.24,-3.93,29.42
86580,3.0,1.56,5.57,0.51,-45.3,58.3,1001.6,-32.71,11.32,-1.84,29.51
86600,0.07,0,0,4.52,-157.0,57.1,1040.4,-26.34,10.65,-0.73,28.7
86620,2.11,3.0,1.55,2.13,9.1,165.2,1023.9,-21.24,16.69,-4.83,28.63
86640,0,0.16,2.82,0,-73.1,174.6,999.3,-7.82,20.29,2.19,28.22
86660,1.96,0.59,0,0,15.5,112.8,980.0,-3.26,19.42,1.12,28.23
86680,68.5,27.4,8.09,0,86.6,120.4,947.5,7.44,20.37,0.32,28.33
86700,63.4,48.71,12.79,0,-41.5,163.7,955.9,17.28,14.03,3.33,28.59
86720,37.08,48.23,18.68,0,17.3,177.8,863.7,22.94,29.4,5.15,28.92
86740,20.22,59.4,34.53,1.15,104.3,101.7,876.8,27.87,12.15,7.97,28.81
86760,15.87,54.99,46.81,4.36,205.2,112.7,826.3,36.6,5.54,4.44,29.24
86780,0.2,46.67,63.49,0,120.2,84.6,767.6,36.86,8.37,3.08,29.68
86800,2.2,34.84,74.55,0,102.8,78.7,808.9,42.61,-5.0,4.79,29.82
86820,3.59,27.52,88.95,9.1,210.9,40.2,777.8,35.84,1.9,-3.74,30.05
86840,0,18.47,86.65,11.36,28.2,-74.3,772.8,37.73,-3.85,-4.3,30.16
86860,1.93,2.23,82.04,27.68,46.4,-83.0,817.6,31.7,-7.42,-1.46,30.6
86880,0,6.94,70.39,33.56,110.7,-87.6,838.6,26.92,-12.61,-8.27,30.9
86900,4.06,3.99,55.47,50.15,16.8,-155.4,936.3,18.89,-7.87,-4.38,31.02
86920,0,5.26,38.18,58.7,108.1,-94.1,928.8,12.43,-14.27,-3.91,31.07
86940,0.97,0,25.05,62.59,-30.4,-153.3,993.8,3.05,-23.7,-1.26,30.72
86960,0,5.17,13.45,58.65,36.1,-128.8,1015.9,-5.71,-18.13,1.86,30.89
86980,0,0,8.36,56.11,-99.2,-105.1,1012.0,-15.73,-19.82,2.09,30.98
87000,8.85,0.45,8.29,43.42,-115.4,-86.6,1001.2,-20.59,-14.51,3.95,31.2
87020,0,0,5.52,35.47,-67.0,-129.0,1016.6,-30.95,-9.64,4.58,30.87
87040,0,0,0,22.83,-61.9,-84.1,985.4,-31.83,-12.27,-0.96,30.47
87060,0,0,0,13.04,-168.8,42.3,1026.9,-39.17,-6.3,2.56,30.3
87080,0,0.35,0.08,4.55,-151.7,50.9,955.9,-38.12,3.34,-0.02,29.95
87100,0,0,0,1.01,-97.0,-57.3,1031.1,-33.84,3.02,-4.24,30.25
87120,2.89,2.65,0.67,4.18,-89.4,23.2,968.6,-39.26,10.03,-4.65,29.36
87140,0,0,0,0,-48.2,91.4,948.3,-29.95,10.65,-6.5,29.59
87160,2.27,0,0.79,1.59,-39.8,100.5,1017.8,-31.49,22.13,-4.75,28.91
87180,0.57,0,0,3.07,-65.5,73.3,972.5,-18.56,20.45,-6.14,28.74
87200,1.6,0,0,2.0,8.1,202.5,1010.5,-7.95,11.56,-0.2,28.45
87220,0,0,2.67,0.36,-29.8,206.9,996.8,-3.04,14.57,-4.27,28.1
87240,73.38,32.59,7.21,3.73,3.4,134.3,926.4,-0.31,18.98,3.82,28.33
87260,52.17,43.91,16.03,4.57,49.0,193.9,946.4,15.51,16.35,4.77,28.62
87280,35.89,55.04,26.56,0,132.2,22.3,844.0,27.98,23.05,4.65,29.24
87300,23.98,60.85,36.26,1.2,115.3,80.8,905.1,26.38,22.94,8.37,28.86
87320,3.33,53.93,57.4,0,126.4,79.2,775.2,33.08,9.45,2.85,29.8
87340,6.9,49.39,62.82,0.54,85.2,-35.7,786.3,34.66,4.31,1.5,29.82
87360,1.64,37.15,83.5,3.33,188.0,-8.2,811.3,37.46,6.68,-0.8,30.35
87380,2.12,24.52,84.16,10.59,187.9,-27.8,761.9,36.73,-15.21,0.97,30.27
87400,0.6,13.28,84.96,13.0,119.5,-109.8,793.1,40.45,-6.55,-2.45,30.23
87420,0,6.87,78.42,28.64,154.0,-69.1,856.0,29.71,-9.75,-4.7,30.9
87440,1.6,4.38,69.54,38.53,-23.7,-89.9,927.2,23.77,-11.46,-7.92,31.16
87460,4.29,6.05,50.8,47.49,16.2,-163.9,921.2,16.8,-20.04,-4.61,30.74
87480,0.6,4.78,39.68,59.73,88.7,-133.0,890.0,3.21,-14.88,-2.15,30.93
87500,0,0,21.21,66.46,-76.6,-96.9,1013.6,6.11,-19.85,-3.92,30.8
87520,2.34,0,11.77,59.15,34.2,-169.5,922.3,-12.02,-18.67,0.91,30.86
87540,0,0,9.9,51.03,17.2,-124.7,1024.2,-15.05,-14.31,1.31,30.76
87560,0,3.91,0.03,35.95,-69.3,-88.3,950.6,-29.07,-21.73,2.97,31.17
87580,1.48,0,0,22.29,-41.6,-121.2,981.6,-33.24,-10.21,5.39,30.43
87600,0,2.75,0.57,15.14,-70.8,-120.7,949.4,-32.46,-18.12,4.19,30.67
87620,2.19,2.19,5.09,4.43,-80.0,-77.7,1012.6,-40.13,6.0,1.77,30.13
87640,0.54,3.41,0,8.69,-34.4,19.1,973.7,-37.31,3.15,2.24,30.43
87660,0.13,2.04,0.55,5.03,-187.2,54.1,1026.0,-39.09,7.03,-5.85,29.62
87680,1.12,0,0,0,-72.1,61.7,971.6,-41.56,10.73,-2.53,29.74
87700,0,2.35,0,1.59,-72.8,69.0,998.2,-25.18,13.76,-4.85,29.38
87720,2.3,0,7.54,0,-54.7,182.5,983.3,-23.91,24.26,-6.59,29.06
87740,0,0,5.02,0,11.5,193.0,999.8,-19.71,19.79,-3.7,28.37
87760,0.65,5.17,1.56,0,-97.9,194.2,1028.8,-10.53,14.04,-2.85,28.55
87780,78.74,25.03,8.54,2.37,-115.2,209.9,976.3,-3.35,23.53,-0.97,28.01
87800,69.6,35.98,9.27,0.73,-34.7,-14.1,992.3,9.2,12.04,1.58,28.51
87820,54.87,43.53,14.29,0,92.8,173.2,876.4,19.84,21.72,3.37,28.45
87840,32.72,55.41,30.49,6.43,132.3,191.8,864.8,28.62,18.45,6.14,29.08
87860,10.49,48.9,38.53,0,69.3,4.1,878.6,32.25,2.23,2.86,29.01
87880,9.9,55.63,58.51,0.12,49.5,5.3,831.6,39.08,18.05,3.07,29.49
87900,0.42,46.8,72.55,0,110.3,47.4,779.9,40.74,3.56,-0.36,30.09
87920,0,34.82,79.71,7.28,82.4,-12.8,811.0,42.49,8.99,-2.1,30.3
87940,0,21.97,86.94,1.38,90.3,-30.9,836.7,38.78,-9.77,1.33,30.11
87960,0,11.94,88.4,19.15,136.2,-23.5,820.5,35.08,-4.81,-3.55,30.53
87980,0,5.56,79.98,34.21,124.3,-109.4,791.5,33.15,-21.47,-4.44,31.09
88000,0,7.96,64.31,39.77,27.8,-193.3,860.8,29.59,-19.37,-5.17,31.07
88020,0,3.79,42.4,55.54,-8.8,-122.8,909.5,16.3,-17.83,-7.28,30.67
88040,4.54,0.77,34.64,57.63,93.0,-106.8,968.3,9.83,-17.04,-2.07,30.97
88060,0,0,26.85,63.73,12.4,-158.6,1018.6,-2.33,-18.05,0.23,31.06
88080,0,0,16.63,67.86,14.6,-126.8,1034.1,-13.49,-10.73,3.44,31.11
88100,0,0,6.92,49.05,-80.5,-137.6,1040.7,-22.62,-19.45,1.92,30.68
88120,0,4.58,5.75,33.5,-129.3,-108.0,956.5,-21.93,-21.03,6.13,30.48
88140,4.95,0,0.03,26.47,-16.1,-148.8,983.1,-31.06,-7.05,9.85,30.68
88160,7.42,0,1.37,10.94,-117.6,-10.1,1051.9,-34.63,-5.16,2.76,30.59
88180,2.89,5.08,0.59,8.26,-112.8,-19.7,980.4,-38.76,1.43,0.16,30.14
88200,2.46,0,0,0.82,-136.5,0.0,954.5,-39.07,10.27,-1.2,30.06
88220,0,3.22,0,0,17.0,-94.9,980.3,-36.59,-4.0,-1.99,29.5
88240,0,0,0.29,0.17,-79.8,-14.2,1017.4,-35.67,1.93,-7.21,29.53
88260,0,1.38,2.5,0.75,-35.3,151.5,991.8,-34.05,15.92,-6.42,29.04
88280,0,2.96,0.7,0,-23.2,50.6,1012.6,-26.01,12.05,-6.24,28.75
88300,0,0,0,0,-35.0,200.6,992.5,-16.78,15.57,-6.89,28.68
88320,0.75,0,4.54,3.98,-108.1,292.0,1025.5,-5.15,15.96,-3.5,28.09
88340,79.23,26.37,8.51,0,62.5,117.0,1009.4,-3.56,19.99,3.56,28.23
88360,64.69,35.75,13.54,0,17.2,139.1,934.4,14.29,22.66,5.84,28.39
88380,47.5,46.66,16.62,4.17,4.4,111.8,874.5,15.51,18.34,4.55,28.71
88400,26.05,54.55,30.16,2.19,105.4,-3.3,841.3,29.25,17.21,2.85,29.4
88420,12.48,57.92,49.73,0.18,170.9,29.0,797.1,31.87,8.92,4.34,29.4
88440,2.68,59.23,63.94,2.19,66.5,118.4,765.6,39.03,-0.04,2.63,29.85
88460,0,44.35,74.33,2.72,67.2,111.7,798.5,36.74,-1.44,2.39,29.91
88480,0,31.41,80.17,6.48,19.0,-25.4,779.8,40.12,-3.98,0.83,30.22
88500,0,20.58,83.31,10.52,42.9,-207.3,787.6,38.61,-4.25,-7.84,30.79
88520,1.74,12.29,80.42,22.63,125.1,-75.2,810.5,34.69,-17.85,1.67,30.81
88540,1.19,5.18,69.25,28.43,120.1,-160.3,906.8,33.47,-19.88,-2.01,30.98
88560,0,0.44,63.57,39.86,93.5,-143.2,885.0,20.03,-19.27,-3.59,30.89
88580,1.32,4.71,44.66,59.09,35.4,-106.8,914.8,13.33,-15.6,-1.03,30.89
88600,0,6.94,30.82,65.91,-45.2,-126.1,990.6,4.77,-16.36,-2.94,30.94
88620,0,2.07,19.3,65.47,42.9,-156.2,974.3,-4.08,-24.59,-0.62,30.55
88640,0,5.45,7.65,58.74,13.0,-259.6,991.6,-9.01,-22.53,2.61,30.81
88660,4.33,0,6.48,50.7,-84.0,-115.0,1007.5,-16.74,-16.53,9.4,31.04
88680,0,0,4.13,34.02,-4.4,-132.3,971.3,-34.55,-19.47,5.71,30.76
88700,0.87,0,0.62,17.82,-75.5,-70.8,1011.1,-33.61,-18.17,6.33,30.38
88720,2.26,0.96,4.99,8.93,-44.5,-125.7,985.1,-37.31,-10.49,5.77,30.67
88740,0,0,0,6.82,-81.5,-15.4,991.5,-40.43,-0.99,-1.5,30.32
88760,0,0,0,0,-168.5,-70.0,929.0,-41.68,-1.98,0.04,30.33
88780,6.58,0,0.05,1.2,-109.0,-0.5,963.5,-38.58,-1.06,-3.34,29.63
88800,0,0.12,2.21,0.99,-74.1,112.4,1011.7,-40.19,5.53,-1.26,29.09
88820,0,0,1.75,0.14,-42.5,174.4,994.9,-26.55,6.0,-4.57,28.6
88840,1.31,0,2.29,5.48,44.4,138.4,1001.8,-21.6,22.49,-1.72,28.74
88860,2.89,0.55,0,4.0,31.6,160.5,998.7,-16.71,22.01,-4.43,28.46
88880,3.21,0.2,4.38,5.14,-11.4,229.6,1010.5,-4.16,12.97,-0.39,28.13
88900,76.72,29.36,8.34,0,52.8,178.9,999.8,0.43,21.33,-2.1,27.9
88920,63.78,37.89,21.31,0,-45.8,192.8,943.3,16.92,24.84,0.77,28.55
88940,42.51,48.8,19.75,0,50.7,149.5,871.3,22.44,18.84,4.54,28.58
88960,24.33,55.78,37.25,8.8,104.6,19.3,851.1,33.35,23.67,6.1,29.16
88980,12.79,56.48,48.89,7.0,-26.1,31.5,859.0,28.38,10.87,3.04,29.82
89000,6.62,53.97,63.17,0,160.5,87.3,791.8,38.66,6.03,1.43,29.45
89020,0,42.4,71.35,4.81,227.4,-14.2,794.3,40.25,3.85,0.88,30.03
89040,7.31,35.88,81.51,6.41,143.1,97.6,780.7,45.41,-3.75,1.1,30.26
89060,0,21.48,83.65,11.54,143.4,-28.0,843.0,35.69,-7.85,-3.73,30.45
89080,2.68,10.54,83.96,20.72,126.1,-182.4,859.1,30.95,-19.96,-5.97,30.75
89100,0,5.57,71.09,35.04,-7.3,-159.0,881.1,31.53,-14.89,-1.99,30.31
89120,0,0.35,56.59,49.58,18.9,-132.2,876.7,27.09,-7.73,-1.98,30.89
89140,1.62,0.89,38.56,60.06,5.4,-183.0,945.9,10.31,-8.48,-4.23,30.97
89160,0,0,29.63,62.56,25.2,-166.7,948.3,4.37,-10.98,-1.7,30.96
89180,0,3.62,17.92,69.32,146.9,-203.6,993.8,-4.24,-16.01,1.0,31.05
89200,0.27,0.86,14.95,57.11,-52.5,-100.3,993.0,-11.62,-19.19,3.16,31.14
89220,0,1.14,4.92,45.74,-48.2,-235.7,994.3,-19.66,-7.56,3.37,30.77
89240,0,0,6.35,28.26,16.7,-108.7,1025.2,-25.67,-6.28,4.99,30.61
89260,0,2.45,0,18.46,-67.4,-121.2,1028.4,-35.5,-10.59,2.77,30.88
89280,0,0.16,4.75,11.76,-112.7,-50.7,958.6,-29.54,-12.59,3.3,30.42
89300,0,0,0,0,-243.9,-52.0,1007.3,-39.21,1.9,-0.37,29.94
89320,0,0,0.42,0.38,-126.4,-4.5,1019.8,-42.89,5.82,-3.23,29.86
89340,0,3.77,0,0,-111.4,-3.4,1026.7,-38.27,2.74,-4.31,29.69
89360,1.15,0.78,0,2.12,4.7,70.0,976.8,-33.17,26.27,-6.52,29.55
89380,0,0.43,4.55,3.09,-83.5,145.8,965.8,-23.47,7.8,-8.08,28.89
89400,1.79,0,2.68,2.06,-64.6,106.9,993.9,-26.34,20.42,-2.35,28.53
89420,4.71,0,3.51,2.2,-58.3,138.7,922.0,-11.1,25.42,-5.33,28.47
89440,5.05,0,0,0,-13.5,176.9,1016.9,1.59,22.84,-0.36,28.3
89460,72.66,28.03,2.27,0,-33.6,208.6,989.8,9.69,15.93,2.33,27.92
89480,62.68,47.39,13.05,0,78.6,114.7,940.4,13.03,26.88,2.42,28.62
89500,34.53,52.09,21.78,3.79,99.3,149.1,897.3,25.09,20.31,2.22,29.0
89520,19.48,54.85,35.48,0,35.2,-4.2,841.6,25.88,18.82,4.21,29.12
89540,6.77,52.63,52.66,0,137.4,60.1,780.2,40.92,4.61,2.36,29.59
89560,2.57,50.94,65.71,5.81,117.3,67.1,803.4,41.66,0.27,5.02,29.87
89580,0.41,37.74,82.68,0,195.5,-1.2,784.2,36.21,6.57,1.37,30.44
89600,0.2,27.87,87.93,14.81,125.7,-11.6,794.6,36.93,-3.16,-5.22,30.24
89620,0,17.24,82.85,17.53,127.0,-74.2,821.8,35.88,-8.04,-1.25,30.9
89640,2.57,4.26,81.06,29.8,69.8,-77.3,796.2,34.52,-6.67,-6.52,30.47
89660,0,5.31,67.82,40.79,87.1,-85.9,852.9,18.28,-8.46,-1.36,30.68
89680,0,4.59,55.85,48.84,38.2,-40.5,978.8,16.47,-18.88,-6.7,30.84
89700,1.42,0,37.37,56.53,30.5,-27.4,952.5,9.84,-11.57,-3.88,30.86
89720,0,0,27.09,64.03,87.9,-95.0,981.6,1.83,-19.64,-1.39,31.38
89740,0,0.6,16.64,60.69,77.9,-189.3,1037.8,-7.35,-16.66,5.28,31.0
89760,1.08,5.35,15.49,53.59,-16.9,-172.1,945.5,-20.77,-14.25,2.1,31.09
89780,2.62,0,4.36,37.37,-106.0,-109.6,982.5,-25.98,-15.37,7.57,30.85
89800,1.81,8.17,1.64,25.48,74.4,-73.4,1017.9,-36.4,-23.58,6.33,30.7
89820,0,0.11,3.81,17.07,-89.7,-79.7,1003.5,-35.2,-14.39,5.47,30.37
89840,0,0,1.92,15.61,-41.0,-19.3,1044.8,-38.94,-5.44,0.78,30.24
89860,0.75,0,0,2.51,-135.1,-89.0,1034.3,-41.74,-2.25,-1.57,30.49
89880,3.13,6.55,0,1.83,-45.6,-17.6,978.5,-40.77,2.39,-4.07,29.89
89900,2.24,0,0.32,1.7,-180.4,63.6,1005.9,-39.49,14.96,-3.95,29.86
89920,4.55,0.24,0,3.82,-60.3,84.4,996.2,-34.74,20.79,-7.56,29.52
89940,2.49,0.78,1.29,0,-35.4,187.7,995.2,-25.75,19.27,-1.47,29.24
89960,0.77,0,0.18,4.18,-41.5,128.2,981.7,-19.83,22.61,-1.86,29.09
89980,1.95,0,1.27,5.26,-25.5,157.1,966.5,-8.48,22.36,-1.03,28.25
90000,79.36,24.18,6.98,0,10.2,162.7,945.4,-0.62,12.17,3.99,27.93
90020,64.87,28.64,12.88,2.5,50.1,107.6,972.2,16.92,20.0,2.98,28.36
90040,55.91,46.73,20.48,0,83.5,75.1,884.5,15.35,9.28,2.7,28.75
90060,35.76,55.67,22.61,0,-58.1,147.3,885.0,26.56,20.29,4.67,29.08
90080,18.82,58.8,41.41,0,130.9,33.5,870.4,30.65,10.75,3.82,29.41
90100,6.19,60.96,57.88,0,53.1,65.4,835.5,33.49,5.62,5.67,29.7
90120,3.06,47.68,66.75,1.98,91.9,13.8,789.2,39.02,2.48,4.68,29.9
90140,6.22,35.62,77.43,4.27,61.9,-31.2,835.7,36.49,8.82,-0.59,30.05
90160,0,22.55,85.9,6.67,66.8,-101.0,774.1,39.0,0.21,-2.29,30.18
90180,1.88,15.41,84.26,18.99,32.2,42.8,813.3,37.4,-5.99,-4.21,30.78
90200,0,5.79,68.31,24.4,54.9,-92.6,808.6,37.23,-11.65,-6.17,30.75
90220,0,4.83,65.19,39.09,186.9,-77.4,831.8,20.17,-16.75,-5.64,30.77
90240,0,5.93,54.18,52.41,145.6,-178.4,953.7,11.98,-19.68,-3.58,30.95
90260,0,0.51,37.74,64.79,50.8,-206.0,996.3,6.1,-12.25,1.88,31.31
90280,1.48,1.29,25.73,63.5,12.0,-188.1,990.1,3.77,-22.89,1.63,30.86
90300,0,0.1,14.23,55.76,-53.9,-51.2,1023.1,-8.6,-24.92,5.38,30.97
90320,3.49,0.89,12.16,52.29,-128.3,-116.2,1012.1,-15.56,-13.98,0.98,31.12
90340,2.06,0,3.59,32.37,-80.3,-28.4,960.3,-30.1,-13.77,4.26,30.92
90360,0,0,0,22.24,21.2,-100.1,983.2,-33.71,-14.31,2.07,30.61
90380,4.52,1.84,3.23,10.51,39.6,-41.2,1034.7,-38.86,-6.78,2.77,30.57
90400,5.12,2.69,0,9.61,-48.7,36.4,1040.4,-34.35,-3.48,-0.48,29.96
90420,0,0,2.94,1.45,-64.8,70.4,1007.2,-38.46,6.9,1.59,30.2
90440,0,5.21,0,5.26,-66.5,36.9,967.7,-43.39,12.75,-1.18,29.57
90460,0,0.81,1.0,0,-89.6,25.4,975.9,-37.01,7.71,-2.42,29.57
90480,1.8,0,2.29,0,-36.2,88.2,999.3,-26.65,10.32,-4.75,28.65
90500,0,1.03,1.71,1.35,11.6,158.9,970.0,-19.95,18.41,-7.0,29.16
90520,0,4.79,0,0,-72.8,167.2,1015.5,-15.68,18.83,-3.91,28.72
90540,0,0,0,0,-39.8,149.0,976.0,-7.75,10.73,-4.71,28.31
90560,76.75,26.21,5.63,0,-45.6,92.3,963.5,5.62,21.84,-1.83,28.39
90580,68.27,32.31,14.93,0,-38.8,102.2,951.7,9.6,21.28,1.84,28.36
90600,47.22,47.19,19.09,0,48.8,210.7,875.3,20.84,18.81,6.67,28.66
90620,30.91,55.1,29.14,0,126.0,197.5,858.6,23.27,5.52,6.12,29.06
90640,23.83,55.25,46.81,0,103.0,109.9,791.1,28.76,9.41,2.83,29.61
90660,3.38,56.95,51.6,0.86,114.9,110.9,789.1,40.53,9.61,4.27,29.78
90680,4.61,44.86,72.04,0.61,148.5,-30.9,806.8,39.41,7.73,1.37,29.91
90700,0.19,32.67,83.71,3.93,5.4,-23.7,747.4,34.64,3.92,-2.35,30.24
90720,2.95,15.31,84.69,5.93,137.3,-94.1,759.4,40.23,-0.78,-2.01,30.56
90740,0,11.85,80.41,21.66,83.1,-41.3,856.0,33.3,-11.39,-3.88,30.74
90760,1.35,3.09,73.25,25.69,93.1,-116.0,807.5,25.47,-15.52,-5.08,30.81
90780,5.84,6.82,62.27,46.59,79.3,-158.9,900.9,25.67,-25.51,-5.79,31.01
90800,0,6.13,47.24,56.45,124.3,-87.4,902.7,16.94,-20.91,-4.58,31.38
90820,0,0.32,29.19,63.5,-21.7,-208.5,968.0,6.38,-24.87,1.19,31.14
90840,7.77,1.21,20.11,61.64,61.3,-138.1,984.7,-1.24,-22.41,0.08,31.16
90860,0.9,0.91,15.57,56.45,-53.5,-164.8,949.6,-12.85,-23.44,3.55,31.06
90880,0,0,8.16,49.67,-101.1,-195.1,993.9,-20.23,-16.18,4.41,31.01
90900,2.89,0,9.25,37.39,-195.2,-122.4,1046.3,-22.19,-15.09,4.72,30.51
90920,0.53,0,0,20.71,-91.8,-186.0,998.9,-33.2,-7.46,1.99,30.58
90940,0,2.42,0,9.02,17.3,-8.5,1044.6,-34.76,-4.28,5.03,30.63
90960,0,0,0,4.49,-53.7,-90.7,1030.6,-35.86,-3.03,-0.53,30.1
90980,5.23,3.69,0,0,-101.9,13.6,1006.4,-34.78,-0.12,-0.72,30.17
91000,2.18,3.73,0,4.67,-93.5,-1.6,972.2,-30.35,0.63,-0.83,30.19
91020,0,0.95,0,0,-57.1,131.7,986.6,-38.38,18.14,-4.02,29.11
91040,0,0,1.26,1.18,-16.9,198.5,997.3,-24.67,12.11,-4.85,29.11
91060,1.29,0,0.45,0,-5.9,148.3,992.7,-17.77,16.57,-2.0,29.05
91080,0,0,0,0,-44.1,171.6,1002.1,-17.35,25.06,-3.78,28.29
91100,0,0.33,0,2.82,31.2,132.6,989.1,-5.01,17.06,-0.45,28.23
91120,77.99,28.21,3.49,1.65,-2.1,165.5,983.7,5.89,18.09,-0.33,28.19
91140,62.54,37.17,14.54,5.74,45.6,180.2,872.6,17.62,16.53,5.38,28.25
91160,43.77,44.11,21.63,0,117.8,84.2,922.2,22.91,13.89,4.6,28.92
91180,30.91,55.25,32.73,0,123.6,190.1,845.5,27.81,22.76,5.15,29.17
91200,11.75,57.18,50.43,0.56,55.3,90.0,843.6,30.47,2.63,3.73,29.58
91220,1.55,48.71,61.93,2.36,187.6,55.8,823.5,34.69,12.67,3.7,29.77
91240,6.82,44.78,71.35,0.38,115.1,88.5,852.0,42.88,9.09,-0.98,30.0
91260,0,31.33,86.24,8.0,83.4,3.9,837.4,40.72,-7.27,-1.15,30.17
91280,0,19.76,82.8,18.32,86.9,-23.1,784.8,37.44,-13.82,-2.13,30.35
91300,0,9.2,80.3,20.1,-9.2,-96.5,871.4,28.7,-5.93,-3.07,30.63
91320,0,5.6,72.39,32.4,96.1,-100.9,834.7,29.36,-8.56,-3.75,30.41
91340,1.97,4.58,53.54,45.72,117.6,-123.1,896.3,13.38,-14.53,-3.48,30.6
91360,1.43,0,36.85,59.11,67.9,-150.0,974.3,12.03,-17.73,-0.91,30.85
91380,0,0,25.42,57.44,-107.9,-175.8,961.8,-1.36,-17.82,1.24,30.94
91400,0,0,17.04,62.83,-64.1,-136.5,1015.6,-7.72,-21.74,0.4,30.51
91420,3.15,4.43,8.75,62.24,-42.7,-121.3,943.7,-13.25,-18.54,2.53,31.02
91440,3.5,3.89,6.77,44.02,-38.5,-98.7,1032.2,-16.5,-20.35,11.67,30.92
91460,3.85,5.52,1.93,31.95,-43.4,-142.1,964.8,-33.45,-16.8,2.84,30.64
91480,0,0,6.8,21.45,-180.3,-113.9,979.7,-33.26,-7.1,3.59,30.56
91500,1.88,0,0,15.19,-39.8,-34.5,1020.1,-36.94,-6.3,-0.3,30.49
91520,2.52,8.59,1.39,8.14,-198.2,-11.5,996.6,-45.1,3.08,2.03,30.32
91540,0,0,0,5.63,-87.7,25.8,1001.7,-37.77,-0.73,-1.81,30.09
91560,0,3.05,0,2.19,-89.3,69.4,954.8,-37.44,13.38,1.78,30.01
91580,3.7,7.07,0.05,0,57.0,52.1,994.8,-31.92,19.19,-7.86,29.84
91600,0,4.51,0,1.06,-59.3,17.5,986.6,-23.69,12.97,-5.67,29.17
91620,0,3.65,0,1.42,-81.3,62.4,1004.3,-19.82,13.44,-2.89,28.66
91640,1.52,4.63,1.83,0.35,37.3,186.1,1004.6,-11.29,14.98,-2.47,28.45
91660,0.49,0.71,0.36,0,28.4,120.2,986.9,-3.99,18.79,-5.68,28.27
91680,69.43,28.5,9.09,2.0,8.1,144.0,965.9,-1.01,14.85,-0.75,28.45
91700,59.34,45.76,14.44,0,92.5,132.8,929.7,14.9,28.82,2.68,28.7
91720,35.2,47.08,21.69,1.78,69.3,56.0,858.1,23.8,17.16,8.78,28.9
91740,22.88,56.78,33.38,1.07,55.5,53.8,866.2,32.57,17.94,7.4,29.1
91760,10.74,53.51,46.17,0,3.4,117.3,849.4,36.0,9.1,2.0,29.37
91780,5.39,49.31,61.18,1.49,137.7,37.0,836.7,39.51,11.37,3.19,29.59
91800,7.32,45.9,75.28,4.51,25.6,-31.4,762.4,38.39,-8.59,-1.46,30.04
91820,2.81,32.05,83.21,6.27,151.7,-82.2,817.5,39.27,-1.71,-2.43,30.27
91840,0,21.89,86.33,10.3,86.9,-70.9,808.2,35.66,-7.77,-5.7,30.49
91860,0,11.76,82.64,24.16,80.7,-126.5,814.7,33.96,-11.53,-5.98,30.48
91880,2.41,1.74,62.33,41.07,-21.6,-131.2,888.3,31.92,-11.63,-1.35,30.85
91900,0.28,0,52.47,48.12,96.8,-188.9,919.9,18.06,-16.06,-2.08,30.87
91920,0.68,2.05,39.87,59.07,75.5,-203.0,939.2,10.9,-18.97,2.57,31.23
91940,3.31,2.6,29.91,70.2,39.7,-94.9,977.1,3.82,-22.44,0.88,30.7
91960,1.44,2.45,14.37,62.74,130.7,-108.0,1007.2,-6.52,-4.29,3.24,30.81
91980,0.81,0,13.74,56.59,-67.8,-130.6,1003.6,-17.54,-21.03,2.57,30.86
92000,0,1.63,8.57,38.93,-107.3,-200.0,1008.6,-23.31,-20.07,4.03,30.99
92020,0,0,2.9,26.08,-135.9,-123.1,982.4,-28.24,-11.16,3.3,30.77
92040,0.71,0,0,16.99,-182.1,-55.2,976.3,-32.58,-11.44,1.58,31.02
92060,0.97,0.43,0,5.7,-110.6,-87.1,1031.5,-34.52,-4.49,4.07,30.35
92080,3.34,2.13,5.2,0.7,-120.0,8.8,1025.9,-36.68,-0.07,0.57,30.08
92100,1.37,0,0,6.75,-162.7,50.4,992.3,-40.54,13.73,-0.25,30.19
92120,0,3.61,4.73,3.08,-160.5,56.9,1016.0,-42.67,5.94,-0.27,29.57
92140,0,5.24,3.97,0,-150.9,164.8,1024.7,-31.36,15.83,-6.54,29.26
92160,0,0,0.54,0,-31.0,170.3,986.8,-23.68,16.29,-6.87,28.76
92180,2.54,1.23,0.1,0,-67.4,27.5,983.0,-16.83,20.42,-2.16,28.91
92200,2.65,0.28,0,0,-100.9,137.5,990.9,-9.69,14.89,-5.47,28.32
92220,0.67,2.02,5.1,1.41,16.2,219.9,1051.7,-3.71,16.64,2.26,27.54
92240,73.83,28.27,12.16,3.11,82.3,163.5,941.7,8.27,20.35,1.41,28.0
92260,58.0,39.92,13.32,2.48,64.1,147.8,890.6,13.55,19.77,3.66,28.72
92280,36.8,45.73,23.49,0,24.1,182.9,903.4,27.38,21.5,5.52,28.8
92300,14.08,57.69,39.78,0,61.0,98.5,884.3,31.88,6.54,1.95,29.42
92320,10.31,55.69,58.25,0,71.2,100.7,792.0,44.27,17.07,9.92,29.54
92340,0,51.69,70.5,6.93,210.5,27.8,758.2,36.44,5.39,4.11,29.7
92360,0,33.64,80.56,4.2,68.3,-5.6,846.6,44.44,-2.18,1.74,30.36
92380,3.75,23.43,86.52,9.94,49.4,-55.5,787.5,38.22,-5.26,-4.66,30.15
92400,0,16.47,85.54,16.48,98.7,-64.9,868.6,27.81,-16.75,-2.92,30.7
92420,2.81,9.88,78.21,26.97,136.1,-86.2,856.1,33.92,-12.95,-3.9,30.72
92440,0,7.86,59.36,41.62,41.4,-133.2,813.7,21.17,-27.43,-4.57,31.03
92460,1.39,6.93,47.97,53.54,-39.1,-74.2,911.4,17.48,-21.94,-2.19,31.07
92480,0,1.41,33.6,63.1,58.9,-157.3,976.3,6.06,-18.88,-3.45,31.02
92500,0.44,0,23.79,66.67,114.9,-64.1,1013.5,-1.01,-13.92,1.75,30.77
92520,0,0,16.43,63.27,-5.1,-251.4,1030.0,-10.78,-23.29,1.88,31.07
92540,2.49,0,7.76,54.98,12.3,-226.8,1014.0,-14.93,-23.7,2.43,30.72
92560,3.67,0.88,8.55,40.27,-70.3,-151.9,996.2,-21.12,-8.12,4.18,30.87
92580,0,3.32,0,30.58,-113.0,-99.2,1009.6,-26.47,-7.85,4.58,30.81
92600,5.79,0,0,14.28,-150.1,20.5,1020.0,-35.05,-12.64,3.69,30.13
92620,0,2.86,0,7.68,-91.1,-59.5,955.1,-38.58,-4.35,4.65,30.55
92640,2.75,0.68,0,0,-124.3,0.0,1013.1,-37.49,0.37,-0.1,30.29
92660,2.92,1.93,1.24,6.46,-158.1,-58.5,1014.6,-37.22,12.15,-3.85,29.69
92680,4.22,0,0.67,1.14,-132.2,41.9,951.3,-31.02,13.27,-4.21,29.46
92700,0,3.95,0,6.79,-38.1,78.5,1016.2,-30.44,12.41,-9.0,29.46
92720,2.28,1.67,0,0,-103.9,110.5,1038.4,-26.52,13.68,-1.42,28.99
92740,3.25,0,0,1.3,-57.6,105.4,1048.2,-14.09,23.31,-3.19,28.41
92760,0.23,0,0,1.62,-29.3,216.6,1014.0,-8.31,24.52,-1.99,28.01
92780,80.03,21.43,8.51,5.12,-22.5,194.1,955.6,3.63,16.16,-2.99,27.95
92800,64.91,34.4,7.65,7.11,33.8,56.2,989.4,13.62,20.52,4.91,28.43
92820,46.3,45.11,17.37,0.36,74.7,99.5,911.6,19.78,15.9,5.72,28.78
92840,31.45,53.67,25.91,0,118.1,80.7,860.7,27.11,22.14,5.44,28.72
92860,15.59,57.42,43.71,2.14,81.2,75.3,878.4,28.41,17.03,1.47,29.4
92880,10.67,58.66,57.79,1.88,65.4,100.1,837.1,34.19,2.7,-1.06,29.37
92900,2.42,43.43,72.19,7.46,136.5,56.0,810.2,39.61,-0.59,-0.59,30.0
92920,0.29,32.5,82.51,2.88,68.8,-2.7,806.9,44.58,-5.83,0.14,30.07
92940,1.15,22.92,82.35,7.77,200.3,-75.5,837.8,40.21,-3.48,-5.68,30.8
92960,0.11,14.26,80.07,21.2,148.3,-5.1,783.8,38.23,-9.82,-3.31,30.55
92980,0.33,6.85,78.89,25.7,136.8,-52.5,829.4,29.03,-3.74,-4.52,30.43
93000,0,5.59,62.91,44.81,-6.5,-96.9,885.9,25.97,-21.08,-2.72,30.87
93020,0.33,0.12,48.91,51.71,-14.2,-97.2,904.3,14.87,-20.21,-3.64,30.57
93040,0,1.9,37.54,59.48,45.9,-200.4,983.7,4.83,-25.01,0.29,31.15
93060,0,0,21.32,67.36,12.7,-175.2,986.2,4.42,-12.47,3.52,30.87
93080,0,0,13.51,60.51,-18.2,-136.7,996.0,-14.37,-21.31,2.74,31.03
93100,0,0,9.95,49.05,-144.6,-123.0,951.3,-19.44,-8.84,2.44,31.25
93120,9.87,0,7.78,37.1,13.5,-186.3,1033.1,-28.6,-16.54,5.54,30.79
93140,0.15,1.3,2.55,22.16,-107.8,-110.8,955.9,-31.04,-5.08,8.5,30.3
93160,0.59,2.5,0.1,11.07,-63.4,-86.1,955.4,-37.96,-13.65,5.03,30.07
93180,0,2.51,2.64,4.58,-150.6,-35.7,1015.3,-38.38,-4.47,2.59,30.44
93200,0,0,4.0,2.8,-208.8,68.9,1045.9,-40.34,-5.35,-1.2,30.46
93220,0,0,6.5,1.55,-47.1,6.2,982.7,-36.62,0.21,-5.37,29.85
93240,0,0.64,0.5,0,-145.8,109.1,1023.3,-37.48,6.75,-2.05,29.8
93260,0,0.62,0,7.63,-119.0,68.1,988.6,-29.49,12.65,-5.17,29.26
93280,0.84,0,0,0.08,-43.0,45.5,1005.4,-19.54,14.44,-6.78,28.7
93300,2.36,0,0,0,-26.8,94.5,1043.2,-10.71,15.16,-0.94,28.87
93320,1.3,0,3.69,2.71,6.1,112.8,1027.2,-6.42,14.47,-2.47,28.05
93340,81.3,23.05,9.62,4.6,-38.2,131.2,953.0,6.56,25.84,1.1,28.0
93360,64.19,37.75,12.48,0,94.1,153.2,976.7,14.32,11.25,2.76,28.23
93380,44.98,48.39,18.16,0.03,64.4,175.1,868.7,15.43,13.66,5.42,28.91
93400,32.15,51.41,24.3,2.53,102.5,88.2,866.7,27.16,17.26,2.82,29.35
93420,10.34,59.86,50.02,0.33,24.2,121.8,849.9,24.23,13.48,3.89,29.39
93440,6.1,50.7,63.5,0,132.1,77.9,830.5,35.09,15.43,5.26,29.79
93460,3.45,45.49,72.76,0.78,15.6,84.1,792.5,42.9,-7.87,5.21,29.68
93480,0.59,33.66,84.77,4.89,163.1,-9.6,834.2,39.72,-4.72,-4.79,30.09
93500,0,19.93,83.4,12.43,75.7,-77.6,781.7,37.95,-6.1,-1.24,30.16
93520,4.57,15.04,81.24,21.08,33.7,-42.8,788.0,37.28,-14.5,-7.18,30.49
93540,4.06,8.28,74.75,33.53,35.0,-83.3,863.6,22.56,-9.24,-7.63,31.04
93560,3.21,2.86,63.68,46.45,128.2,-188.8,968.7,20.84,-17.58,-4.76,30.65
93580,0.04,1.81,45.89,61.12,-23.3,-112.0,934.0,16.76,-21.25,-3.67,30.66
93600,0,3.77,30.0,68.26,20.2,-78.1,967.1,7.94,-22.91,-1.12,31.33
93620,3.7,0,23.19,69.34,-55.0,-185.7,995.5,-4.77,-25.63,3.22,30.79
93640,2.03,0,13.62,55.52,24.1,-78.7,1025.9,-4.08,-22.25,-0.48,30.84
93660,1.23,2.16,12.52,48.35,-76.4,-143.6,1011.5,-21.92,-19.69,0.7,30.73
93680,4.63,0.6,5.22,34.21,-35.4,-100.3,1026.5,-28.12,-11.26,4.22,30.52
93700,0,1.6,0,23.54,-154.0,-69.1,1020.2,-29.06,-1.5,5.02,30.57
93720,1.51,0.24,0,11.6,22.4,-108.7,1002.7,-34.63,-4.14,4.09,30.39
93740,5.62,4.17,0,6.7,-196.5,-48.4,998.5,-38.85,-6.31,1.37,30.36
93760,1.25,0,1.23,3.36,-78.3,-13.0,972.7,-35.16,-7.87,1.01,30.16
93780,0,0,0,2.08,-123.2,36.2,1031.1,-35.09,3.2,-3.18,29.52
93800,0.83,3.29,0,0,-54.8,71.4,999.2,-32.36,15.37,-4.37,29.33
93820,0,1.26,0,0,-32.1,132.6,980.6,-24.91,3.18,-5.24,28.91
93840,2.04,0,6.43,3.19,-38.0,74.0,971.8,-17.41,12.45,-4.8,28.85
93860,2.46,0.12,0,3.32,41.4,123.9,1023.5,-10.55,13.66,-0.98,28.44
93880,0,2.89,0,1.11,27.4,169.7,1082.1,-6.17,16.91,-4.09,28.03
93900,78.43,24.5,6.29,0,31.2,99.5,1015.2,3.95,11.69,1.03,28.4
93920,60.84,41.07,15.63,4.58,71.4,139.4,942.2,15.24,32.17,6.16,28.56
93940,42.35,48.06,17.69,0,30.8,156.6,885.8,19.88,19.95,6.42,29.14
93960,26.84,62.75,38.88,2.91,173.6,14.9,831.4,22.63,13.07,5.25,29.13
93980,13.26,58.74,50.66,1.07,135.0,66.5,843.9,35.88,8.27,6.51,29.52
94000,10.01,47.12,64.15,2.83,151.6,70.0,816.5,37.09,0.57,-0.39,30.01
94020,1.67,41.38,70.68,0,41.5,-65.8,782.3,44.98,8.35,1.19,30.3
94040,0.49,32.47,84.93,11.91,47.0,12.6,844.4,44.28,-2.75,-1.12,30.4
94060,2.11,20.17,83.2,14.46,103.5,-0.7,898.4,37.21,-9.68,-3.62,30.47
94080,0,12.97,79.83,22.16,161.0,-68.9,798.5,35.38,-3.48,-3.04,30.45
94100,0,3.51,69.99,34.58,76.3,-207.0,865.3,23.25,-1.1,-7.17,30.97
94120,0.98,3.52,53.28,49.96,1.8,-132.6,933.1,19.93,-22.03,-8.89,30.99
94140,1.46,2.89,44.93,57.96,-5.4,-60.5,965.2,13.95,-23.62,-2.84,31.03
94160,0.1,0,27.3,68.4,-16.4,-109.5,970.9,1.03,-23.59,-3.99,30.7
94180,0,0,22.22,66.43,-66.5,-116.9,999.1,-7.95,-27.0,1.65,31.07
94200,0,1.21,9.45,56.86,-44.9,-64.0,1004.1,-17.62,-16.55,4.57,30.62
94220,0,0,8.79,44.24,-21.3,-53.6,1043.3,-28.31,-8.21,8.3,30.74
94240,0.74,0,0.18,33.1,-104.5,-110.2,998.4,-24.98,-17.87,4.79,30.88
94260,0,3.18,0,15.81,12.9,-97.7,1033.6,-35.97,-12.84,4.75,30.58
94280,0,0,0,8.81,-53.3,-46.5,1025.8,-39.34,-4.56,0.97,30.37
94300,0,0,0.03,1.01,-118.1,11.0,1011.4,-38.88,-1.87,2.95,30.17
94320,0,0,0,0.38,-105.5,13.9,1032.6,-40.67,6.12,-2.51,30.13
94340,6.22,7.92,0,6.0,-116.9,79.0,1022.6,-41.16,9.43,-5.68,29.66
94360,4.48,3.07,1.09,1.37,-14.4,93.2,913.3,-36.66,10.39,-3.66,29.4
94380,0,0,0,0,-73.8,75.0,993.6,-26.88,13.55,-7.61,28.98
94400,0,0,0,0,-47.6,167.5,1016.2,-14.97,19.51,-7.98,28.39
94420,0,4.1,0,2.47,35.0,192.5,1028.5,-8.56,19.42,-2.6,28.89
94440,3.91,0,0,0,9.3,160.8,984.0,-6.38,10.02,0.27,28.42
94460,72.44,30.74,11.05,0,-1.0,179.5,955.6,5.33,14.76,5.14,28.73
94480,54.7,39.96,14.77,0,33.5,169.9,923.3,20.61,21.96,4.74,28.67
94500,39.29,55.1,27.57,0,132.3,82.3,935.0,26.49,8.82,6.95,29.09
94520,21.01,61.4,31.31,0,80.2,132.5,908.5,29.71,17.06,6.65,29.12
94540,13.19,63.27,56.01,0.02,134.3,-14.7,854.9,38.34,6.35,2.79,29.55
94560,5.34,48.61,65.95,0,17.2,92.3,841.1,37.11,4.27,5.25,30.07
94580,2.63,36.2,77.66,5.94,114.6,-51.5,821.6,46.62,0.47,2.28,30.14
94600,4.91,24.46,83.52,16.15,113.1,56.5,832.9,41.44,-9.4,-1.16,30.38
94620,0,14.16,81.14,14.64,86.3,-10.4,812.1,35.75,-6.43,0.47,30.3
94640,0.86,9.03,75.89,23.69,79.7,-46.2,842.2,33.35,-16.58,-1.36,30.63
94660,2.38,1.76,63.61,39.37,112.9,-113.6,890.6,20.11,-18.0,-6.71,30.84
94680,0,3.78,48.29,51.29,59.0,-162.5,915.6,16.79,-16.27,-3.57,30.47
94700,0,1.2,38.39,64.39,4.8,-107.9,900.6,14.64,-20.55,-6.1,31.21
94720,0.94,0,32.17,62.97,-22.0,-124.5,973.9,4.04,-27.37,2.24,30.96
94740,0,0,16.23,63.96,-47.2,-132.2,986.5,-9.01,-19.15,3.37,31.03
94760,0,0,8.52,57.18,44.1,-138.8,1005.7,-17.27,-18.95,2.04,30.99
94780,3.08,0,12.47,39.59,-66.2,-150.4,965.1,-24.38,-16.5,6.71,30.8
94800,0,0,3.45,28.75,-30.3,-178.0,1005.0,-29.6,-22.35,2.85,30.74
94820,0,0,1.42,16.59,-128.6,-50.8,931.3,-38.69,1.93,6.8,30.05
94840,0,0,0,8.45,-112.5,-80.8,1011.1,-40.52,-6.79,0.41,30.34
94860,0,1.06,0,0,-161.1,-1.6,979.7,-42.19,3.0,2.02,30.25
94880,0,0,2.05,3.99,-81.5,-1.9,961.7,-37.75,2.06,0.52,29.74
94900,0.63,3.92,0,0.89,-170.4,39.6,961.4,-44.44,7.18,-9.23,29.49
94920,1.6,4.55,1.08,0,-82.3,29.9,986.3,-34.77,11.98,-4.13,29.05
94940,1.31,0.48,2.95,5.41,-124.2,69.8,995.4,-25.15,9.14,-9.26,29.25
94960,0,3.05,0.8,2.46,-45.6,82.3,999.4,-21.74,19.77,-4.23,28.64
94980,4.08,3.06,0,0,-57.4,177.4,959.6,-6.62,23.32,-4.1,28.36
95000,73.84,26.21,7.52,4.81,3.5,203.6,990.6,-1.23,12.79,-0.89,28.22
95020,69.79,36.89,11.14,2.33,-30.5,185.7,962.2,12.27,20.89,3.0,28.25
95040,51.74,40.51,17.31,0.32,-31.5,138.2,891.3,22.0,19.07,0.06,28.78
95060,31.95,52.05,23.52,0,58.5,107.4,877.9,25.05,11.4,5.62,29.0
95080,20.4,60.96,39.14,0,59.8,69.5,861.5,35.06,10.47,4.21,29.45
95100,9.54,54.6,54.87,0,185.2,21.8,833.2,38.4,12.17,2.2,29.5
95120,2.65,48.27,69.91,3.86,159.4,6.9,828.1,34.76,6.85,3.21,30.01
95140,0,37.41,77.86,0.68,52.6,85.4,851.1,39.16,0.57,1.38,30.24
95160,0,21.11,87.84,9.16,-27.9,1.7,849.1,38.21,-7.68,-3.53,29.81
95180,1.42,18.4,83.41,19.16,53.4,-42.4,783.3,30.57,-13.66,-5.01,30.72
95200,0.47,3.69,76.89,29.2,127.5,-64.4,863.6,33.61,-10.23,-8.07,30.56
95220,0,0.47,65.72,43.74,43.0,-85.6,853.1,22.47,-11.16,-4.38,30.86
95240,0,0,49.59,47.65,83.4,-152.3,941.0,15.89,-16.19,-3.03,30.86
95260,3.36,0.18,36.94,63.42,9.5,-168.2,938.5,13.46,-28.3,-1.9,30.91
95280,0,0,28.31,69.6,-5.8,-46.4,993.8,-2.13,-17.92,1.79,30.84
95300,0,0.9,14.46,63.35,-3.2,-267.6,954.2,-9.58,-20.55,0.6,31.13
95320,0.42,4.91,9.25,50.21,33.5,-157.9,1013.5,-11.82,-13.92,5.18,30.83
95340,0,3.85,7.32,38.65,-81.7,-223.5,1014.9,-27.6,-9.84,5.01,30.83
95360,5.77,0,1.98,23.39,-34.8,-177.7,1008.3,-32.08,-8.09,5.59,30.45
95380,6.45,2.26,6.69,16.62,-152.6,-13.9,968.6,-36.4,-5.04,5.68,29.96
95400,0,0.46,0.13,7.78,-56.0,-65.8,978.3,-37.03,-1.21,3.56,30.7
95420,0,2.43,0,2.22,-97.8,69.6,1021.5,-38.41,4.73,-0.72,30.08
95440,0,0,3.52,2.19,-131.1,7.5,979.7,-38.26,-0.45,-5.73,29.78
95460,0,0,0,0,-11.0,44.6,1021.4,-36.21,16.22,-4.76,29.54
95480,0.33,0,0,0,-83.6,59.4,986.2,-32.61,2.48,-6.56,29.15
95500,2.8,0,0,6.76,-104.5,164.1,1017.1,-24.13,22.12,-5.93,29.28
95520,0,0,0,1.5,-43.4,187.6,993.5,-14.5,18.44,-2.36,28.72
95540,2.16,0,0,0,-100.7,173.4,988.1,-4.69,17.05,-1.08,28.22
95560,74.93,27.18,5.47,1.14,9.3,138.8,962.9,6.24,16.97,1.67,28.31
95580,66.1,33.21,15.51,2.26,83.4,107.1,937.5,7.46,16.18,2.67,28.35
95600,48.76,51.15,21.77,0,-22.4,149.3,887.3,19.93,22.33,6.68,28.99
95620,33.56,56.28,33.13,1.32,103.4,133.8,876.3,31.55,13.72,4.1,28.78
95640,15.34,60.09,41.65,0.56,43.0,63.3,832.2,32.1,9.78,3.76,29.23
95660,6.27,53.17,59.24,0,42.6,76.9,796.4,40.59,8.69,1.95,29.46
95680,2.78,43.23,69.15,0,109.7,114.3,777.2,38.3,-1.87,6.61,30.1
95700,0,36.27,79.3,8.9,87.3,-19.7,786.4,45.3,2.47,-0.9,30.01
95720,1.74,24.0,84.03,5.98,154.9,-123.6,821.5,38.93,-3.01,-0.09,30.73
95740,0,10.65,79.9,17.26,74.3,-174.4,819.7,35.63,-1.75,-3.04,30.55
95760,1.01,10.61,70.73,27.46,67.0,-153.3,841.3,24.75,-14.86,-5.37,31.02
95780,0,0,64.79,42.59,57.3,-150.5,907.2,25.58,-20.09,-6.13,30.69
95800,0,0,49.6,51.12,6.7,-125.4,955.2,13.58,-17.34,-6.25,30.76
95820,0.94,4.42,36.13,67.26,99.0,-177.4,1013.5,7.82,-19.41,0.75,31.07
95840,0,0,22.55,66.22,-79.1,-91.5,1030.5,-1.29,-21.76,1.34,31.16
95860,0.1,0,15.26,60.22,-49.7,-87.7,1028.1,-8.83,-24.49,3.43,30.99
95880,0,0,10.5,48.99,48.6,-121.1,1023.2,-21.73,-25.87,3.67,30.75
95900,1.66,0,3.93,35.66,-71.1,-90.4,959.0,-27.41,-11.75,3.31,30.52
95920,1.06,0,3.13,18.44,-84.1,-117.1,1034.8,-27.82,-11.54,4.77,30.65
95940,3.34,5.3,0.66,10.15,-129.1,-67.8,1072.9,-40.1,-4.34,4.15,30.44
95960,0,3.2,1.48,8.35,-143.8,-33.6,982.4,-39.17,-6.33,2.81,30.11
95980,0.32,0,1.34,0,-151.2,1.0,957.7,-37.42,7.42,-0.89,30.31
96000,0,0.97,0,0,19.0,68.4,931.6,-38.19,1.46,-1.0,29.67
96020,2.12,4.75,2.37,0,-161.9,52.6,1002.9,-35.87,10.35,-6.45,29.51
96040,3.5,0.82,0,9.62,-94.3,134.6,963.1,-26.67,14.45,-2.68,29.12
96060,0.55,0,0.77,0.45,-128.7,60.8,984.6,-17.59,18.72,-5.4,28.7
96080,1.72,4.12,3.4,1.82,9.5,63.9,1036.6,-9.08,18.43,-3.03,28.7
96100,0,0,0.05,0,6.4,146.4,1029.0,-6.18,27.17,-2.51,28.22
96120,78.61,25.34,5.56,3.96,81.2,123.5,971.8,1.78,23.03,1.65,28.31
96140,62.48,43.42,16.11,0,-22.0,140.9,879.6,10.06,17.37,-0.47,28.56
96160,45.54,48.21,23.35,5.8,90.9,111.2,910.7,26.23,13.35,3.62,28.69
96180,29.07,54.28,29.99,0.39,29.5,68.7,876.7,28.9,18.86,5.26,29.02
96200,20.04,59.51,48.82,3.18,61.7,45.7,822.5,34.96,4.23,5.14,29.49
96220,6.99,51.34,61.34,1.97,129.1,138.4,822.4,39.72,11.43,0.85,29.94
96240,0,44.51,72.16,4.34,139.6,-36.8,794.8,34.99,5.38,3.81,30.01
96260,0,26.04,82.95,1.47,99.5,-99.6,819.0,45.33,-5.64,-0.53,30.01
96280,0,21.04,84.06,13.94,55.0,-9.6,853.6,39.77,-12.98,-3.1,30.59
96300,0,10.71,79.27,19.67,117.7,-129.5,803.2,33.9,-7.7,-5.95,30.62
96320,0,5.25,73.1,32.28,117.0,-129.9,867.1,31.66,-21.48,-5.18,30.52
96340,1.39,0.78,54.25,43.77,41.3,-123.7,879.4,19.85,-9.06,-2.54,30.98
96360,0,0,43.64,56.14,-101.1,-159.3,932.1,17.78,-17.67,-2.74,31.08
96380,0,2.05,28.29,67.8,38.3,-172.5,977.1,5.06,-17.49,-2.99,30.79
96400,0,0,17.48,66.32,-4.8,-52.5,1047.4,-3.66,-13.62,1.55,31.09
96420,2.59,0,9.18,56.13,-80.4,-74.3,1028.5,-13.65,-18.43,0.34,30.86
96440,0,0,7.91,47.37,43.5,-175.8,1017.9,-17.09,-17.36,9.3,30.82
96460,0,0,8.64,33.12,-69.5,-182.4,1023.3,-27.92,-12.85,11.05,30.88
96480,0,0.17,3.99,22.4,22.6,-42.6,1001.3,-35.6,-11.62,7.84,30.45
96500,0,0,0.83,6.96,-147.6,-85.7,1008.4,-37.81,-8.59,2.21,30.24
96520,0,0,0.27,6.69,-123.0,-73.5,971.3,-38.47,-6.96,-2.03,30.56
96540,2.05,0.19,5.8,0.96,-55.5,40.0,985.8,-38.54,6.54,-2.42,29.93
96560,2.66,3.53,2.96,5.96,-135.0,-14.9,1037.1,-38.18,8.36,-3.15,29.5
96580,0.65,0.28,0,0,-73.4,97.5,975.4,-34.02,-0.27,-6.68,29.67
96600,0,1.0,2.84,4.06,-221.9,207.6,1050.1,-27.76,16.63,-8.86,29.45
96620,0,2.62,0,0,-36.9,130.0,992.3,-23.61,29.6,-2.14,28.55
96640,3.47,0,3.69,7.24,31.0,107.7,981.0,-14.06,20.44,-3.71,28.23
96660,1.53,4.74,1.0,3.54,-118.6,8.5,932.3,-1.49,15.6,-1.78,28.4
96680,78.38,32.75,6.27,0,65.2,140.5,958.8,5.09,22.03,-1.35,28.07
96700,61.03,43.87,17.6,0,11.0,115.7,933.8,11.23,26.34,6.21,28.69
96720,43.39,46.9,21.88,4.29,84.5,160.2,881.1,23.78,9.73,11.26,28.98
96740,21.28,54.19,37.51,0,46.1,5.6,858.0,26.34,11.89,5.98,29.01
96760,10.99,54.64,47.11,0,106.5,74.7,829.7,29.47,10.9,5.28,29.28
96780,0.14,47.85,66.18,0,111.5,60.9,801.7,40.36,10.44,2.88,30.16
96800,4.32,37.98,79.16,7.68,68.6,32.3,765.1,39.87,7.88,6.63,30.07
96820,3.27,27.28,86.32,9.33,123.6,-1.3,790.4,37.39,-5.83,1.79,30.27
96840,0,15.58,81.75,12.56,49.3,-28.0,839.2,37.34,-13.17,-4.82,30.37
96860,0,11.96,77.51,22.13,-24.2,-86.0,831.6,33.66,-23.6,-4.33,30.77
96880,0.77,3.55,61.91,37.33,87.3,-85.8,807.9,22.8,-20.57,-4.86,30.74
96900,0,1.89,54.47,46.52,50.8,-235.3,935.0,21.32,-14.45,-5.13,30.93
96920,0,0.11,41.33,59.95,94.2,-158.2,914.0,10.79,-15.72,-1.93,31.29
96940,0,0,27.92,66.69,70.9,-88.9,994.6,1.3,-22.25,0.32,31.13
96960,4.57,0.37,16.14,66.09,-92.3,-168.9,985.4,-7.76,-19.56,1.87,30.79
96980,0,0,4.35,56.5,-28.2,-207.6,1012.4,-11.2,-10.14,-2.23,30.82
97000,0,0,8.01,42.01,-71.6,-74.9,1040.8,-21.75,-13.14,2.81,31.03
97020,0,3.53,0,29.26,-120.2,-93.9,1005.7,-31.8,-16.26,6.55,30.66
97040,0.38,0,0,15.26,-130.1,-89.7,996.3,-37.79,-4.95,3.94,30.6
97060,0,0.64,0.53,11.78,-111.8,-49.7,928.4,-44.17,-12.97,3.14,30.44
97080,1.55,2.2,0.73,7.72,-103.2,-8.3,1022.7,-46.13,-9.93,2.12,30.3
97100,0.3,1.44,0.98,0,-165.8,121.8,994.0,-44.45,16.72,-2.18,29.76
97120,0,1.76,2.82,0,-119.2,67.7,1004.4,-36.66,10.33,-4.1,29.67
97140,1.37,0,0.77,2.96,-158.6,134.2,961.9,-38.99,13.31,-4.71,29.3
97160,0,0,2.9,3.85,-30.4,165.2,979.3,-18.45,16.96,-5.43,28.8
97180,1.55,0,2.73,1.32,-65.0,32.1,1031.9,-18.56,13.52,-2.78,28.51
97200,2.08,2.25,0,0,42.6,98.1,982.9,-5.94,18.26,-3.44,28.36
97220,1.65,0,0.35,0,102.4,189.3,986.6,-2.49,24.05,5.28,28.28
97240,70.08,27.12,8.08,0,67.3,192.7,942.2,4.07,21.35,1.93,28.2
97260,66.52,45.37,17.47,0,8.3,127.8,930.4,18.45,14.95,4.78,28.84
97280,38.18,53.14,30.33,0,-5.3,112.4,898.0,29.42,20.87,7.46,29.04
97300,24.57,58.14,41.8,0,136.3,164.8,834.5,39.11,22.48,4.81,29.24
97320,12.21,54.54,55.89,4.61,36.0,131.9,797.3,35.22,6.87,1.81,29.42
97340,5.59,45.16,66.67,3.95,118.8,7.4,796.2,34.6,15.69,4.12,29.92
97360,0.46,37.76,81.45,2.67,30.3,34.5,828.4,45.21,8.1,1.61,29.93
97380,0.74,24.32,85.81,12.56,48.1,-60.6,837.8,38.94,2.37,-1.61,30.51
97400,0,13.97,82.26,15.65,38.7,-123.2,861.8,41.44,-15.45,-0.29,30.34
97420,2.91,10.97,76.25,23.45,31.5,-71.1,829.8,32.75,-14.75,-5.58,30.68
97440,0,0,60.44,40.39,36.5,-72.9,850.6,23.71,-9.22,-4.63,30.58
97460,3.51,1.06,50.12,55.35,68.7,-197.5,924.7,21.02,-23.33,-0.63,30.87
97480,1.12,0.81,37.32,60.26,-5.9,-157.1,1015.3,9.42,-13.75,0.43,31.09
97500,0,2.81,31.7,65.89,-40.8,-185.6,1049.1,0.97,-16.11,1.25,30.8
97520,2.64,0.07,11.03,64.0,-113.9,-53.7,990.8,-8.81,-21.94,-1.94,31.18
97540,0,0,10.84,54.7,-36.6,-144.9,969.7,-12.74,-14.67,4.46,30.73
97560,1.87,0,2.88,38.43,-37.2,-220.7,984.6,-22.16,-12.11,2.31,30.58
97580,2.56,0,0,24.64,-113.1,-155.4,1034.8,-30.79,-14.76,4.46,30.71
97600,0,0.09,1.64,22.89,-76.9,-57.7,995.2,-34.56,-15.53,3.2,30.67
97620,0,0,0,13.03,27.0,-68.0,947.6,-38.91,-4.99,2.4,30.53
97640,1.04,0,5.22,3.99,-140.4,-130.9,996.5,-38.73,-2.84,3.71,29.93
97660,0.21,3.99,0.9,2.57,-122.6,3.4,1007.2,-37.93,12.04,-1.9,29.79
97680,0,0,0,0,-20.9,103.8,975.3,-35.62,5.03,-9.04,29.81
97700,1.4,2.36,0,0,-135.3,68.4,965.2,-31.92,8.04,-5.12,29.29
97720,2.22,4.91,0,0,-112.7,115.6,1026.6,-21.82,17.39,-8.13,28.58
97740,0,0,2.72,0,-40.3,157.5,999.6,-14.77,11.23,-1.65,28.54
97760,0.74,0,1.88,2.23,73.2,151.3,997.8,-9.28,19.53,-0.72,28.04
97780,71.2,22.17,7.21,3.29,-115.5,100.9,990.1,11.66,15.69,-0.85,27.81
97800,69.4,35.57,12.84,0.77,62.7,162.2,962.2,10.2,19.37,-0.08,28.32
97820,50.66,38.8,18.84,1.24,5.7,297.7,862.2,16.48,11.26,1.89,28.57
97840,31.04,53.88,27.12,0,87.1,59.3,924.5,30.0,9.34,-1.31,28.76
97860,16.28,59.87,44.71,0,95.2,22.4,846.5,30.5,11.28,7.41,29.5
97880,6.74,52.99,58.55,0,105.8,-25.6,775.8,37.79,-3.6,8.54,29.96
97900,4.63,46.79,69.09,0,74.6,20.6,823.4,39.5,8.53,1.25,29.75
97920,7.3,34.39,80.87,2.8,110.1,13.3,739.0,41.02,-0.26,1.88,29.95
97940,0,21.48,86.35,10.2,125.6,-14.4,768.0,40.12,-5.1,-5.47,30.09
97960,0,9.35,85.59,19.84,121.2,-87.9,798.9,35.9,-9.07,0.84,30.63
97980,0,8.79,73.38,32.76,30.3,-60.8,849.4,29.59,-15.77,-6.16,31.33
98000,1.98,7.15,58.97,35.71,8.9,-149.8,924.1,22.25,-18.57,-3.54,30.63
98020,0.82,1.62,51.78,54.29,71.2,-102.4,930.8,16.09,-20.67,-3.77,30.85
98040,0,5.69,34.98,65.94,24.6,-168.1,954.8,5.64,-13.96,0.33,31.25
98060,0,0.62,18.49,62.23,55.9,-181.7,1009.3,-1.46,-14.83,0.68,31.2
98080,0,0.03,10.3,61.31,-17.2,-139.4,989.3,-12.35,-22.07,3.43,31.06
98100,0,0,10.29,44.45,-64.2,-146.8,964.4,-21.91,-12.84,2.26,30.84
98120,1.17,4.82,0,31.22,-34.1,-27.0,983.0,-25.19,-14.09,2.95,30.77
98140,0,3.06,0,20.07,-126.5,-84.0,1022.5,-32.61,-5.82,3.35,30.72
98160,0,0,2.39,10.78,-46.1,-51.8,1006.9,-38.66,-2.76,3.65,30.28
98180,1.45,0,0.94,5.61,-123.5,-2.2,993.6,-42.93,2.01,4.52,30.29
98200,1.78,0,0,6.73,-137.1,53.8,949.3,-40.54,1.4,2.39,30.38
98220,1.78,1.45,0,1.84,-42.9,41.5,962.2,-39.13,4.34,-3.54,29.86
98240,0,0,2.87,0,-49.2,45.1,1011.8,-33.92,15.28,-7.04,29.19
98260,4.67,0,0,0,-159.1,155.1,992.4,-28.37,10.55,-4.87,29.05
98280,0,0,0,0,-25.9,92.5,969.1,-21.83,5.66,-5.94,28.99
98300,0.91,0,0,0,84.1,80.3,972.2,-11.09,19.97,-4.84,28.63
98320,0.66,0,1.04,6.94,7.7,235.1,998.9,-10.36,21.21,-1.26,28.69
98340,78.2,25.36,8.95,1.09,22.7,157.3,935.7,-2.5,21.84,0.1,28.14
98360,64.27,33.83,12.89,6.58,-4.2,183.7,1001.9,13.41,25.49,1.21,28.14
98380,43.65,47.78,21.66,0,-50.1,114.6,884.5,17.74,10.01,6.72,28.93
98400,26.4,55.43,34.4,0,62.6,108.4,885.8,27.19,15.02,5.56,28.85
98420,10.77,56.28,47.68,1.52,143.1,51.2,886.5,34.73,5.07,6.92,29.15
98440,5.02,53.76,60.85,3.28,95.6,15.9,852.3,32.79,4.88,1.81,29.58
98460,0,41.16,72.66,0,50.6,-3.5,808.1,40.51,1.86,0.4,29.82
98480,0,26.86,80.6,6.53,106.3,-1.8,818.0,46.2,-2.85,0.3,30.32
98500,1.48,20.82,85.63,6.89,117.3,-130.7,810.4,36.22,-6.3,-3.23,30.71
98520,1.58,15.03,79.55,19.43,125.5,-84.3,781.6,33.65,-7.54,-5.56,30.86
98540,2.41,10.2,77.61,35.67,80.2,-118.6,831.6,30.4,-11.04,-2.98,31.2
98560,1.81,1.28,62.01,43.89,97.5,-72.3,897.6,22.13,-23.03,-4.97,30.76
98580,0,6.04,46.66,59.41,56.3,-153.4,986.4,15.07,-16.54,-3.0,31.18
98600,0,3.45,24.86,64.72,20.0,-169.3,991.5,5.05,-19.72,3.06,30.94
98620,2.03,3.58,16.64,63.77,-18.2,-113.2,997.1,-3.93,-14.56,3.41,30.95
98640,0,0,13.95,55.85,-19.5,-161.6,1041.3,-14.33,-18.42,3.69,31.0
98660,0,2.36,4.54,47.1,-103.3,-32.2,1027.9,-25.56,-14.43,1.53,30.91
98680,0.31,0,4.02,29.78,49.2,-158.7,1023.9,-34.02,-17.1,6.47,30.45
98700,0,0,0.97,18.28,-170.5,-40.7,983.4,-36.44,-10.11,3.49,30.68
98720,1.56,0.47,6.57,11.75,-122.6,9.1,974.8,-39.98,-8.51,1.6,30.34
98740,3.24,0.45,2.04,0.88,-87.6,58.4,1035.9,-40.12,8.68,3.45,29.94
98760,0,0,2.83,0,-79.2,125.0,976.4,-42.35,6.3,-3.3,29.84
98780,6.06,2.39,0.34,5.33,-87.8,86.6,980.2,-38.47,2.74,-4.27,29.32
98800,2.28,0.47,0,1.71,-129.9,179.3,1026.7,-35.19,-2.25,-2.24,29.48
98820,0,0,1.21,1.29,-42.8,177.9,968.1,-25.35,15.68,-10.98,29.33
98840,3.13,0,0,3.85,-86.5,131.6,1012.6,-19.1,11.34,-3.23,28.76
98860,0,0,3.78,0,-48.9,181.8,992.9,-15.81,21.84,-6.67,28.26
98880,0.66,0,1.69,0,13.1,162.8,1003.0,-3.58,23.51,-1.5,28.55
98900,75.2,24.39,3.71,1.3,-49.5,43.1,958.6,5.65,22.42,1.04,28.23
98920,61.65,38.33,14.02,0,176.7,133.0,875.7,21.81,17.46,2.62,28.42
98940,38.62,45.09,25.15,0,40.8,108.6,853.6,18.05,21.73,7.63,28.56
98960,24.82,58.16,38.93,1.04,22.4,42.2,817.6,24.73,16.49,3.29,28.6
98980,9.21,52.99,50.54,0,52.4,115.9,816.8,36.72,4.67,0.57,29.18
99000,7.17,54.17,62.07,1.31,152.1,68.7,779.6,38.17,2.49,2.8,29.69
99020,1.91,38.96,73.65,2.77,141.8,-76.1,792.9,42.12,9.32,-0.49,30.0
99040,0.98,27.9,84.12,0,107.8,-2.3,779.3,40.03,-0.95,-0.22,30.0
99060,4.26,20.37,87.4,10.31,85.5,-81.9,780.0,37.86,-8.69,-0.61,30.64
99080,0,15.45,76.91,20.25,111.6,-69.1,853.4,35.18,-10.7,-6.53,30.85
99100,2.13,4.8,70.21,36.48,51.4,-162.6,949.8,28.51,-8.84,-3.08,30.71
99120,0,7.5,61.91,44.57,114.9,-90.7,889.2,25.98,-14.43,-4.16,31.04
99140,0.93,3.4,44.57,59.5,38.2,-90.4,965.6,13.79,-19.28,-4.88,31.02
99160,0,0,27.45,62.43,50.8,-200.7,975.1,2.56,-30.82,-0.96,31.0
99180,7.97,0,16.05,65.4,1.4,-248.4,996.5,-4.4,-23.4,1.65,31.1
99200,2.87,0,12.03,56.46,-117.1,-109.5,1023.9,-13.46,-22.09,3.28,31.03
99220,0,0.83,6.63,47.64,37.7,-112.7,1029.9,-20.64,-25.66,4.4,30.92
99240,0,1.53,0,25.36,-81.8,-106.7,992.6,-26.6,-11.06,4.3,30.69
99260,0,1.27,0.3,18.98,-144.4,-84.5,1002.3,-34.28,-15.57,3.53,30.51
99280,0,0.12,1.01,17.08,-134.4,-49.2,972.1,-37.36,-7.77,4.71,30.38
99300,0,0,0,9.1,-151.8,-11.0,967.5,-43.28,-6.43,1.54,30.23
99320,0,0,4.21,0,-38.1,16.8,981.3,-43.18,7.95,-1.99,29.81
99340,0,4.93,0,2.6,-96.4,99.9,1026.0,-34.95,10.31,-3.5,29.54
99360,3.27,4.17,2.86,0,-65.1,60.7,998.2,-31.1,10.18,-3.39,29.2
99380,3.24,0,0,0,-120.6,108.7,997.5,-20.53,18.29,-4.44,28.85
99400,1.86,0,3.79,3.68,-98.5,129.2,970.2,-15.53,19.94,-1.27,28.46
99420,0.62,0.73,5.15,0,-25.2,63.9,1019.3,-7.73,14.1,2.31,28.3
99440,0.78,3.36,0,5.22,-48.4,149.4,977.2,-0.06,24.74,-3.55,28.52
99460,69.87,31.83,10.44,1.62,-47.2,219.5,926.4,4.95,23.67,1.63,27.68
99480,58.39,38.02,22.75,0,84.5,136.8,914.8,14.93,22.12,2.32,28.49
99500,37.11,52.4,26.1,0,33.4,70.1,863.5,25.76,11.48,1.31,28.75
99520,19.59,60.65,36.41,0,147.5,51.2,834.4,31.4,6.25,2.97,29.23
99540,8.79,58.49,48.57,0,153.3,79.4,833.2,32.56,4.73,3.28,29.3
99560,6.56,48.88,68.52,1.78,48.8,12.4,880.7,38.93,3.47,4.97,29.64
99580,5.14,35.87,78.63,0.83,-12.3,-72.7,821.1,40.66,-2.45,2.48,30.13
99600,1.86,23.76,86.88,10.43,93.7,131.2,815.2,39.69,-6.33,-3.08,30.21
99620,0,20.16,86.99,11.44,128.2,-25.2,793.4,33.55,-3.19,-4.25,30.55
99640,3.95,6.63,74.37,24.54,86.8,-17.3,847.3,32.26,-7.81,-5.66,31.02
99660,0,5.82,62.73,35.67,73.0,-91.2,811.4,21.03,-23.38,-4.37,30.89
99680,0,0,54.06,52.47,78.9,-195.5,930.1,16.41,-16.16,-2.85,31.3
99700,0,8.1,40.25,55.66,-71.5,-138.3,984.4,5.2,-7.04,-7.86,30.56
99720,0,1.69,26.11,67.42,19.7,-137.2,978.7,0.38,-10.52,-0.92,31.05
99740,6.12,1.81,15.68,64.95,-64.7,-41.2,1019.6,-3.81,-17.61,2.1,30.74
99760,0,0,9.31,57.0,-95.1,-220.8,978.7,-15.88,-17.76,3.8,31.08
99780,6.17,3.33,3.33,46.42,-41.8,-76.9,990.9,-26.21,-19.09,3.64,30.81
99800,0,2.96,0,29.92,-111.5,-67.5,965.0,-33.23,-6.16,6.2,30.95
99820,0,0,4.26,16.42,-93.3,-3.0,1041.3,-29.78,-7.65,6.01,30.52
99840,1.69,0.81,1.35,5.79,-51.1,53.2,962.1,-36.52,3.1,2.0,30.32
99860,1.02,4.46,0.23,4.62,-93.1,-15.3,1022.4,-43.72,0.08,-1.52,30.42
99880,0,0.38,1.19,0,-19.0,89.8,1054.3,-35.04,6.2,-2.5,29.67
99900,0,1.6,0.11,0.92,-41.8,68.8,1000.4,-32.98,13.55,-6.98,29.57
99920,0,0,0,0,-23.5,126.4,1027.3,-33.39,7.57,-5.67,29.51
99940,1.34,0.63,0,0,-112.9,48.2,969.1,-24.39,8.61,-3.92,28.94
99960,0.05,2.26,0,0,-28.4,96.0,1006.0,-19.84,13.36,-5.28,28.77
99980,2.6,0,0,0.83,-22.9,65.9,978.8,-12.11,20.05,-3.15,28.61
100000,77.34,19.55,10.81,0,-50.6,236.2,1009.5,-0.77,29.77,3.37,27.99
100020,68.27,39.25,7.68,1.67,19.3,186.8,907.5,10.93,22.49,3.84,28.59
100040,56.58,42.74,16.29,0,-3.8,145.2,848.2,13.45,16.12,4.78,28.65
100060,33.65,49.82,26.72,0,102.9,149.6,841.0,24.12,15.23,4.96,28.85
100080,21.98,53.59,45.16,0.8,115.1,91.6,821.8,32.66,20.32,6.54,29.2
100100,7.56,55.57,59.28,0,-6.5,9.0,791.7,39.22,-1.6,6.21,29.44
100120,0,46.35,72.78,3.77,160.1,-11.6,831.7,40.8,1.59,2.64,30.31
100140,1.3,34.46,74.29,1.92,143.1,40.7,807.4,35.17,3.74,-0.29,30.22
100160,0.34,28.15,85.21,15.84,134.0,-23.4,780.6,39.79,-0.64,-0.15,30.04
100180,1.9,16.25,79.87,18.65,97.1,2.8,818.0,30.68,-8.4,-3.03,30.92
100200,1.93,4.53,78.51,27.92,67.5,-56.6,848.8,31.48,-13.33,-4.43,30.77
100220,0,2.47,59.84,44.09,139.3,-150.5,884.6,20.79,-13.35,-7.42,31.21
100240,0.03,2.21,47.07,50.88,108.0,-119.4,910.5,13.5,-21.17,-0.41,30.56
100260,0,0.08,38.68,59.4,32.6,-130.5,968.4,5.23,-21.05,1.8,30.84
100280,1.18,0,25.57,61.18,-49.6,-216.5,1005.2,1.37,-17.83,-2.01,31.15
100300,0,1.92,11.48,57.35,-25.8,-70.7,970.7,-10.91,-16.96,1.57,30.8
100320,0.1,0,5.39,54.12,-42.5,-95.0,1049.6,-17.5,-22.79,3.31,31.03
100340,3.15,1.03,4.66,35.46,-43.7,-123.6,994.5,-21.61,-18.33,2.16,30.97
100360,1.79,0,1.7,21.76,-112.7,-106.7,980.8,-33.97,-8.32,2.64,30.33
100380,0,0,1.93,10.16,-82.4,21.8,1014.7,-39.81,-6.53,2.88,30.62
100400,5.24,0,0.71,5.13,-93.7,-136.9,1016.4,-36.46,-2.64,2.52,30.43
100420,0,3.61,0,7.64,-153.9,10.2,905.1,-31.83,-9.89,-1.95,30.3
100440,0,4.7,0,1.71,-93.7,28.4,967.9,-43.53,4.02,-2.42,29.68
100460,0,1.39,4.61,3.08,-10.7,81.3,1026.1,-42.3,9.29,-5.8,29.43
100480,0,3.74,3.38,0,-120.7,193.7,1026.5,-36.66,7.79,-6.4,29.71
100500,0.82,0,4.55,0,-96.2,143.2,975.6,-22.37,22.74,-1.81,28.94
100520,1.26,0,0,0,-47.0,53.0,969.9,-15.14,23.63,-3.33,28.66
100540,1.56,0,0,0,-1.2,180.9,963.1,-7.56,22.76,-4.87,28.49
100560,79.45,28.45,7.72,0,30.3,139.1,971.0,1.74,27.16,0.48,27.96
100580,63.23,39.42,8.63,0,70.3,163.4,982.8,8.74,20.05,5.29,28.67
100600,52.95,42.17,17.66,0,107.9,143.4,913.4,13.94,13.52,2.84,28.72
100620,34.24,56.99,31.44,5.58,6.2,191.2,831.3,26.92,16.29,6.7,29.02
100640,19.82,49.94,46.81,2.75,121.5,118.0,809.3,31.27,18.93,9.53,29.27
100660,5.37,55.79,58.25,2.09,57.7,119.7,819.1,36.06,2.74,2.11,29.6
100680,5.45,42.04,72.82,3.75,44.0,60.4,800.6,39.73,2.42,-0.3,29.57
100700,0,36.83,76.45,7.19,57.5,-106.6,812.4,39.03,-2.22,1.69,30.17
100720,2.88,20.63,84.73,8.76,18.5,-56.3,810.5,34.59,-6.21,-7.09,30.09
100740,0.57,10.87,83.06,17.19,66.7,-69.5,818.2,35.55,-5.58,-2.87,30.49
100760,0,4.85,73.66,31.47,100.1,-158.9,874.4,24.57,-16.55,-6.71,30.92
100780,0.51,1.37,52.29,42.72,85.1,-158.3,909.1,21.72,-21.1,-5.06,30.75
100800,0,0,46.98,55.57,89.5,-152.5,944.2,15.86,-18.07,-2.76,30.71
100820,0,7.02,36.13,64.7,32.8,-233.6,968.2,3.07,-25.12,-1.53,31.26
100840,0,0.17,21.7,62.35,5.3,-85.3,1030.4,-2.98,-21.21,0.52,30.99
100860,0,0,11.02,56.96,-78.6,-219.6,1008.1,-11.87,-23.32,4.02,30.88
100880,3.07,0,3.98,48.63,-58.9,-149.7,1047.5,-24.47,-8.78,2.17,30.6
100900,5.32,4.21,3.4,36.65,-19.3,-58.6,1022.3,-24.97,-22.69,3.22,30.77
100920,1.55,0,0,19.46,-137.3,-14.7,971.5,-37.44,-10.86,5.17,30.67
100940,0,0,0.66,15.05,-17.2,-139.1,1018.5,-37.53,-13.81,1.36,30.23
100960,0,0,2.16,3.63,-86.4,-97.9,971.8,-43.04,0.94,3.86,30.16
100980,2.21,5.42,0,6.62,-109.9,10.5,1030.6,-42.67,10.36,-2.99,30.14
101000,0.63,4.21,3.65,3.89,-56.8,-59.8,1014.7,-35.4,5.69,-2.05,29.74
101020,1.76,0,0,1.73,-67.1,73.2,1022.2,-36.31,8.41,-3.8,29.55
101040,4.54,3.28,3.37,0,-71.2,106.5,1004.2,-23.78,3.96,-0.74,28.76
101060,1.96,3.71,2.1,0,-15.0,203.3,987.3,-19.77,16.72,-4.23,29.05
101080,3.61,1.14,0,2.02,-45.1,160.6,1029.2,-11.56,16.2,-4.37,28.43
101100,0,0.12,1.05,0,37.0,130.9,980.7,-6.77,17.08,-2.04,28.06
101120,76.45,30.12,7.86,2.11,-2.6,102.0,928.4,5.49,23.03,-0.62,28.15
101140,65.77,35.92,18.02,0,0.2,117.3,924.7,7.63,32.49,4.8,28.26
101160,46.63,44.42,24.74,0.63,31.9,138.3,866.3,19.3,18.79,6.04,28.55
101180,25.98,57.22,31.49,0.83,51.9,51.8,883.2,28.08,13.22,3.65,28.76
101200,19.66,63.83,43.84,3.99,27.4,49.7,790.5,37.23,12.95,5.22,29.45
101220,1.75,49.13,63.06,0,56.4,79.4,892.1,41.97,2.72,2.99,30.06
101240,0.14,41.58,75.38,1.78,71.1,17.2,787.3,39.97,3.07,0.07,30.1
101260,1.92,28.59,82.8,4.31,12.8,24.5,804.5,30.85,-0.23,1.3,30.5
101280,0.71,25.94,86.67,15.73,215.9,-68.2,777.9,42.6,-6.29,-4.58,30.37
101300,0,14.53,79.02,24.42,70.9,-130.5,825.4,38.4,0.4,-0.8,30.44
101320,2.26,9.24,66.35,38.32,-20.5,-80.1,875.4,28.6,-11.37,-4.4,30.38
101340,0,0,56.62,44.12,53.7,-124.0,886.0,21.61,-15.5,-9.22,30.57
101360,5.46,2.1,48.99,57.56,48.5,-151.8,949.0,11.86,-18.96,-2.39,31.26
101380,0,0,25.46,64.31,-31.9,-131.1,985.2,4.21,-22.22,-1.96,31.26
101400,0.33,0,21.93,62.35,-5.3,-77.4,1022.3,-0.22,-20.95,2.28,30.65
101420,0,0.75,8.47,62.71,-52.1,-218.0,985.9,-10.85,-19.65,2.44,30.98
101440,0,0,8.14,39.45,-81.0,-63.3,984.9,-22.41,-17.61,4.5,30.71
101460,0.71,0.95,0,26.99,-72.8,-149.0,962.6,-30.54,-10.07,5.27,30.81
101480,4.85,3.13,5.2,24.53,-60.4,-21.7,996.3,-30.59,-1.6,5.1,30.84
101500,5.26,0,1.32,6.11,-113.4,-17.3,995.9,-35.81,-2.93,5.5,30.44
101520,2.58,0,0,9.61,-171.7,21.1,1045.8,-44.22,1.59,5.77,30.16
101540,0,0,0,0,-42.8,-78.5,965.9,-40.61,15.07,-3.4,29.86
101560,2.34,5.31,1.24,1.91,-124.7,-2.0,982.4,-37.9,4.45,-2.8,29.57
101580,0.46,0,3.29,0.53,-40.7,95.6,1000.9,-38.97,11.19,-3.82,29.14
101600,2.27,0,0,0,-121.1,151.5,993.7,-25.18,22.2,-1.72,29.2
101620,0.94,0,2.05,0,-72.3,186.4,1056.3,-18.58,17.15,-5.16,28.9
101640,3.81,0,0,0,-44.5,77.7,967.6,-14.49,17.15,2.1,28.47
101660,4.81,1.53,0,0,-45.1,185.6,938.5,-4.31,23.8,-4.3,28.24
101680,70.58,30.0,14.18,0.34,43.2,130.5,917.5,4.01,14.58,3.95,28.36
101700,60.58,37.54,12.11,0,24.8,123.6,916.7,15.39,15.96,4.17,28.67
101720,45.44,49.58,24.28,0,34.6,153.8,930.5,25.58,16.49,3.11,29.25
101740,27.3,53.72,34.77,1.62,52.6,135.5,878.7,29.21,18.4,3.85,28.6
101760,10.63,59.7,48.48,0,101.5,70.8,808.9,26.1,6.21,4.5,29.61
101780,2.64,53.3,67.09,2.61,178.4,23.6,792.8,39.77,8.12,1.09,29.89
101800,2.24,39.8,77.15,2.81,135.0,95.7,814.7,37.65,-0.4,5.36,30.18
101820,3.07,30.22,81.45,7.55,199.8,-15.3,832.7,44.14,-9.37,-0.98,30.27
101840,3.31,24.06,80.63,12.03,134.8,-73.4,856.3,35.09,-11.39,-2.17,30.34
101860,0,4.49,81.15,21.14,85.6,-13.8,874.2,29.71,-13.54,-4.44,30.8
101880,3.71,8.83,68.26,36.52,48.2,2.9,928.2,25.21,-16.41,-5.75,30.68
101900,0,0.81,54.62,50.29,-18.9,-35.0,899.2,14.28,-14.79,-3.1,31.1
101920,2.07,6.58,44.87,59.01,57.3,-142.4,940.6,13.98,-24.31,-3.49,30.75
101940,0,2.46,25.36,66.05,65.9,-213.6,987.7,3.87,-13.72,-1.91,31.04
101960,0,5.22,20.79,63.08,29.4,-176.0,1022.6,-6.04,-20.49,2.81,31.32
101980,6.1,0,9.61,55.09,-100.0,-160.4,966.9,-19.52,-20.14,1.98,30.74
102000,3.69,0,4.15,31.39,-2.0,-91.1,998.5,-29.96,-10.66,4.45,30.68
102020,0,0.68,4.78,28.81,-94.7,-107.6,1057.4,-35.6,-7.31,6.93,30.54
102040,2.66,1.34,2.77,19.44,-130.4,-104.5,989.4,-31.41,-8.96,2.33,30.72
102060,0,0,0.04,7.73,-150.9,-103.7,1025.6,-35.52,-3.95,6.0,30.32
102080,3.14,3.74,0,4.31,-131.6,40.6,988.7,-42.43,-3.04,-0.66,30.15
102100,0,2.53,2.97,2.25,-68.2,-22.9,1032.9,-35.98,-2.39,-3.41,29.8
102120,5.5,0,6.36,0,-114.5,46.6,1013.3,-34.59,10.48,-3.21,29.81
102140,4.4,1.65,0,0.56,-24.9,145.5,987.9,-32.72,11.61,-4.66,29.48
102160,2.01,0,0,0,-18.6,100.3,976.9,-25.38,21.76,-5.58,28.91
102180,0,0,0,0,7.4,198.3,978.8,-21.57,9.94,0.04,28.94
102200,0,1.18,0,0,-64.3,79.2,958.0,-14.65,14.56,-5.33,28.34
102220,0,0,1.54,0.37,68.8,178.6,1000.6,-3.34,8.57,1.12,28.34
102240,76.16,32.33,7.61,0,35.9,91.7,957.4,9.07,18.65,5.11,28.41
102260,52.34,35.43,18.4,0,11.6,49.5,856.9,13.98,17.47,-1.71,28.78
102280,43.53,51.8,23.31,0,107.4,60.3,897.2,26.23,22.65,3.07,28.91
102300,15.87,55.17,41.83,0,126.3,-3.8,827.4,32.94,14.1,4.57,29.48
102320,8.09,56.36,52.53,0,76.2,-82.9,788.1,37.12,9.75,5.79,29.46
102340,0,47.5,71.85,1.17,167.5,23.5,805.7,39.34,4.22,0.07,30.03
102360,4.36,38.66,78.96,6.71,-22.8,-0.6,791.7,39.28,4.25,0.5,30.56
102380,0,27.0,85.7,6.04,0.8,-109.9,753.2,38.98,1.36,-4.03,30.27
102400,2.36,14.02,85.58,16.02,105.4,-21.7,802.9,41.35,-9.38,-1.57,30.4
102420,0.24,12.41,73.5,25.89,103.2,-136.7,874.0,31.38,-13.38,-5.27,30.72
102440,0,3.86,68.15,37.83,22.1,-7.5,841.6,23.1,-12.16,-4.29,30.76
102460,4.02,0,51.12,55.16,59.4,-147.0,864.1,15.95,-26.5,-4.92,30.74
102480,0,0.69,35.1,60.65,113.9,-118.3,956.9,10.01,-15.42,-0.96,31.01
102500,3.64,1.75,27.13,67.3,78.7,-159.2,940.0,-1.82,-19.45,-1.45,30.89
102520,0,0,10.13,65.89,25.1,-113.3,1054.5,-8.24,-21.93,2.65,31.11
102540,0.03,0,9.55,46.62,-24.2,-129.0,1004.7,-18.78,-16.02,0.85,30.79
102560,9.03,0,2.0,42.64,-14.5,-15.9,1055.5,-24.27,-16.58,6.17,30.6
102580,0,0.67,2.65,26.0,-103.5,-161.7,1024.6,-30.46,-12.0,2.91,30.76
102600,0,0,0,19.23,-166.6,-57.7,986.8,-34.58,-10.54,4.9,30.67
102620,2.02,5.21,0,5.89,-94.7,-52.9,1004.5,-40.66,-15.54,-1.22,30.31
102640,0,0,0,5.39,-83.6,-53.0,949.8,-41.64,-2.42,1.31,30.18
102660,0.69,0.07,4.04,2.15,-102.6,-29.7,996.6,-39.31,10.78,-1.67,29.69
102680,1.31,1.7,0,1.96,-38.1,141.4,991.8,-34.79,4.78,-5.32,29.25
102700,0,1.62,0,2.32,-133.0,119.6,939.7,-26.67,17.47,-4.26,28.99
102720,6.88,0,0,0.11,-12.6,95.3,1022.4,-18.15,10.22,-6.67,29.07
102740,0.18,0,0,0,-32.1,76.2,1001.4,-16.48,13.35,-3.05,28.61
102760,3.58,4.66,5.44,0,62.0,234.0,1083.4,-2.97,19.49,-0.75,28.18
102780,78.42,19.93,6.37,4.31,-6.4,210.1,1004.7,6.18,19.67,-3.01,28.09
102800,73.65,32.89,9.3,5.11,36.4,117.0,910.7,4.55,16.28,-0.68,28.15
102820,46.87,45.49,23.39,2.08,60.6,84.3,843.3,17.21,16.53,5.95,28.77
102840,32.12,50.25,28.75,0,90.7,136.0,866.9,26.89,18.24,5.07,29.22
102860,17.88,58.16,42.87,2.94,48.6,41.5,843.0,31.7,14.57,7.59,29.27
102880,5.54,54.82,58.04,0,45.9,110.4,752.2,35.81,8.35,4.32,29.7
102900,0,44.85,71.0,2.87,-2.1,-78.2,774.8,40.16,1.96,0.91,29.91
102920,0.82,34.8,84.44,2.6,88.5,11.8,843.1,39.56,-4.53,2.78,30.15
102940,0,21.75,90.25,10.63,34.8,-80.6,802.3,40.02,-3.85,-3.94,30.36
102960,0,15.41,84.8,21.29,169.3,-115.8,803.2,34.6,-8.32,-3.3,30.92
102980,3.11,10.49,73.44,32.0,89.7,-97.6,845.7,31.12,-12.4,-8.32,30.4
103000,0,5.0,66.2,39.23,-14.3,-110.3,867.0,18.92,-17.73,-4.49,31.18
103020,0,2.6,50.85,56.5,-10.9,-180.9,929.0,21.89,-22.83,-2.83,30.51
103040,0,0,35.64,59.92,62.4,-176.6,1002.8,11.0,-9.67,-3.52,30.66
103060,0.39,0,22.49,63.92,-9.9,-181.5,1022.1,-0.47,-26.16,1.04,30.89
103080,0,6.23,16.21,63.13,-10.0,-155.0,974.9,-2.25,-25.57,6.22,31.09
103100,3.66,1.06,8.1,49.36,-126.2,-183.5,968.9,-25.8,-12.02,6.32,30.62
103120,1.69,2.7,6.66,40.81,-66.4,-150.8,1002.3,-25.03,-17.99,5.81,30.55
103140,0,0,3.48,22.76,-66.7,-91.2,981.2,-29.84,-11.18,3.48,30.45
103160,0,2.61,2.22,13.1,-83.5,-56.7,981.9,-38.38,-7.19,3.92,30.78
103180,0.96,4.51,0,3.87,-113.9,-81.1,1010.8,-36.83,-9.85,1.09,30.25
103200,0,0,1.6,0,-119.9,-51.8,991.5,-37.66,5.85,-0.53,29.86
103220,0,0,0,4.11,-87.3,-44.0,993.9,-40.12,11.56,-7.03,29.74
103240,0,5.12,0,0,-81.8,55.4,993.1,-36.88,9.49,-4.53,29.38
103260,0,0,2.24,5.23,74.8,111.0,947.5,-29.64,16.65,-4.46,29.21
103280,0.11,0,2.33,0,-65.1,140.2,1018.0,-20.8,14.63,-7.85,28.33
103300,2.64,4.45,0,2.7,70.6,197.5,1027.1,-16.11,17.97,-2.42,28.49
103320,0,0,0,0,-5.1,211.3,1040.0,-4.57,18.13,-0.06,28.29
103340,77.52,27.28,5.78,3.78,-2.5,161.9,988.7,4.79,17.14,-1.18,27.69
103360,63.58,37.87,13.87,0,-32.2,104.2,864.0,18.81,21.84,2.32,28.12
103380,50.57,44.83,19.5,0,-18.0,73.0,896.5,20.89,19.28,1.63,28.65
103400,30.91,54.33,31.88,0,87.9,184.5,908.2,29.92,25.39,7.13,29.43
103420,15.7,57.5,46.45,0,107.1,48.3,832.7,33.53,14.98,5.14,29.15
103440,4.19,50.81,65.27,2.53,93.8,61.0,812.3,36.72,5.47,1.49,29.66
103460,1.47,41.2,77.28,1.64,101.8,33.2,816.2,43.06,11.96,-0.5,30.12
103480,0,30.88,86.9,5.53,144.1,45.4,853.3,40.61,4.32,-5.79,30.01
103500,0.09,18.92,85.65,5.43,117.2,-16.9,764.9,35.69,-4.6,-5.78,30.7
103520,0,12.04,81.84,20.09,107.5,-64.3,819.8,38.3,-5.85,-1.59,30.4
103540,0,5.38,71.34,36.5,35.1,-52.3,857.7,29.44,-16.9,-5.44,30.99
103560,0.09,5.52,56.94,46.86,13.9,-64.3,906.0,23.23,-18.56,-4.17,30.76
103580,3.07,1.16,42.84,58.15,4.5,-159.1,997.1,21.18,-26.29,-6.65,30.66
103600,3.19,0.26,31.97,63.91,12.4,-145.0,994.7,6.77,-18.71,-2.44,31.18
103620,3.13,1.27,22.52,67.28,-21.7,-81.1,968.4,0.16,-30.1,-0.17,31.07
103640,0,0,13.54,63.15,-47.8,-186.3,1051.6,-14.45,-23.06,2.03,30.91
103660,1.63,0.72,4.92,43.15,61.9,-31.5,1039.4,-19.74,-8.04,5.6,31.13
103680,0.13,1.18,2.47,32.39,-85.1,-6.9,947.3,-30.09,-17.58,5.71,30.53
103700,0.34,0.58,0.78,19.81,-43.9,-42.3,981.0,-37.14,-18.18,4.21,31.02
103720,1.82,1.86,1.01,13.05,-70.0,-32.3,1007.1,-38.63,-9.7,3.72,30.68
103740,2.96,0,0.38,4.83,-208.2,-79.1,1018.8,-40.69,-5.08,-2.71,30.24
103760,0,0,0,0.62,-100.7,51.5,1037.2,-44.02,3.48,-1.08,29.79
103780,0.52,3.46,1.39,4.8,-115.9,66.8,979.7,-36.82,14.37,-7.32,29.68
103800,4.45,0,1.39,1.91,-26.2,81.3,1000.5,-34.63,12.21,-3.73,29.23
103820,0,1.88,0,0.51,14.0,85.5,1033.4,-18.6,19.59,-6.39,28.82
103840,0,0.54,0.73,3.08,-18.9,102.6,997.8,-17.82,15.39,-3.86,28.73
103860,0,0.76,2.96,1.26,-39.7,105.9,1026.6,-6.55,20.05,-2.76,28.48
103880,4.41,0,2.05,0,29.6,163.6,962.4,-3.59,20.68,1.2,28.25
103900,75.67,28.61,4.41,0,35.5,167.5,929.9,8.44,18.86,3.15,28.19
103920,63.55,40.44,16.62,0,111.8,149.4,960.6,13.3,25.26,6.28,28.48
103940,41.47,57.79,21.53,2.69,73.6,60.9,939.4,18.42,13.57,0.83,28.89
103960,27.42,56.66,35.57,7.12,66.2,3.6,792.0,32.14,12.39,7.86,29.17
103980,14.05,58.12,51.46,1.44,91.1,105.0,819.6,34.02,6.12,1.72,29.55
104000,10.39,49.68,66.33,0,10.7,57.1,786.9,36.27,6.9,0.88,29.91
104020,6.9,37.15,70.57,4.15,69.2,-45.4,802.2,43.47,-0.89,-0.81,30.18
104040,0,29.84,89.19,4.24,165.5,-27.4,770.0,36.05,10.29,-1.95,30.37
104060,2.05,22.39,84.08,13.41,49.3,-60.0,845.8,35.74,-4.51,-2.74,30.38
104080,7.27,9.78,79.66,21.74,94.0,-31.5,749.0,36.52,-5.41,-7.1,30.45
104100,0.68,10.73,69.32,37.71,89.2,-148.9,841.8,26.03,-11.33,-5.66,30.54
104120,3.02,3.59,54.1,48.02,2.3,-169.2,923.5,20.75,-17.95,-5.67,31.1
104140,0.09,0,44.6,58.84,123.2,-189.4,919.1,13.17,-19.57,-1.61,30.82
104160,1.39,2.09,29.8,65.07,-4.1,-118.7,925.8,0.89,-18.43,-1.96,31.08
104180,0.96,1.34,20.24,62.31,-42.0,-89.2,1004.4,-5.93,-19.53,3.54,30.93
104200,0,4.64,14.22,62.42,5.0,-152.0,999.1,-14.73,-14.85,0.37,30.81
104220,6.08,0,4.21,42.27,-124.2,-167.5,1054.6,-21.61,-27.21,2.87,30.98
104240,2.25,2.5,0,33.55,-50.5,-61.5,993.3,-29.53,-9.44,3.97,30.86
104260,1.36,0,0,23.05,-78.1,-154.6,1029.4,-33.33,-10.74,3.23,30.35
104280,1.62,0,0,15.74,-103.1,30.5,991.8,-41.45,-11.72,3.1,30.25
104300,2.43,2.14,4.56,2.91,-152.2,-39.7,993.4,-37.87,-1.85,0.45,30.56
104320,7.38,2.02,1.11,5.16,-89.6,134.5,1007.3,-38.95,-0.92,-2.68,29.88
104340,0.53,0,4.96,2.32,-46.0,30.1,1003.0,-40.13,2.5,-5.09,29.41
104360,0,0,0.17,0,-75.0,164.4,1006.1,-36.15,14.98,-5.54,29.16
104380,0,0,4.94,6.21,-55.3,140.4,991.4,-23.01,13.97,-2.21,29.15
104400,0.8,0.25,0,0.11,-34.6,159.9,1002.8,-23.23,16.38,-5.75,28.41
104420,0,0,0,0,-37.0,183.4,997.5,-10.89,16.59,-6.34,28.5
104440,0,0.88,0.96,0,-20.7,180.4,991.1,-2.36,21.71,3.09,28.15
104460,73.54,36.13,12.33,1.48,0.3,98.2,952.8,7.1,12.8,-1.56,28.29
104480,57.4,45.11,11.23,0,100.0,125.2,846.0,18.27,14.95,6.29,28.35
104500,40.37,51.11,26.24,0,51.9,102.9,895.8,27.15,10.32,4.32,28.52
104520,23.0,57.55,35.39,0,68.7,69.8,859.4,32.45,13.14,6.2,29.41
104540,5.5,53.82,54.3,0,55.3,59.3,865.3,34.51,14.22,5.96,29.48
104560,3.5,54.04,63.54,4.57,72.3,10.0,792.6,40.67,2.16,2.3,30.1
104580,0,34.46,77.51,4.3,132.3,35.8,796.6,44.43,-0.73,-0.67,29.83
104600,2.03,27.28,89.25,5.95,151.1,-7.5,834.0,35.35,-3.57,-4.14,30.56
104620,3.92,14.14,89.76,17.5,101.9,-43.4,834.2,39.75,-6.97,-6.46,30.54
104640,0,7.31,79.42,27.67,149.7,-121.1,872.9,28.46,-10.24,-4.31,30.41
104660,0,5.63,65.3,38.54,68.2,-83.4,891.4,29.62,-21.61,-1.11,30.99
104680,0,1.23,52.87,51.71,14.5,-56.3,849.7,19.76,-20.71,-8.15,30.95
104700,0,0,41.43,63.12,-4.6,-265.6,934.6,12.9,-27.51,-6.23,30.67
104720,0,0.53,27.25,68.55,-113.1,-190.5,959.6,0.79,-25.38,1.55,31.28
104740,0,0,14.53,66.31,17.6,-142.0,962.4,-14.7,-23.91,-0.27,31.28
104760,0,5.55,6.24,52.97,-59.4,-153.9,984.0,-19.0,-16.61,3.23,30.76
104780,4.03,0.46,8.72,48.87,-72.4,-158.8,981.3,-25.39,-25.1,3.22,30.95
104800,0,3.6,3.22,29.35,-101.6,-98.3,982.9,-31.39,-7.46,5.34,30.87
104820,2.65,0,0,16.45,-139.0,-143.9,990.1,-34.19,-12.36,2.23,30.87
104840,3.19,0,0,8.69,-58.8,74.7,1027.5,-34.96,2.71,3.04,30.59
104860,0,3.01,0.5,3.62,-126.4,5.8,1045.7,-37.72,0.2,1.8,30.08
104880,0,0.12,1.32,4.96,-100.8,36.5,972.0,-40.06,5.89,2.59,29.84
104900,3.96,3.61,2.23,1.26,-51.7,33.3,988.0,-37.57,6.25,-4.53,29.91
104920,0,2.58,0,0,-65.1,160.8,998.4,-28.13,17.26,-3.41,29.34
104940,0,3.87,0,0,11.0,204.5,974.9,-19.76,9.46,-9.36,28.85
104960,1.92,0,1.36,2.13,-59.4,98.3,1017.6,-17.43,35.66,-2.52,28.33
104980,0,0,0,0,-64.1,233.4,1041.4,-11.91,17.55,0.26,28.77
105000,78.25,18.56,8.71,0,57.7,58.3,934.3,-2.97,23.39,1.47,27.83
105020,72.81,34.77,4.47,0.79,57.8,112.9,974.4,8.72,26.57,2.59,28.28
105040,57.87,45.53,14.64,4.48,-21.0,128.9,883.1,14.41,21.27,3.45,28.37
105060,31.78,53.52,29.92,0,25.8,104.7,859.3,28.11,15.09,7.27,28.94
105080,16.17,59.49,43.57,5.56,127.7,47.9,886.1,35.53,18.01,2.95,29.53
105100,9.44,53.39,60.31,0,70.5,87.6,814.7,31.54,11.22,4.56,29.59
105120,5.13,48.85,65.67,0.61,72.4,57.3,815.7,38.12,-4.44,2.56,30.24
105140,0.34,41.59,81.37,4.54,-40.1,-61.7,841.1,41.19,4.44,-0.17,30.07
105160,0,18.85,90.07,10.01,25.3,-41.7,821.3,38.87,-7.6,2.25,30.61
105180,1.06,15.48,84.78,19.25,109.2,-42.2,811.1,33.01,-5.5,-3.0,30.58
105200,0,12.39,76.68,32.06,110.0,-56.4,881.8,25.92,-3.15,-5.81,30.89
105220,0,0.59,70.87,44.42,79.7,-130.8,857.1,27.21,-18.55,-7.22,30.87
105240,0.07,1.08,48.76,51.95,-72.3,-107.3,956.4,16.63,-20.21,-3.46,30.65
105260,3.33,0,35.31,62.29,1.3,-209.2,986.6,10.84,-29.44,-2.53,31.12
105280,0,0.31,20.55,67.39,37.1,-162.9,974.9,-2.2,-18.65,1.4,30.97
105300,4.26,3.09,16.05,65.33,-72.5,-209.4,1009.8,-8.27,-16.87,1.13,31.03
105320,0,0,10.57,50.04,-10.9,-78.7,992.3,-24.64,-16.28,5.26,31.04
105340,1.28,0.22,5.34,36.92,-45.5,-129.6,1008.2,-23.65,-18.11,3.5,30.92
105360,4.12,0,4.36,23.3,-101.7,-186.6,1037.7,-28.78,-16.84,6.99,30.61
105380,0.23,3.74,7.37,15.1,-158.0,-8.3,1002.1,-37.95,-3.1,4.65,30.54
105400,0,1.97,0,7.06,-77.3,-33.0,1012.0,-34.73,-6.35,1.56,30.17
105420,2.35,1.5,0,4.08,-72.0,2.3,1045.4,-39.77,0.65,-1.33,30.17
105440,0.88,1.71,1.16,6.23,-134.3,-0.6,1026.6,-39.32,5.23,-4.67,29.72
105460,2.24,0,0.6,4.16,-177.2,30.0,974.4,-32.23,-2.27,-5.2,29.54
105480,4.76,1.77,0,0.68,-31.6,136.4,1016.6,-32.2,14.1,-6.44,28.94
105500,0,0.15,1.37,0,-45.1,70.1,1047.2,-25.36,14.47,-2.81,28.87
105520,0.69,5.75,0,0,-80.8,168.1,1072.4,-14.9,19.69,-4.24,28.65
105540,5.85,0,0,1.84,-49.4,226.1,1011.3,-0.92,21.89,-5.74,28.09
105560,81.6,23.12,12.81,4.69,85.8,158.8,1000.6,-0.08,19.39,1.29,27.76
105580,64.17,31.63,11.8,0,12.4,207.0,903.6,11.69,18.55,3.39,28.47
105600,50.39,44.84,23.83,0,64.4,151.8,857.4,17.76,21.96,-2.09,28.73
105620,34.32,54.22,27.78,0,48.8,124.5,890.3,27.3,16.83,7.57,28.57
105640,9.77,58.44,41.61,3.89,15.7,74.8,813.6,31.7,14.39,2.31,29.09
105660,11.94,51.13,56.52,0,156.1,12.9,816.2,36.97,8.8,4.38,29.98
105680,2.0,47.65,74.78,5.21,60.7,-0.5,829.7,40.3,9.98,2.68,29.99
105700,0,33.02,83.81,2.28,119.6,63.6,789.9,37.6,-6.25,-0.36,30.53
105720,0,20.31,85.42,8.33,84.7,17.9,864.7,38.99,-9.91,-3.87,30.29
105740,0,14.07,82.9,19.09,60.1,-18.3,766.8,34.88,-12.85,-3.15,30.22
105760,0,5.09,72.66,31.19,53.5,-30.3,905.0,27.13,-14.88,-1.1,30.75
105780,0.62,6.37,63.9,42.81,68.7,-78.6,827.9,20.17,-18.22,-3.05,30.93
105800,0,8.41,47.65,57.13,87.1,-125.6,881.5,12.43,-25.28,-4.42,31.03
105820,3.49,2.5,30.61,63.5,73.5,-114.8,968.3,11.27,-18.19,-0.97,31.08
105840,1.14,5.49,21.49,72.52,17.9,-123.3,979.8,1.52,-18.68,0.36,31.11
105860,3.06,2.66,15.03,62.95,-24.3,-150.2,962.2,-16.36,-23.62,4.55,30.73
105880,4.93,1.36,3.83,46.39,54.9,-124.0,1020.9,-22.0,-17.16,3.86,31.43
105900,0,2.13,0,43.59,-52.7,-163.0,995.2,-24.82,-8.83,3.48,31.04
105920,0.06,2.44,0,20.45,-73.8,-125.8,967.4,-32.3,-13.73,4.98,30.79
105940,1.87,2.57,0,12.6,-127.3,-187.0,1014.8,-38.94,4.39,1.81,30.53
105960,0,1.76,4.65,5.91,-113.0,17.8,958.2,-35.87,9.78,4.59,30.33
105980,0,0,1.47,6.64,-100.0,8.8,980.1,-38.27,6.35,-0.32,29.69
106000,0.1,0,0,1.17,-93.8,47.8,1044.2,-41.23,5.82,-3.61,30.06
106020,0,1.15,0,6.2,-127.4,29.2,969.6,-31.94,4.33,-6.55,29.61
106040,0,0,1.25,0,-49.7,107.5,967.7,-28.84,18.64,-5.96,29.01
106060,2.73,0.63,2.57,0.84,-78.5,60.0,1024.9,-22.51,9.63,-2.8,29.06
106080,5.67,0.36,3.76,1.15,-11.8,115.6,1005.1,-15.83,10.93,-4.28,28.54
106100,0,0,0,1.11,23.3,180.5,1034.8,-6.63,16.94,-0.22,28.44
106120,74.51,23.59,2.44,0,96.3,158.6,999.9,2.88,28.21,-1.65,27.93
106140,64.59,36.68,9.76,0,31.1,136.4,949.4,10.29,17.32,-2.4,28.39
106160,46.01,49.21,24.33,0,86.0,154.4,833.1,20.0,11.43,2.12,28.88
106180,25.77,54.94,31.8,0,-4.8,205.1,874.6,29.17,16.98,3.68,28.97
106200,13.96,54.8,52.78,0,101.3,48.3,798.7,30.17,8.66,5.27,29.61
106220,6.86,50.23,62.34,2.89,87.0,119.4,828.3,40.31,7.09,2.55,29.72
106240,1.69,41.63,74.92,1.75,41.9,26.9,825.6,35.1,3.64,4.53,30.03
106260,0.94,26.96,87.46,12.88,114.8,-77.2,801.6,40.21,-9.82,-2.15,30.07
106280,0.68,17.73,82.47,12.25,180.1,3.4,771.4,37.89,-8.13,-4.99,30.21
106300,2.1,10.93,79.46,22.49,110.3,-30.1,844.4,38.01,-4.69,-5.12,30.65
106320,0,5.63,73.77,31.72,-31.3,-167.9,875.1,32.61,-14.68,-6.2,30.6
106340,4.78,0,54.72,47.7,66.1,-150.2,862.1,24.24,-20.19,-3.07,31.04
106360,0,8.22,43.37,54.87,-71.5,-117.8,981.7,10.75,-15.49,-1.4,31.43
106380,0,0,22.1,64.21,24.5,-147.7,933.2,10.36,-27.18,-0.69,30.92
106400,0,0,16.98,64.0,-97.0,-165.6,1006.5,-4.29,-22.06,-0.44,30.66
106420,4.93,0,14.54,62.49,-40.9,-135.8,1019.1,-9.31,-16.8,4.98,31.24
106440,0,0,3.18,43.82,-41.8,-107.7,987.1,-20.31,-22.73,5.46,30.98
106460,0,0,0,37.24,-83.3,-54.0,995.6,-30.8,-17.24,8.33,30.83
106480,0,0,5.42,16.32,-128.6,-51.2,1016.1,-35.43,-11.75,7.02,30.68
106500,0,0,0,14.93,-104.0,-78.0,935.0,-42.57,-13.03,1.72,30.8
106520,0.01,0,0,3.77,-111.2,-42.6,1016.7,-40.11,-4.48,-1.78,29.99
106540,0,0.06,3.65,3.75,-64.2,-28.5,1006.8,-39.26,6.82,-3.35,29.81
106560,4.89,5.94,0,3.34,-77.2,127.8,964.1,-39.95,8.38,-3.17,29.58
106580,0.92,0,0,0.06,-99.9,29.1,988.4,-30.05,15.93,-2.54,29.4
106600,6.43,0,0,1.17,-46.9,51.1,943.6,-28.42,18.49,-7.61,29.24
106620,2.25,2.64,0,0,18.1,250.9,991.8,-21.92,18.5,-0.21,28.55
106640,2.71,0,3.44,0.51,-102.5,131.7,995.0,-6.98,15.96,-3.07,28.38
106660,0,0,0,0,-28.7,117.6,1024.2,-2.71,20.35,0.54,28.28
106680,72.95,28.41,10.43,0,30.0,139.8,966.8,7.93,20.11,-1.72,28.09
106700,60.56,45.45,11.74,0.22,22.8,132.4,906.9,13.27,18.39,0.69,28.76
106720,40.3,51.63,26.26,0,20.3,212.7,902.9,21.12,9.57,5.57,29.1
106740,16.93,56.49,39.27,1.99,8.4,116.6,894.0,30.36,13.82,7.71,29.15
106760,10.92,58.52,55.42,1.69,55.8,80.6,829.1,35.85,3.15,1.47,29.36
106780,1.13,51.56,61.28,4.66,158.2,156.5,797.7,37.68,13.22,1.01,29.86
106800,0.69,38.55,79.54,2.07,86.5,31.4,852.6,38.2,3.88,0.53,30.2
106820,1.01,26.1,82.38,7.49,115.6,-122.3,813.1,41.64,3.11,1.19,30.4
106840,0,20.91,84.1,14.07,40.2,-131.8,808.4,40.88,-9.32,-5.61,30.68
106860,0,8.0,78.35,28.66,113.7,-104.4,878.8,35.94,-14.33,-6.36,30.48
106880,1.01,5.66,70.03,34.04,133.8,-7.7,833.8,23.8,-21.47,-2.33,30.65
106900,0,2.48,62.73,49.09,120.2,-137.6,904.8,24.06,-17.51,-5.42,31.09
106920,0.53,0,41.05,59.14,66.0,-171.1,942.5,10.75,-14.4,-3.7,30.98
106940,0.51,0,27.18,63.95,103.3,-137.2,1030.0,-2.63,-21.92,-1.14,30.7
106960,0.13,0.94,15.25,65.21,7.5,-152.5,1002.1,-7.1,-21.06,2.34,31.29
106980,0,0.54,9.85,57.04,-79.1,-95.8,970.4,-15.75,-22.67,6.32,31.1
107000,0.1,1.71,3.77,40.5,-98.2,-87.4,1033.4,-24.71,-22.64,4.88,31.01
107020,0,0,4.45,33.59,19.1,-50.0,989.6,-31.27,-6.0,0.56,30.45
107040,0.74,1.76,5.7,18.02,-43.0,-40.3,1016.7,-35.08,0.8,2.44,30.35
107060,0,0,1.3,8.86,-55.3,-58.4,995.3,-33.43,0.78,2.74,30.62
107080,2.9,0,0,8.46,-90.4,-18.5,1066.3,-40.02,4.58,0.8,29.86
107100,0,0,0,6.11,-63.2,-17.7,983.3,-34.24,-3.19,-3.96,30.12
107120,0,0,4.13,0,-162.7,80.1,1031.1,-36.54,1.28,-2.21,29.71
107140,3.05,0,0,1.98,-103.8,116.6,940.6,-28.3,6.8,-4.59,29.19
107160,0,0.27,1.23,0,10.0,140.4,971.7,-23.1,15.18,-3.62,29.11
107180,0,3.28,4.12,0,-88.7,141.1,968.5,-17.47,17.81,-3.92,28.61
107200,0,0,0.4,1.04,-4.3,197.4,996.3,-16.72,33.9,0.4,28.08
107220,0,0,0.17,0,-36.2,112.5,1037.0,-2.25,25.85,-1.31,28.2
107240,72.73,30.12,5.85,0,-60.1,153.7,967.1,10.1,22.12,1.69,28.7
107260,50.14,41.08,12.74,0,6.0,114.0,932.2,14.75,15.09,5.59,28.61
107280,30.14,53.92,22.11,0.64,74.0,184.3,893.0,19.73,15.84,3.8,29.2
107300,18.6,55.55,42.97,4.05,102.1,71.0,896.1,33.23,12.86,6.29,29.1
107320,9.47,58.73,55.78,5.84,90.0,29.8,798.2,40.26,11.68,4.41,29.51
107340,5.74,48.25,64.82,2.33,146.1,111.7,756.9,36.66,1.61,-0.02,30.02
107360,0,39.97,83.35,1.01,32.0,56.0,826.4,42.0,-6.5,4.24,29.94
107380,2.24,25.06,86.0,4.24,96.4,10.2,853.0,43.9,-3.02,-3.93,30.35
107400,1.43,18.34,86.19,15.07,119.8,-49.9,862.5,35.96,-13.06,-2.78,30.88
107420,0,8.71,77.11,26.74,118.3,-75.2,827.3,34.62,-5.7,-1.85,30.63
107440,0,0,68.92,36.49,58.3,-115.4,858.9,24.7,-14.68,-2.17,30.66
107460,0.55,6.41,50.37,55.13,96.2,-35.3,919.3,22.28,-5.31,-2.86,31.07
107480,3.69,0.78,34.46,62.16,22.9,-194.5,911.5,6.99,-16.87,-2.62,31.29
107500,0,0,30.01,69.36,25.8,-95.5,1035.2,-0.2,-20.71,-0.07,30.49
107520,3.61,1.55,14.89,69.79,1.3,-67.0,1010.7,-3.82,-13.62,0.66,31.22
107540,5.56,0,6.12,49.25,-86.1,-101.9,987.0,-13.4,-12.49,8.14,31.08
107560,0.21,0,4.48,43.94,-158.2,-134.1,963.7,-25.36,-17.07,8.48,31.08
107580,3.14,0,2.91,24.83,-16.6,-143.1,1013.8,-30.58,-12.11,4.94,30.54
107600,0,0,0,15.81,-144.9,-25.6,1034.7,-35.29,-7.03,5.3,30.64
107620,0,1.35,0,9.74,-159.2,-8.8,955.8,-43.03,-16.17,1.15,30.36
107640,4.15,0,4.7,4.16,-71.5,86.8,1006.8,-39.74,0.4,-3.54,30.06
107660,0,1.35,0.16,0.49,-55.5,134.0,990.4,-34.76,7.92,-4.07,29.85
107680,0,0,0,0,-85.0,73.1,998.3,-37.62,3.82,-0.7,29.4
107700,0,2.85,2.16,0,-28.9,111.5,977.5,-36.96,9.62,-2.33,29.2
107720,3.4,0,0,0.39,-37.8,116.3,1042.7,-24.4,19.15,-3.01,28.87
107740,0,1.15,2.28,0,80.7,93.9,942.1,-15.13,26.1,-2.44,29.01
107760,5.32,0.71,0,5.41,-29.7,188.4,959.6,-6.49,20.37,-1.73,28.31
107780,75.56,21.96,8.81,0,-32.9,116.1,969.8,2.59,22.42,1.98,27.97
107800,75.81,33.88,17.96,0.23,6.5,130.7,967.1,15.05,21.49,1.35,28.63
107820,48.19,46.03,18.26,1.85,81.8,75.2,923.1,21.77,16.64,2.31,29.07
107840,31.19,56.38,24.47,0,119.7,170.2,862.6,25.4,25.25,6.81,29.4
107860,12.66,57.52,47.93,1.01,135.1,-12.7,838.2,32.39,5.12,5.53,29.27
107880,10.61,57.35,57.85,7.12,66.7,82.7,817.2,43.72,14.37,1.3,29.67
107900,4.63,49.31,71.12,0,146.9,75.9,738.6,39.58,-0.51,1.76,29.9
107920,0,40.31,81.31,4.27,66.9,28.9,856.5,43.91,2.07,-2.59,30.07
107940,2.2,23.32,81.77,17.34,188.3,-52.5,797.1,43.27,-4.3,-1.63,30.31
107960,0,12.59,88.22,16.93,69.2,-91.6,817.8,36.2,-7.39,0.24,30.53
107980,0,8.25,72.09,27.5,107.1,-106.7,883.8,28.38,-10.89,-6.27,30.59
108000,0,5.63,61.7,43.65,11.2,-133.7,849.6,19.29,-20.35,-1.99,30.76
108020,1.53,4.2,48.81,53.89,41.8,-220.0,907.3,15.24,-16.54,-5.27,31.14
108040,0,2.64,29.9,67.64,23.4,-126.3,1011.2,6.23,-12.33,-0.36,31.0
108060,0,7.24,26.51,62.12,-70.9,-133.6,988.7,-1.84,-21.49,2.53,31.11
108080,0,3.48,9.63,63.58,-27.6,-146.4,1004.6,-9.72,-19.95,-0.62,31.12
108100,4.22,0,11.02,49.58,-56.7,-156.5,1032.9,-24.12,-17.25,5.72,30.87
108120,0,0.95,1.23,36.06,-64.1,-156.2,994.6,-24.56,-12.94,5.29,30.98
108140,1.7,1.43,4.02,20.15,-181.3,43.6,1016.7,-27.93,-16.45,6.67,30.78
108160,1.61,0.32,3.55,17.85,-101.1,-104.3,1045.2,-32.01,-9.72,7.16,30.71
108180,0,0.22,0.57,7.6,-111.6,34.0,1000.7,-38.61,-8.61,3.73,30.62
108200,0,0,2.53,3.25,-77.8,135.3,921.6,-39.68,8.2,-1.73,29.9
108220,2.39,7.1,0,0,-56.7,51.4,993.6,-31.24,11.23,-4.32,29.47
108240,3.79,0.4,0,0,-84.9,39.7,975.0,-32.87,8.37,-1.52,29.3
108260,3.68,2.85,0,0,-16.7,65.2,979.0,-35.72,17.19,-4.44,29.21
108280,0,0.59,0,0.11,-93.3,87.2,1013.3,-23.99,16.18,-2.9,28.84
108300,0,0.58,0,0.29,26.9,129.5,976.0,-17.93,14.2,-5.87,28.59
108320,0,0,0.41,0,58.5,196.3,1046.7,-8.37,22.01,-2.74,28.15
108340,76.71,20.51,0,0,81.7,170.5,1004.7,5.42,21.31,3.95,28.14
108360,67.83,34.21,13.39,4.17,-22.0,146.2,958.5,13.47,18.74,5.86,28.04
108380,46.38,46.84,19.63,0,38.8,9.0,946.5,20.64,29.46,4.0,28.75
108400,25.39,57.7,33.01,0,91.2,144.1,878.7,23.67,11.46,7.81,29.18
108420,9.79,57.22,48.14,1.09,60.2,128.4,827.3,36.04,18.78,4.14,29.46
108440,5.89,50.0,60.57,2.88,48.8,60.0,868.8,39.04,8.87,3.58,29.69
108460,7.27,41.52,73.02,0.66,26.0,36.9,823.5,35.74,-3.28,0.22,29.81
108480,0,33.14,83.52,9.49,92.8,8.2,846.7,37.61,-3.28,-2.53,30.22
108500,0,22.25,85.04,7.51,186.8,-97.3,812.1,35.18,-3.11,-1.37,30.37
108520,0,13.3,81.18,18.32,74.1,-50.8,853.6,34.29,-8.01,-7.5,30.81
108540,0,7.78,68.15,31.81,-13.9,-156.1,832.2,25.66,-11.01,-3.71,30.52
108560,5.68,2.22,56.56,41.53,25.8,-59.4,865.2,19.01,-16.38,-4.27,31.27
108580,0.11,1.01,44.18,57.86,89.1,-159.9,918.4,19.06,-14.65,-5.15,30.65
108600,2.3,0,25.76,60.47,12.9,-187.9,1015.4,10.32,-28.1,-3.2,30.96
108620,1.65,0,20.84,63.96,-9.2,-120.7,1008.6,-5.02,-16.74,5.5,31.0
108640,0,3.74,15.15,53.62,-98.4,-100.5,1015.2,-16.27,-15.05,6.45,31.06
108660,1.24,2.27,2.78,46.88,-59.0,-92.4,1038.0,-21.36,-16.92,5.39,30.88
108680,2.87,0,7.33,32.09,-52.3,-91.4,934.9,-25.65,-12.74,3.38,30.91
108700,0.18,0.02,0,16.85,-61.2,-69.1,1020.0,-36.35,-7.45,2.41,30.88
108720,0,0,0.47,8.41,-140.3,-33.4,1016.6,-38.36,-0.28,5.24,30.64
108740,0,1.97,0,7.9,-38.3,-21.3,995.9,-39.51,-6.72,4.34,30.11
108760,0,0,5.5,4.93,-140.5,30.6,1012.5,-40.13,6.74,-0.77,29.69
108780,0,0,2.34,0,-112.1,25.0,1023.0,-33.63,-0.7,-0.43,29.76
108800,0,2.45,0.24,2.43,-95.0,94.6,1027.4,-31.92,11.71,-2.8,29.38
108820,0,0,0,0,-69.4,18.5,1051.8,-29.98,4.4,-5.44,29.25
108840,0,0,6.8,0.16,10.1,92.9,1008.1,-23.21,18.4,-3.19,29.09
108860,0.21,0,0,0,18.8,121.0,1007.5,-13.13,20.53,-3.51,28.69
108880,0.97,2.0,2.97,2.06,-8.7,155.6,984.6,-4.23,17.67,-2.85,27.92
108900,71.55,24.8,7.75,0,-108.8,117.3,995.6,8.34,20.79,2.75,28.39
108920,62.72,38.34,15.17,0.72,24.5,112.9,890.9,13.61,16.99,0.69,28.55
108940,40.03,53.5,23.05,0,22.2,115.8,927.0,19.06,15.36,6.04,28.98
108960,26.23,55.46,35.35,0,47.8,24.0,788.7,25.01,5.99,5.04,29.35
108980,10.81,50.14,48.4,0,91.5,46.8,823.1,37.73,6.51,4.45,29.53
109000,5.28,55.57,63.82,2.22,38.5,92.2,820.3,39.45,-8.86,3.53,29.87
109020,1.85,46.73,74.88,4.16,54.2,73.1,809.4,43.93,2.87,0.95,29.72
109040,0,20.23,80.05,8.97,132.2,41.1,830.3,33.98,-0.3,-4.08,30.01
109060,0.94,19.83,82.13,11.16,-10.0,-21.9,807.9,36.99,-14.02,-4.71,30.73
109080,0,4.72,79.96,25.2,121.8,-66.1,816.7,36.6,-18.86,-4.0,30.98
109100,0.43,5.95,69.76,26.64,89.1,-125.9,898.7,25.67,-11.9,-9.33,30.67
109120,0,1.14,48.14,43.01,114.0,-89.8,927.6,23.7,-18.12,-1.74,31.03
109140,0,0,43.55,58.83,37.0,-192.9,927.4,19.23,-15.4,-1.49,30.84
109160,0,0,25.67,67.45,-24.2,-108.7,970.6,-2.46,-25.81,-1.67,30.75
109180,3.98,1.88,22.64,73.21,-10.8,-129.1,1001.4,-10.33,-23.48,3.56,31.28
109200,5.42,3.32,8.29,57.66,5.4,-132.0,986.1,-9.9,-9.57,4.39,30.96
109220,1.35,0,7.29,43.77,-94.6,-154.6,965.1,-23.88,-22.71,2.88,30.9
109240,0,0,0,25.78,-151.0,-122.3,1020.8,-26.49,-18.19,4.92,30.64
109260,0.12,2.03,0,17.85,-46.5,-127.1,970.5,-36.14,-16.71,2.7,30.52
109280,0,0,0.85,7.5,-74.2,34.0,941.8,-38.45,-1.69,5.46,30.3
109300,1.42,0,4.98,8.36,-97.4,7.9,1031.9,-37.49,-8.1,0.08,30.16
109320,0,2.44,0.77,1.25,-103.8,-37.0,1014.4,-36.05,-5.19,0.31,29.99
109340,1.84,2.68,6.21,0,-75.5,69.3,1002.9,-39.39,2.17,-2.21,29.89
109360,0,3.43,0.04,1.67,-128.2,14.3,1042.6,-34.93,8.47,-8.92,29.46
109380,0,0,0,0,-79.2,15.6,995.1,-23.88,9.69,-3.54,28.87
109400,0,0,2.02,0,-83.2,285.9,1028.9,-21.09,22.13,-4.41,28.75
109420,0,1.75,0,5.72,-4.4,282.1,993.8,-10.52,13.69,-4.38,28.28
109440,0.18,0,2.02,3.67,51.8,107.9,976.1,-5.53,17.76,-0.32,28.18
109460,75.56,27.87,8.61,1.66,-21.3,145.7,951.8,7.31,15.11,1.93,28.49
109480,58.92,43.27,15.81,0,61.1,115.3,877.6,14.46,17.07,2.17,28.23
109500,36.07,48.92,25.32,3.69,119.5,191.4,862.4,27.16,17.6,3.69,29.19
109520,22.35,58.75,42.22,0.7,31.3,61.9,886.0,27.04,12.36,6.03,29.31
109540,10.29,58.41,49.46,0,141.3,37.1,849.2,36.58,-2.48,4.53,29.66
109560,4.42,49.78,62.23,2.53,20.8,-2.7,816.6,39.86,8.84,0.1,30.03
109580,5.97,38.56,80.26,3.97,200.2,19.8,797.0,37.88,-14.62,-1.61,29.75
109600,0,25.84,86.94,8.28,130.6,41.6,803.9,40.67,-12.85,-1.08,30.19
109620,0,22.4,82.64,14.04,103.2,-39.5,841.4,34.14,-1.57,-7.36,30.72
109640,1.79,10.93,79.6,29.34,60.3,-83.8,823.5,33.38,-14.97,-5.29,30.63
109660,1.29,1.3,67.75,37.67,110.1,-109.0,834.7,29.53,-10.21,-6.07,30.85
109680,1.83,0.51,53.43,55.75,49.6,-99.7,897.2,20.19,-18.42,-5.89,30.51
109700,0.57,1.81,35.35,58.72,16.3,-44.0,989.9,8.88,-17.07,-0.31,30.72
109720,4.05,0.48,27.02,67.66,-97.2,-193.1,950.7,3.04,-20.41,2.0,30.88
109740,0,0,15.3,63.67,0.7,-125.1,1038.2,-10.49,-9.22,5.63,31.09
109760,0,2.7,17.69,50.07,-9.6,-160.5,995.8,-15.16,-19.35,2.76,30.97
109780,4.26,0.93,2.19,46.07,25.9,-100.1,1006.9,-22.45,-16.39,8.04,30.97
109800,0.99,2.87,1.26,30.13,-127.0,-96.6,976.5,-26.54,-10.61,7.66,31.08
109820,0,0.77,1.66,20.32,-185.4,-112.5,1006.4,-33.05,-4.27,2.66,30.72
109840,2.26,2.23,0.33,14.77,-36.4,24.2,1013.8,-36.8,-4.29,5.2,30.43
109860,0,0,1.58,0.93,-86.3,69.2,1031.1,-37.88,6.55,-1.14,30.47
109880,0,0,2.07,3.07,-45.4,-89.4,956.9,-40.0,6.67,-2.65,30.22
109900,0.36,0,0,0,36.6,171.9,989.2,-33.02,2.04,-0.2,29.56
109920,4.07,0,0,2.34,-30.7,112.2,977.4,-31.34,12.08,-4.5,29.04
109940,3.7,0,0,0,-47.8,90.0,966.4,-25.93,17.92,-2.84,28.77
109960,0,1.4,0,4.48,-30.5,169.8,1021.0,-20.91,15.15,-4.06,28.46
109980,0.12,2.85,0,2.72,-11.0,121.9,992.9,-6.45,19.1,-0.16,28.52
110000,77.72,20.64,1.5,4.51,77.4,153.6,1036.4,-0.42,20.44,0.06,28.03
110020,67.36,26.52,7.68,0.74,-2.5,94.2,923.2,9.04,30.37,8.03,28.24
110040,53.32,42.99,15.34,0,65.0,174.2,914.6,10.09,14.72,1.52,28.58
110060,35.01,53.51,30.11,0,54.3,118.5,864.3,26.38,7.17,3.52,29.0
110080,15.63,54.25,44.29,1.04,93.0,145.9,855.2,30.25,10.37,3.05,29.21
110100,11.87,52.98,53.03,2.4,112.5,46.4,817.3,35.5,4.94,2.89,29.78
110120,2.47,50.78,67.82,2.11,34.6,25.8,812.8,38.35,12.18,1.7,30.15
110140,0,34.82,80.43,4.01,123.3,-47.9,814.9,42.82,-0.83,2.91,30.26
110160,2.51,27.77,83.25,9.36,154.3,-66.0,824.7,34.69,-5.15,-0.09,30.5
110180,1.74,9.56,80.52,14.2,77.5,-136.8,793.4,35.27,-13.21,-4.1,30.49
110200,1.35,4.81,74.75,33.33,148.2,-65.8,886.6,30.53,-5.53,-6.3,30.82
110220,0,0,62.97,41.63,27.5,-152.5,875.8,17.6,-18.66,-6.65,30.82
110240,0,4.65,50.25,53.12,69.2,-150.2,878.2,19.99,-13.8,-4.19,31.11
110260,0,4.06,37.47,65.43,-18.8,-105.5,956.8,7.1,-13.48,0.12,31.25
110280,0,0,22.76,69.48,24.4,-156.3,983.3,1.81,-17.87,0.55,31.26
110300,0,0,9.08,57.38,-156.6,-152.7,945.7,-14.05,-20.12,3.87,31.09
110320,2.41,0,7.56,45.11,-1.0,-216.1,1004.3,-21.93,-25.66,7.21,30.95
110340,2.45,0.09,0,34.78,-116.1,-132.2,985.4,-29.7,-11.97,3.78,30.55
110360,0,1.01,5.18,27.39,-48.6,-118.1,1006.0,-28.44,-20.11,4.4,30.42
110380,3.43,0,4.17,13.89,1.3,-121.9,1000.6,-40.95,-8.19,2.86,30.34
110400,0.25,0,0,7.13,-23.1,10.0,958.9,-37.58,-1.95,3.32,30.2
110420,1.99,2.09,0,0.24,-66.9,8.9,1003.5,-41.82,-1.99,0.2,30.24
110440,0,1.45,0,1.67,-126.6,29.4,984.1,-38.89,14.31,-3.35,29.78
110460,0,0,0.13,0,-130.0,16.5,983.8,-33.99,9.57,-2.08,29.64
110480,0,2.18,0,3.17,-131.2,135.3,1019.3,-31.55,13.31,-4.51,29.16
110500,0,0,5.69,0,-38.3,181.7,975.1,-20.79,9.6,-3.04,29.13
110520,0,0,0.9,1.3,-21.1,243.0,988.8,-18.61,21.36,-3.76,28.59
110540,0,0,0,4.22,-43.3,180.5,1007.4,-3.31,18.89,-0.67,28.42
110560,73.87,20.44,8.0,0,15.6,94.5,926.9,3.16,23.0,0.64,27.92
110580,67.42,32.99,11.28,0,-41.5,156.2,993.7,10.32,18.37,0.08,28.66
110600,47.75,43.4,15.46,0,50.4,132.5,900.0,17.56,5.79,3.45,28.73
110620,31.14,50.96,28.26,0.15,156.6,86.6,856.8,29.13,12.84,2.94,28.92
110640,14.09,60.29,45.47,4.59,101.3,62.3,852.2,31.69,12.79,2.94,29.4
110660,5.05,53.29,54.86,0,52.9,136.1,843.5,34.24,-2.9,6.16,29.49
110680,5.86,42.0,70.12,5.58,57.7,83.9,825.7,47.43,5.52,-0.76,29.96
110700,0.42,36.0,83.41,9.79,133.3,-56.3,854.8,40.81,-6.25,-0.82,30.05
110720,1.05,21.85,87.56,7.64,184.8,67.9,796.0,31.98,-11.26,-2.4,30.72
110740,2.69,8.79,86.1,13.86,55.7,-48.0,843.9,31.51,3.94,-3.88,30.69
110760,0,8.94,73.91,27.46,26.4,13.7,888.6,30.87,-10.3,-3.29,30.95
110780,4.79,1.13,57.91,36.81,163.8,-71.7,880.9,25.94,-16.2,-5.15,30.95
110800,0,0,44.25,62.45,84.6,-130.3,941.0,13.21,-17.58,-2.9,30.97
110820,0,4.43,39.18,64.33,62.8,-111.4,975.5,5.64,-18.76,0.23,31.21
110840,0.99,0,22.8,61.0,-74.1,-95.4,992.2,-1.95,-11.03,-0.71,30.91
110860,0,0,12.09,63.62,-76.5,-192.3,1014.6,-11.47,-24.05,0.83,30.86
110880,4.46,1.34,4.46,46.14,-92.9,-114.1,1014.1,-16.11,-16.29,2.82,30.99
110900,0.19,4.51,2.54,31.72,31.5,-155.6,1014.5,-27.68,-12.46,2.48,30.89
110920,0,2.2,4.52,24.37,-80.6,-52.2,1070.8,-33.04,-18.46,4.24,31.02
110940,0,0,3.1,16.09,-47.8,29.0,1030.8,-37.78,-5.42,4.58,30.52
110960,3.55,0,2.04,5.76,-51.3,-53.1,979.3,-40.9,12.68,0.32,30.53
110980,3.33,4.63,0,3.87,-79.4,9.8,1038.3,-39.11,0.81,0.77,30.13
111000,0,0,0,3.1,-146.4,-7.6,1072.9,-40.72,14.25,-4.73,29.86
111020,0.3,1.73,0,2.02,-124.7,87.8,974.9,-32.6,9.97,-1.92,29.42
111040,3.53,2.19,0.12,1.47,-104.0,45.6,980.9,-25.93,11.9,-7.64,29.15
111060,0,0,5.42,0.35,-24.2,110.4,1055.6,-27.04,21.16,-5.75,29.01
111080,0,0.21,0,0,-12.1,125.3,970.5,-10.09,21.59,-4.78,28.65
111100,0,0,0,0.74,-33.4,151.7,953.7,-2.9,20.77,0.73,28.09
111120,78.07,24.94,12.48,0,88.1,134.5,985.2,7.19,26.2,-0.29,28.22
111140,61.52,35.09,12.74,0,60.9,199.1,920.3,9.52,22.35,3.06,28.05
111160,46.11,43.5,17.95,0,74.8,175.0,930.9,17.63,18.73,6.61,29.03
111180,16.92,49.33,32.8,5.28,44.3,121.3,860.4,28.61,15.33,2.54,29.27
111200,13.01,53.62,42.2,1.49,91.9,-23.7,828.5,30.48,18.64,2.6,29.53
111220,1.31,50.41,58.35,4.34,159.4,64.3,840.4,37.12,7.53,5.67,29.47
111240,1.37,43.57,68.44,0,122.4,-0.6,797.8,41.39,11.05,3.91,30.21
111260,0.24,35.84,79.86,5.16,-26.8,64.4,786.2,40.03,4.49,-0.55,30.14
111280,5.2,19.88,85.89,13.16,62.8,31.5,821.4,37.99,-4.44,-3.72,30.43
111300,0,12.34,80.08,23.68,-61.0,-48.3,814.3,32.21,-5.97,-1.57,30.57
111320,0,2.97,71.54,39.0,124.6,-96.5,889.0,23.91,-11.34,-4.34,31.07
111340,2.43,6.31,57.01,43.56,-14.6,-119.0,916.2,24.59,-28.45,-2.97,30.78
111360,3.64,1.03,41.67,59.61,24.5,-189.3,986.8,13.19,-17.21,-3.49,31.01
111380,1.46,0.97,32.33,63.2,75.2,-71.8,961.6,0.93,-18.38,1.51,30.71
111400,2.05,0,14.64,69.7,35.5,-152.3,1016.2,-4.17,-12.32,0.13,31.02
111420,0.35,2.66,15.26,52.02,-7.5,-140.0,976.6,-13.33,-17.4,3.44,30.92
111440,0.94,4.34,7.49,50.7,-55.4,-145.3,995.8,-21.92,-12.74,4.92,30.61
111460,0,0,3.08,30.93,-112.0,-133.8,1008.3,-28.09,-12.36,4.23,30.74
111480,2.38,1.82,1.41,24.77,-117.8,-71.1,1023.7,-35.87,-8.48,3.58,30.57
111500,1.57,0,3.17,9.13,-103.5,-26.2,1040.3,-32.89,-11.05,5.64,30.48
111520,4.01,0,0.32,0,-129.2,29.4,1004.0,-39.86,-6.53,-1.96,30.32
111540,0.73,0,0,3.95,-87.0,70.5,1012.7,-41.8,-5.7,0.62,30.34
111560,0,1.59,0,0,-19.8,46.3,1036.3,-36.22,0.91,0.9,29.63
111580,1.75,0,0.85,0,-47.6,111.4,1021.1,-32.27,11.41,-3.78,29.33
111600,3.73,5.92,2.2,5.59,-37.2,143.2,1040.9,-21.69,13.24,-5.56,28.9
111620,0.13,0,2.07,0.82,-131.1,101.7,990.9,-19.01,9.43,-5.79,28.93
111640,0,1.76,2.89,0,-39.9,108.2,941.8,-10.49,17.15,-4.29,28.54
111660,0,0,3.2,0,-1.8,144.5,1013.8,0.83,26.01,-3.14,27.88
111680,73.27,29.12,6.82,0,-28.0,121.5,948.7,4.41,18.47,-2.6,28.15
111700,56.33,34.58,17.47,0,71.5,149.6,996.6,16.72,17.72,0.45,28.75
111720,39.35,49.74,26.3,3.27,-3.9,250.4,850.5,24.47,28.04,6.66,28.83
111740,26.14,50.75,34.79,3.63,105.3,98.5,860.3,27.15,17.3,4.73,29.25
111760,13.87,57.17,52.57,0,61.2,45.6,783.1,28.95,12.2,4.83,29.63
111780,0,46.41,62.42,5.15,55.3,49.8,812.6,46.73,3.93,4.33,29.68
111800,0.58,44.5,77.33,7.71,152.5,18.3,786.1,45.41,8.68,0.77,29.92
111820,0,30.52,84.01,10.75,62.3,-34.3,800.7,36.98,-5.38,-4.6,30.52
111840,5.14,16.21,84.86,15.17,113.1,-78.7,857.0,35.86,-8.35,-4.93,30.45
111860,0,17.85,74.8,22.38,29.0,-17.6,892.5,32.13,-20.57,-4.5,30.67
111880,0,2.02,70.6,32.89,3.7,-79.6,910.9,26.89,-5.91,-8.61,30.82
111900,0,0.59,49.93,50.04,56.2,-112.6,893.8,23.07,-19.08,-4.44,31.08
111920,0.26,1.45,37.55,54.63,93.5,-115.6,946.0,8.97,-21.77,-3.13,30.68
111940,1.55,2.67,30.44,65.05,-8.0,-152.5,964.9,-0.33,-23.04,-3.41,31.11
111960,3.08,0,16.71,57.55,32.6,-109.7,1037.1,-8.51,-18.08,-0.07,30.88
111980,0.5,0,14.05,53.95,17.2,-247.3,1001.1,-13.82,-19.06,4.23,30.73
112000,2.53,1.79,4.81,46.52,-73.2,-117.9,1001.1,-27.53,-11.47,7.31,30.56
112020,4.5,0.64,0,33.02,-73.8,-85.0,1016.9,-27.36,-16.53,3.11,30.07
112040,2.14,0,0,19.69,-109.8,-79.0,1016.8,-32.66,-8.93,4.62,30.75
112060,0,0.72,1.38,12.15,-141.9,-49.5,983.3,-40.75,-8.14,-0.15,30.43
112080,0,3.22,2.3,4.38,-76.0,29.0,987.9,-38.58,-3.87,-1.34,30.36
112100,2.57,0,0,2.31,-91.3,-61.7,989.4,-36.9,2.17,-3.92,29.92
112120,1.47,1.19,0,3.27,-100.9,50.6,1042.6,-35.76,15.34,-4.48,29.65
112140,0,0.32,2.73,4.55,-43.9,49.6,1023.0,-32.24,19.16,-2.88,29.49
112160,0,0.85,0.16,0,-83.9,123.0,1038.7,-28.97,17.32,-6.11,28.67
112180,0,1.5,0,0,-85.5,60.1,1029.4,-18.45,10.92,-1.43,28.97
112200,0,0,8.16,0,-8.7,160.2,958.9,-8.61,26.07,-1.88,28.32
112220,0,0,0.36,2.0,15.6,177.7,969.3,-1.54,28.95,0.35,27.51
112240,73.83,28.01,8.35,0,-76.2,58.0,1042.3,6.4,20.67,0.57,28.11
112260,55.34,42.57,19.91,0,28.1,118.9,926.8,18.31,13.58,4.86,29.0
112280,30.36,51.56,24.33,0,3.3,119.8,916.1,24.38,10.84,4.52,29.13
112300,23.94,52.99,39.51,0,14.8,137.4,870.5,29.34,19.44,1.66,29.62
112320,6.53,57.02,57.66,3.38,97.9,139.0,826.9,34.74,17.32,5.63,29.64
112340,2.42,46.15,60.15,1.51,55.9,62.3,762.7,44.49,6.28,3.57,29.94
112360,2.41,35.8,80.34,4.08,60.7,38.4,811.8,36.31,-5.65,2.6,30.2
112380,0,20.85,91.81,11.51,78.3,-33.7,801.4,38.86,3.11,-2.63,30.24
112400,0,18.13,83.66,17.14,103.7,-14.0,787.8,34.81,-6.63,-3.99,30.97
112420,0,10.17,80.93,25.38,59.7,-198.5,862.2,30.68,-2.89,-4.37,30.3
112440,0,8.03,63.07,35.68,107.9,-55.1,876.0,24.01,-27.58,-5.07,30.66
112460,0.63,0,54.01,50.5,40.4,-136.0,880.8,17.86,-19.37,-3.45,30.64
112480,0,0,39.69,58.12,51.9,-127.3,937.7,14.15,-15.03,-1.6,30.54
112500,2.06,0,29.04,71.86,24.7,-222.6,1015.8,-4.34,-18.29,1.03,31.16
112520,1.74,0,20.84,61.93,-5.4,-122.6,931.3,-9.96,-29.3,1.31,30.8
112540,0,1.39,8.05,54.25,10.7,-89.1,964.0,-15.21,-11.66,0.9,30.7
112560,0,0,7.06,43.25,-84.4,-155.4,1019.8,-24.75,-22.32,6.77,31.05
112580,0,0.55,0.17,30.78,-115.5,-88.2,976.8,-31.1,-17.78,4.62,31.01
112600,0,0,2.28,11.28,-60.1,-39.0,930.0,-35.75,-4.93,4.25,30.48
112620,0,6.11,0,7.98,-46.9,40.5,983.9,-47.3,-7.73,2.88,30.32
112640,0,0,0,3.82,-46.6,-8.9,1002.7,-40.87,7.84,-0.83,30.29
112660,2.51,1.53,2.49,0,-70.9,26.0,996.5,-38.05,0.69,-2.79,29.59
112680,3.74,0,3.22,3.58,-85.8,8.4,1034.4,-37.31,9.43,-2.24,29.38
112700,0,0.31,0,7.84,-65.0,163.6,939.6,-35.54,10.68,-5.99,29.29
112720,3.04,1.71,0,4.95,-103.1,130.3,1001.8,-25.19,18.68,-0.93,29.08
112740,3.21,0.52,5.34,0,-8.2,116.8,981.5,-22.21,13.25,-3.36,28.59
112760,0,3.21,2.7,0,2.2,189.4,956.0,-6.65,18.92,-4.33,28.19
112780,78.1,18.4,2.69,2.24,49.9,138.6,951.4,1.37,14.2,-0.35,28.2
112800,70.25,34.25,11.58,0.61,78.0,205.9,926.2,7.87,15.72,4.58,28.11
112820,59.51,43.02,17.47,0,28.9,227.8,872.7,16.66,18.67,2.05,29.14
112840,27.79,52.45,30.73,2.57,97.1,180.1,906.2,24.79,8.66,4.79,29.12
112860,16.8,56.64,37.41,0.92,116.7,63.5,854.5,31.43,22.23,3.22,29.25
112880,6.17,53.63,53.28,2.04,129.7,106.3,793.2,33.05,-1.26,1.86,29.79
112900,1.87,44.59,70.46,1.45,81.0,61.9,819.5,38.92,7.52,2.03,29.98
112920,0,33.27,79.9,1.89,71.2,-40.6,807.6,44.75,3.23,2.47,30.06
112940,1.36,30.41,82.79,13.15,78.4,-27.5,820.4,38.33,-10.25,-2.61,30.31
112960,0.52,11.8,84.57,13.2,153.6,-153.6,808.4,34.45,-8.59,0.02,30.66
112980,0.47,3.48,76.01,27.88,30.7,-164.6,886.3,34.59,-14.9,-3.27,30.67
113000,0,0,63.07,40.83,74.9,-22.7,855.1,22.19,-6.57,-6.91,31.36
113020,0,0,50.83,57.57,53.2,-195.2,884.4,14.85,-19.21,-3.06,31.22
113040,0,0,35.76,64.6,20.6,-128.8,944.8,6.53,-9.27,-0.52,31.23
113060,1.77,0,27.6,63.16,10.7,-55.8,980.8,-4.22,-20.13,-1.98,30.99
113080,0,0,11.42,62.54,-14.8,-73.1,922.2,-13.92,-26.95,2.68,30.54
113100,0,0,5.08,44.4,-77.6,-136.9,1004.2,-23.69,-14.67,3.54,31.03
113120,0,0,2.93,36.12,-106.8,-128.8,973.4,-28.57,-12.39,5.74,30.77
113140,0,0,4.99,23.6,-76.0,-87.6,1000.8,-33.28,-8.45,6.1,30.49
113160,0,0.22,0,17.01,-78.2,-76.4,1024.8,-40.93,-8.79,2.51,30.53
113180,0,3.08,0.88,7.92,-110.3,17.8,991.3,-45.63,3.43,0.61,30.41
113200,0,1.3,1.69,5.42,-116.1,-58.0,992.2,-39.88,-3.85,0.45,30.27
113220,8.21,2.21,0,1.43,-90.5,25.5,1038.4,-38.11,9.42,-3.64,29.76
113240,0,0,2.64,0,36.1,102.3,1008.9,-36.99,17.5,-3.38,29.48
113260,0.43,4.64,0.11,4.42,23.4,97.0,1014.2,-26.43,21.41,-3.11,28.88
113280,0.33,0.52,0,5.05,29.4,135.4,1012.0,-21.53,17.27,-0.03,29.12
113300,1.4,3.46,0,0,-75.1,168.1,1058.4,-11.55,13.12,-3.9,28.26
113320,0,0,0,0,166.7,41.8,1020.8,-3.06,26.44,1.53,28.26
113340,83.75,29.65,5.16,2.55,5.1,117.0,1013.6,-0.53,18.52,-1.56,28.13
113360,62.7,40.14,11.68,0,-57.3,162.4,910.5,11.22,24.65,1.32,28.45
113380,47.91,50.56,17.05,0.99,26.9,146.6,899.2,18.3,12.91,3.48,28.97
113400,33.71,54.92,37.31,0,5.8,37.3,853.4,34.0,18.76,6.52,29.28
113420,15.86,56.64,46.27,0,34.1,104.8,856.9,32.26,14.51,4.6,29.52
113440,5.63,53.52,59.57,1.23,78.2,62.3,870.0,37.78,-0.43,2.72,29.68
113460,0,42.34,78.29,7.43,57.4,59.6,812.7,38.6,3.26,0.68,29.48
113480,0,33.34,78.45,4.33,64.2,-88.2,878.7,36.61,-13.45,-1.92,30.37
113500,1.41,26.21,82.25,10.08,64.6,-98.0,850.6,43.17,-8.91,-1.04,30.3
113520,0,18.49,79.48,23.96,124.6,-43.5,839.4,34.81,-17.5,-6.21,30.68
113540,1.41,1.1,72.35,29.34,105.9,-27.9,869.8,30.56,-7.76,-5.65,30.55
113560,0,2.58,60.58,50.57,28.1,-213.7,865.6,17.78,-16.35,-4.58,30.77
113580,0.09,0,39.03,51.02,18.9,-82.7,938.8,17.82,-15.73,-2.36,30.92
113600,2.27,3.16,27.77,62.71,17.3,-172.1,983.5,6.01,-26.34,-4.45,31.04
113620,0.84,0,19.75,68.1,-29.9,-120.8,997.0,-4.87,-18.36,0.55,30.86
113640,3.03,0.7,16.22,57.14,-10.2,-146.9,941.5,-14.63,-18.71,-0.33,30.92
113660,6.14,3.24,8.18,45.81,-23.7,-143.4,1006.5,-25.41,-16.6,6.78,30.83
113680,1.98,0,6.01,32.97,-111.3,-131.0,984.6,-28.48,-10.68,3.77,30.7
113700,0,0,2.2,17.5,-80.3,-26.1,1007.8,-36.7,-23.28,6.87,30.72
113720,0,3.18,0.2,12.75,-27.3,-40.3,1003.3,-38.52,-2.78,0.05,30.66
113740,0.21,0,1.67,2.78,-148.3,-43.6,1004.8,-39.9,-9.61,1.19,30.32
113760,0.56,0,0,4.32,-82.8,-37.8,1012.2,-39.84,4.37,0.58,29.71
113780,0,0,0,0.28,-84.6,34.3,1007.4,-39.63,8.28,-5.08,29.72
113800,0,0,0,1.07,-187.2,118.6,997.3,-35.84,13.26,-3.16,29.17
113820,1.58,0,3.79,0,-171.2,183.1,958.8,-27.31,25.98,-5.17,29.2
113840,1.25,0.04,0.01,4.26,-122.4,125.3,995.7,-14.26,13.49,-3.03,28.91
113860,0,0.76,2.42,0.63,-12.7,107.1,1003.9,-13.92,19.4,-4.02,28.56
113880,0,2.91,4.01,2.09,-19.3,52.3,978.2,0.29,12.18,-0.52,27.98
113900,79.7,26.73,9.0,4.24,45.6,145.3,1000.6,3.8,13.31,0.78,27.71
113920,59.94,35.36,15.63,2.19,83.4,122.0,950.1,16.03,18.3,6.13,29.02
113940,44.61,48.04,19.61,0,133.1,151.3,853.3,20.89,17.4,3.63,28.69
113960,26.83,51.8,33.52,4.2,95.3,92.1,812.6,31.54,22.9,5.79,29.04
113980,9.13,55.65,45.21,3.38,69.5,107.9,879.1,32.9,4.35,2.43,29.41
114000,2.97,48.02,65.99,1.15,135.1,1.9,820.3,36.43,6.35,4.91,30.0
114020,0,38.93,72.26,0,88.6,59.2,826.8,44.15,0.67,2.35,30.49
114040,2.19,31.33,81.08,3.32,75.2,13.1,779.5,43.96,-6.49,-1.8,30.34
114060,1.97,19.35,80.42,10.95,36.5,-117.4,824.1,32.64,-4.53,-2.58,30.47
114080,5.05,12.51,78.58,21.61,36.7,-127.0,813.2,35.91,-3.86,-3.57,30.61
114100,0.9,5.44,71.26,35.82,80.7,-115.0,905.3,27.68,-16.46,-3.9,30.69
114120,0,8.64,63.17,47.99,16.9,-137.7,896.8,20.99,-29.07,-4.86,30.38
114140,0,0,45.05,57.61,18.3,-131.1,948.6,10.34,-23.9,-3.38,30.81
114160,0,1.92,29.64,64.84,-3.4,-139.7,925.4,2.47,-26.11,0.55,30.92
114180,0,0,18.75,65.45,49.6,-127.2,980.6,-5.51,-18.56,-1.69,31.48
114200,4.66,0,13.45,58.51,4.0,-190.3,984.8,-11.43,-18.42,3.4,31.07
114220,0,0.4,6.59,39.55,-80.6,-73.0,1029.1,-18.97,-18.84,3.89,30.52
114240,0,0,1.37,25.53,-75.5,-102.4,962.5,-26.32,-13.23,4.53,30.5
114260,0,0,0.1,15.71,-16.9,-0.1,1020.2,-37.73,-19.4,6.1,30.64
114280,2.39,1.46,0,12.55,-101.5,-81.4,999.2,-37.56,-7.26,4.76,30.49
114300,0,0,3.53,5.04,-11.5,-30.0,987.1,-35.67,0.74,1.39,30.12
114320,0.62,1.08,0.98,0,16.9,61.0,986.1,-45.57,6.94,-4.09,30.14
114340,0,0,0,0,-58.0,77.0,1051.8,-40.1,12.72,-1.49,29.46
114360,1.42,0.59,3.64,0,-159.4,137.0,1036.6,-29.39,9.64,-5.09,29.86
114380,0,4.52,5.83,0,-183.7,141.8,1010.1,-25.9,12.08,-1.26,29.12
114400,4.71,2.69,0,3.02,-3.2,142.3,990.1,-20.95,16.19,-5.74,28.69
114420,0,0,0,0,9.6,123.3,966.2,-10.07,19.03,-2.68,28.25
114440,0,0.72,0,0,-57.2,119.4,999.4,-4.06,17.45,2.12,28.16
114460,73.28,32.44,9.0,5.82,-72.9,153.5,961.7,7.03,12.83,1.21,27.88
114480,55.05,39.54,18.1,0,-40.6,167.4,964.7,18.3,20.27,3.51,28.17
114500,37.34,54.02,24.18,0.6,56.1,184.8,917.5,18.25,22.79,5.05,28.78
114520,24.77,55.54,42.57,1.69,17.9,128.2,789.3,26.19,20.81,2.37,29.34
114540,11.42,54.11,53.48,4.79,153.6,111.6,813.4,39.21,5.34,4.94,29.53
114560,0,47.56,64.1,6.07,175.6,-10.5,786.8,37.33,3.43,4.61,29.85
114580,0.89,41.98,73.96,0,93.1,4.0,831.2,34.26,-6.19,-0.76,30.05
114600,5.46,24.83,87.61,12.39,135.5,26.8,836.9,40.49,-8.66,-1.29,30.1
114620,0,18.72,80.91,13.88,28.2,-90.3,801.8,45.4,-2.46,-4.58,30.8
114640,0,6.33,77.2,21.24,74.3,-161.3,845.1,34.22,-13.98,-5.44,30.45
114660,0,6.4,66.32,39.91,14.4,-66.0,875.0,28.74,-21.45,-1.49,31.04
114680,0,3.7,51.51,44.88,-14.0,-172.6,900.0,11.64,-15.05,-5.62,31.08
114700,0,4.4,38.27,57.76,41.4,-153.7,887.9,6.65,-24.37,-4.42,30.79
114720,0.68,0,23.31,64.6,49.1,-170.3,1010.3,0.61,-19.2,1.08,30.88
114740,3.44,0,13.11,62.08,-110.5,-110.7,955.5,-1.23,-22.87,4.22,31.07
114760,0,0,13.41,60.51,-35.7,-173.1,1002.5,-11.07,-17.6,6.76,30.65
114780,0.77,3.28,10.13,39.13,-55.4,-99.5,1035.5,-22.22,-10.42,4.29,30.32
114800,0,2.26,3.99,26.41,-165.0,-78.9,1017.5,-32.61,-17.52,7.66,30.78
114820,0,0,0.23,15.98,-6.6,-108.0,1001.5,-36.62,-0.04,-0.74,30.02
114840,0,1.72,1.94,15.07,-13.9,43.8,1016.9,-38.01,-9.42,2.32,30.34
114860,2.26,0.49,1.48,4.19,-84.8,3.0,989.0,-37.94,0.98,2.4,29.95
114880,0.15,3.69,0,0.32,-61.8,-37.5,993.4,-39.4,5.15,-1.25,30.09
114900,0,1.03,0,3.49,-106.7,52.8,1041.8,-37.18,6.34,-3.35,29.82
114920,0,1.83,4.01,0,-25.3,85.6,1055.0,-31.06,21.1,-6.49,29.16
114940,0,3.33,0,0,43.3,99.5,1012.6,-28.15,15.29,-2.66,28.84
114960,1.57,0,0,0.22,-76.2,191.7,1009.8,-11.09,13.7,-5.32,28.86
114980,1.94,4.84,3.34,0.91,22.3,144.5,987.6,-12.27,14.08,-1.59,28.1
115000,73.21,19.56,9.31,3.62,-0.8,270.7,996.4,-4.88,15.43,-4.11,27.96
115020,67.46,33.51,9.34,1.72,28.7,42.1,988.1,11.61,11.76,3.04,28.24
115040,54.81,42.97,13.89,4.09,-2.0,117.4,938.5,15.54,20.56,1.57,28.63
115060,35.17,53.48,30.22,5.23,12.6,125.4,871.3,28.78,16.1,3.11,28.66
115080,25.36,60.97,39.86,2.11,61.4,130.9,832.3,31.3,16.27,5.37,29.67
115100,5.56,56.91,57.85,0,70.3,20.1,794.0,42.29,10.63,3.35,29.86
115120,4.5,40.02,69.16,3.36,95.8,-70.7,824.0,34.09,8.09,6.14,30.09
115140,1.37,34.83,78.01,3.8,112.3,-49.0,785.1,42.37,-6.31,-0.99,30.01
115160,0,23.86,82.21,6.55,130.8,-87.0,814.9,41.81,-8.65,1.18,30.67
115180,0,15.38,88.7,16.58,63.8,-39.8,802.6,38.08,-11.01,-9.0,30.22
115200,5.77,8.03,75.96,27.05,135.3,-90.7,872.5,32.96,-16.5,-4.74,31.03
115220,0,1.14,60.06,45.39,32.4,-121.7,904.3,23.92,-17.26,-5.44,31.01
115240,0,0,55.1,50.04,18.8,-218.4,981.6,16.81,-11.81,-1.58,31.29
115260,3.59,0,27.07,65.79,84.7,-85.8,979.8,6.88,-7.86,-0.15,31.02
115280,0,5.66,26.38,66.01,19.6,-216.2,988.2,2.55,-24.07,3.41,30.87
115300,0,0,16.72,63.09,-69.1,-92.0,921.8,-8.59,-21.33,1.41,31.0
115320,0,0,8.31,51.9,-56.1,-171.0,955.6,-17.51,-11.38,4.92,30.95
115340,3.73,0,3.37,35.99,-39.6,-194.2,989.3,-27.22,-20.77,5.11,31.01
115360,2.09,0,0,19.3,-96.8,-79.8,1021.5,-29.33,-1.52,3.82,30.75
115380,0.94,2.34,0,17.62,-104.1,-25.3,921.0,-38.12,-15.41,6.58,30.64
115400,0,0,4.06,9.0,-115.7,-67.8,929.6,-36.0,-5.22,2.96,30.33
115420,0,0,0,2.89,-90.7,-32.5,985.9,-40.71,2.28,-1.36,30.25
115440,0,0,1.05,9.12,-50.0,-21.7,1030.7,-38.67,3.1,-2.52,29.47
115460,2.13,0,4.17,1.3,-124.5,12.6,952.6,-37.67,9.36,-3.04,29.53
115480,0,2.41,2.18,4.22,-45.9,115.7,1019.3,-31.74,16.81,-2.69,29.39
115500,0,0,0.27,0,33.0,188.0,1013.2,-22.99,12.75,-4.82,28.7
115520,0.98,0,0,1.66,-40.4,68.7,1029.8,-22.4,25.24,-7.45,28.82
115540,0.18,0,0,0,27.1,124.6,998.4,-5.73,22.52,-1.49,28.21
115560,68.99,29.27,7.43,0.92,27.4,171.8,1003.4,-1.54,23.98,2.82,28.35
115580,63.4,35.74,11.74,0,41.1,144.5,927.1,11.71,11.2,0.28,28.2
115600,51.85,41.97,18.49,0,6.9,152.8,885.5,24.98,18.93,6.69,28.63
115620,22.63,54.49,27.76,6.09,117.9,111.7,903.6,26.96,9.06,5.81,29.07
115640,12.69,62.39,42.84,2.45,143.4,29.6,860.6,32.37,12.35,3.95,29.62
115660,4.85,51.59,60.84,0,121.1,86.7,798.0,36.1,6.87,2.34,29.92
115680,0.89,45.38,74.24,0.6,115.8,50.1,763.1,38.78,8.34,0.17,30.07
115700,5.52,29.94,75.59,8.82,87.5,-10.6,835.6,36.73,-0.14,-0.8,29.96
115720,0.64,24.52,90.48,7.35,95.6,-50.0,813.2,36.37,-5.66,-2.23,30.23
115740,5.84,14.6,82.39,15.66,10.4,3.1,832.4,32.23,-5.87,-6.54,30.74
115760,0,2.52,80.62,26.95,6.4,-70.1,799.5,28.04,-8.47,-3.06,30.55
115780,0.27,0,58.39,38.77,8.5,-230.4,938.6,16.07,-16.74,-5.76,30.65
115800,0.67,5.11,44.49,56.05,90.2,-182.3,933.8,15.8,-20.35,-1.75,30.8
115820,0,0.69,37.35,59.4,-48.4,-132.1,1044.5,11.61,-17.3,3.03,30.93
115840,0,6.64,23.4,65.75,-59.8,-187.2,995.6,-4.19,-15.5,-1.27,31.11
115860,1.15,3.21,16.78,54.28,-50.3,-277.0,1024.9,-15.43,-20.95,4.21,31.11
115880,0,1.53,6.74,46.12,-100.2,-166.9,1012.4,-23.7,-18.71,1.07,31.07
115900,1.08,2.17,0,31.27,-86.5,-55.2,1017.4,-30.64,-14.68,5.09,30.77
115920,3.92,0,0,23.21,-27.5,-62.4,1000.2,-30.44,-6.42,7.39,30.34
115940,0.37,0,0,7.03,-124.9,-75.5,998.7,-38.66,-5.79,1.68,30.55
115960,4.26,0.44,0.76,5.96,-188.3,-26.3,952.2,-39.36,-1.6,4.52,30.27
115980,0,7.92,2.51,3.63,-120.7,25.1,995.0,-40.64,-2.15,-2.23,30.02
116000,0,7.4,2.41,0,-113.4,30.4,957.9,-38.14,10.58,-3.31,29.49
116020,0,5.06,0,3.92,-104.5,109.6,1045.5,-39.4,5.73,-2.65,29.65
116040,0,1.05,0.07,1.73,-130.6,119.6,1005.8,-25.7,11.42,-5.16,29.26
116060,1.58,0,1.86,0.25,-23.4,128.6,949.8,-20.47,22.2,-7.28,29.12
116080,0,3.17,0,0,-80.3,182.1,1058.3,-15.96,21.87,-0.52,28.5
116100,1.38,0,0,3.1,-69.2,167.0,981.0,-2.36,20.22,-0.51,27.95
116120,78.58,25.89,6.88,1.22,121.2,163.0,964.9,1.7,16.62,3.39,28.06
116140,61.69,33.63,15.65,7.86,-53.3,49.6,961.7,14.7,21.41,-0.69,28.62
116160,45.37,47.62,19.67,1.5,68.4,33.3,936.4,20.92,10.86,6.1,28.73
116180,23.01,51.61,30.19,1.41,48.1,38.3,895.2,25.69,23.31,8.49,29.05
116200,10.9,54.17,49.24,1.12,68.3,102.5,827.6,35.99,13.76,3.64,29.42
116220,11.31,53.6,62.13,3.69,103.8,1.6,842.0,34.69,2.85,4.86,29.43
116240,1.35,40.81,72.03,3.81,118.3,-33.5,816.9,37.7,0.05,4.23,30.06
116260,0,32.07,83.35,6.21,38.3,-20.1,786.6,39.38,-6.22,-1.69,30.04
116280,2.3,17.3,83.05,15.36,113.3,14.7,817.1,39.78,2.28,-3.89,30.6
116300,0,7.29,80.33,20.97,147.6,-95.6,799.3,36.25,-16.22,-7.11,30.63
116320,0,4.05,68.01,32.91,62.3,-119.5,884.1,36.37,-6.69,-4.8,30.75
116340,3.69,0.36,53.8,50.17,72.8,-132.5,869.6,21.35,-18.14,-5.54,30.75
116360,2.74,0.95,41.5,58.67,7.9,-156.7,941.4,11.59,-27.25,-5.49,31.27
116380,0,0,29.53,66.58,88.0,-190.3,974.5,4.24,-17.42,-1.6,31.36
116400,0,0,19.13,60.01,-63.9,-176.9,959.4,-3.18,-11.75,3.9,31.19
116420,4.24,0,13.69,54.24,-86.3,-137.7,963.4,-14.62,-22.02,7.5,31.23
116440,1.53,0,8.81,43.52,-36.8,-217.4,1022.7,-24.03,-22.5,2.74,30.49
116460,0,3.44,8.21,24.38,-70.5,-114.4,985.4,-34.47,-11.89,1.87,30.98
116480,3.37,9.34,3.28,18.19,-106.2,-7.5,930.7,-41.52,-5.32,6.48,30.85
116500,2.25,2.98,0,12.65,-136.1,-68.4,967.8,-39.96,-4.61,2.89,30.34
116520,0,4.26,0.93,4.97,-67.8,4.8,964.5,-43.13,-3.67,1.57,30.16
116540,1.65,1.19,0,4.17,-70.9,136.7,1042.6,-39.01,-2.43,-0.29,29.97
116560,1.87,0,0.77,0,-129.8,7.5,1013.3,-36.18,6.99,-3.4,29.48
116580,0,0,0.47,3.07,-53.4,102.2,951.0,-37.5,11.01,-5.07,29.72
116600,0,2.88,0,0.97,-79.0,125.1,1041.5,-25.81,8.77,-5.31,28.89
116620,0,0.34,0,0,-28.4,182.5,1014.2,-22.25,27.49,-8.21,29.16
116640,4.76,9.08,0,0,-16.7,152.8,1028.7,-16.16,11.87,-6.39,28.88
116660,0,0,0,0,-75.8,174.6,996.3,-5.63,24.02,-0.23,28.23
116680,75.17,27.87,8.82,0,36.8,105.7,982.1,5.3,15.75,0.56,28.46
116700,58.17,42.23,13.96,6.73,124.8,193.4,910.6,7.56,24.44,5.17,28.55
116720,38.3,51.74,29.34,0,126.4,148.0,875.6,25.14,18.82,6.57,28.89
116740,21.24,53.35,37.05,0,101.7,67.5,842.9,28.8,14.87,3.14,29.39
116760,9.56,54.17,45.1,4.88,44.1,91.2,824.2,40.12,9.92,5.57,29.69
116780,2.82,51.45,64.92,0,32.7,43.8,774.3,38.75,5.98,1.63,29.61
116800,0,40.07,75.11,3.99,-9.1,-43.2,815.2,35.71,-2.53,1.35,29.82
116820,2.24,26.29,88.79,9.42,162.5,-87.9,807.3,43.15,-8.54,-0.53,29.97
116840,4.04,17.15,79.58,10.12,206.7,-22.7,818.5,32.92,-0.75,-1.59,30.44
116860,0,6.56,77.26,22.97,83.3,-131.9,778.5,27.56,-12.14,-2.99,30.6
116880,5.27,7.09,67.7,34.81,65.6,-112.8,872.7,27.2,-12.71,-7.89,31.11
116900,2.53,0,56.19,48.72,12.7,-112.0,875.5,18.96,-18.27,-3.52,30.95
116920,0,0.48,38.59,63.71,5.5,-81.7,936.1,9.56,-34.74,-1.78,30.85
116940,2.49,2.99,26.03,63.01,61.7,-172.8,948.1,-1.65,-19.41,0.27,31.27
116960,0,0,13.91,64.51,-25.8,-93.4,1027.9,-3.24,-18.91,0.88,30.9
116980,0,0,6.28,57.25,-53.1,-78.6,1006.3,-13.33,-16.39,3.88,30.58
117000,0,0,9.95,40.77,4.3,-76.7,972.3,-24.54,-20.68,3.82,30.93
117020,0,1.96,0,25.87,-74.5,-121.5,938.7,-29.55,-10.16,4.08,30.98
117040,5.39,0,0,13.26,-37.0,26.2,986.3,-40.52,-11.4,2.26,30.59
117060,1.55,3.04,0,8.51,-130.2,-73.4,1003.9,-36.39,-6.04,1.5,30.2
117080,0,0.91,0,7.33,-88.2,-20.8,1024.5,-37.01,1.88,-1.87,30.51
117100,0.16,0,0,7.69,-87.1,17.4,971.1,-43.6,2.41,-5.13,29.7
117120,4.45,0,2.29,1.48,-87.3,23.1,999.3,-38.62,17.79,-5.44,29.65
117140,0,0.44,0,0,-95.9,52.7,1022.6,-31.51,13.24,-6.98,29.36
117160,0.83,2.46,0,0,-100.9,91.1,1017.0,-24.19,17.36,-4.13,29.08
117180,0.84,4.0,2.4,0,-153.3,95.1,977.5,-24.62,12.61,-2.58,28.41
117200,1.59,0,0,0,-27.4,108.0,1007.2,-9.54,11.67,-3.01,28.57
117220,3.24,0,0,0.41,6.2,160.8,1000.0,-2.88,16.2,-0.11,27.93
117240,72.14,31.62,11.26,3.22,77.2,152.9,982.5,12.25,22.97,5.13,28.3
117260,56.88,47.9,17.55,2.5,37.2,206.9,908.1,16.77,17.75,1.93,28.55
117280,38.75,47.63,25.64,0,135.6,148.1,905.8,30.36,12.82,1.98,28.93
117300,13.85,61.35,41.83,0.07,2.7,207.2,844.8,35.22,17.26,5.59,29.19
117320,14.44,48.7,53.58,1.16,28.6,147.8,799.2,36.12,3.12,2.26,29.79
117340,0,47.85,70.83,6.37,142.8,41.3,846.4,38.08,7.93,3.14,29.86
117360,0.4,40.48,80.97,1.29,22.1,56.9,815.8,43.34,5.81,-4.84,30.26
117380,0,25.8,87.44,7.4,145.0,-76.4,844.1,38.92,-2.66,0.6,30.28
117400,6.13,14.94,83.98,13.48,-15.2,-102.7,805.7,39.95,-15.32,-3.27,30.56
117420,0,7.67,77.88,22.15,10.7,-66.9,899.8,36.82,-20.12,-8.35,30.76
117440,0,2.66,64.3,39.97,91.5,-158.4,914.0,24.86,-13.35,-6.59,31.02
117460,0.58,0,54.66,50.53,58.2,-113.7,880.7,20.38,-17.65,-3.63,31.02
117480,1.45,0,34.28,66.82,66.7,-85.7,987.7,10.03,-20.0,-2.52,30.64
117500,1.54,2.08,23.96,62.9,-22.7,-220.3,967.9,-4.37,-17.87,1.09,30.87
117520,0,0.43,19.92,65.47,-49.8,-216.1,1008.0,-8.11,-26.66,-0.92,30.77
117540,0,0,10.26,52.79,-50.1,-130.9,1010.7,-13.78,-16.14,3.85,31.27
117560,1.37,0,0,35.73,-3.6,-139.7,987.2,-27.63,-19.23,4.92,30.98
117580,0.93,1.11,1.96,27.09,-17.2,-91.3,993.5,-34.19,-15.89,3.76,30.37
117600,0,0.69,2.25,15.26,-134.6,-55.1,983.9,-34.08,-10.58,4.39,30.28
117620,0,0.77,3.91,6.16,-63.8,43.0,995.0,-42.46,-7.04,5.64,30.32
117640,0,6.38,1.44,5.75,-92.5,-28.0,1037.1,-40.93,4.25,2.57,30.24
117660,0,0.66,2.5,3.1,-71.1,118.5,1000.0,-42.2,2.86,0.02,30.14
117680,2.46,2.07,1.71,2.95,-116.0,33.3,1029.4,-32.46,18.53,-5.43,29.2
117700,0.9,1.43,1.3,1.6,-113.4,87.2,954.5,-31.63,12.95,-4.71,29.12
117720,0.07,5.85,0.03,0,-14.5,100.2,990.5,-27.05,13.68,-4.96,28.86
117740,0,4.33,0.12,0,-25.1,58.3,1020.5,-15.35,19.55,1.15,28.7
117760,3.2,0,0,0,-10.0,203.8,1028.5,-11.08,16.23,-1.77,28.54
117780,80.89,23.33,5.41,0,-2.4,131.3,1006.3,-2.57,25.61,0.78,28.06
117800,70.28,34.91,9.87,0,-24.1,127.5,936.9,8.91,17.88,0.74,28.15
117820,48.81,45.19,20.81,0,5.4,100.8,946.4,19.64,17.75,6.74,28.72
117840,34.94,57.04,30.21,0,-22.9,184.9,858.8,26.6,15.84,5.36,28.85
117860,17.84,62.6,44.39,2.32,82.6,-5.4,787.6,29.74,4.15,1.81,29.13
117880,6.22,54.87,55.94,4.26,61.5,100.6,901.4,34.69,16.51,1.86,29.7
117900,3.23,47.45,72.29,0,94.4,78.7,749.8,39.14,-3.1,1.58,29.7
117920,2.27,33.4,84.96,6.44,90.7,0.3,759.2,35.89,6.73,0.9,30.05
117940,0,19.7,85.03,10.61,131.9,-11.5,805.5,33.85,-8.99,-6.32,30.23
117960,0,13.28,81.8,16.26,95.4,-112.4,827.6,34.92,-13.61,-4.36,30.48
117980,2.34,6.08,71.08,29.17,105.7,-106.4,805.0,26.36,-18.67,-1.17,30.51
118000,5.01,9.63,63.92,43.7,31.9,-142.6,886.2,21.8,-10.15,-4.22,31.27
118020,0,0,43.98,50.18,14.2,-69.9,923.3,9.82,-16.61,-3.06,31.4
118040,0,4.92,31.09,63.65,51.3,-172.5,1027.9,5.64,-19.0,-4.1,31.2
118060,1.34,5.64,20.08,67.6,-74.5,-137.5,996.4,5.39,-24.7,-0.21,30.96
118080,0,4.07,14.27,61.01,-44.4,-238.1,983.4,-13.96,-15.93,1.45,30.83
118100,0,4.59,4.96,45.71,18.0,-229.4,1016.1,-13.96,-22.13,6.21,30.89
118120,0,0,4.77,35.74,-131.2,-70.7,948.9,-27.39,-24.62,7.92,30.69
118140,0,0,1.38,25.36,-74.8,-37.2,1048.8,-32.99,-11.94,1.4,30.63
118160,1.74,0.81,8.53,18.43,-71.0,-41.9,1034.4,-35.17,-1.24,2.59,30.48
118180,1.11,4.32,0,3.98,-160.5,-127.6,949.9,-40.37,-9.06,0.92,30.28
118200,0,0,0,4.3,-91.4,-38.2,1000.2,-44.05,-4.93,-5.72,29.87
118220,4.32,0,0,1.24,-167.4,32.0,962.6,-36.11,5.42,0.2,30.01
118240,0.13,0.5,0,1.34,-109.4,13.9,1008.7,-31.26,10.88,-8.48,29.62
118260,3.77,0,0,3.37,-100.0,54.8,986.7,-29.69,17.37,-1.53,29.08
118280,0.1,0,0,0,-54.3,131.9,1034.1,-26.24,18.64,-1.39,28.8
118300,0,0.52,1.58,2.4,0.1,114.1,1018.3,-14.68,22.02,1.16,28.68
118320,0,0.02,2.26,1.59,-58.2,86.5,998.9,-10.55,22.37,-3.98,27.98
118340,76.16,23.33,6.88,0,7.0,133.8,992.3,6.74,12.63,-0.3,28.31
118360,64.35,39.15,8.18,0,47.9,156.2,951.6,12.69,26.72,0.03,28.73
118380,43.38,48.12,22.18,2.23,44.5,65.0,900.1,19.22,10.84,5.56,28.96
118400,25.38,55.13,33.64,0.74,97.6,111.8,862.1,26.05,11.7,6.11,29.02
118420,10.0,60.09,51.07,4.19,102.5,61.7,838.7,36.81,19.79,4.76,29.29
118440,6.42,52.56,54.72,4.27,180.5,73.4,815.9,38.21,6.57,0.57,29.32
118460,0,41.15,71.17,1.92,143.9,15.8,829.3,37.36,3.58,0.15,30.17
118480,2.26,29.96,81.81,2.52,105.0,-73.1,840.7,36.76,0.46,-0.24,30.47
118500,0,21.12,86.25,10.5,-20.4,-100.9,800.6,37.83,-9.95,-3.39,30.18
118520,2.86,14.51,82.62,23.51,92.7,-65.3,825.4,32.88,-13.1,-3.15,30.74
118540,0,8.2,70.26,28.71,150.8,-79.8,805.2,30.28,-25.38,-4.9,30.53
118560,1.91,4.42,55.21,44.94,11.1,-184.6,887.2,24.33,-6.41,-4.69,30.81
118580,7.44,0,43.67,60.77,8.4,-143.9,943.8,11.01,-15.26,-2.71,31.08
118600,0,0,27.13,63.66,6.4,-151.0,975.7,2.87,-11.64,1.75,30.7
118620,0,0,12.8,62.19,43.7,-199.7,963.0,-2.81,-14.03,0.58,30.98
118640,6.3,0,9.58,58.35,6.9,-143.1,1015.3,-12.03,-18.02,1.09,30.83
118660,0.17,0,3.27,42.56,-54.9,-138.4,973.5,-17.21,-19.94,2.38,30.86
118680,5.59,0,3.43,34.32,-13.0,-129.8,993.9,-30.53,-10.73,3.98,30.78
118700,0,2.21,0,21.12,-53.5,-97.3,964.3,-37.1,-11.42,7.68,30.48
118720,0.86,4.14,1.96,8.51,-134.5,37.7,995.8,-36.35,-5.59,2.72,30.36
118740,0,0,3.18,7.64,-113.4,-30.3,1010.3,-41.31,-10.27,0.47,30.29
118760,0,0,1.19,6.49,-61.1,34.7,995.2,-36.5,-1.61,-0.36,29.77
118780,0.45,2.81,0,4.0,-70.4,35.6,958.2,-40.76,2.91,-3.53,29.99
118800,0,0.88,0,0.96,-94.0,117.5,927.5,-40.24,8.86,-6.37,29.44
118820,6.15,1.0,0,0,-219.5,106.7,969.7,-28.42,16.27,-5.91,29.1
118840,0,0.76,0.18,0,-63.1,66.5,1021.0,-21.88,11.77,-5.4,29.16
118860,0,0,0,3.32,-23.7,144.9,957.0,-11.09,19.6,-8.18,28.29
118880,0,0,0,0,-26.7,175.3,999.9,-6.58,19.0,-0.39,28.37
118900,77.6,26.56,7.83,0.78,49.2,183.7,996.7,4.41,15.92,3.09,28.17
118920,56.49,42.19,14.72,0,-41.9,77.1,957.1,12.78,17.3,2.28,28.53
118940,42.69,47.65,24.22,0,1.7,90.2,833.0,18.22,20.23,4.36,28.71
118960,22.19,56.43,30.16,1.39,0.4,-1.6,862.8,27.39,15.98,3.01,29.28
118980,10.75,57.19,50.94,0,44.9,152.4,836.5,35.43,9.14,5.2,29.68
119000,7.17,48.28,61.86,4.26,159.2,-48.7,761.5,41.0,6.48,2.59,30.0
119020,3.65,40.19,78.52,0,126.5,7.6,767.6,34.99,-1.89,2.61,29.81
119040,3.52,32.17,82.47,6.78,136.4,-32.0,786.7,38.0,5.72,-2.81,30.27
119060,0,21.85,88.68,7.86,86.5,-40.9,814.2,36.2,-0.63,-3.83,30.71
119080,0.57,11.15,81.83,26.43,153.7,-52.1,866.7,38.88,-23.85,-5.08,30.48
119100,0.28,3.42,70.82,34.74,106.0,-104.1,817.3,31.53,-14.38,-4.48,30.71
119120,2.28,0.78,54.93,51.77,-53.9,-115.6,879.0,21.99,-14.02,-7.5,31.06
119140,5.3,2.57,39.85,60.49,87.7,-93.1,912.7,13.09,-19.25,-2.01,30.83
119160,0,3.9,28.4,60.29,9.7,-92.5,1000.1,11.27,-20.76,-0.36,31.07
119180,0,1.69,19.66,63.27,-34.3,-134.1,936.4,-10.42,-16.87,3.62,30.86
119200,0.16,0.46,12.77,58.91,-70.2,-68.6,1005.9,-15.72,-17.25,2.66,30.74
119220,0,2.4,3.89,46.41,-155.9,-125.9,1029.3,-22.29,-15.54,6.18,30.91
119240,0,3.56,0,28.74,-3.6,-67.4,978.0,-29.25,-16.12,1.9,31.09
119260,2.45,0,5.64,17.98,-85.0,-24.6,980.6,-31.07,-13.06,7.27,30.44
119280,0,0,2.11,9.52,-166.2,-160.1,1092.1,-36.31,-8.19,-0.05,30.68
119300,1.9,0,0,5.59,-96.8,10.0,985.6,-37.81,5.1,4.94,30.46
119320,0,2.21,0,3.74,-103.2,-31.8,1000.7,-40.33,12.48,-0.29,29.76
119340,0,0,2.23,0,-117.0,46.3,950.5,-43.49,7.41,-2.41,29.78
119360,3.91,0,0,0,-130.3,117.5,982.6,-35.28,-0.72,-2.77,29.44
119380,3.87,0.02,0,0,52.5,156.0,1003.5,-25.15,7.17,-5.38,29.05
119400,0,0.15,4.78,5.18,-2.4,203.8,1009.5,-15.0,17.66,-5.07,28.92
119420,2.16,0,6.13,0,-28.7,142.0,980.0,-14.71,10.8,-2.82,28.2
119440,1.08,0,1.0,3.67,-92.5,197.0,997.9,-4.99,18.25,0.34,27.98
119460,74.91,27.8,10.81,0,32.7,164.9,964.7,6.12,19.73,-0.79,28.21
119480,55.33,44.22,19.28,0,-1.5,129.1,927.2,15.7,19.03,4.32,28.51
119500,37.82,51.2,26.28,0,83.9,71.6,906.4,27.33,14.35,8.28,29.04
119520,22.81,57.9,33.96,0.8,29.8,41.7,879.5,31.48,15.38,5.0,29.1
119540,8.95,58.53,53.13,0.06,98.1,17.9,785.9,37.84,18.14,5.39,29.55
119560,3.98,46.54,65.69,3.42,41.6,27.9,789.3,41.24,10.9,3.36,29.62
119580,2.11,39.52,78.28,5.64,64.8,-13.8,754.2,39.4,14.39,1.83,29.97
119600,0,27.42,79.58,5.13,18.5,-58.4,812.5,39.83,-15.66,-0.76,30.25
119620,1.76,15.93,84.08,20.33,106.4,-61.7,815.5,35.08,-3.24,-4.75,30.76
119640,1.44,5.25,72.63,27.04,120.6,-61.2,828.9,36.11,-7.02,-5.21,30.8
119660,7.19,4.04,63.44,37.67,103.9,-126.6,847.8,27.8,-10.5,-7.0,30.75
119680,0,5.9,54.8,53.46,62.1,-129.2,914.1,22.06,-23.13,-0.88,31.06
119700,0,9.28,37.38,59.68,76.1,-213.2,984.4,9.11,-17.0,-4.14,30.93
119720,3.47,0,22.76,68.7,-1.8,-216.5,1006.4,3.99,-21.52,1.59,31.0
119740,0.83,0,20.34,63.37,18.5,-221.1,1000.6,-6.13,-16.17,1.1,30.98
119760,0,0,8.1,50.26,-10.8,-146.2,937.8,-19.11,-14.39,1.62,30.71
119780,0,0,8.36,39.26,-50.4,-209.1,1022.4,-19.88,-13.86,4.03,30.9
119800,2.61,5.14,5.21,31.94,-24.4,-162.1,1026.5,-34.95,-8.9,6.05,30.76
119820,1.65,0,0,9.97,-208.1,-169.8,1025.8,-41.35,-7.86,3.75,30.58
119840,2.31,0,1.92,8.23,-39.3,-17.5,986.8,-38.12,-1.76,1.07,30.46
119860,0,0,2.89,8.18,-127.4,35.4,958.5,-38.65,-2.1,1.62,30.0
119880,0,0,2.56,0,19.1,33.1,992.4,-45.37,14.81,-1.55,29.92
119900,0,0,0,0.39,-123.7,101.8,992.8,-31.73,7.22,-5.43,29.78
119920,0.46,0,0.99,0,-174.0,95.9,1027.6,-32.94,10.6,-3.76,29.74
119940,0,4.4,0,2.04,-41.1,135.9,1019.4,-28.39,13.38,-5.28,28.78
119960,0.79,3.13,3.56,2.86,-15.6,130.7,994.6,-17.46,21.98,-2.5,28.67
119980,0,0.57,1.59,0,-57.9,190.4,974.3,-4.82,16.04,-3.63,28.93
120000,79.97,22.2,6.2,0.6,-8.3,177.6,972.1,8.51,19.24,0.13,27.84
120020,74.63,33.62,8.75,0,61.5,107.0,967.8,13.42,11.44,2.77,28.21
120040,51.84,47.36,16.47,1.54,9.1,157.1,880.7,18.1,14.22,2.7,28.62
120060,33.04,51.15,30.81,6.87,40.0,117.0,900.7,25.52,8.44,8.88,29.45
120080,18.76,57.35,40.83,0,39.2,-7.4,839.3,31.81,16.94,3.84,29.49
120100,8.95,52.36,53.94,1.88,189.5,73.0,799.9,34.21,12.55,7.58,29.83
120120,1.99,45.03,65.62,0,76.3,10.5,788.4,35.03,2.12,-1.99,29.86
120140,0,32.99,82.72,5.47,212.4,-72.7,781.3,45.86,-8.0,-2.47,29.79
120160,0.82,19.61,80.57,11.06,50.1,-47.5,782.3,41.74,-8.02,-0.41,30.63
120180,2.55,14.31,85.39,11.42,67.2,9.3,850.1,36.72,2.19,-3.13,30.82
120200,0,8.97,76.56,25.48,38.3,-78.9,850.5,35.87,-15.05,-4.8,30.76
120220,2.75,5.73,62.23,42.29,17.5,-146.9,855.6,21.07,-12.81,-4.95,31.23
120240,0.09,2.04,53.55,56.55,85.5,-176.8,949.6,14.34,-13.17,-5.51,30.91
120260,0,0,34.92,63.51,43.4,-185.9,1019.2,9.86,-19.2,-1.55,30.7
120280,0.78,4.64,24.18,71.43,-29.2,-197.8,996.9,0.48,-26.83,1.86,30.89
120300,0,3.14,15.06,59.4,-35.1,-108.5,984.7,-8.76,-19.44,5.38,30.89
120320,0.5,2.88,11.51,50.77,34.1,-191.9,1013.2,-20.17,-24.12,4.71,30.94
120340,4.24,2.02,7.63,38.61,-85.6,-108.4,1008.9,-25.11,-8.71,3.52,31.02
120360,0,0,3.7,24.99,-119.9,-51.4,968.9,-34.33,-10.97,4.55,30.71
120380,0,0.68,0.49,19.64,-97.8,-14.9,997.1,-39.69,-3.96,5.34,30.49
120400,0,0,2.77,11.74,-127.0,-18.9,984.8,-41.31,1.14,-0.58,30.06
120420,0.42,0,1.01,7.23,-109.3,33.0,995.3,-39.01,-9.37,-0.66,30.03
120440,0,0,0,0,-205.0,-37.4,1034.9,-39.83,12.23,-4.75,29.58
120460,0,2.03,0,0.23,-50.7,111.2,986.1,-35.95,4.23,-7.1,29.46
120480,2.89,3.88,6.6,0,-26.3,107.4,988.7,-29.18,7.71,-5.82,29.44
120500,0.24,0,0,2.26,-6.0,144.2,1031.9,-27.72,23.18,-5.8,29.06
120520,0.42,1.41,4.54,1.0,-81.6,47.1,956.0,-15.82,19.16,-3.16,28.67
120540,4.36,0,0,0,17.5,211.0,1044.4,-14.8,14.71,-3.71,28.55
120560,82.24,22.3,3.51,4.15,81.7,65.1,1060.4,-0.2,16.27,0.48,28.51
120580,69.91,39.67,10.16,3.99,44.1,160.4,954.8,10.84,17.33,2.08,28.37
120600,45.64,49.54,20.42,2.67,62.0,95.8,895.7,20.23,18.62,5.98,28.89
120620,28.32,52.68,26.7,0.89,33.7,49.7,879.0,26.11,20.19,4.81,28.88
120640,12.55,52.31,45.72,3.35,106.6,126.7,868.6,35.74,13.82,4.84,29.32
120660,7.52,53.4,55.69,0.06,40.0,107.9,786.9,38.63,9.84,2.59,29.71
120680,3.84,44.34,67.18,1.86,-17.6,-23.0,801.7,41.61,5.79,1.57,29.83
120700,0,28.42,81.19,10.12,72.9,-40.7,805.0,37.92,-2.76,-0.91,30.18
120720,0,21.55,84.33,6.87,6.2,29.9,832.4,37.41,-10.68,-6.18,30.56
120740,4.19,16.78,81.53,18.08,140.8,-49.3,767.2,34.98,-10.74,-6.27,30.26
120760,0.87,5.65,75.58,27.24,101.5,-82.9,866.9,27.78,-17.09,-6.8,30.77
120780,8.67,3.03,64.94,41.24,-2.4,-75.0,927.9,17.83,-16.9,-4.95,30.39
120800,4.32,0,48.3,57.58,-97.4,-198.2,904.6,12.38,-15.42,-1.25,30.7
120820,0.17,0.68,33.26,64.96,69.4,-122.3,970.1,-1.08,-16.41,-1.75,30.82
120840,6.43,0,19.94,69.98,-71.0,-166.3,977.9,-1.73,-23.78,1.4,30.78
120860,1.32,0,12.29,63.29,-52.5,-135.7,1028.5,-12.74,-18.46,2.23,31.14
120880,0,0,7.51,51.23,-60.5,-89.9,1030.6,-17.25,-18.0,6.56,31.19
120900,0,0,0,29.1,-46.4,-181.7,1005.8,-31.16,-18.65,3.99,30.8
120920,0,0,0,19.62,-70.5,-38.3,1006.7,-35.05,-3.64,5.35,30.69
120940,5.93,0,1.73,15.72,-107.6,-129.0,1030.1,-40.55,-3.38,1.24,30.07
120960,5.84,3.22,0,8.45,-140.3,-34.4,995.8,-37.15,-4.85,1.55,30.17
120980,0,0.41,3.46,1.67,-106.4,58.2,943.3,-41.19,2.15,0.99,30.05
121000,2.84,0,1.68,0,-86.6,117.2,987.5,-39.45,1.96,-2.61,29.62
121020,0,2.24,0.54,0.28,-11.0,125.5,976.0,-33.56,9.18,-4.29,29.37
121040,0,0,4.48,1.26,-64.6,109.4,993.9,-28.02,17.73,-6.07,29.14
121060,2.16,0,0,2.3,-65.5,128.3,978.8,-29.83,13.11,-3.99,29.22
121080,1.99,2.04,0.06,0,-81.6,122.8,967.9,-11.04,8.86,-2.57,28.23
121100,0,2.69,0,0,5.1,184.3,979.2,-5.43,17.38,-3.41,28.21
121120,74.39,23.56,2.19,6.3,18.5,180.7,1036.3,2.48,11.51,-1.18,27.95
121140,66.15,41.27,14.86,0,49.0,176.7,951.8,7.19,22.74,5.43,28.58
121160,43.75,47.14,20.53,0,9.6,169.6,923.8,15.86,14.01,3.92,29.08
121180,29.59,55.62,39.09,2.43,155.1,168.7,869.4,22.76,15.44,4.16,28.62
121200,18.3,55.11,47.04,0,73.1,58.5,814.5,32.27,17.44,6.22,29.34
121220,9.05,53.04,60.34,0,123.1,29.3,841.3,43.48,5.4,4.85,29.74
121240,0,45.47,75.01,7.46,144.5,79.4,810.3,40.91,4.64,1.07,29.65
121260,0.39,33.07,87.83,7.71,96.5,-64.5,810.3,39.6,0.16,-2.24,30.19
121280,0,17.12,85.38,19.39,142.4,-75.2,743.5,44.41,-11.78,-5.1,30.39
121300,0,6.77,76.45,20.77,113.4,-40.7,814.3,34.11,-11.67,-0.48,30.25
121320,2.66,2.34,74.08,31.05,112.5,-71.1,881.9,29.23,-11.11,-4.61,30.97
121340,1.79,4.48,54.47,50.31,134.4,-123.5,850.8,23.5,-12.84,-4.75,30.68
121360,0,0.25,44.6,56.24,42.5,-125.3,969.3,9.85,-29.93,-2.2,31.27
121380,0,0.17,23.98,68.29,14.6,-161.8,976.2,2.84,-14.87,-3.78,30.97
121400,2.05,1.41,20.37,60.68,-24.8,-118.7,996.3,-2.7,-16.28,-0.39,30.99
121420,0,0,11.23,53.5,95.2,-33.4,1023.1,-17.73,-17.48,2.04,31.09
121440,1.19,1.83,6.93,46.43,-109.6,-142.8,1029.1,-27.95,-9.33,3.48,30.99
121460,0.55,1.61,2.26,36.63,-19.9,-40.7,996.4,-27.81,-11.86,4.45,30.8
121480,0.89,2.53,0,19.77,-137.0,-14.5,1000.2,-29.3,-9.18,4.2,30.64
121500,4.07,2.36,0.42,5.5,-58.0,-127.3,1004.0,-39.39,-11.33,1.73,30.39
121520,0,0,5.44,9.08,-101.7,-36.1,971.2,-40.91,6.99,-0.98,30.17
121540,0,4.01,0.76,4.89,-61.4,-14.8,952.6,-43.76,-1.79,-3.91,29.68
121560,0,0,0,0,-116.7,103.0,961.5,-29.95,4.45,-1.79,29.7
121580,0.89,0,0,9.04,-62.8,66.2,1046.6,-39.19,20.72,-3.14,29.3
121600,0,0,0,2.74,-50.8,192.9,1019.2,-28.89,19.52,-3.19,28.76
121620,0,0,0,5.96,52.2,117.1,957.1,-17.63,15.5,-4.29,28.75
121640,1.72,1.0,2.6,0,-57.3,146.5,1037.8,-15.17,22.15,-1.3,28.3
121660,0,8.05,1.93,0,-56.0,137.1,989.0,3.23,19.98,-3.37,27.92
121680,71.6,27.62,8.29,3.68,-1.7,166.9,933.5,7.27,22.28,2.72,27.9
121700,60.42,36.3,10.51,0.94,-122.7,216.0,926.6,12.16,18.91,1.0,28.62
121720,45.89,42.38,27.44,0,23.7,148.1,905.9,23.54,15.39,5.77,29.0
121740,23.31,59.52,34.92,8.67,32.5,234.4,866.6,29.96,19.24,5.37,29.49
121760,11.93,56.42,51.64,0.8,88.0,94.3,785.8,38.69,9.4,8.08,29.48
121780,9.45,51.79,65.39,4.28,176.5,67.2,813.7,40.67,16.51,0.88,30.05
121800,0,38.59,73.95,3.19,83.9,44.0,822.8,39.2,4.54,-2.79,30.01
121820,0,24.25,78.32,3.96,151.8,-40.4,816.2,35.7,-5.0,-1.27,30.27
121840,0,19.16,86.11,11.78,51.1,-41.5,841.1,38.86,-6.08,-6.24,30.57
121860,1.5,10.1,81.69,23.39,14.2,-143.2,833.1,37.8,-9.96,-8.24,31.04
121880,0.45,1.9,65.23,32.18,74.9,-113.6,880.8,26.69,-14.09,-6.96,30.82
121900,0,0,55.89,49.93,0.4,-191.2,878.0,14.05,-15.52,-1.64,30.96
121920,0,1.99,37.07,64.16,35.0,-144.0,946.2,11.28,-17.25,-1.29,30.85
121940,0,0,23.8,67.33,11.3,-140.1,1004.5,1.57,-19.56,-3.94,31.45
121960,0,5.53,18.91,69.4,22.5,-160.4,964.5,-5.88,-17.85,3.38,30.61
121980,2.71,1.39,10.91,55.41,-72.6,-123.0,1022.7,-19.04,-25.86,3.49,31.0
122000,0.63,0,3.52,42.97,-124.8,-121.6,1019.5,-24.17,-15.53,5.96,30.97
122020,0,2.49,0,28.7,-131.1,-71.0,1051.0,-27.99,-23.36,2.6,30.47
122040,0,3.26,4.37,18.8,-196.4,-135.0,1039.9,-34.39,-7.96,6.01,30.59
122060,0,0,3.74,6.36,-38.5,-12.4,1013.5,-42.41,-4.87,2.63,30.27
122080,0,0,3.53,6.59,-125.5,-57.6,998.3,-37.29,-1.02,2.59,30.06
122100,5.2,4.84,1.54,8.81,-101.2,39.2,1029.9,-41.55,0.13,-2.33,29.72
122120,0,2.76,0,0,-118.9,84.4,1024.4,-40.47,9.06,-6.71,29.85
122140,0,0,0,0,9.8,151.6,1017.6,-29.69,18.11,-4.07,29.13
122160,0,0.7,0,0,-91.2,27.0,1020.2,-25.69,15.5,-5.77,28.95
122180,0,0,0,0,52.4,107.6,1037.4,-18.24,16.79,-5.66,28.49
122200,0.7,0,0.28,1.19,30.3,173.9,996.3,-11.31,14.94,-3.57,28.36
122220,5.47,0,0.78,0.93,-20.4,112.1,969.7,-1.54,17.08,2.48,28.11
122240,70.52,31.4,4.63,0.67,95.3,210.1,975.6,7.36,24.76,0.63,28.56
122260,55.76,47.84,16.29,0,71.0,145.1,916.2,17.24,21.77,5.68,28.52
122280,35.21,49.6,20.33,3.33,63.9,50.4,867.7,24.28,17.9,4.33,29.26
122300,21.87,56.55,45.1,0,-15.3,44.8,824.3,30.07,20.15,5.82,29.0
122320,6.83,54.87,53.15,1.29,96.2,109.6,795.9,42.07,9.98,1.81,29.76
122340,2.73,47.1,70.63,0,64.2,15.2,766.6,30.57,2.37,1.44,29.72
122360,1.87,29.43,78.65,3.52,156.0,22.2,857.5,37.96,-0.79,-1.11,30.15
122380,0,25.74,83.68,9.78,56.2,-31.1,790.8,39.37,-4.54,-6.32,30.34
122400,0,14.49,81.64,15.46,130.1,33.8,786.0,39.22,-12.27,-2.36,30.32
122420,3.18,10.17,77.67,20.64,91.8,-119.4,860.8,25.9,-12.1,-6.32,31.07
122440,0,1.6,66.33,41.39,12.6,-157.0,855.0,22.44,-18.61,-1.81,30.87
122460,0.52,0,49.02,49.72,-1.6,-60.9,913.2,14.89,-11.45,-5.01,30.87
122480,5.18,0.75,40.11,64.02,91.6,-157.2,942.4,10.72,-18.34,-0.55,31.14
122500,0,2.0,28.25,65.46,-77.9,-215.4,1014.0,-1.23,-15.61,-0.85,30.92
122520,0,2.77,17.05,60.41,-41.9,-47.3,1006.5,-8.7,-16.02,-0.95,31.09
122540,0,0.64,6.73,52.37,-67.5,-174.0,999.9,-10.41,-15.44,5.07,30.98
122560,2.04,3.51,3.57,38.59,-47.8,-35.6,1017.6,-22.41,-12.23,5.96,30.74
122580,3.78,0.65,6.69,29.51,-52.1,-150.0,963.0,-27.14,-13.66,5.33,31.13
122600,0,3.09,2.36,16.74,-161.5,-69.0,987.4,-32.09,4.13,0.88,30.76
122620,0,0,3.73,8.2,-114.4,-56.7,993.8,-37.56,-0.67,3.73,30.61
122640,0,0.42,0,5.14,-160.1,-111.7,1014.0,-37.67,7.92,-0.04,29.77
122660,0,0,0,1.05,6.0,-28.2,915.4,-35.67,13.9,-1.35,29.47
122680,3.88,0,0,0,-28.5,-34.5,1012.0,-36.88,12.62,-1.71,29.75
122700,0.14,3.73,3.4,0,-106.0,171.5,1023.0,-26.22,7.83,-5.31,29.21
122720,1.87,6.76,5.81,0,-157.8,69.7,1015.2,-30.06,18.4,-3.28,28.8
122740,0.37,7.05,0,0,-64.9,92.2,1035.4,-17.62,17.2,-2.16,28.62
122760,0,1.48,0,0,25.3,102.4,1053.2,-2.52,17.73,-0.15,28.39
122780,74.95,26.02,0.73,0,48.4,124.8,988.9,1.3,16.95,-0.62,28.37
122800,65.5,31.68,9.39,2.98,87.6,94.0,980.0,10.28,24.52,-0.15,28.14
122820,52.72,46.39,22.81,3.53,13.5,62.1,912.6,17.48,16.66,3.66,28.61
122840,28.29,56.22,32.35,2.39,82.4,63.9,889.8,20.78,25.43,6.9,29.17
122860,20.41,58.55,43.15,0.22,104.4,103.1,852.8,32.47,16.9,5.04,29.33
122880,3.7,59.87,57.02,0.12,81.3,63.3,841.1,35.9,3.71,4.82,29.18
122900,2.04,44.38,69.43,5.39,29.6,56.5,805.0,37.46,-1.82,0.51,29.92
122920,0,33.34,75.41,5.37,100.6,29.4,799.0,39.89,4.04,-1.83,30.28
122940,1.6,22.53,82.15,5.42,38.6,-28.5,744.2,35.16,-4.79,-3.44,30.55
122960,3.55,15.36,80.1,18.07,-32.1,-109.4,837.2,37.0,-7.63,-5.84,30.5
122980,1.88,3.55,72.99,31.01,28.0,-175.1,817.1,35.71,-19.41,-1.74,30.89
123000,1.19,0,59.43,40.46,183.2,-47.6,878.8,22.71,-12.6,-5.46,31.01
123020,1.69,4.69,43.54,45.53,-1.7,-148.3,924.8,10.3,-29.46,-6.34,31.0
123040,0.01,0.67,28.91,66.34,-10.4,-94.5,959.7,-0.28,-10.16,-0.16,30.81
123060,1.63,0,20.61,63.29,51.2,-175.5,1033.2,-6.47,-16.96,3.33,30.86
123080,0.14,1.38,17.52,58.77,16.1,-161.8,932.7,-8.47,-17.85,-0.37,30.79
123100,2.61,4.68,8.82,46.81,-109.8,-103.3,990.4,-14.33,-21.97,6.61,30.91
123120,0,0,4.51,35.63,-178.5,-80.5,928.6,-23.79,-14.92,5.41,30.99
123140,0,0,2.81,21.51,-41.3,-69.6,990.9,-36.27,-8.04,5.21,30.83
123160,1.77,1.5,8.16,14.94,-135.8,-62.8,963.9,-37.48,-3.75,1.24,30.5
123180,0,1.54,0.95,8.06,-87.9,48.8,975.9,-39.5,-4.75,2.01,30.3
123200,0.87,0,0.84,2.0,-105.7,21.0,992.7,-40.96,6.51,-1.32,30.18
123220,0,0,6.07,0.07,-174.5,78.1,1004.6,-40.12,2.94,-4.21,29.7
123240,3.93,2.88,0,3.46,-83.6,9.2,1055.6,-35.05,12.34,-5.94,29.66
123260,0,0,0,0,-200.1,43.7,1007.1,-35.9,9.82,-6.07,29.03
123280,0,0,0,2.29,-79.6,94.1,1024.6,-29.4,9.11,-6.53,29.02
123300,1.15,0.66,0,0,-22.0,131.4,1054.3,-15.86,13.87,-1.54,28.62
123320,0,2.16,2.01,3.14,-30.3,237.4,972.8,-4.08,15.58,-2.49,28.29
123340,76.01,26.25,2.97,0.6,-11.7,112.3,982.3,5.04,25.7,-0.0,27.98
123360,67.36,43.33,14.64,0,4.6,201.4,923.4,12.16,23.19,5.44,28.58
123380,48.93,46.11,14.42,2.26,120.9,49.8,912.7,20.52,5.55,3.16,28.56
123400,27.54,56.45,29.25,4.4,74.0,165.5,924.6,28.76,15.35,5.07,29.24
123420,10.17,61.6,48.51,0,98.9,-0.8,851.5,41.91,3.73,0.96,29.5
123440,7.33,54.4,65.84,0,61.9,112.2,792.1,43.13,2.45,3.74,29.78
123460,1.68,47.77,68.77,0.18,45.7,54.1,793.6,40.36,5.18,-2.24,30.0
123480,0,27.19,82.18,6.37,52.2,1.3,786.6,41.94,1.51,-1.09,30.35
123500,2.15,22.55,88.23,15.22,108.6,-6.6,825.4,34.34,-6.96,-1.48,30.16
123520,0,15.94,84.74,20.4,98.5,-4.8,833.0,29.08,-6.78,-5.03,30.54
123540,1.22,4.09,72.35,33.75,63.0,-123.4,840.3,30.54,-14.77,-5.15,30.81
123560,0.83,4.58,61.3,45.19,87.8,-182.2,871.3,20.8,-17.73,-4.63,30.68
123580,0,3.12,46.3,59.86,106.4,-154.0,972.3,14.46,-13.58,0.88,31.04
123600,0,0,30.25,66.66,19.9,-127.8,974.1,5.98,-21.99,-4.28,30.94
123620,0,1.68,16.25,64.16,-9.7,-242.1,1014.6,-1.69,-20.51,0.73,30.85
123640,0,1.3,10.77,60.8,-47.5,-154.7,1014.0,-14.75,-16.44,2.15,31.03
123660,0.52,3.55,7.78,47.51,-57.3,-95.5,961.1,-21.72,-21.93,8.37,31.03
123680,3.92,0,0.19,35.07,-111.3,-106.2,997.0,-26.89,-18.61,5.5,30.41
123700,3.07,0,0,22.16,-50.5,-143.6,1020.3,-36.73,-14.32,5.34,30.74
123720,1.5,5.23,3.35,10.16,-131.1,-31.8,1015.2,-35.01,-8.1,0.44,30.31
123740,4.35,0,0.53,5.88,-215.9,-76.5,968.6,-40.62,4.07,1.54,30.4
123760,2.58,0,0,0.53,-151.3,88.0,999.3,-32.91,5.8,3.06,30.09
123780,0,0,4.28,9.5,-51.3,201.4,1033.4,-39.04,9.55,-4.62,29.79
123800,0,0,0,1.97,-64.9,86.9,1017.4,-31.4,25.52,-3.18,29.44
123820,4.28,0,0,0.92,-41.1,141.8,970.3,-23.12,10.45,-3.78,29.36
123840,0,0,5.46,0,-55.4,106.6,960.7,-23.12,16.15,-3.91,28.96
123860,0,2.16,4.05,0,-33.0,151.7,1016.3,-16.67,17.63,-5.77,27.9
123880,1.19,0.55,0,2.87,9.3,212.3,1020.4,-3.51,15.74,-3.55,28.15
123900,74.68,24.93,13.53,0,84.1,222.1,976.7,5.13,22.9,0.0,27.97
123920,66.46,38.26,18.51,2.87,74.1,201.5,951.5,15.93,38.41,-0.46,28.24
123940,40.7,51.36,25.41,0,33.8,212.5,860.2,16.69,15.92,6.51,28.6
123960,22.07,61.85,36.58,0,7.3,18.6,863.9,29.46,10.08,4.89,29.03
123980,11.7,55.93,54.9,1.65,60.2,-3.1,831.0,31.77,9.05,2.25,29.59
124000,5.19,54.1,61.59,2.61,56.6,-31.5,831.4,36.66,2.83,0.77,29.76
124020,3.22,40.97,71.27,0,116.3,-37.8,839.5,40.38,2.94,2.23,30.2
124040,0,27.52,85.0,6.26,53.7,45.7,810.8,39.26,-9.85,-1.69,30.14
124060,4.44,14.66,88.41,14.76,99.0,-90.9,811.9,38.33,-6.8,-4.55,30.49
124080,0,12.37,80.41,28.33,96.4,-18.3,812.6,32.14,-15.7,-5.32,30.54
124100,3.84,2.76,65.02,35.67,166.8,-39.7,814.7,26.24,-17.83,-6.64,30.56
124120,0,1.3,58.45,46.5,127.9,-87.4,910.8,17.64,-31.06,-1.92,30.72
124140,0,7.98,39.0,54.28,30.8,-144.3,978.4,12.3,-18.62,-2.65,31.26
124160,4.44,0,27.29,60.94,-31.6,-138.3,971.2,1.12,-17.29,-1.46,30.88
124180,0.54,0.6,18.48,66.48,31.7,-145.3,987.0,-1.06,-28.44,2.18,31.07
124200,1.28,0,12.88,53.77,43.5,-165.1,968.2,-20.76,-24.81,1.92,30.85
124220,0,4.82,5.98,43.61,-109.5,-76.4,1034.2,-29.17,-14.81,4.13,30.95
124240,0.18,2.06,0,25.23,-121.9,-94.5,1050.3,-32.1,-8.61,5.38,30.59
124260,8.47,0,3.44,22.78,-72.3,-20.5,1004.5,-33.93,-12.48,3.33,30.45
124280,6.32,0.4,0,9.08,-61.6,-30.8,1011.2,-34.53,-0.21,1.69,30.78
124300,1.71,3.23,0.99,3.64,-37.7,-4.1,1019.2,-41.67,3.3,0.68,30.38
124320,0,0,1.09,0.96,37.1,92.3,1039.9,-36.8,-0.45,-2.84,30.34
124340,0,0,0,0.01,-129.2,-31.4,1038.4,-38.06,3.66,-4.66,29.68
124360,7.5,0.04,0.41,0,-88.4,66.1,1055.1,-35.05,13.82,-8.63,29.28
124380,1.27,2.31,0,0.31,-49.0,143.6,1031.1,-28.52,11.55,-7.88,28.96
124400,1.31,4.8,6.84,0,-109.9,97.1,970.3,-22.19,15.52,-3.85,29.12
124420,2.29,3.72,4.41,1.81,-7.7,175.2,965.1,-8.5,23.18,-4.29,28.28
124440,2.09,5.43,0.61,0.58,9.2,53.3,983.8,-2.77,18.0,0.26,28.29
124460,71.73,30.38,4.42,1.82,-7.3,112.0,947.1,11.15,23.82,6.75,28.42
124480,57.87,41.72,9.9,0,14.7,224.7,947.5,19.24,22.27,5.14,28.49
124500,36.86,56.44,26.05,0.65,-3.1,157.4,879.9,21.37,10.61,2.75,28.92
124520,16.64,57.38,36.6,0.23,34.8,57.3,847.4,33.87,13.62,4.17,29.11
124540,5.07,56.4,56.07,2.24,11.3,49.4,815.5,37.15,15.18,7.38,29.69
124560,2.24,49.4,66.0,9.62,85.3,81.7,822.5,42.43,6.77,0.63,29.72
124580,0,41.3,70.43,11.9,116.8,-16.1,778.9,42.26,9.5,0.21,30.25
124600,0,25.18,83.49,2.63,45.9,-28.4,795.4,41.13,-5.61,-4.01,30.17
124620,0.69,19.49,83.14,14.36,25.0,-60.6,813.5,37.12,-4.57,-0.94,30.81
124640,0,7.74,80.19,24.88,96.0,-142.3,823.5,29.21,-14.17,-3.69,30.9
124660,2.0,5.23,64.36,36.29,48.6,-155.4,852.9,30.27,-17.03,-2.89,30.83
124680,2.99,0,46.27,53.14,20.4,-101.0,864.8,18.58,-17.2,-2.27,30.75
124700,0.68,1.57,38.71,63.17,-60.6,-188.1,950.4,12.24,-20.34,-2.53,31.09
124720,0,0.05,23.08,63.39,-46.8,-170.6,976.5,4.19,-27.11,0.1,30.94
124740,0,0,17.86,65.73,-133.9,-134.7,999.3,-11.16,-18.66,0.08,31.0
124760,1.21,0.67,8.47,54.66,51.0,-144.8,973.2,-20.37,-18.59,8.02,30.7
124780,0,0,2.9,39.31,-62.9,-18.1,1028.0,-25.63,-20.96,4.86,30.6
124800,4.07,0,5.12,31.06,-137.8,-132.5,954.7,-29.01,-15.16,7.16,30.69
124820,0,0.81,0,18.23,-171.1,-54.9,1014.1,-31.11,-14.6,1.14,30.54
124840,0,0,0,11.06,-64.0,12.6,955.6,-35.42,-6.29,0.93,30.56
124860,0,1.11,0.31,4.54,-153.5,-25.2,1035.2,-30.84,1.56,-1.1,30.26
124880,4.19,0.67,1.57,4.18,-93.4,22.0,1058.8,-38.0,6.93,-1.06,30.03
124900,0.39,0,0,4.88,-6.6,-16.1,1008.6,-35.89,7.39,-2.51,29.3
124920,0,0,0.71,2.04,-115.9,77.9,986.4,-28.6,18.09,-3.3,29.19
124940,1.19,0.76,0,0,-42.9,-11.5,969.2,-22.02,25.7,-5.36,28.78
124960,0,0,0,0,-148.8,208.4,993.7,-16.28,20.97,-5.61,28.56
124980,0.72,0,0,0.94,34.9,206.2,959.2,-12.31,16.0,-4.76,28.22
125000,77.65,17.78,7.19,0,-14.1,86.1,998.2,-3.42,17.16,2.65,28.18
125020,70.0,34.4,9.95,1.49,4.3,208.5,993.9,8.8,15.88,0.97,28.31
125040,61.71,43.08,14.55,0,62.9,60.9,885.1,20.54,13.23,3.45,28.46
125060,35.72,57.0,33.05,0,63.1,135.5,842.1,28.28,4.77,5.14,29.07
125080,18.71,58.15,42.47,0,3.7,33.6,814.1,30.19,12.52,7.38,29.58
125100,11.15,53.56,54.69,2.7,28.4,33.3,790.0,36.4,9.34,2.47,29.69
125120,0.46,45.4,71.71,3.43,153.0,-0.2,835.3,40.84,8.76,3.81,30.04
125140,0,38.62,82.84,3.93,146.9,7.8,716.7,37.37,-2.44,1.57,30.01
125160,1.52,28.09,84.63,12.14,91.2,-82.8,805.0,39.5,-6.11,-1.81,30.19
125180,0.63,12.21,81.74,16.18,93.9,-128.0,780.1,30.9,-1.9,-1.4,30.67
125200,1.43,10.26,78.63,27.71,51.6,-21.1,842.3,34.61,-5.53,-4.44,30.65
125220,0,2.88,66.99,39.51,96.3,-141.8,887.7,22.64,-17.99,-7.06,30.83
125240,0,0,49.47,55.26,28.6,-45.3,932.8,18.69,-22.59,-3.06,30.85
125260,0.27,0,32.69,62.68,34.3,-114.2,968.1,13.8,-14.31,-1.4,30.94
125280,0,2.63,23.91,62.97,-55.7,-191.6,1008.0,-6.56,-14.84,-2.64,30.8
125300,0,0,16.06,63.42,-177.6,-113.6,918.1,-10.9,-18.93,3.75,31.01
125320,0,0,11.38,52.16,-81.1,-122.4,1008.1,-16.31,-11.8,-1.25,30.98
125340,0,4.16,5.02,38.81,-88.6,-60.1,1067.0,-21.9,-13.49,7.78,30.72
125360,2.33,1.01,2.99,27.77,-1.3,-150.6,1052.6,-34.45,-10.75,3.5,30.51
125380,0,0,0,18.44,-154.8,-9.4,1044.5,-42.71,-4.68,4.33,30.65
125400,6.81,0.37,1.81,2.41,-69.9,34.7,1056.8,-39.62,-2.35,2.1,30.43
125420,3.66,0,1.82,8.44,-70.9,83.7,1050.3,-43.35,7.25,1.76,30.09
125440,2.68,0,0,1.51,-8.6,-32.6,1032.9,-33.99,6.83,-1.99,29.98
125460,0,0,1.59,0,-177.8,147.3,991.1,-43.18,16.18,-7.95,29.76
125480,0,2.36,3.18,0,-83.9,107.2,924.1,-30.37,6.17,-4.55,29.17
125500,1.85,1.28,2.72,0,-61.3,102.3,936.2,-22.08,11.76,-6.39,29.09
125520,0,0,2.36,1.56,23.8,32.2,941.4,-14.66,26.03,-2.04,28.31
125540,4.54,4.29,0,4.78,-78.6,79.3,1020.5,-2.65,18.86,-4.2,28.32
125560,82.78,25.53,7.15,4.24,-36.5,143.5,1011.7,0.74,16.07,1.36,27.98
125580,69.31,35.82,9.22,0,-57.1,129.3,890.6,8.0,7.23,6.34,28.33
125600,47.23,47.45,14.81,0,-9.1,124.2,917.7,19.69,15.03,5.43,28.96
125620,32.31,57.23,32.7,5.35,112.0,143.3,844.3,32.02,10.12,6.54,28.97
125640,13.99,53.74,42.09,4.35,4.2,38.7,852.8,30.72,10.02,7.03,29.77
125660,7.49,53.96,63.3,2.99,105.8,47.0,793.9,33.78,13.91,10.05,29.54
125680,0.33,39.68,72.15,3.44,131.6,-80.2,839.9,38.12,11.35,0.52,30.13
125700,0,27.34,78.13,2.3,141.1,-29.7,736.6,43.97,3.4,0.59,30.25
125720,5.94,22.34,88.21,4.65,53.5,-28.7,833.0,38.07,-2.13,-5.9,30.17
125740,0,21.05,81.91,14.4,-29.2,-116.9,888.2,37.33,-2.72,-2.13,30.3
125760,3.05,9.12,77.4,34.09,43.8,-90.2,868.3,27.79,-18.57,-5.68,30.83
125780,1.16,0.23,63.51,44.68,52.0,-64.2,882.0,21.85,-16.26,-4.07,31.17
125800,0,0,46.14,58.47,-12.6,-112.6,973.9,13.16,-14.63,-4.03,31.25
125820,4.66,1.29,31.74,60.83,-17.2,-198.5,919.1,3.81,-15.18,-2.85,30.66
125840,2.45,0,24.47,56.92,-37.4,-122.3,1050.5,-6.87,-17.21,-0.8,31.34
125860,4.52,0,9.02,59.96,-65.9,-104.8,947.9,-14.56,-20.15,6.81,30.86
125880,0,0,8.34,46.33,-85.8,-101.2,1011.4,-17.2,-16.0,4.46,30.81
125900,4.26,0,0,36.96,-70.8,-118.0,1000.8,-25.23,-11.7,7.74,30.64
125920,0,1.44,0,23.02,-101.6,-107.2,996.4,-32.43,-12.66,-1.11,30.86
125940,0,0,8.43,14.48,-48.5,-83.7,1040.5,-39.35,-8.29,3.26,30.2
125960,0,0,0,4.79,-92.8,93.6,960.7,-42.96,-3.1,-3.59,30.07
125980,0.13,1.52,0,4.34,-82.6,99.4,1018.7,-39.51,2.74,-1.31,30.0
126000,0,0,1.07,3.03,-27.4,119.4,994.6,-37.15,2.77,-2.33,29.48
126020,0,0.58,0.99,0.37,-107.2,-4.2,1001.6,-34.44,11.2,-6.63,29.64
126040,0,2.3,0,2.58,-97.6,206.8,975.0,-27.24,20.35,-2.38,29.19
126060,0,0,0,1.7,-8.5,77.9,990.6,-24.03,17.28,-3.82,28.76
126080,0,0,5.54,0,91.3,149.6,1014.5,-15.24,17.68,-2.37,28.75
126100,0.46,0,0,1.91,-23.9,109.9,1027.0,-5.24,24.84,-2.59,28.05
126120,71.99,25.29,3.45,0,59.4,156.7,975.4,4.83,5.74,1.3,28.24
126140,63.22,36.12,12.48,0,11.5,133.0,940.0,5.53,22.52,-0.26,28.34
126160,43.92,46.19,20.24,0,21.1,124.3,896.4,14.92,18.4,6.16,28.96
126180,26.12,55.09,35.24,0.51,-46.7,69.9,884.4,33.98,18.54,4.43,28.9
126200,13.07,56.33,47.85,4.17,86.2,166.4,792.4,32.66,13.73,4.08,29.39
126220,6.12,55.17,55.68,0.3,86.2,120.5,796.9,38.69,1.41,1.14,29.7
126240,0,39.26,75.3,6.48,105.3,-14.2,805.1,36.24,3.19,2.81,30.11
126260,0.18,31.26,83.58,3.51,37.9,-129.5,798.3,39.34,-11.14,-0.59,30.42
126280,0,17.92,83.95,11.45,199.3,-130.2,819.8,34.94,-6.14,-0.95,31.04
126300,5.6,13.06,79.56,22.74,113.5,23.0,838.2,32.35,-6.03,-2.28,30.47
126320,0,10.98,72.15,30.28,122.3,-59.2,907.1,32.84,-14.01,-4.71,30.72
126340,0,0.12,55.75,43.95,23.9,-172.2,933.3,24.95,-28.01,-5.38,31.04
126360,0.96,0.32,41.32,62.28,83.4,-151.9,880.1,19.69,-20.33,-3.86,31.15
126380,0,1.08,30.45,68.63,51.0,-172.0,948.7,1.03,-16.62,-1.83,30.56
126400,1.2,1.52,20.17,69.24,-42.7,-228.1,1014.4,-2.01,-20.25,2.14,30.99
126420,0,0,10.62,57.59,29.9,-181.7,1003.2,-11.6,-21.38,0.26,31.13
126440,0.01,4.25,5.85,47.32,-109.3,-105.6,1022.6,-28.47,-19.04,5.21,30.78
126460,0.88,0,4.11,32.92,9.2,26.9,965.2,-32.07,-13.4,7.69,30.67
126480,0,4.24,0.97,24.1,-110.8,-8.5,1005.6,-42.09,-16.53,5.37,30.86
126500,0,0.46,0,10.71,-199.6,-109.8,997.7,-37.61,-7.39,4.77,30.42
126520,0,3.88,2.17,5.93,-23.8,-93.2,1001.7,-36.85,-6.25,3.08,30.19
126540,0,2.14,0,4.05,-34.7,-8.8,989.1,-44.35,8.52,-3.13,30.09
126560,0.22,1.06,0,1.76,-42.0,49.6,1024.2,-41.93,0.06,-2.63,29.54
126580,0,2.3,0,1.38,4.7,153.1,995.8,-37.29,12.4,-5.18,29.49
126600,0,0,0,2.78,-50.0,112.2,1002.8,-27.42,20.83,-3.73,28.92
126620,1.41,0,0,0,-98.2,195.2,1015.1,-21.76,17.29,-4.27,28.93
126640,0,4.99,2.56,1.26,-22.5,161.1,966.4,-13.38,18.54,-2.25,28.46
126660,5.22,0.85,0.5,5.16,-58.1,119.2,993.4,-6.01,21.55,2.15,28.19
126680,70.01,26.03,5.41,0.18,2.8,116.9,1004.5,11.47,16.83,0.96,27.88
126700,57.41,40.7,15.74,0,80.9,196.6,880.6,8.65,24.23,1.55,28.59
126720,43.04,53.49,22.51,0.07,16.1,97.8,834.2,20.41,23.76,5.19,28.74
126740,25.92,54.09,38.88,0,73.3,80.5,880.8,32.89,20.4,6.73,29.52
126760,12.09,56.71,51.3,0,110.7,139.5,861.8,31.62,16.96,7.12,29.16
126780,5.27,50.44,64.01,0,129.9,44.2,784.0,37.59,3.75,0.81,29.95
126800,5.13,44.08,82.15,1.61,48.0,-3.9,783.5,42.48,0.5,0.02,29.9
126820,0,26.17,85.61,11.43,219.0,-20.2,816.2,36.39,2.4,0.67,30.25
126840,0,17.0,81.85,8.53,87.1,-92.3,826.4,35.28,-12.02,-1.83,30.2
126860,1.78,12.0,81.12,27.06,-20.9,-124.2,865.6,37.87,-14.96,-6.13,30.6
126880,0,3.37,68.7,33.2,97.3,-142.5,866.5,29.51,-12.05,-7.35,30.89
126900,0,0.79,54.45,54.2,72.5,-111.7,893.3,16.85,-21.3,-3.54,31.12
126920,3.94,0,35.01,56.41,55.1,-77.4,961.4,8.02,-18.7,-1.92,30.99
126940,0.65,2.14,25.81,60.74,1.0,-200.2,992.7,5.86,-15.32,1.52,31.46
126960,0,1.68,18.99,70.0,-39.3,-70.9,1000.8,-10.51,-11.13,1.57,31.23
126980,2.66,0,5.1,52.49,-36.3,-99.4,1020.2,-15.47,-12.92,7.15,31.1
127000,0,0,8.47,38.25,-80.6,-217.7,987.3,-24.7,-16.89,4.38,31.13
127020,0,0,2.83,34.14,-8.8,-10.3,1016.0,-29.34,-9.37,8.19,30.86
127040,0,3.79,3.13,16.84,-105.8,-103.9,1014.6,-40.35,-15.13,7.91,30.59
127060,3.2,2.62,0,6.88,-78.8,18.6,1021.1,-36.62,1.77,1.38,30.63
127080,0.02,5.06,6.03,4.1,-25.8,-27.0,976.5,-36.06,9.28,-0.55,30.34
127100,0,0.96,0.83,2.81,-136.4,48.3,1017.0,-41.52,8.72,-4.9,29.93
127120,2.17,2.25,0,2.39,-126.3,88.2,987.7,-37.71,5.65,-2.1,29.53
127140,0,1.73,2.13,0,-69.9,56.5,1024.9,-24.94,12.65,-8.07,29.05
127160,2.02,0,3.4,2.79,65.7,163.0,995.1,-29.48,15.68,-4.99,29.05
127180,0,0,4.83,0.39,-117.0,58.8,986.7,-19.74,24.25,-5.79,29.08
127200,0.86,0,0,0,-8.4,123.0,967.0,-4.52,26.08,0.6,28.23
127220,1.37,3.44,3.77,0,-89.0,123.3,1009.8,-2.03,15.19,-0.03,27.65
127240,74.36,31.87,13.34,4.31,-22.6,162.5,976.7,7.25,15.68,5.47,28.1
127260,51.88,47.56,14.27,0,87.8,91.1,899.7,22.44,20.99,1.92,28.64
127280,39.47,52.71,29.26,0,17.6,19.4,855.9,26.29,3.69,3.36,29.06
127300,21.23,57.56,31.63,1.72,65.1,85.7,842.3,25.53,6.13,6.33,29.54
127320,6.4,57.18,51.2,2.91,6.0,164.9,766.3,32.02,10.34,4.3,29.5
127340,4.17,47.82,66.61,1.03,127.4,93.9,796.1,38.71,7.66,3.14,29.76
127360,0,34.86,83.31,4.87,186.5,-58.8,803.4,36.67,-1.14,-0.91,30.4
127380,3.46,28.49,82.0,10.9,98.4,-16.3,780.5,42.25,-3.32,2.16,30.18
127400,0,16.7,81.5,16.59,54.0,-104.0,841.8,35.36,-6.45,-1.9,30.55
127420,2.66,13.63,73.32,21.11,113.2,-188.4,805.9,31.37,-3.17,-3.65,30.63
127440,0,9.28,66.15,37.71,33.6,-128.6,892.9,25.82,-11.96,-3.08,30.63
127460,4.34,4.34,50.17,54.06,104.0,-60.4,918.7,21.36,-14.44,-2.07,30.57
127480,0,3.41,33.34,56.85,-5.3,-160.2,945.8,10.9,-15.49,-1.78,31.11
127500,8.26,2.81,21.66,66.49,66.3,-138.1,957.5,0.08,-20.51,-3.91,30.65
127520,4.94,0,15.64,59.17,-107.3,-170.0,950.6,-12.98,-19.37,-0.54,31.13
127540,0,1.77,7.65,52.61,-34.3,-99.7,985.3,-15.88,-16.04,3.35,30.89
127560,0.78,0,6.13,36.48,-69.5,20.7,1023.8,-26.91,-15.62,5.14,30.78
127580,0,0,1.95,22.61,-100.6,2.9,1041.6,-32.62,-8.41,2.98,30.84
127600,0.47,0,0,14.62,-120.8,-39.5,984.5,-37.64,-17.37,6.23,30.62
127620,0,0,0,14.22,-113.8,-15.8,965.4,-40.01,-9.89,0.64,30.41
127640,0,0,3.76,3.69,-95.8,64.8,1010.9,-39.7,4.33,1.9,30.11
127660,0,0,0,4.75,-121.1,-20.3,944.0,-41.56,-2.59,-4.3,29.79
127680,5.19,1.13,0,3.23,-12.3,35.5,969.9,-37.81,5.89,-7.26,29.55
127700,1.92,3.53,0,0,-5.0,174.6,991.7,-24.86,9.36,-7.41,29.13
127720,0,7.31,0,2.05,-118.9,99.7,979.7,-25.41,10.57,-5.67,29.14
127740,0,3.39,2.98,0.8,-49.0,140.2,984.7,-20.33,22.81,-6.05,28.6
127760,0,3.33,0,0,-11.6,174.7,1059.9,-7.83,21.25,-0.54,28.25
127780,79.3,21.39,11.27,1.57,58.4,160.9,995.9,-6.4,18.32,2.22,28.36
127800,65.15,40.14,12.96,0,10.0,224.4,917.1,10.39,29.47,2.87,28.6
127820,47.31,47.2,16.43,3.55,108.3,126.5,899.6,17.74,20.22,4.54,29.22
127840,33.95,53.72,27.93,0,114.0,132.4,859.1,23.61,17.72,2.73,29.15
127860,14.98,57.91,42.3,0,92.8,116.2,810.4,34.64,18.31,4.86,29.34
127880,9.94,54.9,55.04,0.21,134.9,16.1,875.1,35.76,5.4,2.14,29.89
127900,0,41.08,74.28,2.31,50.5,-51.0,813.5,46.47,2.84,2.95,29.83
127920,3.91,33.46,79.12,0.5,81.7,28.1,803.8,39.16,-0.67,-1.95,30.14
127940,0,17.45,89.4,11.91,45.2,-61.9,800.5,37.72,10.88,-1.03,30.17
127960,0,10.95,82.83,17.28,141.9,-25.6,866.7,27.99,-9.04,-4.37,30.28
127980,1.09,5.69,75.34,26.53,119.2,-91.9,886.2,35.4,-14.72,-7.16,30.63
128000,2.51,2.0,62.71,44.14,61.0,-163.5,873.2,19.46,-23.38,-2.51,30.67
128020,0,3.05,47.67,54.9,28.4,-202.4,911.4,16.39,-19.98,-4.73,30.92
128039,2.48,0,36.43,62.97,31.8,-105.5,980.9,4.24,-30.28,-0.59,31.22
128060,2.23,0,20.45,65.18,-86.8,-138.1,997.3,0.8,-13.57,0.37,30.75
128080,3.29,0.17,13.58,60.15,-45.8,-102.5,999.8,-12.44,-15.73,3.51,30.92
128100,0,0,4.94,47.26,-74.6,-125.4,943.4,-19.59,-22.84,6.11,31.08
128120,0,1.83,9.47,32.21,-82.5,-116.6,1016.2,-26.86,-17.21,4.25,30.82
128139,0,1.61,0,23.66,-61.2,29.4,994.8,-34.47,-7.69,3.14,30.46
128160,1.86,0.9,0,15.04,-10.6,-18.2,990.4,-34.76,-9.22,3.05,30.5
128180,2.76,4.98,0.71,11.34,-87.5,11.3,1032.1,-40.46,-8.07,3.1,30.51
128199,6.39,0,0,7.24,-99.9,9.9,1009.9,-37.91,-5.66,0.7,30.27
128220,0,2.25,0,6.9,-91.3,98.6,1037.9,-32.68,6.72,-0.31,29.88
128240,0,0,0,1.95,-85.5,29.9,976.8,-31.58,9.0,-3.38,29.77
128259,0,0,0,0.02,-64.9,53.8,1016.8,-30.59,6.3,-4.2,29.11
128280,0,0,0,0,-94.1,119.2,969.0,-19.7,12.97,-5.6,28.87
128300,5.9,1.02,0,0,-49.0,127.0,989.4,-13.17,29.22,-3.3,28.25
128320,0,1.54,0,1.98,32.7,161.3,986.5,-3.3,11.45,0.09,28.26
128340,77.42,20.76,9.33,0,63.6,156.9,974.1,6.82,18.89,0.93,27.94
128360,65.2,38.96,12.28,0,-39.2,116.8,937.5,12.18,25.58,0.31,28.43
128380,51.09,47.92,24.26,0,-30.9,50.6,877.5,25.2,13.15,6.02,28.88
128400,28.83,52.39,33.3,0,-73.1,59.7,892.6,26.78,19.14,4.56,29.14
128419,12.77,56.6,47.35,0,135.7,117.7,849.1,32.86,6.0,6.82,29.52
128440,0.45,49.07,63.65,1.09,151.9,152.8,798.3,34.11,2.12,1.08,29.72
128460,2.79,40.27,78.78,0,169.2,55.7,765.9,42.54,1.88,0.59,30.12
128479,0,29.29,83.71,7.48,130.8,66.4,798.6,37.19,-7.12,-1.08,30.18
128500,0.76,20.68,85.5,8.27,164.7,-16.5,848.1,37.58,-8.17,-4.38,30.38
128520,4.51,12.31,73.07,23.16,103.5,-87.8,864.7,34.19,-15.15,-6.96,30.55
128539,2.01,3.36,77.92,35.41,152.3,-183.3,819.3,25.65,-20.78,-5.12,30.62
128560,0,0.88,54.73,44.31,164.4,-116.6,872.4,22.05,-10.27,-4.17,30.62
128580,0,0,42.09,54.96,8.3,-145.0,961.5,11.74,-21.31,-3.02,31.06
128600,0.2,2.88,26.82,70.33,-26.7,-151.6,1008.9,2.61,-17.58,-1.81,30.74
128620,2.25,0.85,18.38,65.7,-26.4,-148.0,1017.3,-7.62,-23.1,0.93,31.11
128639,0,4.43,16.79,55.37,-64.0,-114.6,999.2,-12.2,-14.94,4.57,30.81
128660,4.38,0.29,6.65,45.73,-29.2,-118.6,1049.3,-21.25,-18.84,5.26,30.75
128680,0.33,0.85,2.81,40.88,-4.4,-130.3,1025.7,-26.02,-11.24,4.06,30.91
128699,5.03,0,0.19,19.72,-31.1,-159.2,946.9,-33.79,-12.1,4.63,30.71
128720,0,0,0,12.68,-1.2,-26.1,1037.8,-39.85,-5.36,3.05,30.8
128740,0,4.07,2.88,7.6,-176.2,37.7,1018.4,-42.19,-4.81,0.46,30.03
128759,0,0.44,0,7.39,-94.0,7.9,991.5,-40.19,2.12,-2.44,30.11
128780,6.34,1.3,0,1.7,-124.7,14.7,1047.4,-38.03,8.7,-4.66,29.46
128800,0.64,0,2.35,0,-149.4,60.9,1001.7,-30.9,11.55,-6.85,29.74
128820,2.2,5.07,1.19,0,-16.3,42.7,977.1,-31.55,18.47,-9.15,29.27
128840,0,1.65,0,0.23,-22.3,23.5,989.9,-21.51,23.42,-5.75,28.6
128860,0,4.71,3.52,0,12.8,56.3,1034.5,-14.43,20.7,-1.74,28.25
128880,0,0,0,1.79,-23.0,139.1,1016.6,-5.99,21.65,0.41,28.25
128900,73.06,25.75,3.63,2.4,21.5,120.5,985.9,7.68,24.29,0.75,28.09
128919,62.25,40.42,16.51,0,35.0,201.6,935.0,11.08,16.06,4.34,28.42
128940,47.83,46.15,25.06,4.65,41.3,104.7,885.5,24.6,11.98,4.64,28.67
128960,19.03,60.65,41.63,1.54,107.3,111.0,849.3,24.26,15.55,5.21,29.1
128979,12.07,51.48,53.33,1.18,95.4,16.8,836.1,33.06,14.12,3.73,29.6
129000,6.81,52.0,58.38,0,109.2,60.0,787.8,32.92,1.78,5.15,29.74
129020,5.35,39.01,76.23,5.86,18.5,38.3,761.7,39.37,-0.93,-1.65,29.99
129039,2.49,30.67,83.65,6.87,102.2,2.4,820.4,39.95,-2.11,-2.65,30.38
129060,3.37,20.55,91.64,11.61,115.9,-65.5,840.8,31.01,-12.25,-4.04,30.25
129080,1.62,10.15,82.63,26.69,25.0,-75.6,850.5,30.89,-11.59,-2.16,30.49
129100,0,12.25,67.31,37.09,41.6,-62.8,873.4,28.66,-16.39,-4.55,30.96
129120,0,0,54.94,43.13,44.9,-64.7,878.8,25.67,-10.83,-3.13,31.15
129139,0,0,40.92,62.11,27.4,-76.6,927.3,17.22,-13.14,0.87,30.9
129160,2.38,0,25.65,67.67,9.1,-54.5,956.6,-1.72,-28.21,-4.58,30.94
129180,3.36,3.93,14.69,63.92,-84.5,-89.3,1047.3,-7.08,-27.06,7.33,31.11
129199,0,0,13.18,55.94,-28.0,-111.4,1025.7,-15.03,-20.26,2.86,31.15
129220,0,1.26,8.53,43.27,-110.3,-204.6,1001.2,-25.61,-10.89,2.33,30.75
129240,0,0,4.78,30.78,-56.4,-109.4,1071.2,-24.71,-16.3,4.4,30.9
129259,0,3.24,3.63,16.2,-118.8,-144.8,997.6,-32.69,-6.04,3.64,30.49
129280,1.13,0,1.74,12.14,-95.1,-100.8,1014.3,-36.26,-6.38,3.37,30.5
129300,2.9,8.83,0,5.97,-32.3,-10.1,984.1,-43.63,3.24,2.24,29.92
129320,5.05,0.35,0.86,2.37,-64.2,50.3,961.4,-37.06,-0.51,-1.15,29.91
129340,0,0,2.74,5.13,-171.2,59.0,1019.7,-33.12,3.23,-4.34,29.93
129360,1.6,0.61,1.31,0.28,-7.0,72.5,1030.5,-29.17,11.1,-4.77,28.99
129380,3.84,0,2.62,3.6,-99.0,103.9,1018.6,-34.23,20.48,-4.95,29.17
129400,2.45,0,1.62,0,-48.7,97.0,984.3,-18.55,15.7,-2.57,28.17
129419,0,1.44,0,0.36,40.6,175.3,998.8,-9.66,26.37,-2.02,28.1
129440,5.63,6.1,0,0.82,-54.6,261.0,954.8,-1.58,17.52,2.42,28.49
129460,73.25,30.94,10.18,0,20.9,164.0,978.9,6.37,21.13,-0.63,28.08
129479,60.84,42.21,16.27,2.12,94.3,153.0,882.1,17.92,16.83,4.27,28.43
129500,36.88,53.73,21.55,3.23,-8.6,93.8,911.6,23.45,17.6,7.62,28.93
129520,15.94,58.74,31.94,0,84.4,104.1,935.5,26.57,15.13,7.73,29.2
129539,8.42,59.53,49.46,2.4,193.6,92.1,798.6,36.38,14.35,7.88,29.73
129560,0.94,49.96,67.44,0,107.6,95.3,835.9,42.06,17.08,4.66,29.66
129580,5.93,35.56,80.72,5.4,67.7,9.0,787.4,38.64,-0.58,1.8,30.35
129600,2.63,29.19,80.69,2.72,176.9,16.6,813.8,32.65,3.77,-2.22,30.74
129620,2.85,18.32,91.49,11.04,198.7,-51.4,847.4,31.31,-2.05,-6.23,30.51
129639,0,12.43,82.22,24.54,119.9,-55.4,895.1,34.41,-13.51,-6.11,30.22
129660,3.47,8.91,64.71,38.61,104.6,-116.3,938.4,28.15,-18.82,-7.02,30.98
129680,0,0,50.51,52.68,64.4,-105.8,933.4,19.94,-25.1,-1.92,31.15
129699,3.82,1.82,38.35,61.36,78.3,-133.4,982.2,12.89,-28.12,-0.56,31.1
129720,0.35,0,24.0,62.92,-24.0,-159.5,988.1,2.17,-24.24,1.47,31.03
129740,3.22,0,22.7,63.79,38.1,-186.7,1041.5,-6.31,-14.95,3.28,30.77
129759,0,0.44,12.42,49.1,-164.8,-82.8,1038.1,-15.89,-5.53,1.56,30.56
129780,2.05,0,4.53,42.5,-45.4,-157.1,1033.5,-23.17,-14.27,5.16,30.74
129800,3.01,0,0.23,29.33,-88.6,-48.0,967.9,-29.91,-19.56,1.19,30.82
129820,0,5.58,2.84,17.89,-145.7,-121.2,1019.9,-36.51,-21.47,2.42,30.58
129840,0,0,2.28,14.61,-123.5,4.0,950.8,-41.32,-0.51,4.85,30.46
129860,0,6.02,0,6.46,-128.2,-42.0,950.6,-41.67,-1.97,1.55,29.8
129880,0,3.26,0,0,-80.1,72.5,1004.3,-35.71,12.2,-2.22,29.72
129900,2.76,0,3.3,0,-21.9,148.5,939.4,-36.3,13.53,-0.3,29.8
129919,2.81,3.1,0,0,-114.5,-9.3,1024.0,-34.27,11.77,-6.31,29.62
129940,0,0,1.22,0,-84.7,183.1,1025.5,-21.37,4.37,-5.36,28.81
129960,1.03,4.41,3.0,0.58,-85.1,149.0,1036.1,-8.84,14.63,-1.59,28.98
129979,2.34,0.89,0.18,5.88,26.9,113.2,996.8,-10.56,20.63,-2.2,28.57
130000,77.92,21.85,2.91,0,-150.2,156.4,969.1,-0.16,19.12,-2.48,28.06
130020,69.83,32.07,12.2,0,-2.0,116.5,966.5,14.01,29.47,5.9,28.4
130039,58.96,46.06,12.88,4.54,21.7,117.4,898.0,19.89,13.19,5.79,28.78
130060,34.69,56.76,25.59,0.29,73.9,117.8,955.4,26.11,12.61,4.74,28.95
130080,15.72,56.13,42.14,1.77,47.6,89.6,822.5,34.22,17.25,7.39,29.46
130100,3.4,52.63,53.2,1.64,111.3,-55.3,776.4,37.87,9.28,-1.49,29.54
130120,2.89,49.58,72.31,6.56,144.6,-50.7,758.2,35.43,-3.45,3.43,30.11
130139,0.38,32.27,83.16,1.03,123.3,9.4,778.3,42.55,-4.24,-2.72,30.32
130160,5.77,23.96,87.36,10.72,129.9,-35.3,834.0,36.14,-5.44,-3.09,30.4
130180,0,10.24,87.79,14.57,82.0,-99.4,804.6,30.06,-7.22,-5.85,30.95
130199,0,5.93,76.7,28.22,102.5,-56.6,855.5,31.41,-5.64,-4.75,30.86
130220,2.59,1.28,62.75,41.33,129.7,-119.5,855.9,28.46,-5.84,-4.96,31.0
130240,1.09,0,51.66,56.39,48.9,-189.5,906.9,21.88,-18.3,-2.09,31.28
130259,0,2.71,37.15,59.85,45.9,-173.8,953.3,9.86,-15.11,-2.05,31.32
130280,0,2.49,24.45,70.66,21.5,-163.7,1023.8,-0.78,-15.98,1.22,31.16
130300,0,0,11.64,60.32,-34.8,-105.0,991.4,-6.84,-14.91,3.72,31.27
130320,0,2.18,11.63,54.41,-52.2,-155.0,1032.9,-24.09,-21.1,4.43,31.14
130340,3.6,0.49,5.85,35.36,-10.6,-43.1,980.5,-28.63,-8.56,6.11,30.7
130360,0,0,0,20.88,-59.0,-86.4,998.3,-34.3,-14.86,6.58,30.9
130380,1.64,0,2.7,11.09,3.1,-97.7,988.5,-33.19,-17.47,2.86,30.98
130400,4.24,0,0,7.46,-81.5,-63.3,935.1,-43.86,-10.77,-0.87,30.06
130419,3.5,0,2.89,5.71,-151.8,-35.1,1025.0,-40.45,-8.26,-1.82,30.38
130440,0,0,1.68,0,-136.1,94.6,1018.6,-40.12,17.34,-1.05,29.8
130460,0,0.02,1.9,1.75,-59.6,67.9,971.0,-35.95,11.98,-3.62,29.39
130479,3.99,0,0.6,1.51,17.0,98.9,1012.2,-27.45,14.79,-2.9,29.29
130500,0,0,0.53,0,-72.8,101.0,1036.2,-24.94,24.74,-7.36,28.61
130520,1.71,0.54,0,0,-117.1,127.3,1010.1,-18.41,15.49,-5.49,28.75
130539,2.26,1.82,0,0,-81.0,118.3,964.6,-4.05,18.9,0.32,28.25
130560,75.9,23.28,4.5,0,-5.2,74.7,992.9,-0.75,18.8,1.19,28.26
130580,68.47,41.73,11.92,3.22,-11.8,70.4,932.2,6.26,16.64,2.04,28.44
130600,49.57,47.77,15.65,0,161.9,108.1,908.3,17.51,20.35,1.57,28.78
130620,26.88,52.87,32.49,0,45.9,109.6,841.8,23.06,14.18,7.77,29.05
130639,20.28,56.91,45.81,0.11,88.9,30.9,815.3,28.34,2.1,5.68,29.37
130660,4.79,54.53,57.53,2.19,4.2,40.9,799.3,37.83,11.48,2.87,29.52
130680,0,45.99,73.34,3.66,160.3,26.4,822.5,40.89,1.57,1.49,30.2
130699,1.36,31.22,82.35,9.87,139.1,12.5,879.1,41.25,-10.08,-3.55,30.09
130720,0,21.75,87.95,9.26,95.7,-84.7,807.2,34.65,-8.74,-3.34,30.39
130740,0,15.96,79.17,15.61,23.0,-149.0,750.4,35.27,-11.92,-6.35,30.7
130759,1.45,3.86,75.36,30.23,36.1,-128.8,844.5,30.52,-14.89,-10.37,30.84
130780,0,5.06,59.36,46.09,85.8,-172.8,864.9,20.12,-12.77,-4.64,30.85
130800,0,6.62,45.92,55.05,-29.7,-160.3,925.2,12.71,-18.79,-4.74,30.57
130820,3.06,0,32.93,63.46,77.8,-226.9,977.5,8.19,-20.67,0.2,30.75
130840,0,0,19.7,65.19,47.2,-175.0,1017.1,-3.8,-19.42,1.47,31.07
130860,0,0,15.2,55.88,-43.0,-61.9,1044.5,-9.88,-17.02,3.47,31.22
130880,0,0.91,2.46,48.79,-68.8,-151.1,1011.2,-21.3,-14.71,3.49,30.95
130900,0,0,4.14,26.78,-116.5,-136.1,1007.2,-28.19,-10.07,1.51,30.73
130919,0.13,0.17,6.3,19.74,-71.1,-58.2,972.0,-31.42,-7.73,4.15,30.92
130940,0,0,0.01,10.58,-63.4,-50.7,1013.2,-40.96,-12.6,0.94,30.23
130960,5.62,0,3.67,8.63,-150.2,-145.8,1033.1,-40.73,-13.92,-1.14,30.25
130979,1.03,0.65,6.35,4.03,-137.8,-51.7,1009.2,-38.05,-0.96,-1.08,29.98
131000,0,0,1.03,10.6,-1.2,147.8,982.8,-37.77,0.3,-1.09,30.18
131020,3.45,6.36,0,3.07,-169.1,123.3,988.3,-30.99,9.76,-5.48,29.52
131039,0,0,0,0.1,-22.0,82.0,980.3,-35.9,11.68,-2.96,29.15
131060,0,3.75,0,0,84.3,175.6,1057.1,-19.24,12.38,-7.39,28.73
131080,0.72,3.16,0,0,86.9,209.0,991.5,-15.14,14.92,-3.67,28.98
131100,0,2.31,0,3.02,-17.9,217.9,1026.4,-5.16,18.81,-1.91,28.0
131120,77.29,26.41,5.96,4.04,-51.8,169.1,948.0,4.71,26.83,-1.31,28.1
131140,61.04,34.99,17.6,0.39,46.7,156.4,922.4,14.71,17.19,1.23,28.48
131160,41.86,45.9,18.52,0,26.3,157.6,873.1,20.54,17.8,5.48,28.93
131180,31.21,50.64,33.23,0,93.5,147.8,874.4,30.07,6.11,8.79,29.17
131200,14.95,53.38,45.97,0,117.7,77.2,775.9,35.51,10.05,1.47,29.33
131220,6.78,54.12,63.91,0,91.7,42.3,826.7,38.22,4.9,1.53,29.89
131240,2.03,35.95,76.45,0,160.2,-45.7,841.2,36.02,-1.39,0.72,30.17
131260,3.84,34.58,77.92,2.32,158.3,-8.1,738.0,41.03,-5.75,-2.56,30.6
131280,0.06,17.24,85.32,12.39,136.1,-12.8,796.4,37.36,-4.5,-1.27,30.43
131300,0.47,14.66,77.6,28.93,46.3,-26.0,834.3,32.67,-5.43,-5.81,30.29
131320,0,4.03,67.59,31.8,140.8,-5.4,885.7,30.28,-8.02,-4.48,30.77
131340,0,4.82,59.57,48.56,2.2,-88.2,939.1,22.37,-15.18,-1.18,30.71
131360,0,4.35,41.23,54.15,0.1,-141.7,977.8,12.55,-15.09,-3.86,30.87
131380,0,4.53,29.49,65.83,31.8,-222.0,1001.5,-1.2,-12.9,0.58,31.05
131400,0.6,0,21.18,66.8,62.3,-151.2,986.2,-8.45,-25.92,1.99,31.28
131420,0.46,0,7.05,57.67,-38.3,-96.1,1005.7,-10.69,-14.81,4.24,30.96
131440,1.68,0.82,2.93,37.31,28.4,-93.8,1065.0,-22.33,-12.22,4.49,30.76
131460,2.52,0,1.69,34.38,-41.4,-120.4,966.1,-26.98,-10.82,3.32,30.67
131480,2.41,0,0,16.46,-106.5,-177.4,995.6,-37.61,-14.66,4.92,30.72
131500,3.74,0,0.85,12.93,24.6,-23.1,999.6,-40.63,-6.09,-1.74,30.53
131520,0,2.91,3.35,1.37,-71.6,42.4,1021.9,-48.11,0.66,0.97,30.21
131540,0,1.74,0,0.68,-143.5,-6.4,1016.9,-35.47,1.29,-0.68,30.15
131560,0,0,7.89,3.86,-94.5,41.9,1018.4,-41.6,7.72,-2.02,29.52
131580,0,1.13,1.29,4.42,-58.5,93.3,1012.7,-30.62,17.77,-5.99,29.56
131600,0.39,0,3.53,0.98,-99.7,185.7,981.9,-24.97,12.25,-5.7,28.96
131620,5.29,1.18,0.48,1.57,-32.9,126.0,1071.6,-14.65,12.47,-2.17,28.82
131640,0,0,0,3.95,-13.1,122.6,992.5,-10.15,21.35,-7.12,28.46
131660,1.35,0,0,3.51,45.3,87.5,988.8,-6.05,23.36,-0.63,28.2
131680,71.35,28.65,10.44,0,-43.9,61.5,968.3,10.91,16.27,1.03,28.4
131700,58.29,41.56,16.99,0,50.7,76.8,931.2,14.2,20.14,3.61,28.45
131720,39.92,53.17,27.36,0,15.5,192.6,878.4,23.17,16.45,3.58,28.45
131740,22.24,58.84,34.71,1.87,78.2,134.2,843.6,32.69,13.4,3.79,29.53
131760,10.66,54.78,49.81,0,117.7,105.6,768.5,34.8,8.0,1.74,29.5
131780,6.81,52.62,59.89,1.02,70.0,25.3,879.6,33.65,3.53,7.33,30.19
131800,0.29,42.88,78.33,0,105.1,17.0,785.3,45.35,-9.85,-0.98,30.17
131820,1.66,26.14,85.05,0,162.3,-93.5,836.8,39.58,-0.89,-2.79,30.12
131840,0,13.45,85.05,14.73,172.7,47.4,816.7,36.46,-12.19,-3.97,30.18
131860,2.46,11.83,79.16,20.59,-26.2,-96.0,792.6,32.21,-15.07,0.12,30.58
131880,0,9.49,70.35,29.35,50.3,-95.2,834.3,28.81,-23.17,-5.38,30.77
131900,3.06,0,51.82,56.05,88.8,-205.1,899.1,20.15,-22.39,-4.17,31.0
131920,0,2.66,36.0,64.62,3.0,-144.0,992.6,7.11,-25.74,-4.68,31.36
131940,0,0,30.04,65.36,-19.5,-161.0,1026.1,4.32,-22.32,0.15,31.12
131960,8.08,0,17.11,63.93,-90.1,-127.1,979.6,-6.63,-11.56,-0.5,31.02
131980,0,1.75,6.74,51.91,-136.6,-63.1,1009.5,-16.35,-15.44,2.72,30.65
132000,0,0,0,43.8,-17.3,-68.8,967.6,-25.39,-13.67,2.04,30.66
132020,0,7.76,3.9,29.11,-44.9,-46.2,1026.3,-30.46,-16.85,1.11,30.61
132040,3.67,0,0,21.6,-48.0,-91.5,950.6,-30.5,-0.33,3.42,30.66
132060,3.91,0.08,0,2.61,-28.1,9.1,975.4,-39.65,0.07,2.95,30.66
132080,0,6.05,0,3.06,-122.8,-61.3,1033.5,-39.55,-3.42,1.49,30.17
132100,0,0.73,3.49,0,-91.8,52.5,1036.3,-36.91,5.9,-0.05,29.71
132120,0,1.28,0,0.68,-118.7,11.5,1000.2,-35.2,3.64,-1.5,29.73
132140,3.57,0,6.16,1.73,-149.4,82.2,990.2,-31.38,11.19,-7.87,29.43
132160,0.57,0,1.09,0,-68.7,160.2,966.9,-22.7,12.69,-3.26,29.07
132180,0,2.81,1.98,0,-102.5,171.2,1013.7,-16.05,21.59,-8.94,28.59
132200,4.3,0,0,0,-27.2,165.2,1050.7,-6.45,24.23,0.82,28.26
132220,0,0,0,0,-97.1,141.3,1009.5,-5.62,22.53,6.09,27.63
132240,71.48,30.58,12.41,0,34.4,166.0,957.1,8.19,8.41,4.44,28.18
132260,54.61,40.75,8.38,0,-13.4,187.6,884.0,15.84,10.92,3.56,28.42
132280,33.45,53.0,28.84,0.91,0.2,57.7,866.6,25.95,14.95,3.41,29.02
132300,18.25,53.39,43.46,0,105.6,43.8,912.5,34.88,19.28,5.18,29.42
132320,16.72,57.3,53.38,0,42.3,108.0,852.1,39.09,11.68,3.82,29.87
132340,4.9,45.91,68.3,0.47,61.5,-38.5,791.5,31.0,3.97,2.87,29.81
132360,0.99,39.57,76.25,5.35,181.2,60.5,796.7,40.92,4.31,3.8,30.26
132380,0,30.15,85.44,9.65,64.8,46.3,801.2,39.09,-6.35,0.55,30.21
132400,4.93,16.56,81.41,10.82,7.3,-32.0,795.9,38.33,-8.13,-6.49,30.74
132420,0,7.78,75.8,21.29,90.8,-2.9,857.6,38.12,-12.34,-4.62,30.68
132440,0,7.88,67.22,39.8,85.0,-119.9,877.7,25.8,-21.42,-6.85,30.9
132460,2.32,0.65,56.12,46.98,36.7,-92.0,910.9,17.84,-18.41,-4.19,30.83
132480,0.75,2.68,36.93,62.7,70.1,-123.7,936.8,5.1,-21.47,-2.51,31.04
132500,1.46,0,31.44,65.5,-21.5,-232.7,1049.6,-1.98,-19.98,0.48,31.05
132520,0,5.06,6.11,60.41,19.6,-96.0,974.4,-6.49,-24.22,0.84,30.86
132540,1.18,1.54,7.37,54.12,-35.2,-122.0,980.2,-17.9,-17.5,5.9,30.95
132560,0,2.4,4.97,39.13,35.7,-132.1,940.6,-20.81,-15.47,5.17,30.94
132580,0,0,7.4,28.17,-76.3,-115.6,1019.9,-26.66,0.18,4.45,30.52
132600,0,0,0,14.43,-55.1,-79.4,1019.8,-34.04,-9.74,3.25,30.69
132620,1.29,0,2.32,6.65,-14.0,-29.0,1028.5,-45.08,-5.09,4.49,30.18
132640,0,1.2,2.17,10.11,-125.6,21.2,998.5,-39.37,-13.95,1.94,30.48
132660,0,0,2.68,0,-106.8,60.3,974.7,-31.73,2.32,0.58,29.73
132680,1.78,0,0.34,0,-142.7,106.3,1050.8,-35.62,7.37,-4.43,29.76
132700,5.29,4.13,0,1.46,-44.4,67.6,1025.8,-29.94,8.51,-6.67,29.14
132720,1.92,0,1.81,1.96,-24.9,162.2,972.6,-22.57,13.44,-6.68,29.2
132740,0,0,0.8,0,-53.2,111.3,943.4,-16.87,27.59,-3.52,28.53
132760,2.19,0,0,0,27.8,114.5,1057.9,-3.76,18.05,-1.95,28.44
132780,78.99,20.61,11.54,3.35,-30.2,207.3,980.4,-0.6,18.62,-1.6,27.61
132800,63.8,30.16,6.43,0,-14.3,84.7,970.2,14.64,27.69,0.08,28.31
132820,47.99,43.26,16.49,0,94.5,115.3,908.4,21.07,7.2,5.13,28.82
132840,35.1,50.9,32.01,2.24,28.6,125.7,869.5,27.82,20.76,4.8,29.25
132860,17.59,55.68,39.48,6.24,88.0,81.3,831.7,35.04,21.12,2.16,28.85
132880,13.9,51.37,56.93,4.19,146.0,44.5,874.2,41.25,12.25,4.0,29.52
132900,0,43.44,68.19,4.91,82.8,-11.8,798.1,39.33,3.81,2.4,29.85
132920,4.49,32.62,74.88,0,123.0,-45.6,781.0,40.79,0.31,-0.47,30.21
132940,0.09,24.22,86.12,13.8,132.5,-40.7,788.9,37.86,-7.9,-2.57,30.56
132960,0,14.71,80.87,18.02,83.9,-119.1,845.2,34.97,-7.56,-2.75,30.58
132980,0.62,11.85,71.43,28.4,82.4,-97.2,855.9,31.86,-12.78,-10.53,30.57
133000,5.63,0.54,63.98,45.19,28.4,-48.7,884.1,24.73,-11.17,-3.27,30.43
133020,0,0,48.38,52.08,65.2,-218.5,901.1,15.86,-29.1,-2.73,30.82
133040,0,2.71,34.02,66.39,-33.4,-284.9,1020.1,9.34,-23.34,-1.24,31.22
133060,0,0,26.0,63.92,-33.3,-132.6,945.4,-1.04,-27.77,-0.22,30.92
133080,1.48,4.54,9.31,60.8,16.9,-164.9,1011.0,-11.94,-13.55,1.21,31.15
133100,0,0,10.8,48.53,-39.7,-39.5,1031.6,-16.46,-22.29,4.1,31.15
133120,0,0.06,2.49,35.04,-21.3,-95.6,1022.8,-25.44,-9.72,4.66,30.47
133140,0,3.24,2.03,25.15,-165.8,-7.3,974.4,-33.33,-9.72,6.38,30.62
133160,1.07,1.01,0,13.81,-45.0,-44.7,1020.2,-38.23,-7.07,5.07,30.67
133180,1.15,0.58,5.0,3.73,-171.0,-83.8,1009.4,-39.91,-11.0,3.0,30.08
133200,1.46,0.49,7.05,4.63,-136.0,-71.4,986.4,-41.65,1.53,-0.42,29.9
133220,0,0,0,3.46,-50.7,91.1,988.3,-39.44,3.99,-0.21,30.14
133240,4.51,0,0,0,-156.9,129.5,977.6,-34.23,16.94,-2.07,29.72
133260,4.35,0.93,0,0,-28.4,66.0,978.9,-27.5,14.01,-6.81,28.57
133280,0,2.8,0,0,-1.7,124.9,1000.9,-22.59,15.91,-5.85,28.93
133300,3.15,0,5.48,2.06,-85.7,155.9,1024.4,-13.19,19.85,-7.02,28.4
133320,0,1.02,4.01,2.48,-20.9,26.9,993.6,-10.33,12.48,-4.83,28.18
133340,74.77,26.25,6.38,0,-8.9,181.3,1000.7,4.04,25.24,-0.45,27.95
133360,63.66,33.67,7.97,1.11,-0.9,119.4,943.3,13.35,18.03,2.23,28.45
133380,42.35,47.44,20.15,1.91,46.4,104.5,907.9,18.02,18.3,3.97,28.78
133400,35.28,54.94,36.19,0,83.2,138.3,854.3,25.74,15.37,2.76,28.86
133420,16.7,57.51,42.38,0,113.3,55.8,869.4,32.26,9.83,3.0,29.31
133440,8.75,55.25,58.4,2.39,-3.3,26.9,836.3,36.21,-1.66,4.09,29.52
133460,0,49.25,70.27,2.22,192.3,-28.1,823.3,41.29,-3.25,6.3,30.11
133480,0,33.03,79.37,5.73,145.7,78.8,810.1,37.6,-2.49,0.16,30.12
133500,0,21.62,84.97,7.26,45.5,-164.9,810.5,43.26,-4.19,-2.84,30.37
133520,0,13.79,81.17,16.77,135.6,-125.4,789.7,32.07,-11.01,-1.8,30.4
133540,0,7.58,75.14,36.65,26.9,-73.2,841.3,27.1,-19.37,-2.94,30.65
133560,0,4.11,60.5,45.57,59.4,-74.9,902.4,20.32,-11.52,-3.6,31.21
133580,0,0,46.33,59.74,119.6,-197.5,959.7,9.5,-21.99,-9.2,30.93
133600,0,0,31.39,63.19,55.4,-150.1,985.6,2.24,-10.36,-1.0,31.17
133620,0,4.91,20.77,64.79,-45.7,-111.5,1005.4,-1.59,-15.21,-2.99,31.29
133640,0.84,0,9.3,54.7,-80.8,-96.2,991.2,-14.38,-21.87,1.39,30.84
133660,0,3.25,5.41,52.02,-189.0,-156.8,988.9,-17.51,-21.6,8.96,30.99
133680,0,3.27,7.08,32.52,-97.0,-119.0,1013.5,-27.17,-15.1,7.05,30.72
133700,0,0,2.51,18.49,-126.5,-96.3,944.7,-37.69,-8.73,3.78,30.57
133720,2.72,1.81,5.29,8.86,-120.7,-84.8,939.6,-31.55,-12.26,5.65,30.11
133740,4.55,0,3.7,5.33,-76.3,-19.9,957.4,-39.97,-5.92,2.88,30.63
133760,1.4,0,0,3.51,-106.8,-72.6,974.7,-41.04,-7.76,0.61,29.58
133780,0,0,0,6.8,-141.1,-42.0,994.2,-39.05,4.82,-1.77,29.46
133800,0,0.64,0,0,-63.0,136.2,995.2,-36.25,4.1,-0.48,29.51
133820,0.64,7.39,0,0,-60.0,68.6,1006.9,-31.79,12.09,-8.4,29.13
133840,2.46,1.74,2.53,0,-12.8,137.2,1059.5,-20.06,12.72,-3.46,28.65
133860,2.95,3.48,0,5.46,-70.6,141.6,980.6,-15.22,23.49,-1.9,28.77
133880,0,0.86,0.31,0,-40.1,93.2,999.3,-8.96,17.07,2.45,28.04
133900,70.48,25.8,9.01,0,66.1,282.7,969.9,7.51,12.67,1.55,28.4
133920,65.42,43.13,9.1,0,24.8,159.8,904.7,12.3,15.64,2.68,28.48
133940,41.35,53.94,19.93,0.02,-39.7,147.1,940.3,26.77,18.8,4.1,28.89
133960,25.74,56.78,39.01,1.83,113.4,67.0,895.9,31.94,13.36,7.05,29.07
133980,13.52,58.82,47.67,1.74,157.3,23.5,828.0,33.89,13.05,5.49,29.51
134000,4.96,47.63,57.97,0,26.7,62.4,815.0,35.25,2.38,1.34,29.76
134020,1.04,37.3,78.94,2.89,87.1,-40.9,767.1,38.88,-0.74,-0.54,29.94
134040,0,29.62,80.57,8.34,89.8,16.7,828.2,40.65,-9.41,-2.97,30.26
134060,0,17.44,83.46,10.01,75.3,-44.0,814.5,30.36,-14.62,-1.22,30.49
134080,2.76,10.85,80.56,18.69,121.0,-77.9,872.3,37.97,-8.3,-4.38,30.78
134100,3.03,1.99,72.07,35.26,98.2,-151.2,871.5,25.03,-8.29,-6.27,30.69
134120,0,5.57,58.91,47.99,17.9,-181.3,909.5,19.45,-12.58,-5.62,30.97
134140,0.04,0.33,42.76,60.96,90.5,-23.6,897.0,8.72,-27.05,0.43,30.98
134160,7.3,0.9,29.87,66.65,17.6,-119.6,1013.6,3.28,-19.24,-1.42,31.06
134180,0,0,24.88,68.98,-41.6,-128.5,1038.9,-1.49,-4.26,-2.67,31.26
134200,0,1.55,9.3,55.44,7.0,-102.6,990.4,-19.06,-20.55,2.39,30.66
134220,4.33,0,7.55,42.7,-65.4,-82.7,1012.5,-20.9,-15.94,3.39,31.1
134240,0.9,3.72,1.46,30.81,-122.6,-103.4,973.8,-28.22,-21.54,4.66,30.9
134260,3.04,5.04,6.16,13.99,-154.5,-157.5,1025.6,-38.72,-15.27,4.09,30.51
134280,3.69,3.32,0,9.21,-73.4,-81.5,1000.1,-33.52,-13.66,6.68,30.29
134300,0,0,1.57,8.82,-108.6,57.7,993.6,-36.14,-0.52,0.23,30.48
134320,2.36,6.58,0,0.32,-146.6,-125.8,990.8,-44.42,-1.09,-0.11,29.82
134340,0,0.21,0,0,-73.9,87.7,987.4,-33.65,-0.52,-1.24,29.75
134360,0,1.89,0,0,-70.2,78.8,1031.1,-34.63,18.4,-5.77,29.46
134380,2.42,0,0,0.22,-109.8,84.7,971.9,-31.63,18.8,-5.46,28.85
134400,8.13,0.07,0,0,12.6,94.2,1015.0,-22.56,16.07,-6.88,28.4
134420,1.36,0,5.24,0,-25.7,189.3,1003.6,-11.67,16.47,-4.46,28.48
134440,0,0,1.72,1.36,-22.2,214.5,1032.4,-0.27,17.7,-2.0,28.1
134460,68.54,29.69,9.08,0,125.3,190.2,975.4,8.19,22.1,1.61,28.33
134480,58.77,41.91,7.11,4.39,96.0,197.7,903.5,14.21,12.42,3.48,29.01
134500,39.13,53.54,22.28,4.86,22.4,159.0,875.3,21.36,21.64,6.08,28.71
134520,22.48,58.47,29.51,0,37.9,54.4,901.5,32.02,20.45,7.71,29.07
134540,9.09,58.83,47.8,0,110.1,20.8,791.9,31.33,10.31,1.42,29.53
134560,3.81,47.75,67.5,0,48.4,91.9,753.1,45.98,8.54,4.62,29.85
134580,0,41.42,77.16,6.99,84.6,97.1,868.7,37.77,-3.44,4.85,30.36
134600,1.97,22.74,85.27,7.53,122.6,-69.5,819.6,39.73,-4.5,-1.82,30.27
134620,2.88,16.18,90.12,13.18,61.6,-45.5,804.8,38.69,-2.68,-4.19,30.72
134640,0,8.44,76.11,18.47,113.5,-107.9,831.2,29.02,-15.8,-4.42,30.43
134660,0.02,4.51,66.48,35.75,188.8,-117.1,843.2,28.34,-22.96,-5.76,31.1
134680,0,8.19,55.28,48.1,134.5,-108.4,925.8,16.45,-9.26,-6.06,30.63
134700,2.82,0,35.41,63.9,-58.1,-172.6,974.8,3.74,-24.14,-0.28,30.8
134720,0,2.35,27.63,66.3,97.4,-156.8,999.2,-5.84,-18.4,-4.39,31.21
134740,0,3.49,18.57,66.8,-31.6,-287.7,1005.0,-0.61,-15.12,-0.66,31.04
134760,0,0,6.12,52.82,-76.0,-113.2,955.3,-17.86,-22.81,2.25,31.06
134780,0.94,1.56,0,38.45,14.9,-106.8,977.3,-27.16,-23.1,7.61,30.66
134800,0,1.54,0,26.62,-105.7,-167.3,1034.6,-31.91,-8.78,5.47,30.72
134820,0.84,1.5,5.46,15.92,-36.0,-56.2,936.2,-38.53,-8.4,2.3,30.31
134840,0,0,2.2,7.12,-151.4,0.7,1015.5,-38.64,-4.27,1.43,30.46
134860,0.88,0,2.29,4.87,-99.4,14.6,1031.4,-38.14,-2.82,-1.51,30.27
134880,0,0,0,8.47,-167.9,10.4,941.4,-35.99,9.27,-2.74,29.86
134900,0,5.81,1.65,2.86,-117.2,41.8,996.1,-37.47,5.0,-4.56,29.84
134920,0,0,0.6,0,-93.4,93.4,942.2,-35.64,16.88,-1.01,29.17
134940,7.33,1.42,0,3.35,-19.3,89.0,1015.1,-27.17,7.98,-5.31,29.01
134960,1.36,0,0.19,1.83,-88.0,86.0,998.2,-13.2,6.12,-5.01,28.68
134980,0.77,0.63,0,0,56.9,222.6,979.9,-13.11,25.1,0.81,28.28
135000,77.39,15.83,9.08,2.02,52.8,242.6,1016.9,3.38,19.0,-1.78,27.97
135020,68.0,29.26,9.07,0,53.3,163.7,1008.6,11.61,17.31,1.54,28.13
135040,48.99,46.27,12.07,0,-28.9,99.4,833.5,17.19,24.84,0.28,28.74
135060,41.68,50.67,22.97,0,-25.3,63.4,876.5,26.55,13.32,4.4,28.84
135080,18.91,56.95,32.87,0.52,118.9,5.0,870.3,34.25,9.91,1.18,29.26
135100,10.75,59.16,54.44,0.46,44.1,35.2,821.6,36.23,7.82,0.53,29.59
135120,5.33,47.58,71.43,2.33,147.4,-6.9,798.7,39.95,7.87,3.35,29.8
135140,6.38,33.28,87.11,2.59,46.2,14.0,806.0,44.73,-3.47,-0.06,30.0
135160,0.3,31.83,84.19,8.34,106.5,-52.1,801.1,33.03,-3.96,0.64,29.96
135180,0,15.97,80.83,14.2,135.4,32.8,822.2,33.23,-6.62,-4.62,30.79
135200,3.19,11.72,71.84,28.83,82.5,-122.8,835.1,28.76,-9.53,0.85,30.71
135220,0,2.07,62.74,40.48,34.1,-99.0,899.0,23.09,-22.74,-4.07,30.77
135240,0.82,3.98,44.12,57.61,80.5,-131.9,916.0,13.53,-14.42,-2.11,31.06
135260,0,0,30.23,58.91,-19.3,-178.1,911.6,11.5,-21.13,-3.97,31.31
135280,0,0,28.85,63.87,44.2,-127.8,1000.9,1.65,-18.3,-2.81,30.66
135300,0,0,15.91,64.39,22.0,-233.3,978.5,-6.98,-9.48,5.28,30.97
135320,4.21,4.17,9.25,48.56,-26.4,-118.9,1045.2,-18.9,-18.05,6.57,31.15
135340,1.16,0,6.69,36.2,-42.9,-82.4,988.6,-29.86,-9.91,5.1,30.72
135360,0,0,0.58,25.47,-20.4,-23.5,989.5,-31.67,-21.99,4.28,30.89
135380,0,4.56,2.59,18.98,-132.1,-18.7,1006.5,-38.24,-11.99,7.59,30.18
135400,0,0,0,9.87,-159.0,57.1,951.8,-39.35,-6.82,5.14,30.45
135420,2.17,0.61,0,2.31,-89.4,18.6,1017.5,-40.74,2.75,4.42,30.31
135440,4.27,0,2.9,1.02,-173.5,42.2,1005.7,-38.64,-0.44,-2.92,30.08
135460,0.3,2.45,0,1.1,-27.1,93.9,990.3,-36.83,9.35,-4.18,29.86
135480,3.61,1.68,0,2.66,-91.7,93.1,1001.7,-33.34,9.37,-3.51,29.25
135500,0.05,0,0.39,0,-94.4,112.7,985.0,-21.43,23.73,-0.22,29.06
135520,3.27,0,0,0,-101.0,57.8,1024.0,-18.64,13.79,-2.96,28.52
135540,1.75,0.99,0,0,-6.2,90.0,952.9,-9.29,10.97,0.64,27.76
135560,77.92,18.05,2.94,0,61.0,191.3,953.7,1.2,13.24,1.08,28.29
135580,67.22,33.7,10.84,0,-40.5,162.2,948.6,9.96,22.1,3.83,28.45
135600,50.97,48.92,19.95,3.58,-6.2,115.4,951.2,19.14,20.3,4.67,28.5
135620,32.24,52.13,35.04,2.76,100.7,60.9,903.6,24.34,16.69,2.43,29.07
135640,17.57,55.79,46.55,0,102.8,58.3,823.3,32.72,1.52,5.33,29.73
135660,7.35,51.84,60.22,0,-31.6,46.0,818.8,34.83,11.22,2.66,29.54
135680,1.16,48.32,74.75,2.79,102.4,-16.1,816.4,35.49,3.46,-0.86,29.93
135700,5.35,27.03,84.79,8.84,118.8,31.0,820.1,35.53,-0.69,-0.14,30.36
135720,0,21.77,88.12,10.76,137.7,66.1,764.0,38.53,1.23,-4.89,30.69
135740,0.14,18.29,79.25,17.93,65.3,-103.7,830.5,36.4,-8.76,-6.0,30.67
135760,0,3.85,71.83,32.84,98.1,-83.5,813.5,30.82,-13.61,-4.85,30.78
135780,0,3.44,61.25,41.51,123.3,-103.5,885.3,27.31,-10.48,-8.04,30.99
135800,0,4.14,43.14,57.73,4.4,-182.2,928.4,11.93,-14.76,-1.99,30.64
135820,4.43,2.83,29.03,71.16,-6.1,-97.2,999.2,0.07,-21.34,-0.73,31.28
135840,4.77,2.46,21.38,64.59,0.4,-167.4,977.2,-3.39,-11.49,-1.28,31.07
135860,0.81,1.06,14.77,59.21,12.1,-167.8,1042.5,-13.95,-20.32,5.42,31.08
135880,0.97,0,6.63,51.78,-5.7,-117.1,1025.5,-20.78,-14.81,4.37,31.04
135900,0.67,0,2.15,27.5,-97.9,-167.1,1022.3,-28.73,-19.75,5.33,30.93
135920,0.37,3.94,3.25,17.76,-52.2,-176.9,1016.7,-32.03,-16.1,5.44,30.53
135940,0,0.05,0,8.16,-57.9,-42.0,941.7,-40.83,-7.06,2.61,30.78
135960,0.6,0,0,6.86,-41.2,11.4,968.7,-39.12,-0.34,2.44,30.36
135980,1.98,0,0.4,3.57,-38.2,96.4,1077.5,-41.68,6.49,1.58,30.4
136000,0,0,0,3.36,-64.1,13.4,934.7,-34.06,4.16,-5.48,29.63
136020,1.15,2.06,0,3.56,-78.0,121.3,995.3,-35.23,6.46,-5.25,29.72
136040,2.91,0,0.4,1.53,-47.7,138.3,1004.4,-24.59,8.02,-5.91,29.31
136060,0,1.37,0.23,0.91,-5.9,57.1,1015.2,-21.6,15.71,-5.56,28.81
136080,0,0,0,1.85,-56.2,148.8,968.7,-12.39,17.5,-0.53,28.48
136100,0,5.62,1.94,0.22,-38.1,123.5,959.7,-2.09,19.93,-4.91,28.08
136120,74.22,28.37,4.6,0.89,7.1,148.2,947.0,7.09,10.88,2.12,28.02
136140,69.21,39.65,15.04,0,-1.5,133.7,970.9,12.63,11.72,2.3,28.49
136160,47.69,49.21,17.62,0,32.0,98.7,914.7,18.28,6.49,7.03,28.91
136180,26.71,55.56,35.76,0.64,35.6,13.8,846.6,29.86,10.6,5.61,29.16
136200,10.74,58.02,48.38,0,80.3,34.0,776.7,36.13,14.79,6.45,29.17
136220,7.6,50.81,66.92,5.3,125.8,41.6,843.5,41.12,-2.63,2.36,29.54
136240,0,42.01,71.72,4.43,118.9,-36.6,788.4,31.36,2.94,-2.01,29.93
136260,1.8,37.23,81.55,10.84,94.5,-57.3,830.2,37.92,3.55,0.05,30.13
136280,0,21.25,86.36,13.02,38.3,-109.2,798.4,42.59,-13.15,-4.1,30.56
136300,3.61,12.72,83.94,22.71,-51.7,-64.2,809.4,33.46,-5.28,-4.4,30.4
136320,0,7.33,74.06,30.82,43.3,-189.3,841.6,27.41,-11.92,-5.57,30.66
136340,0,5.94,54.07,47.17,9.8,-145.0,883.9,18.01,-14.51,-3.99,30.77
136360,1.39,0,39.44,54.39,108.6,-168.6,949.0,9.93,-15.35,-2.13,30.84
136380,5.22,0,29.7,63.12,51.1,-153.7,996.2,6.51,-19.01,-1.29,31.07
136400,0,3.26,21.15,68.81,-35.9,-84.8,994.7,-10.08,-21.67,4.78,31.05
136420,8.22,0,12.8,58.28,-60.9,-135.9,976.3,-13.4,-17.21,0.71,30.7
136440,0,0,5.47,44.99,-66.8,-72.6,1019.2,-23.03,-18.42,0.51,30.94
136460,0,1.67,1.46,34.46,-72.8,-123.4,998.6,-24.41,-0.49,8.62,30.87
136480,0,0,2.82,19.89,-36.2,-61.5,1009.3,-31.4,-10.86,4.41,30.34
136500,0,0,1.79,11.41,-71.3,-92.5,1038.0,-40.41,-3.97,1.57,30.14
136520,0,2.7,0,1.6,-114.0,-109.0,1011.8,-39.6,-4.7,-0.69,30.08
136540,0,6.45,3.27,5.05,-146.3,-22.5,987.8,-33.99,-0.46,-1.43,29.7
136560,3.56,0,0,5.38,-69.2,59.2,989.8,-37.97,9.12,-2.2,29.81
136580,1.68,0.08,2.08,2.26,-108.3,41.2,1000.4,-31.68,8.13,-6.02,29.46
136600,0,0.54,3.77,0,-53.3,135.8,1027.2,-28.34,17.25,-1.4,29.47
136620,3.88,0,3.47,0.44,-122.0,138.0,978.6,-20.84,21.2,-8.05,28.74
136640,0,0,0,0.22,-84.4,64.4,947.9,-16.52,19.43,-4.13,28.62
136660,0.77,7.34,6.24,0.72,-31.8,197.3,1018.1,-0.47,21.79,-0.18,28.15
136680,78.45,28.55,5.95,0,40.8,134.8,982.2,4.83,23.7,1.88,27.95
136700,56.46,35.54,11.08,1.41,-23.5,119.3,931.0,15.92,14.57,3.09,28.86
136720,40.19,49.36,18.76,0,47.1,98.0,877.5,20.73,16.8,3.49,29.15
136740,18.93,58.88,34.13,0,127.2,60.4,848.2,25.82,13.59,5.81,29.47
136760,10.03,56.42,50.51,5.69,119.7,66.7,841.2,38.8,10.12,5.02,29.67
136780,6.82,48.29,64.63,2.44,286.0,71.4,855.1,38.01,6.04,5.22,30.05
136800,7.5,39.68,79.0,5.25,104.2,-14.9,856.7,33.44,3.58,-2.34,30.04
136820,3.37,20.75,82.03,6.45,68.1,-56.3,843.4,42.41,4.44,-5.5,30.4
136840,0,15.2,88.0,16.62,149.1,-66.1,842.2,35.79,-8.9,-4.98,30.72
136860,0,12.16,77.44,24.13,118.0,-88.7,783.7,32.34,-16.29,-2.98,30.72
136880,0,0.39,69.87,39.29,69.0,-115.8,876.6,24.26,-10.75,-3.51,30.53
136900,0,0.69,56.65,56.16,-69.2,-131.4,927.9,17.35,-16.55,-4.95,31.02
136920,0,0,43.3,65.11,51.5,-161.0,939.6,13.27,-16.05,-2.36,30.99
136940,0.04,0,29.47,72.81,-32.9,-160.2,1046.7,-6.1,-12.52,-0.12,30.95
136960,0,0,17.22,64.93,-61.2,-121.1,1010.6,-6.6,-19.97,2.2,31.01
136980,2.57,0.18,13.73,56.25,48.7,-81.3,998.7,-14.66,-27.0,2.62,30.94
137000,0.59,0.15,8.76,37.19,-33.2,-75.2,1013.7,-24.51,-15.95,2.64,30.92
137020,0,4.07,4.66,31.19,-38.0,-254.0,1022.1,-29.4,-12.15,4.2,30.78
137040,0,0,0,15.67,-26.1,-54.6,1006.9,-32.84,-11.41,2.2,30.63
137060,1.89,4.73,4.48,6.43,-80.2,-59.2,1039.8,-33.77,-2.56,3.19,30.3
137080,0.63,0,0,9.87,-184.9,-44.0,1004.8,-41.63,4.39,-0.83,30.38
137100,0.51,0,2.84,2.88,-78.2,-49.8,1001.4,-36.98,8.46,0.46,29.57
137120,1.4,0,1.0,0,-114.1,91.7,1004.9,-36.5,5.02,-3.33,29.67
137140,4.19,1.14,1.97,0,2.5,132.4,1000.8,-35.05,11.49,-4.82,29.09
137160,0,0,1.05,0.8,-72.8,180.2,1039.3,-27.95,20.22,-7.15,28.89
137180,2.69,1.02,0,1.98,-88.3,101.9,964.6,-22.71,17.44,-3.55,28.74
137200,0.86,0.98,0.67,1.73,-9.1,179.2,953.4,-10.53,14.08,-1.04,28.08
137220,0.26,0.28,0,0,-56.1,210.0,999.4,0.4,9.07,-3.05,28.31
137240,73.99,31.45,11.72,0,21.4,189.0,931.1,5.68,12.62,4.61,28.5
137260,55.36,44.69,17.24,0,35.9,133.8,920.5,15.3,9.76,2.49,28.65
137280,33.0,54.56,26.98,3.54,120.2,162.1,860.6,23.45,19.22,7.01,28.95
137300,21.93,57.58,39.81,0.17,129.4,49.5,798.7,33.98,15.65,5.77,29.33
137320,5.66,55.43,52.0,0.82,118.5,119.1,816.1,30.61,13.65,3.82,29.7
137340,3.16,47.54,68.96,6.35,44.3,81.8,807.8,36.43,-0.94,2.52,29.72
137360,0.34,37.67,75.45,7.26,92.7,-66.0,757.2,42.05,8.13,3.58,30.21
137380,0,24.08,84.26,10.85,62.8,-38.8,813.9,40.75,4.57,-2.84,30.01
137400,0,17.07,85.76,17.6,97.0,-114.5,819.5,36.0,-6.83,-1.43,30.54
137420,7.16,11.08,80.78,22.11,109.9,-86.9,843.2,32.06,-14.57,-6.0,30.98
137440,0,6.4,58.91,38.41,54.0,-129.3,872.0,24.79,-22.55,-3.91,30.71
137460,0,5.85,55.16,53.02,76.1,-147.0,964.8,20.62,-11.91,-4.23,31.12
137480,0,0,34.47,61.97,38.7,-144.6,955.1,9.27,-13.82,-6.7,31.03
137500,0,0,27.86,66.6,7.7,-180.0,1009.7,-3.55,-16.54,-3.21,30.78
137520,0,3.19,17.11,60.88,-53.7,-215.3,957.5,-7.55,-22.76,0.25,30.97
137540,0,0.64,10.67,55.62,-95.7,-113.4,1002.8,-25.1,-20.95,5.39,30.74
137560,0.86,0,3.28,38.1,-130.6,-132.0,1026.5,-26.02,-13.36,1.96,31.23
137580,0.35,0,0,28.39,-79.9,-106.7,991.8,-28.76,-4.02,10.16,30.33
137600,1.32,2.44,0,13.82,-133.0,-116.0,1075.5,-40.76,-13.04,1.81,30.84
137620,3.12,0,1.1,0,15.0,-24.9,1029.2,-39.73,1.76,4.97,30.34
137640,0,0,0,2.55,-70.3,7.6,941.6,-33.57,-1.55,-2.42,30.11
137660,3.23,1.83,0,3.17,-146.6,11.3,1012.4,-39.63,4.88,-2.97,30.2
137680,2.35,0.83,0,2.24,-110.6,19.0,1058.0,-34.83,16.59,-5.45,29.67
137700,0,7.69,2.0,0,-54.0,-2.3,1018.8,-34.49,7.32,-4.29,28.98
137720,3.45,2.06,0,0,-62.2,210.7,1009.5,-23.52,20.36,-7.27,28.92
137740,3.06,4.08,0,1.05,-50.4,175.3,1025.3,-15.93,23.78,-4.21,29.01
137760,2.65,2.37,0.67,0,55.1,100.3,1023.7,-4.08,21.14,2.49,28.31
137780,79.33,24.21,7.23,2.46,-10.7,160.9,983.0,0.79,16.26,-0.3,27.94
137800,69.12,35.59,14.42,0,41.4,167.8,990.8,16.81,19.43,-0.86,28.42
137820,50.54,42.88,13.61,1.07,84.3,237.8,932.2,14.82,27.35,4.49,28.82
137840,27.79,51.99,27.89,5.89,58.0,139.4,851.0,25.21,20.91,7.06,29.14
137860,16.89,60.12,39.36,3.53,58.0,20.1,805.9,30.6,5.2,4.48,29.1
137880,8.06,51.08,52.59,0,84.6,74.2,787.8,40.88,9.76,4.3,29.8
137900,7.15,39.79,68.66,3.4,146.9,61.2,760.7,35.18,0.47,4.45,30.13
137920,1.73,32.74,77.08,7.21,70.6,-16.1,816.3,39.7,6.65,-2.36,30.23
137940,0,25.33,88.48,7.25,92.7,-51.6,777.4,36.13,0.46,-5.11,30.07
137960,0,12.68,85.8,14.06,3.9,-11.5,780.3,31.93,-4.26,-4.72,30.32
137980,1.24,7.52,76.44,29.92,24.0,-30.6,855.2,27.02,-15.46,-6.77,30.39
138000,0,0.67,64.52,38.13,65.5,-167.1,856.4,25.12,-17.03,-2.78,30.72
138020,4.66,0,49.02,53.77,56.0,-127.5,943.6,9.51,-15.29,-1.8,31.1
138040,3.85,0,36.53,64.96,38.2,-136.7,983.0,6.71,-11.49,1.67,31.0
138060,0,1.42,20.26,60.63,-58.5,-264.9,1003.0,1.64,-25.84,-1.09,30.86
138080,1.04,0,15.99,63.11,-21.0,-118.8,983.3,-9.1,-11.14,-0.8,31.14
138100,2.59,2.01,9.09,50.23,-21.5,-158.0,1018.7,-26.11,-13.4,0.9,30.87
138120,0.98,0,0.69,41.25,-86.1,-175.9,976.9,-25.34,-19.15,6.3,30.87
138140,0,0,3.44,25.43,-148.7,-61.4,1013.4,-33.16,-11.21,4.64,30.63
138160,0,3.01,0,15.11,-127.7,-138.1,983.9,-35.2,-11.45,4.4,30.2
138180,0,0,0,9.89,-89.4,-57.1,960.9,-42.37,-6.57,-0.35,30.08
138200,0,3.34,2.33,3.86,-57.0,78.4,1012.7,-38.44,6.62,-1.06,30.3
138220,2.52,0,0,3.28,-83.0,97.9,1056.0,-37.13,5.34,1.52,29.74
138240,0.14,1.28,0,1.81,-56.4,37.4,994.7,-29.56,4.82,-2.44,29.39
138260,0,0.16,0,0,-96.8,216.2,966.4,-26.74,3.26,-5.69,29.26
138280,2.19,0,0,3.21,-90.1,160.6,1007.4,-24.64,15.91,-2.76,28.67
138300,0,0,0,0,-68.7,162.4,992.9,-18.53,20.45,-5.14,28.55
138320,0,0,0,0,-11.0,60.6,997.1,-2.98,29.3,-3.47,28.5
138340,75.96,25.56,7.18,4.89,-8.2,133.6,923.3,-2.31,22.35,1.69,28.14
138360,64.32,34.1,6.74,1.22,54.7,204.8,904.3,8.29,15.67,4.61,28.27
138380,45.39,50.27,21.04,0,30.9,156.6,872.3,20.65,19.04,2.49,28.74
138400,26.91,54.37,32.37,1.35,61.0,79.8,848.4,28.83,21.33,4.94,28.92
138420,17.57,54.83,39.84,0,103.3,181.8,799.3,35.85,12.71,1.21,29.55
138440,0,55.67,54.84,1.7,89.8,-27.8,807.4,30.98,6.07,0.61,29.72
138460,0,43.4,72.5,6.44,110.1,44.5,821.6,45.03,-2.46,3.36,30.1
138480,5.76,34.0,83.72,5.09,147.6,-2.8,843.3,38.44,-2.4,-0.79,30.1
138500,0,20.32,87.67,5.42,-4.7,-52.5,833.6,41.76,-0.13,-3.15,30.44
138520,0.66,13.71,80.18,19.23,52.5,-72.1,842.8,35.08,-15.3,-4.96,30.71
138540,0,2.68,71.48,36.05,101.2,-60.6,840.0,29.34,-15.61,-7.8,30.72
138560,0,3.58,57.17,46.82,52.5,-115.0,864.6,23.71,-11.74,-6.14,30.74
138580,0,2.04,47.54,52.52,18.4,-195.9,925.8,12.37,-16.14,-1.69,30.76
138600,0,1.6,32.34,67.81,42.7,-146.5,964.5,4.43,-22.01,-4.01,30.87
138620,0,1.61,19.37,72.75,-2.8,-102.9,1006.9,-2.32,-19.24,1.0,31.0
138640,0.77,0.26,8.49,60.57,-153.5,-104.5,972.2,-13.45,-19.36,4.74,31.06
138660,1.94,2.49,11.47,49.73,-74.7,-79.2,964.0,-21.74,-20.98,8.55,30.78
138680,0,1.28,1.84,30.78,-137.6,-206.7,1048.6,-28.23,-6.41,5.53,30.54
138700,0,0,0,17.55,-175.1,-76.8,1058.9,-33.46,-20.55,7.2,30.81
138720,4.31,0,0,10.53,-113.5,-74.9,1010.4,-40.22,-5.02,4.97,30.44
138740,0,0.26,1.23,5.57,-25.8,-11.7,1009.2,-36.93,6.22,0.31,30.35
138760,4.94,0,1.69,4.43,-97.3,6.9,1067.2,-40.44,5.98,-2.52,30.14
138780,0.31,0,0,0.56,-12.3,73.0,958.1,-32.76,0.16,-0.76,29.64
138800,0,3.15,1.2,0,-87.0,21.5,1016.5,-32.77,5.88,-7.76,29.27
138820,0,0,2.98,2.62,23.1,78.8,1032.9,-30.01,10.85,-4.0,29.06
138840,0,0,0,0,-28.5,236.3,1009.1,-24.31,20.52,-2.52,28.7
138860,3.12,2.12,0,0,25.3,191.6,1004.6,-7.38,11.06,-2.08,28.28
138880,0.31,1.35,0.98,1.54,147.5,65.1,995.2,-4.29,18.29,-2.59,28.63
138900,78.92,30.79,8.89,1.18,76.7,209.4,975.3,1.79,21.58,1.43,28.34
138920,62.54,36.73,18.72,0.85,-85.4,110.7,915.2,11.32,18.43,5.19,28.7
138940,48.54,50.83,19.85,0,-16.3,85.1,831.6,23.48,17.63,3.12,28.55
138960,21.62,58.06,30.7,4.35,110.1,89.0,854.7,32.07,11.19,8.76,29.27
138980,7.85,51.4,48.47,0,26.4,46.4,831.3,32.81,11.58,2.33,29.11
139000,4.35,52.99,56.73,0,75.6,119.5,760.5,39.17,8.42,6.22,29.45
139020,2.91,40.9,74.93,3.87,84.5,-0.8,827.8,41.55,14.45,-2.48,29.87
139040,3.26,30.96,82.84,9.37,22.2,-54.9,819.1,39.06,0.51,-2.67,30.38
139060,0,18.34,85.83,12.67,90.9,-35.2,809.2,37.7,-7.13,0.1,30.22
139080,9.59,5.77,76.68,22.97,71.0,-56.5,845.9,34.71,-10.54,-3.06,30.65
139100,3.9,2.55,70.06,30.88,72.3,-73.2,891.8,26.26,-9.34,-5.74,30.8
139120,0,4.85,52.33,46.79,1.2,-215.8,820.0,17.72,-17.57,-4.33,30.86
139140,0,0.8,43.3,56.96,61.0,-94.8,934.2,7.62,-28.03,-3.46,30.94
139160,0.64,0,26.84,62.33,-51.7,-159.1,1041.6,1.79,-15.57,-3.32,31.21
139180,0,0,18.85,62.31,-43.5,-155.6,995.0,-9.19,-18.93,5.4,30.88
139200,1.37,4.14,3.45,60.21,-66.5,-170.4,977.1,-11.91,-17.08,3.91,31.11
139220,1.23,1.08,9.26,46.59,-15.7,-163.8,1015.3,-26.37,-18.47,3.62,30.82
139240,0,2.75,1.63,28.44,-91.2,-178.6,996.4,-27.94,-12.36,6.31,30.66
139260,0,2.64,0,20.8,-78.8,-110.6,1018.8,-38.62,-10.25,5.81,30.62
139280,2.82,2.15,1.63,6.42,-74.8,20.1,988.8,-35.09,5.98,1.86,30.14
139300,0,0,0,1.95,-31.9,-21.5,956.5,-37.12,2.19,2.22,29.93
139320,1.88,0.89,0,0,-13.0,40.0,995.2,-41.71,8.3,-1.67,29.8
139340,4.94,2.96,1.75,2.11,-70.0,54.1,1015.7,-45.09,10.81,-5.18,29.69
139360,1.3,1.12,0,2.75,-74.9,94.7,1022.2,-34.98,10.73,-3.41,29.47
139380,0,0,5.45,0,12.8,173.3,910.8,-21.8,20.08,-3.82,29.24
139400,0,0,0,0,-160.1,46.8,983.5,-18.62,20.22,-2.18,28.72
139420,0,0,0,3.85,-50.0,169.3,971.9,-17.22,27.74,-4.65,28.19
139440,0,0,0,0,9.6,132.2,1025.7,0.99,24.11,-1.4,28.05
139460,72.2,26.28,9.57,2.04,17.7,74.2,952.2,8.04,19.98,-0.85,28.26
139480,64.43,43.03,14.03,0.13,35.9,159.0,886.8,15.64,14.88,5.52,29.05
139500,38.28,49.24,22.89,0,43.4,55.9,872.7,26.69,20.38,2.81,28.45
139520,21.73,60.1,37.71,0.36,162.7,64.5,828.9,28.63,19.6,3.63,29.26
139540,5.74,56.88,51.93,1.25,104.8,101.3,805.9,31.06,14.51,3.62,29.55
139560,7.25,48.02,67.2,5.12,233.4,36.8,757.2,36.66,8.52,2.28,29.8
139580,2.79,32.93,73.07,6.58,125.9,80.6,805.2,43.08,6.95,0.19,29.66
139600,0,29.7,84.79,10.64,178.9,-4.5,849.3,41.82,4.56,-2.83,30.33
139620,1.11,14.88,84.09,15.64,22.1,-20.5,800.9,34.12,-9.75,-5.47,30.65
139640,3.36,11.75,80.02,24.65,46.9,-58.5,861.2,35.13,-19.13,-2.88,30.84
139660,0,7.59,65.34,36.73,-19.9,-133.6,896.8,24.39,-17.1,-2.23,30.78
139680,4.16,0.26,50.71,48.78,68.4,-101.5,940.3,21.99,-22.5,-4.34,31.01
139700,0,0.9,36.97,65.27,5.1,-245.9,929.0,10.78,-15.91,-3.69,30.9
139720,0,0,28.69,72.33,98.2,-131.0,984.3,1.55,-14.93,-1.89,30.92
139740,0,0,14.01,63.17,-25.1,-55.1,1024.0,-12.51,-23.47,1.43,31.04
139760,0,1.54,7.87,56.25,-59.6,-55.4,999.9,-19.85,-13.19,2.3,30.6
139780,0,0,3.45,34.8,-71.6,-125.0,1026.4,-26.06,-16.8,7.21,30.42
139800,0,0,4.03,30.31,-8.1,-184.0,1009.1,-31.13,-14.24,8.48,30.9
139820,0,0,1.24,14.68,-107.4,-51.6,1065.7,-43.26,0.62,4.56,30.56
139840,0,0,0,7.71,-138.3,42.0,943.2,-37.97,-3.87,3.8,30.51
139860,0.58,0,4.13,13.96,-124.6,91.1,1020.7,-40.58,0.86,-4.96,30.33
139880,0,2.5,2.31,6.72,-130.9,44.3,997.1,-43.57,12.05,-4.04,30.07
139900,3.05,1.4,0.47,3.2,-97.7,-2.3,1040.4,-39.23,15.42,-0.04,29.67
139920,0.09,0,0,0,-126.7,117.5,1014.9,-34.22,9.92,-2.72,29.75
139940,2.56,0,0,0,56.3,133.0,1007.4,-21.81,13.29,-2.27,29.0
139960,0,0.96,1.75,0,53.6,110.5,1021.7,-22.95,7.37,-4.94,28.88
139980,0,0.69,0,0,-74.8,141.8,1052.5,-7.01,9.61,-2.01,28.35
140000,81.94,20.27,9.8,0,55.5,120.2,968.0,-4.89,22.67,1.78,28.24
140020,70.71,33.57,10.47,0.51,33.9,88.6,938.1,8.68,19.69,4.33,28.04
140040,50.17,46.93,8.24,0,-34.3,127.3,940.5,14.61,23.46,3.8,28.46
140060,30.25,51.5,23.01,0,93.6,82.4,856.9,22.54,10.68,5.88,29.08
140080,18.9,55.13,38.32,2.27,19.1,85.4,842.1,32.21,13.17,4.39,29.13
140100,7.86,54.53,54.53,0.91,133.7,31.2,815.5,35.45,8.13,2.04,29.27
140120,3.0,45.8,67.79,4.39,91.4,90.4,816.1,38.0,2.5,0.39,29.75
140140,1.66,30.31,79.02,0,55.0,-52.9,817.6,40.99,-3.22,0.48,29.73
140160,2.22,23.71,79.08,10.94,106.9,-73.3,821.7,42.67,0.76,-2.45,30.64
140180,3.58,19.98,83.96,10.55,201.8,-43.2,807.7,41.62,-10.46,-6.44,30.32
140200,1.8,7.96,81.6,25.39,130.6,-61.0,810.4,29.23,-12.97,-6.58,30.61
140220,0,6.96,62.18,40.23,62.6,-75.1,851.3,20.24,-19.74,-3.72,30.84
140240,0.99,3.03,46.61,51.45,104.6,-50.0,884.3,17.62,-15.08,0.48,31.04
140260,1.09,2.57,37.87,64.93,60.4,-157.0,957.8,7.75,-24.92,-4.12,30.92
140280,0.87,0,19.47,68.74,-83.5,-211.9,975.8,-2.04,-10.62,0.57,31.03
140300,0,0,14.76,62.76,49.3,-145.3,1016.2,-3.64,-29.41,1.07,30.68
140320,4.14,0,8.5,55.86,-39.8,-79.7,955.7,-12.88,-26.63,6.73,31.07
140340,4.17,0,2.51,37.56,-53.8,-202.6,965.4,-24.39,-19.6,6.63,30.95
140360,3.04,0,0,24.58,-0.7,-106.9,1041.4,-29.32,-12.77,5.7,30.34
140380,4.08,0,0.81,18.07,-36.1,5.3,1028.9,-31.83,-10.64,2.44,30.81
140400,0,0.63,0.28,5.67,-123.2,-116.9,1034.4,-38.62,0.31,5.49,30.15
140420,0,0.06,0,4.68,-124.7,103.7,993.8,-37.69,-0.5,2.87,30.03
140440,3.37,0,4.58,1.05,15.1,113.1,1002.7,-37.89,4.55,-3.55,29.85
140460,0,0,0.72,6.1,-122.7,149.2,964.1,-36.61,14.67,-4.39,29.66
140480,0.05,0,1.22,0,-63.7,137.9,1019.9,-23.89,11.91,-7.85,28.71
140500,0,0.87,0,1.13,-25.6,177.9,966.7,-27.83,20.42,-3.9,29.27
140520,0,1.49,0.41,1.07,-91.1,178.1,1054.8,-18.02,15.89,-5.44,28.36
140540,0,0,1.22,2.55,-69.1,154.3,1051.0,-11.16,24.02,-4.76,28.42
140560,80.11,19.47,5.54,2.55,-15.8,97.9,1042.9,-0.14,10.64,3.0,28.16
140580,64.02,31.15,15.92,0,59.5,188.9,954.8,9.35,13.37,3.14,28.53
140600,51.7,46.84,20.66,0.01,49.4,174.2,931.9,14.56,19.32,4.77,28.69
140620,25.38,51.14,25.82,0,77.7,113.4,887.2,21.04,22.88,5.46,29.5
140640,12.42,59.22,45.4,0,96.7,109.6,823.7,32.69,16.74,5.29,29.16
140660,5.58,48.8,60.65,2.47,128.7,115.4,848.1,40.51,9.85,3.99,29.31
140680,6.58,48.41,74.1,1.12,86.9,0.2,786.8,45.95,-3.1,4.26,29.39
140700,0,33.85,84.01,0.79,168.3,-8.3,803.1,40.55,4.13,-1.6,30.0
140720,1.14,24.44,79.51,11.06,59.8,-82.8,807.6,41.62,-1.77,-4.96,30.61
140740,0.2,15.59,84.91,17.34,112.6,-153.0,809.8,30.14,-9.12,-4.94,30.72
140760,0,12.61,72.02,32.31,17.4,-142.6,795.1,30.81,-16.33,-5.01,30.86
140780,1.36,5.68,58.35,44.13,63.5,-126.5,900.1,23.91,-10.28,-6.24,30.75
140800,1.55,0,45.6,57.87,50.0,-46.8,933.5,14.87,-13.6,-5.27,31.07
140820,0,0,33.65,62.3,12.1,-109.2,990.1,3.71,-15.2,-2.77,30.8
140840,2.18,0,23.07,71.97,-74.5,-36.8,924.9,-3.44,-13.53,0.15,31.0
140860,0,0.85,15.26,58.54,-78.8,-131.6,955.9,-11.29,-21.08,4.78,30.75
140880,0,0.59,5.61,46.68,-13.0,-102.4,956.2,-18.26,-24.44,5.54,30.92
140900,0,1.72,5.53,33.22,-113.2,-80.7,1029.5,-31.05,-15.39,3.79,31.2
140920,0,0.96,0,27.24,76.1,-142.0,1048.4,-33.14,-3.05,2.09,30.45
140940,0,4.44,8.2,10.77,-69.2,-121.4,979.6,-40.88,-10.61,3.41,30.41
140960,0,0,2.42,6.77,-113.3,-75.0,1040.1,-40.4,4.21,0.35,30.71
140980,1.64,0,0,0,-91.3,27.3,943.7,-38.1,-1.91,-3.7,30.19
141000,0,0.06,2.67,0.58,-101.8,-39.0,1026.0,-37.02,7.96,-1.2,30.01
141020,0,2.4,0,3.15,-35.1,74.1,988.4,-33.0,9.02,-4.62,29.28
141040,0,4.34,1.9,0,61.4,130.3,1009.7,-32.47,9.86,-5.45,29.21
141060,0,1.5,0,0,-54.0,95.5,969.0,-22.25,16.82,-4.1,29.08
141080,0,0,0,3.67,-9.5,232.6,961.3,-14.54,18.05,1.06,28.38
141100,0,3.65,0,3.26,61.6,149.1,1033.4,-3.64,17.48,-4.97,27.88
141120,75.66,25.97,3.73,1.44,-54.1,63.4,977.2,0.01,15.22,3.39,27.87
141140,60.84,34.15,18.64,0,8.7,95.0,932.8,11.15,15.57,3.61,28.27
141160,44.21,49.76,16.25,0,54.4,157.0,905.6,14.5,14.43,7.7,28.55
141180,27.17,57.8,29.51,0,18.5,54.7,859.2,29.53,20.36,5.27,29.26
141200,15.46,59.66,48.95,0.43,127.2,88.8,797.1,33.8,9.05,6.36,29.67
141220,4.3,51.88,62.1,2.93,124.5,39.4,750.5,37.24,18.82,3.76,29.74
141240,3.94,39.91,74.47,1.27,7.5,58.8,822.4,40.13,-0.77,-0.49,29.66
141260,4.95,34.36,83.19,5.08,72.9,-96.1,831.6,39.66,-1.91,-2.91,29.94
141280,0.28,19.44,85.03,9.48,166.3,-15.2,805.9,35.88,-12.69,-4.39,30.8
141300,0,11.64,79.73,26.59,108.3,-86.6,808.5,32.55,-10.65,-3.52,30.68
141320,0.08,10.53,77.08,24.74,88.5,-106.9,906.0,29.25,-9.01,-5.62,30.55
141340,0,2.08,58.52,42.28,38.4,-133.2,959.9,19.69,-18.01,-0.03,30.86
141360,0,2.65,42.45,56.94,51.2,-125.2,961.9,10.95,-19.62,-6.55,30.87
141380,1.56,2.12,27.71,67.59,65.2,-195.4,1031.2,6.54,-14.41,-2.97,31.06
141400,0,0,18.57,66.02,3.8,-127.1,1045.5,-3.29,-17.89,0.8,30.84
141420,0,0,7.33,57.06,-91.3,-87.9,1003.6,-12.74,-15.64,6.06,31.35
141440,0,0.68,8.0,47.45,-38.7,-105.1,1064.8,-21.13,-21.41,3.35,30.81
141460,0.93,0,3.46,33.53,-2.5,-53.5,984.3,-27.18,-10.05,5.29,30.42
141480,0.89,2.32,0,20.08,-154.3,-61.1,1011.3,-38.72,-12.39,7.18,30.54
141500,1.78,3.74,0.34,12.0,-159.4,-20.3,1012.8,-35.42,-12.27,-0.02,30.25
141520,0,0.41,0,9.22,-50.8,-53.7,962.7,-39.98,-5.35,1.75,29.99
141540,2.05,1.42,0,5.02,-140.7,-11.4,961.2,-39.13,5.74,-3.41,30.1
141560,0.04,3.91,2.98,0,-93.5,74.5,981.8,-36.45,6.35,-7.92,29.76
141580,0.04,0,2.14,2.46,-21.6,77.8,1012.4,-31.3,18.15,-2.69,29.56
141600,0,5.26,0,0,-33.0,39.8,886.2,-29.71,17.08,-6.53,28.97
141620,0.18,0.77,5.9,0,-65.0,156.5,985.4,-20.22,14.71,-5.91,28.72
141640,2.1,2.88,1.55,2.28,-19.7,134.5,999.3,-11.95,14.34,-2.24,28.44
141660,1.94,0.82,0,0,2.2,136.1,947.2,3.7,14.9,-3.26,28.12
141680,79.32,29.89,13.06,0.28,83.8,115.2,967.9,6.95,23.98,3.96,28.4
141700,62.37,46.63,13.2,4.29,127.7,141.9,953.2,13.03,14.8,4.0,28.26
141720,35.41,46.65,23.55,0,113.9,55.1,882.9,22.46,20.84,6.59,28.78
141740,25.57,55.98,37.75,2.24,23.7,120.1,819.0,24.33,15.08,4.89,28.83
141760,12.18,56.4,52.59,6.03,113.1,33.6,821.6,37.86,12.36,5.83,30.11
141780,0,49.78,65.96,0,181.4,91.1,796.1,36.47,6.97,3.37,29.68
141800,4.21,39.27,77.8,5.75,101.3,-60.6,792.3,41.11,-7.33,0.59,30.11
141820,3.8,27.06,84.3,8.04,86.4,59.5,829.5,37.84,0.7,0.85,30.15
141840,0,22.37,81.32,14.89,165.9,-94.2,806.7,41.72,2.68,-2.42,30.53
141860,0,12.66,76.72,22.97,53.5,-220.1,811.0,32.54,-4.62,-4.72,30.41
141880,0,1.53,67.03,33.88,-30.7,-130.0,820.0,29.93,-18.1,-4.42,30.62
141900,5.05,1.56,56.59,51.71,4.2,-112.8,923.1,19.25,-15.99,0.02,31.11
141920,0.77,2.08,40.3,56.29,17.2,-182.1,987.3,14.93,-22.64,-2.22,31.2
141940,1.1,0,22.7,62.6,-4.0,-144.3,994.7,-1.9,-17.68,-0.26,30.92
141960,0,0.93,21.32,66.43,6.4,-186.8,931.5,-3.29,-23.22,2.87,31.27
141980,0.21,0,9.61,58.27,5.8,-129.0,971.4,-20.04,-20.65,6.14,31.02
142000,0,0,7.85,42.02,-17.1,-136.6,975.3,-21.29,-22.31,2.55,31.1
142020,1.85,1.37,0,33.32,-123.2,-184.5,1048.6,-28.35,-14.9,4.36,30.93
142040,0,0,2.08,19.24,-15.5,-190.0,1052.9,-30.37,-3.22,2.89,30.47
142060,0.04,1.31,5.73,10.74,-192.9,-101.5,981.6,-35.46,-8.99,0.34,30.8
142080,3.07,0,0,6.14,-36.0,40.8,1043.7,-43.74,4.65,-1.69,30.26
142100,3.61,0.23,1.9,0.01,-60.1,28.0,981.3,-34.44,6.14,-0.05,29.8
142120,0,0,0,2.14,-149.2,187.2,962.2,-36.06,6.88,-5.3,30.03
142140,1.71,5.0,0.42,2.84,-93.5,63.5,1045.8,-25.65,19.72,-0.99,29.54
142160,0,0,0.11,0,-45.3,99.6,1002.9,-25.39,12.59,-8.59,29.26
142180,0,2.15,0,1.54,-45.3,108.1,1021.5,-18.54,11.21,0.46,28.61
142200,4.91,0,0.89,0,1.1,193.8,968.5,-10.49,18.25,-2.6,28.19
142220,1.51,0.57,0.83,2.72,-6.5,110.1,958.8,3.15,21.95,-4.21,28.01
142240,67.59,28.88,8.06,0,80.5,186.5,999.1,2.23,17.96,2.89,28.42
142260,55.91,40.2,15.45,0.17,12.7,179.3,886.6,19.0,18.74,5.08,28.7
142280,35.68,57.23,25.1,2.91,138.6,93.2,896.4,24.7,23.27,7.37,29.1
142300,17.15,57.48,39.48,0,71.9,107.3,869.5,31.33,12.16,5.5,29.47
142320,13.08,54.41,55.7,4.0,95.6,63.6,828.4,42.55,15.37,7.66,29.42
142340,4.55,44.92,70.28,2.81,141.3,13.2,802.9,38.04,3.26,5.5,29.67
142360,0.63,34.83,80.42,7.66,104.6,40.3,775.2,37.17,-5.07,1.45,30.18
142380,7.1,25.64,79.96,9.03,-19.7,-79.8,756.8,43.94,-7.26,-7.64,30.13
142400,1.91,16.91,83.62,10.38,250.9,-43.7,812.4,41.99,-8.81,-4.65,30.11
142420,1.56,8.36,75.34,18.81,64.6,-87.3,858.4,31.08,-16.92,-7.33,30.65
142440,0,11.42,68.32,42.66,-15.7,-139.9,828.6,29.62,-16.18,-4.71,30.91
142460,1.6,0,53.38,52.58,-54.3,-111.4,906.9,18.55,-21.28,-2.62,30.92
142480,0,7.26,35.02,65.39,130.0,-119.5,979.6,6.86,-26.5,-1.85,30.89
142500,0.81,6.24,22.13,65.49,-42.0,-213.4,954.9,3.75,-24.4,-0.58,31.31
142520,0,0,17.37,65.55,-10.2,-203.3,1032.5,-9.41,-16.13,0.54,31.2
142540,0,0.84,8.05,50.94,-40.9,-216.1,1016.2,-16.15,-17.89,1.73,31.47
142560,2.01,0,3.02,36.79,-96.8,-110.8,985.1,-27.68,-17.47,7.99,30.89
142580,0.25,0,3.3,24.45,-124.6,-126.7,1014.0,-34.91,-6.45,5.52,30.78
142600,0,0,3.95,19.79,-144.3,-105.1,992.2,-40.85,-8.75,4.59,30.65
142620,0,0,0.41,4.9,-165.1,-9.9,1009.8,-37.44,-2.3,-0.29,30.35
142640,0,5.37,0,3.32,-44.7,21.3,1025.4,-42.09,5.1,-0.46,30.07
142660,0,0,1.28,3.65,-130.5,42.4,1026.7,-35.29,4.8,1.41,29.87
142680,0.88,2.85,0,3.65,-139.4,-0.1,981.8,-34.59,9.74,-2.9,29.48
142700,1.16,0,1.5,3.21,-57.2,173.5,987.0,-27.02,9.57,-5.35,29.08
142720,0,0,0.72,0,-33.0,146.8,1020.0,-25.34,9.07,-1.57,29.21
142740,0,2.13,0,3.23,-1.7,24.9,1020.7,-19.92,15.67,-2.52,28.38
142760,0,0.72,0,0,-58.2,105.6,992.3,-6.75,13.78,1.51,28.27
142780,79.69,19.49,3.45,0.04,-80.6,145.7,972.7,0.97,26.54,2.3,27.85
142800,71.15,32.58,9.69,0,60.6,164.8,896.7,12.25,15.7,1.92,28.42
142820,53.0,52.44,12.59,0,17.9,180.4,890.9,17.21,17.81,3.67,28.84
142840,33.29,54.47,32.97,0.66,79.5,188.2,880.8,25.59,18.36,8.8,28.81
142860,19.27,61.98,40.05,4.57,144.9,39.7,865.7,32.25,22.79,4.41,29.35
142880,10.96,52.58,51.47,1.24,160.3,46.1,796.4,38.29,7.9,3.75,29.6
142900,4.88,41.85,70.51,5.75,90.7,36.5,792.4,44.15,1.44,1.13,29.82
142920,0,37.01,80.48,5.55,103.4,68.6,792.2,38.27,-4.44,-0.75,30.17
142940,4.79,26.34,82.75,7.53,133.4,-87.8,754.9,47.41,0.93,-2.05,30.21
142960,0,14.87,86.98,19.68,8.3,-76.4,838.1,37.43,-10.77,-3.76,30.38
142980,0,6.79,67.86,25.8,117.7,-115.4,857.3,31.3,-20.0,-4.99,30.66
143000,4.42,4.72,59.95,42.83,126.3,-81.9,867.4,22.13,-16.34,-6.92,30.92
143020,4.27,3.25,49.93,54.07,-52.9,-129.6,970.0,18.33,-22.64,-3.24,30.7
143040,0,0.05,31.85,71.18,-4.8,-187.7,1007.3,6.01,-17.21,-2.29,30.91
143060,2.2,0,21.8,66.2,-36.6,-151.7,1011.3,-2.3,-17.16,3.35,30.91
143080,0,3.87,15.66,54.07,-37.7,-134.0,983.6,-14.97,-16.59,3.45,30.91
143100,0,5.75,4.19,44.59,-75.7,-183.5,968.0,-19.25,-13.11,2.55,30.9
143120,0,0,7.84,34.89,-106.6,-26.6,999.9,-26.38,-19.65,1.62,30.53
143140,0,0,1.01,23.94,-16.2,-26.8,1000.4,-29.64,-11.78,4.35,30.72
143160,1.3,0,0.27,4.97,-61.7,-134.8,976.2,-39.15,1.86,3.08,30.26
143180,0.3,2.1,0,8.14,-87.0,-35.8,959.0,-35.65,0.21,-0.76,30.29
143200,0.39,0,2.91,3.01,-97.9,33.3,1050.0,-36.29,-4.15,-1.57,30.16
143220,3.64,0,2.04,0.03,-96.0,107.7,1010.5,-37.18,5.86,0.62,29.63
143240,0,3.11,0,3.74,-92.3,80.5,955.9,-32.74,13.91,-4.44,29.38
143260,0.42,4.32,0,0,-95.5,35.8,1015.7,-31.69,3.85,-5.86,29.17
143280,0,0,0,0,-122.3,150.1,1007.0,-23.47,24.78,-6.7,28.72
143300,0,0,4.36,0.27,-28.3,71.6,1046.2,-12.61,15.23,-7.67,28.53
143320,1.84,0,1.45,0,11.3,138.4,1016.8,-3.51,26.06,-5.22,28.13
143340,77.75,25.94,8.63,2.68,14.3,142.2,974.9,1.99,20.38,4.61,28.02
143360,67.22,38.69,10.02,0.32,-57.4,83.3,900.4,5.44,29.91,3.41,28.42
143380,48.78,48.88,15.84,0,14.6,185.8,896.7,25.26,14.3,6.93,28.73
143400,31.29,50.95,36.39,0,152.2,105.7,871.9,34.34,19.14,8.62,29.08
143420,8.5,55.85,44.22,0.21,48.8,27.8,860.3,33.11,8.88,8.11,29.57
143440,2.02,54.75,58.89,0,132.8,8.7,788.3,31.94,10.42,2.84,29.4
143460,1.1,48.96,72.33,1.04,-6.3,-12.5,821.2,38.69,6.47,-0.03,29.53
143480,0,31.79,76.77,5.5,148.4,-55.5,805.8,35.11,-0.79,-0.13,29.97
143500,6.2,22.69,88.77,12.61,138.4,-97.0,823.9,37.72,-6.79,-0.58,30.63
143520,0,12.7,81.11,21.47,59.0,-73.3,864.4,38.42,-9.37,-5.77,30.75
143540,1.78,5.93,68.81,34.63,133.9,-66.4,877.3,26.5,-20.98,-3.52,31.04
143560,0.12,2.72,63.2,39.1,65.2,-202.4,868.2,23.48,-12.09,-1.24,30.82
143580,0,3.46,47.71,59.92,-35.6,-89.0,978.4,16.43,-17.81,-1.09,31.02
143600,0,1.46,35.27,63.59,64.7,-127.3,1005.0,2.92,-32.87,0.7,30.91
143620,0,4.27,24.83,65.61,-58.3,-144.0,1027.3,0.36,-20.6,5.59,31.21
143640,0,0,15.15,57.32,44.5,-182.5,1029.3,-12.54,-22.55,1.84,30.88
143660,0,0,13.83,50.31,-32.5,-150.6,954.2,-14.82,-20.77,4.6,30.76
143680,0.9,0,1.27,37.11,-57.4,-186.3,1007.1,-25.48,-1.92,6.28,30.91
143700,2.39,0,0,19.44,41.9,-6.3,973.4,-27.85,-3.13,5.6,30.58
143720,1.17,0,2.88,15.58,-81.3,-117.6,1054.4,-36.6,-7.14,5.33,30.24
143740,0,0,1.33,5.58,-115.1,4.2,971.3,-42.72,-3.83,2.83,30.19
143760,0,1.85,0,5.27,-65.5,39.4,1017.5,-44.57,-0.71,-1.97,29.89
143780,0.33,1.32,0,0,64.6,150.4,976.0,-39.6,8.05,-4.1,29.67
143800,0.69,1.78,1.89,0.76,-78.6,21.9,1011.3,-34.6,12.49,-8.2,29.38
143820,0,0,4.67,6.57,-157.5,179.0,960.1,-24.88,9.39,-6.94,29.38
143840,0,0,0,0,-68.6,191.3,987.9,-16.4,10.01,-2.25,28.72
143860,0,0.11,4.46,4.29,-0.4,158.9,973.2,-14.51,22.15,-5.0,28.46
143880,0,0.33,4.14,0,-60.1,167.9,1081.5,-7.98,14.49,-2.92,28.0
143900,78.24,26.47,4.13,0,-109.4,170.0,944.4,3.75,14.04,1.41,28.27
143920,63.13,42.4,15.16,0,45.0,125.5,887.0,10.73,22.71,1.84,28.37
143940,47.68,54.68,18.88,7.1,110.0,106.7,933.1,23.08,16.57,3.96,29.14
143960,21.92,61.79,37.33,0,94.7,92.3,837.6,30.78,12.25,6.64,29.31
143980,15.25,59.25,49.22,0,9.2,132.8,836.5,38.77,16.26,4.09,29.07
144000,7.47,52.41,66.91,6.21,96.7,103.1,796.2,37.86,4.19,3.99,29.84
144020,3.23,34.05,73.44,0,52.5,44.7,812.6,42.51,3.99,2.49,30.18
144040,0,28.34,80.35,8.47,47.8,16.1,819.9,35.97,-7.93,-6.49,30.42
144060,0,23.1,80.75,8.92,119.6,-61.3,847.0,35.88,-7.03,-4.63,30.29
144080,0.24,14.35,79.3,25.89,81.2,-141.3,840.8,31.84,-10.92,-3.2,30.33
144100,0.6,1.62,72.78,36.34,27.8,-111.6,862.1,25.83,-17.09,-5.17,30.75
144120,0,0,58.54,43.37,59.1,-147.7,876.1,18.08,-18.94,-5.39,30.72
144140,0.83,1.52,41.84,54.0,-0.7,-40.2,978.3,12.15,-22.08,-6.65,31.06
144160,0,0,31.04,72.34,61.3,-156.4,988.3,7.56,-22.91,-0.75,31.14
144180,0,0,17.07,67.78,-30.2,-198.3,1005.1,-7.51,-16.88,0.92,30.98
144200,0,1.84,10.09,56.28,-53.2,-75.4,960.7,-11.4,-10.74,1.56,30.58
144220,0,0,6.01,47.93,-82.8,-148.5,1031.5,-26.84,-11.57,2.46,30.88
144240,0,0,4.01,20.0,-101.5,-144.1,981.4,-27.35,-11.07,4.71,30.78
144260,0,3.61,0,17.62,-75.4,-100.7,983.3,-31.79,-9.12,4.11,31.12
144280,1.65,0,0,11.51,-193.2,-28.8,1030.4,-36.26,-3.15,1.88,30.35
144300,3.66,0,2.22,4.75,-57.7,-47.3,1075.2,-38.77,-0.62,2.56,30.1
144320,0,2.36,2.27,1.8,-86.2,-2.4,1048.4,-41.57,0.91,-2.25,29.77
144340,0,2.92,0,6.13,-109.8,86.5,958.1,-41.91,2.77,-1.74,29.9
144360,0,0,2.45,0,-85.2,59.1,977.1,-31.61,9.1,-2.72,29.11
144380,0,3.88,0,2.06,8.5,134.9,1040.4,-25.81,12.03,-4.08,29.13
144400,6.79,1.47,0,1.19,-13.5,113.6,959.7,-21.83,16.4,-6.02,28.96
144420,0.98,0,0,0.93,7.3,72.9,1024.9,-14.0,15.32,-2.94,28.29
144440,3.92,0,0,0,-38.1,149.6,968.1,-1.5,20.46,-0.38,28.3
144460,76.9,33.66,11.4,6.77,71.6,162.5,1007.4,7.74,15.65,-2.16,28.25
144480,56.75,38.59,22.5,0.31,142.7,170.8,931.0,19.36,23.33,5.32,28.28
144500,41.59,55.77,23.99,0.73,43.9,82.8,883.1,22.58,11.85,0.72,28.87
144520,22.62,53.57,41.23,0,131.7,123.5,841.9,29.84,19.96,1.45,29.59
144540,11.91,54.67,47.82,0.11,114.2,39.1,840.6,35.58,6.37,5.39,29.3
144560,6.12,48.12,63.76,0.45,29.5,-15.7,805.2,39.88,10.08,-1.13,29.9
144580,4.2,35.09,73.63,5.14,182.7,-12.2,855.5,38.23,-2.51,1.04,30.33
144600,0,31.23,86.04,7.96,30.6,-44.3,847.3,37.78,2.06,0.21,30.25
144620,5.1,15.6,81.34,14.75,105.6,-51.7,786.3,41.02,-5.39,-5.47,30.95
144640,0,7.29,76.73,29.25,103.3,-139.5,818.5,28.7,-12.42,-4.77,30.53
144660,0,2.11,62.75,42.23,55.4,-129.3,909.1,23.06,-16.16,-4.88,31.09
144680,0,3.11,55.5,51.67,33.3,-148.8,837.2,16.35,-14.73,-4.06,31.25
144700,7.35,0.97,39.18,60.04,63.8,-203.8,936.9,11.38,-22.64,-1.02,31.01
144720,0,2.66,29.51,70.77,9.2,-160.6,1024.9,0.69,-14.7,-2.66,30.72
144740,2.47,6.49,13.78,61.82,-33.8,-156.8,1030.3,-8.49,-14.19,4.52,30.94
144760,0,0,8.14,50.16,-37.7,-117.6,995.0,-22.89,-16.25,1.36,30.96
144780,0,3.68,8.07,38.33,34.2,-179.6,1035.9,-21.05,-12.6,3.79,31.15
144800,5.85,0,0,30.04,-158.8,-127.1,1009.3,-33.5,-9.72,2.98,30.5
144820,0,0,0,19.48,-61.9,-14.8,993.7,-36.12,-8.7,3.94,30.46
144840,0.49,1.53,1.55,11.67,-167.6,-70.4,957.1,-40.14,-6.3,5.23,30.02
144860,1.65,0,6.08,2.17,-61.2,16.1,941.8,-35.76,0.57,1.35,29.91
144880,0,1.59,0.98,6.18,-136.2,-10.4,1017.4,-34.07,8.22,-4.89,29.84
144900,0,0,0,0,-79.5,116.4,1005.5,-38.08,6.31,-3.21,29.14
144920,0,0,5.35,6.07,-86.8,-33.7,997.0,-35.18,7.53,-2.74,29.32
144940,3.65,0,0,1.58,-29.0,96.3,1062.1,-33.43,14.25,-7.57,28.81
144960,0,2.34,0.34,0,-64.8,113.7,990.9,-17.95,23.82,-3.72,28.36
144980,0,1.38,3.47,0,-4.6,118.7,1008.6,-6.16,13.7,-3.64,28.23
145000,77.69,17.0,10.88,0,-7.8,136.9,1012.3,-0.91,23.75,3.23,27.93
145020,68.81,33.64,5.26,2.11,-11.6,178.2,990.0,9.64,19.54,4.34,28.59
145040,52.3,46.71,11.77,0,-13.1,147.5,911.5,23.95,15.06,7.04,28.52
145060,36.75,53.62,27.53,0,38.7,-46.9,880.2,23.46,13.22,3.18,28.84
145080,20.27,57.28,41.07,0,54.6,104.8,919.2,28.6,16.12,8.21,29.39
145100,5.65,57.24,53.93,0,208.8,55.7,819.4,35.5,0.23,6.29,29.43
145120,0.79,44.44,68.44,1.9,152.5,152.2,802.8,38.06,3.64,1.42,29.93
145140,0,35.55,76.96,4.24,82.4,78.4,765.0,48.25,7.64,-3.45,30.14
145160,0,31.24,82.28,7.63,135.4,28.1,767.4,40.34,-7.58,-2.03,30.24
145180,1.22,15.05,83.3,16.02,46.7,-59.4,809.7,33.41,-6.84,-2.0,30.53
145200,0,6.26,75.7,30.21,18.4,-152.4,896.9,28.91,-9.03,-6.31,31.02
145220,4.16,0,63.07,41.46,63.7,-134.2,910.9,27.2,-14.66,-0.71,30.93
145240,0,7.84,53.6,51.96,16.6,9.8,888.0,20.0,-8.33,-1.99,30.66
145260,5.31,0,37.79,60.87,-5.1,-124.6,945.1,12.23,-18.3,-6.49,30.79
145280,3.77,3.14,27.28,66.32,67.9,-226.7,1010.5,-3.36,-20.03,0.89,31.06
145300,0,0,11.74,63.26,-3.2,-70.6,998.6,-9.42,-15.67,3.96,31.41
145320,0.23,0,8.59,48.49,-12.7,-181.5,998.0,-17.35,-21.48,7.38,31.15
145340,3.72,2.87,3.39,39.79,-108.5,-66.7,977.4,-23.41,-9.18,5.82,31.02
145360,0,3.19,3.08,23.48,-79.2,-47.9,981.0,-33.53,-20.33,7.96,30.47
145380,5.03,0,5.37,16.87,-93.5,-19.6,1037.2,-42.82,-3.21,1.35,30.2
145400,0,5.1,4.42,6.53,-104.0,-93.4,1029.1,-44.1,-6.59,5.75,30.28
145420,0.37,0,0.41,5.41,-78.1,-64.4,995.3,-43.28,1.99,0.55,30.27
145440,0,0.57,0,0,-151.5,108.2,988.9,-31.4,5.55,1.1,29.77
145460,1.38,0.16,0,0,2.6,91.4,994.3,-39.29,11.58,-4.51,29.56
145480,0,0,0,0,-85.2,87.4,967.2,-29.2,7.1,-2.26,29.37
145500,0.58,3.35,0,0,-112.9,148.6,983.3,-24.3,21.83,-5.77,29.25
145520,0,4.45,0,4.16,-66.4,174.0,999.4,-19.97,24.41,-6.76,28.37
145540,0.75,0,0,0,-78.5,73.4,998.0,-7.41,21.57,-2.68,28.24
145560,74.73,24.93,7.34,0,22.1,187.0,993.4,-1.62,28.79,-2.6,27.77
145580,72.66,36.43,14.59,0,21.3,155.1,962.9,8.76,21.24,2.88,28.52
145600,40.41,49.31,23.18,0,-38.5,75.6,900.8,15.53,13.06,6.73,28.57
145620,34.36,60.87,35.27,0,33.4,-2.9,908.2,27.76,13.57,7.39,29.34
145640,19.26,61.16,45.15,2.61,87.6,16.4,846.3,28.81,12.43,7.62,29.4
145660,5.11,54.83,59.96,3.47,144.8,65.4,790.4,32.68,11.96,6.59,29.27
145680,3.5,50.84,73.15,1.01,144.4,-50.8,795.3,41.36,-0.87,2.84,29.72
145700,4.5,35.06,78.2,6.73,93.8,-86.1,758.4,33.81,-4.58,-1.47,30.09
145720,0.97,17.11,84.13,5.03,111.3,-58.3,817.2,36.16,-4.29,-5.11,30.71
145740,0,15.0,83.77,15.42,59.1,-138.4,835.8,32.18,-11.35,-5.42,30.46
145760,0,7.56,66.83,27.15,79.0,-42.3,862.2,29.76,-4.6,-6.12,30.49
145780,0,0,55.52,48.85,8.2,-103.0,909.4,21.12,-14.94,-7.86,31.22
145800,0,0.17,47.93,54.68,96.7,11.8,950.2,8.55,-26.94,-4.02,30.72
145820,0,0,29.18,63.62,40.2,-161.7,988.8,10.68,-13.2,-3.16,30.84
145840,0,0.85,18.24,61.67,27.2,-182.3,1025.9,-1.92,-21.5,-1.29,30.88
145860,0,0,15.97,63.78,-45.8,-97.0,1022.1,-14.65,-28.76,-2.24,30.89
145880,0,2.39,8.9,46.16,3.7,-139.7,951.8,-24.71,-8.82,6.55,30.54
145900,0,0,1.5,33.11,-5.9,-160.0,997.0,-30.27,-14.78,6.56,30.8
145920,0,2.55,1.36,21.19,-99.6,-66.8,981.2,-33.06,-10.88,3.57,30.54
145940,1.52,0,3.4,11.34,-96.1,-120.1,980.8,-43.61,-10.71,1.64,30.23
145960,0,0,1.44,5.8,-88.5,12.7,977.4,-38.16,1.88,-0.38,30.42
145980,0.11,2.16,0,7.46,-172.8,4.6,1053.4,-34.66,1.67,2.04,29.65
146000,6.25,0,0,4.29,-176.9,-22.9,949.6,-38.21,11.22,-0.67,29.92
146020,4.02,0,5.49,3.46,-149.6,150.0,998.9,-36.7,13.77,-4.06,29.19
146040,1.07,0,0,0.19,-80.8,178.0,991.5,-26.37,18.61,-5.13,28.96
146060,1.48,3.12,2.43,0,-58.0,77.2,978.9,-24.28,11.4,-3.36,28.95
146080,2.58,6.57,2.46,0,-93.0,50.7,987.5,-10.76,25.05,-3.02,28.24
146100,0,1.75,0,0,-65.5,193.2,965.9,-4.04,16.44,-1.72,28.44
146120,71.75,27.53,10.22,4.73,36.0,184.9,998.0,3.67,18.13,1.87,28.58
146140,65.05,41.39,7.9,0.03,54.9,110.6,975.1,12.49,7.58,1.95,28.49
146160,51.39,43.39,20.5,0.44,122.1,120.2,909.8,18.4,11.87,5.51,28.95
146180,26.59,54.92,35.99,0,3.8,138.3,865.4,25.78,23.05,6.9,29.11
146200,12.38,59.29,46.06,0.69,138.8,86.1,815.1,32.59,6.13,6.06,29.39
146220,1.44,60.6,63.76,4.77,161.0,-84.4,876.8,38.98,19.08,4.65,29.73
146240,1.95,46.39,73.3,5.33,133.4,-19.4,803.9,39.25,-4.85,1.26,30.22
146260,0,32.17,79.88,9.44,170.4,78.3,841.2,36.84,-1.82,-3.74,30.66
146280,2.25,16.52,87.92,10.17,48.4,-21.0,828.9,33.99,-19.76,-0.83,30.41
146300,0,10.15,82.54,24.96,53.4,-73.3,862.6,32.72,-8.77,-4.8,30.5
146320,0,6.83,71.47,34.71,4.3,-132.5,852.5,25.91,-7.78,-5.8,30.79
146340,0,0.8,57.39,49.12,51.5,-118.6,847.3,19.99,-8.94,-5.69,30.89
146360,4.37,0.11,44.38,60.93,-51.0,-195.1,966.2,11.38,-29.87,-2.04,30.95
146380,0,1.01,28.15,66.05,-27.2,-161.4,961.7,6.87,-18.37,-2.86,31.02
146400,1.52,1.54,17.8,67.14,-113.2,-95.6,1018.5,-7.25,-17.2,-2.02,30.81
146420,0,0,12.86,57.14,-72.1,-70.4,1003.1,-13.25,-17.02,7.76,31.04
146440,0,0,7.42,47.44,-108.7,-78.2,1001.3,-14.38,-15.7,6.04,31.02
146460,0.28,0,2.3,32.3,-70.8,-142.9,1012.6,-33.37,-19.07,5.46,30.79
146480,1.03,0.84,0,25.72,-58.5,-127.2,948.5,-30.62,-4.65,0.94,30.63
146500,0,0.53,0,12.24,-66.9,-8.2,1027.9,-37.6,-5.94,3.39,30.51
146520,0,2.02,0,5.99,-76.8,-15.2,1022.3,-34.83,-1.42,1.25,30.11
146540,0,0,0.28,6.31,-116.2,76.8,1018.6,-41.43,-3.41,-1.66,30.08
146560,1.9,0,0,1.78,-130.1,89.9,973.8,-34.79,8.62,-2.05,29.8
146580,3.96,0,0,0.32,-55.2,21.4,1006.6,-31.79,22.66,-7.75,29.41
146600,0.6,2.12,0.7,0.49,16.3,204.8,926.2,-29.16,17.14,-3.99,28.98
146620,0.97,0,2.22,0,-58.8,47.0,994.6,-21.73,15.89,-2.5,28.84
146640,2.48,0,0,2.08,-90.2,198.9,947.5,-16.56,19.2,-5.28,28.11
146660,4.17,0,1.65,2.6,-5.2,131.3,1024.3,-0.34,27.67,-0.75,28.03
146680,71.64,33.86,11.51,0,-7.7,130.7,953.5,12.41,18.6,0.65,28.18
146700,58.66,41.44,17.12,0,-10.8,137.8,925.6,12.63,17.93,1.81,28.59
146720,38.41,50.61,21.09,2.32,67.4,188.3,836.7,26.29,21.54,6.39,28.76
146740,24.29,48.96,33.16,3.34,163.1,110.6,852.1,29.3,16.76,5.42,29.41
146760,11.23,57.45,50.33,2.76,-1.3,96.0,838.4,37.19,11.9,4.04,29.52
146780,5.95,51.16,61.94,2.48,44.5,45.1,812.2,42.99,6.81,0.18,29.72
146800,4.25,39.79,74.23,0.27,129.3,-24.5,823.1,38.98,-0.01,1.8,29.95
146820,0,26.44,79.46,2.18,154.4,7.1,804.8,37.22,5.6,0.58,30.39
146840,0,18.24,88.91,19.15,66.5,1.6,829.0,37.8,-5.66,-3.31,30.25
146860,1.95,11.53,77.65,18.9,91.1,-143.4,810.6,31.28,-7.9,-5.9,31.08
146880,0.84,6.8,71.46,37.85,167.6,-95.6,847.0,28.92,-11.54,-5.46,30.92
146900,2.04,0.14,56.22,54.15,96.6,-191.9,886.0,18.13,-14.88,-0.32,30.88
146920,0,1.17,41.32,61.64,15.2,-122.9,931.1,9.48,-24.2,-1.28,30.4
146940,2.3,0,23.32,65.53,-46.7,-177.6,1004.6,-0.5,-23.54,1.27,31.24
146960,2.01,1.95,15.48,66.76,49.1,-242.4,963.7,-9.62,-25.03,5.16,30.86
146980,1.8,0.7,6.33,51.49,-67.5,-159.4,1021.1,-12.66,-16.59,4.92,30.94
147000,2.02,6.6,9.76,37.94,-138.0,-67.6,970.4,-22.41,-17.86,3.09,30.93
147020,2.68,0,3.61,30.48,-87.4,-106.4,1005.2,-30.57,-12.41,6.37,30.61
147040,5.51,5.24,8.62,13.92,-107.4,15.4,972.6,-37.19,-14.61,0.95,30.39
147060,3.75,0,3.5,12.11,-130.6,9.3,1045.8,-35.37,-11.06,5.99,30.72
147080,0,0,0.53,4.93,-113.7,25.9,968.6,-41.13,-5.42,-0.5,30.17
147100,0,0,1.28,5.68,-142.1,-84.8,1040.0,-42.85,10.83,0.77,29.57
147120,0,0,0,1.3,-120.1,-27.9,1034.5,-33.19,17.75,-2.35,29.52
147140,0,2.41,0,2.8,-153.9,87.8,1006.5,-35.98,20.69,-5.93,29.01
147160,0.61,0,0,0,6.1,186.6,992.7,-23.27,7.69,-6.01,28.94
147180,0,0,3.12,0,-14.5,158.0,962.3,-16.36,15.19,-5.63,29.15
147200,0,0,0,0,12.2,99.4,998.6,-12.09,17.13,-1.07,28.45
147220,0,0,0,5.46,-13.9,33.3,1052.4,-1.4,23.39,0.39,27.76
147240,71.3,30.16,11.02,0,28.7,171.8,986.3,8.46,24.85,3.53,28.19
147260,57.44,46.95,12.03,0,41.0,102.8,901.0,18.93,13.9,2.07,28.5
147280,45.32,50.04,28.19,0,104.9,127.7,838.6,30.33,12.54,3.79,29.07
147300,23.7,63.18,41.1,4.12,35.6,54.9,884.5,33.72,17.91,5.38,29.33
147320,11.35,54.61,56.43,4.59,69.8,33.7,838.8,29.51,13.7,2.75,29.35
147340,0.65,47.34,72.91,1.51,91.1,130.5,823.8,41.05,4.43,2.0,29.63
147360,1.07,39.79,78.52,0.61,95.8,20.3,790.3,37.31,8.24,-1.84,30.09
147380,6.25,30.45,88.58,6.74,116.0,-92.0,830.7,43.86,-8.67,-4.5,30.63
147400,0,11.02,83.4,14.85,109.7,-83.3,827.6,37.29,-9.59,-6.06,30.93
147420,1.0,5.39,74.86,29.63,62.0,-58.5,839.8,29.53,-11.06,-2.18,30.94
147440,0,0,60.36,42.64,103.2,-80.2,873.6,21.6,-8.56,-5.37,30.52
147460,1.46,2.87,55.08,48.35,18.6,-70.6,881.4,17.63,-21.98,-2.27,30.64
147480,0,0.65,39.27,61.54,3.1,-206.1,965.7,11.2,-24.96,-0.53,31.0
147500,0,1.47,21.95,69.72,-18.1,-205.0,984.1,1.13,-20.96,0.44,30.94
147520,1.53,0,15.9,59.12,56.6,-166.7,960.6,-7.12,-15.89,2.69,30.76
147540,2.73,0,4.05,46.64,-72.1,-91.1,973.0,-16.41,-22.96,3.41,30.89
147560,2.12,0.9,9.29,41.9,-28.8,-51.9,984.8,-24.47,-19.4,3.57,30.73
147580,0,0.43,4.84,24.8,-102.2,-3.4,1046.7,-33.28,-7.47,5.5,30.69
147600,6.02,0,2.44,14.78,-44.4,-66.0,1025.2,-37.48,-4.71,3.32,30.71
147620,0,0,0,6.48,18.3,1.0,1024.6,-37.22,-7.94,0.31,30.29
147640,0,0.54,8.23,0,-45.8,54.7,977.2,-38.76,-4.39,-0.37,29.97
147660,0,0,2.83,3.57,-169.2,59.5,1015.4,-33.42,7.39,-6.17,30.22
147680,0,0,2.97,0,-24.9,68.4,997.5,-36.78,12.53,-2.84,29.59
147700,0,0,0,0,-73.9,184.7,1040.9,-28.55,1.25,-6.16,29.38
147720,1.75,0.91,2.38,0,62.1,144.8,980.6,-25.85,15.92,-7.25,29.2
147740,0,3.4,0.76,1.48,66.6,138.5,950.4,-12.22,18.46,-4.22,29.08
147760,0.15,0,0,0,-9.6,113.8,966.5,-1.59,5.55,2.64,28.49
147780,79.79,21.87,10.18,1.32,-58.8,108.9,985.5,-0.28,13.38,2.07,28.13
147800,72.48,31.3,8.92,0.09,-25.0,162.0,935.4,10.89,16.94,-0.89,28.33
147820,50.35,44.16,19.99,1.06,119.6,141.8,897.9,23.31,12.71,3.58,28.39
147840,33.89,54.07,34.38,0,52.7,179.5,880.3,25.01,17.13,8.28,29.11
147860,20.85,60.28,46.38,0.62,87.5,80.1,898.5,31.5,5.01,9.23,29.21
147880,13.46,53.47,55.53,4.92,86.3,58.1,792.5,39.58,8.19,3.28,29.45
147900,1.54,43.54,73.4,0,68.0,-19.3,805.0,39.1,6.27,0.02,30.04
147920,7.97,33.45,83.17,7.31,180.5,48.5,782.4,44.19,0.53,-0.99,30.34
147940,0.72,21.71,80.12,11.01,88.3,-69.2,784.9,36.92,-2.52,-6.27,30.45
147960,0,17.66,81.18,19.02,34.4,-84.4,814.5,37.83,-2.39,-5.02,30.38
147980,3.79,8.07,73.94,23.77,39.1,-123.8,889.2,28.82,-4.6,-6.57,30.64
148000,3.16,2.57,60.96,38.56,89.5,-136.2,871.6,25.08,-21.2,-8.28,30.61
148020,0,7.37,44.8,59.26,57.3,-120.2,935.3,16.73,-21.53,-2.58,31.05
148040,2.52,0.85,39.21,62.25,49.8,-246.0,969.0,12.52,-15.93,-3.25,31.25
148060,0.96,0,20.21,62.34,7.6,-130.9,1056.4,-4.0,-18.36,0.72,31.21
148080,0,4.11,14.52,58.72,44.0,-157.7,983.3,-8.77,-22.48,2.51,30.96
148100,0,1.16,6.86,47.04,-108.7,-162.8,984.7,-17.75,-22.58,4.95,30.58
148120,4.3,0.22,0.5,42.42,-57.7,-184.4,994.9,-28.18,-16.91,1.49,30.89
148140,0,1.17,0,25.0,-81.9,-129.6,1014.2,-33.98,-6.89,6.92,30.83
148160,0,0.03,0,11.32,-109.0,-47.0,975.7,-38.57,-8.17,1.14,30.2
148180,0,0,3.88,7.8,-94.3,-79.2,982.7,-41.49,-8.64,-1.0,30.29
148200,0,2.99,0.61,6.32,-97.9,22.0,972.4,-48.16,-4.79,-1.01,30.03
148220,0,0,0,0,-99.2,36.1,987.5,-35.65,5.16,-4.48,29.58
148240,0,0,0,0,21.3,115.7,983.6,-35.67,10.42,-5.29,29.42
148260,2.69,0,0,0,-164.7,192.7,1068.9,-31.43,20.8,-10.57,29.55
148280,0,5.97,0,0.41,-108.0,75.5,1027.0,-23.18,3.29,-7.43,29.08
148300,3.05,0.33,0,0.84,-5.2,187.6,1038.5,-10.71,20.61,-3.14,28.51
148320,0,0,0,0,-10.4,182.9,974.3,-3.48,27.47,-0.22,28.41
148340,76.98,26.52,9.05,4.15,68.1,143.3,981.9,-1.22,17.54,3.67,28.07
148360,63.57,39.69,11.21,1.89,-49.1,254.9,948.7,15.38,24.91,3.33,28.62
148380,49.34,47.33,24.17,4.04,-1.9,14.9,888.4,20.96,11.84,2.5,28.9
148400,35.09,51.15,33.82,1.21,86.2,144.5,874.5,20.54,11.15,8.45,29.82
148420,15.79,58.71,43.17,0.68,58.4,11.2,805.0,33.25,24.55,2.01,29.63
148440,6.91,48.12,55.97,0,141.1,96.6,768.1,32.43,4.37,4.4,29.41
148460,0,42.73,74.67,5.09,-5.0,65.3,755.6,36.48,-2.18,1.64,29.96
148480,0.71,32.24,79.68,5.17,91.4,-104.2,849.1,39.6,-7.05,0.07,30.06
148500,0.58,23.48,85.21,16.07,124.2,-58.2,807.7,35.64,-11.77,-4.56,30.71
148520,1.45,12.5,80.4,25.27,104.1,-172.3,844.4,39.75,-8.7,-4.32,30.25
148540,2.9,7.65,72.42,28.4,77.0,-144.0,786.5,31.73,-15.7,-3.82,30.85
148560,0,4.86,57.79,44.74,109.0,-132.9,872.1,21.66,-22.21,-6.0,30.85
148580,0.34,3.8,45.42,55.18,32.1,-175.1,931.0,16.03,-15.95,-3.26,30.78
148600,0,0,35.12,67.29,60.1,-130.9,939.3,2.48,-15.25,-0.46,31.16
148620,3.05,2.49,22.0,63.62,-76.1,-196.7,1024.2,-5.91,-14.58,3.57,30.87
148640,0.74,0,14.96,62.24,-58.4,-146.7,995.9,-14.65,-16.88,0.99,31.07
148660,0,0,9.04,49.8,-37.0,-95.5,972.9,-22.57,-15.53,5.95,30.53
148680,1.5,2.59,3.58,32.73,-101.6,-53.2,971.6,-27.96,-6.09,5.32,31.07
148700,0.17,0,9.73,21.46,-136.2,-66.5,969.0,-38.91,-9.3,2.84,30.29
148720,1.88,0,0,13.43,-89.5,-86.8,986.5,-39.8,-9.52,4.93,30.28
148740,2.1,0,0,8.82,-226.4,18.3,988.7,-36.34,-0.73,1.22,30.2
148760,2.22,0,4.42,4.66,-80.3,-31.1,970.0,-43.19,-9.26,-0.83,30.35
148780,0,2.36,2.13,0,-29.1,151.7,967.2,-34.57,8.24,-3.56,29.59
148800,7.58,1.34,0.97,2.35,3.9,93.4,993.3,-33.28,14.24,-1.28,29.43
148820,2.56,0,1.57,0,-142.3,125.5,1012.6,-28.26,7.59,-4.24,29.13
148840,0,1.71,0.06,0,-23.3,245.4,992.3,-19.75,17.87,-1.48,28.84
148860,2.19,1.59,0,5.07,-89.0,120.3,1044.6,-9.91,25.47,-4.99,28.41
148880,4.0,0,3.17,0,-47.5,52.0,1015.1,2.21,19.3,0.47,28.12
148900,72.04,29.63,8.48,1.14,54.6,224.3,963.3,3.04,27.96,2.56,28.5
148920,63.87,36.01,13.62,4.07,25.4,231.5,939.2,18.73,24.24,2.04,28.91
148940,45.77,48.63,25.31,0,10.9,161.6,884.0,19.21,19.46,5.82,29.21
148960,26.41,55.31,32.52,0,168.4,36.3,891.4,26.24,9.95,4.27,29.21
148980,10.1,59.55,45.04,0,51.7,71.0,811.4,32.66,1.68,1.5,29.46
149000,6.76,48.03,62.68,1.8,46.8,-48.4,868.7,38.07,5.3,2.26,29.58
149020,3.35,40.37,82.2,1.51,188.8,31.2,800.2,38.95,11.13,2.12,29.9
149040,2.47,23.13,78.81,5.88,170.3,35.3,764.1,40.09,-4.41,-2.73,30.3
149060,4.69,16.7,84.27,13.35,23.3,-25.8,803.9,37.57,-8.08,-5.77,30.15
149080,0,9.86,77.72,21.55,57.8,-78.5,845.1,33.49,-15.17,-4.66,30.56
149100,0,8.52,72.19,33.99,67.6,-66.3,853.6,29.83,-11.19,-7.79,30.79
149120,0,3.61,50.48,47.6,21.4,-99.1,896.7,17.78,-15.68,-2.36,30.85
149140,1.05,8.06,38.2,58.0,10.8,-119.2,964.1,15.99,-6.11,-6.71,30.97
149160,2.83,0,26.12,65.1,-10.6,-89.6,963.7,5.5,-19.53,-1.85,31.06
149180,0,0.65,18.54,62.35,-82.8,-195.0,1016.5,-2.58,-16.34,1.91,31.02
149200,0,5.43,12.25,50.35,82.1,-93.0,993.7,-18.82,-14.66,5.0,31.07
149220,0.47,0,4.38,46.08,-153.8,-121.2,991.1,-20.35,-18.12,2.39,30.94
149240,3.67,0.72,2.76,27.67,-74.8,-105.5,1030.9,-31.5,-8.18,4.76,30.75
149260,0,0.73,0,12.65,-216.7,-100.9,974.1,-31.97,0.3,2.6,30.35
149280,3.05,4.53,0,14.46,-69.3,-67.9,994.8,-47.81,-3.52,4.17,30.32
149300,0,2.92,0,6.01,-107.1,49.7,1023.3,-38.79,7.92,0.79,30.17
149320,2.45,0,0.38,1.24,-121.5,38.0,1013.7,-45.21,-0.61,-0.55,29.82
149340,2.61,2.84,10.98,0.93,-91.7,58.4,932.7,-40.35,9.67,-3.17,29.61
149360,0,1.77,1.97,0,1.7,117.1,956.0,-31.57,15.2,-5.12,29.73
149380,2.99,1.47,0,0,-32.0,193.6,965.4,-25.95,21.01,-1.06,28.92
149400,0,4.67,1.85,0,-67.7,42.1,984.6,-16.22,19.2,-4.7,29.24
149420,0,0,8.2,0,-84.3,30.2,1037.4,-5.71,26.2,-4.53,28.09
149440,0.07,3.13,0,0,-15.0,97.1,1031.1,-5.44,18.99,0.26,27.82
149460,76.56,34.67,8.31,3.93,64.1,170.0,987.2,8.24,13.81,-1.71,28.13
149480,53.29,44.6,20.99,5.18,-42.0,48.0,937.5,17.2,13.69,7.06,28.83
149500,38.71,54.49,22.45,0,43.5,117.8,891.1,27.6,20.16,4.09,28.96
149520,25.91,58.18,42.22,5.45,131.4,148.9,867.2,27.58,13.63,6.27,29.46
149540,11.0,56.39,55.86,4.08,52.6,24.4,809.9,37.4,11.95,4.36,29.71
149560,5.55,51.43,64.06,0.28,75.6,64.8,790.1,39.96,4.77,3.64,29.85
149580,0.93,45.05,72.66,8.6,158.5,3.3,773.4,40.87,2.27,-2.16,30.12
149600,2.27,26.76,85.39,7.6,166.1,-16.4,766.3,35.77,-6.92,2.41,30.27
149620,2.16,15.41,81.73,15.96,104.3,-78.9,817.1,38.49,-9.06,-1.47,30.9
149640,2.91,7.46,75.58,24.5,126.6,-177.5,860.2,35.66,-12.71,-3.81,30.73
149660,0,0.02,68.11,34.22,56.3,-155.1,916.0,28.08,-8.55,-4.5,30.7
149680,3.16,0,52.36,49.85,-8.1,-184.9,884.2,14.1,-22.86,-2.32,30.71
149700,2.96,7.95,35.54,62.22,43.5,-76.8,940.6,5.23,-19.85,2.02,31.1
149720,4.4,0,30.45,64.89,-93.7,-121.8,1008.4,3.32,-23.88,1.64,31.07
149740,0,1.67,12.08,67.08,-109.1,-244.0,1016.0,-4.23,-21.36,3.37,31.14
149760,0,0.23,1.63,46.15,-7.8,-166.8,998.1,-18.37,-21.67,-2.21,31.17
149780,1.01,3.28,7.85,42.29,-41.8,-149.6,1004.6,-26.62,-14.76,5.8,30.75
149800,1.86,0,1.11,27.42,-63.4,-112.0,978.2,-36.74,-14.59,2.73,30.62
149820,0,0.17,1.6,17.83,-106.4,-115.2,996.5,-41.05,-10.77,5.18,30.35
149840,0,0.56,4.35,14.83,-149.8,-83.2,981.0,-38.12,-4.83,0.05,30.46
149860,1.47,0,0,5.7,-114.8,59.4,968.8,-40.25,-1.51,1.61,30.49
149880,0.25,0,1.7,0,-92.8,-6.6,1009.0,-38.81,2.34,0.15,29.57
149900,0,1.08,0,0.88,-168.9,52.4,1042.4,-36.39,-1.09,-1.57,29.52
149920,0,0,0,0.02,-81.4,137.6,1041.1,-33.86,5.57,-5.4,29.4
149940,0,0,1.96,0,-59.5,93.8,983.9,-21.52,13.27,-4.48,29.2
149960,3.48,1.93,0,0,-75.4,86.6,992.7,-16.93,13.99,-5.36,28.61
149980,2.07,5.7,3.72,0,-51.3,110.4,1022.4,-13.71,23.25,-2.51,28.25
150000,79.12,24.84,1.79,0,26.9,173.1,1020.7,-6.76,31.04,0.8,27.65
150020,71.95,37.81,17.92,0,22.4,124.4,946.9,8.15,20.4,-0.48,28.7
150040,51.91,41.54,15.62,0,80.6,43.6,925.2,15.76,20.7,3.47,28.31
150060,35.42,51.21,27.39,2.56,136.2,126.6,861.2,26.61,16.83,11.15,28.84
150080,13.4,58.56,39.7,5.02,107.7,100.0,894.6,27.34,14.5,2.77,29.46
150100,8.91,54.8,54.56,4.58,76.2,-51.0,820.5,37.85,6.14,-1.78,29.77
150120,0,50.3,71.9,5.51,183.6,-22.5,805.8,41.11,6.46,7.91,29.95
150140,1.87,37.33,78.16,7.9,80.7,47.7,852.6,40.49,-0.36,-1.27,30.18
150160,0,23.86,81.43,13.0,95.8,-20.8,809.1,37.34,-6.62,1.12,30.72
150180,0.92,16.99,84.52,15.94,134.1,-40.8,861.5,39.11,-5.44,-5.66,30.53
150200,0,9.0,75.93,24.73,125.5,-7.4,807.1,31.15,-16.7,-7.57,30.86
150220,4.47,3.64,69.6,42.37,41.3,-212.9,858.7,20.3,-14.37,-8.15,30.74
150240,3.49,2.14,52.43,52.5,25.0,-55.5,932.4,15.8,-26.89,-3.73,31.26
150260,0,0.8,40.06,64.96,36.9,-202.8,980.0,3.36,-20.73,-1.77,31.0
150280,0,0,25.85,67.45,-20.6,-110.1,1000.0,-4.73,-25.13,-0.15,30.68
150300,1.34,2.05,13.61,62.77,-1.5,-110.7,998.4,-7.27,-16.13,2.44,31.04
150320,6.52,4.65,3.91,46.27,-142.0,-172.1,945.8,-18.46,-14.06,4.56,30.87
150340,2.44,1.22,7.11,38.61,-48.9,-54.2,1009.2,-22.45,-16.13,4.83,30.81
150360,2.72,0.09,0,22.04,-136.6,-109.9,975.9,-30.06,-14.15,2.6,30.58
150380,0,0,0.42,19.39,-40.7,-64.1,1053.9,-32.33,-7.36,2.06,30.92
150400,0.36,2.04,6.26,9.85,-111.0,-10.8,998.7,-36.62,-2.17,4.02,30.44
150420,0,0,0,0,-77.8,-30.0,982.7,-41.5,2.62,-0.19,30.13
150440,0,0,2.02,7.45,-228.3,66.1,976.6,-43.12,9.2,-2.52,29.83
150460,2.93,5.49,0,3.04,-127.3,53.0,1051.7,-30.79,12.69,-5.13,29.45
150480,5.41,2.7,1.39,0,-57.7,121.7,987.4,-31.34,11.43,-7.97,29.09
150500,0,0.66,0.11,0.83,-74.4,20.7,948.9,-27.17,13.28,-5.89,28.66
150520,0,0,0,1.37,1.7,171.4,1055.4,-21.0,20.23,-1.41,28.89
150540,1.77,0,0,2.24,-9.5,165.0,1000.6,-8.26,21.12,-2.14,28.16
150560,73.45,23.08,8.71,0,-20.9,106.6,1034.6,7.44,13.62,1.37,28.12
150580,67.29,32.43,13.08,3.03,69.5,136.3,980.5,13.51,29.91,-1.82,28.99
150600,47.91,52.13,18.13,0,-6.4,23.1,910.7,14.66,18.75,2.99,28.82
150620,32.1,56.56,31.56,6.04,-17.1,11.2,812.0,24.34,21.98,3.93,29.15
150640,14.76,54.25,40.21,0,118.8,81.0,849.5,31.42,7.99,0.75,29.06
150660,8.36,52.14,52.14,1.69,152.8,48.7,804.3,36.99,13.22,3.46,29.34
150680,1.95,50.45,72.37,8.96,88.1,51.1,804.6,43.67,7.62,-1.87,29.84
150700,2.63,28.75,81.56,2.91,70.5,29.6,796.5,35.38,-3.16,-0.76,29.85
150720,1.57,20.93,82.36,17.1,52.1,-38.7,809.6,37.7,-9.58,-5.72,30.35
150740,0,10.99,82.06,22.88,69.2,-53.6,816.7,34.36,-7.16,-0.43,30.69
150760,0,6.98,70.39,28.18,37.8,-41.5,830.0,31.9,-7.77,-6.44,30.84
150780,0,0.5,67.06,41.99,70.7,-118.4,950.3,21.73,-31.91,-6.74,31.26
150800,0,2.85,45.92,53.65,22.5,-149.4,938.3,15.99,-19.34,-4.17,30.69
150820,2.61,0.06,28.74,66.52,50.8,-56.7,963.3,8.3,-9.23,-1.95,31.09
150840,1.66,0,23.96,60.94,-13.9,-157.9,988.6,-2.88,-27.35,3.37,31.23
150860,2.66,0,10.06,60.98,1.5,-148.1,1007.6,-9.21,-14.11,2.03,31.03
150880,4.25,5.3,1.07,47.98,48.1,-77.1,1061.2,-20.43,-22.23,2.97,30.86
150900,0,0,0,29.85,-74.4,-130.7,1027.7,-29.63,-19.94,3.68,31.03
150920,2.6,0.6,5.89,19.01,-34.4,-55.7,989.1,-31.36,0.69,0.21,30.56
150940,0,1.92,0,9.34,-194.9,-35.9,995.2,-32.89,1.86,3.48,30.38
150960,0,3.5,0.1,6.45,-41.0,-94.0,1039.6,-36.67,-5.57,3.22,30.23
150980,0.11,0,0.62,1.29,-44.1,-65.5,1036.0,-38.48,8.9,-0.35,30.09
151000,4.07,2.05,0,3.09,-104.6,76.4,964.1,-41.44,8.33,-5.79,29.87
151020,0,0,2.69,0,-95.4,37.8,1020.7,-32.21,14.34,-4.17,29.45
151040,0.88,0,0,1.13,-40.6,83.0,1016.6,-25.36,23.87,-4.15,29.36
151060,0,0,0.76,0.9,-18.4,72.8,990.3,-21.33,12.21,-4.27,28.84
151080,2.7,0.77,0.06,0,-30.9,126.2,986.3,-9.53,18.49,-4.13,28.57
151100,0.76,0.3,0,0.14,-8.7,164.5,966.4,-5.41,9.22,-5.89,28.35
151120,73.09,28.33,9.05,0,102.1,134.5,1031.1,0.56,7.69,2.92,28.18
151140,62.74,41.72,11.88,0.13,128.7,99.0,916.6,11.11,27.9,1.8,28.55
151160,45.22,50.11,21.06,0,61.2,86.8,924.0,20.41,14.19,3.59,29.04
151180,23.71,59.14,27.02,0.02,94.0,70.8,853.8,27.39,12.04,6.09,28.95
151200,10.05,56.15,47.93,2.14,28.5,16.1,828.8,36.79,8.59,-0.13,29.46
151220,6.25,56.04,61.78,4.77,167.2,70.1,794.1,37.64,10.92,1.41,29.96
151240,2.43,37.8,70.92,2.69,112.8,77.2,785.5,35.43,9.33,-0.71,29.91
151260,4.35,27.63,81.43,1.3,199.8,-49.0,753.1,35.51,6.23,0.08,29.84
151280,0,17.79,85.33,13.12,102.2,12.2,796.5,38.66,-13.17,-4.77,30.61
151300,0.67,13.78,81.83,18.99,77.4,16.5,863.2,33.02,-11.12,-6.95,30.52
151320,0,6.62,77.08,38.25,78.6,-145.0,830.4,29.66,-11.62,-3.05,31.17
151340,0,4.9,60.83,51.13,24.6,-220.1,864.0,16.11,-10.56,-5.73,30.84
151360,0,0,40.12,56.85,159.4,-172.2,979.9,13.34,-22.34,-0.66,30.82
151380,2.96,2.87,28.46,64.92,13.1,-160.3,955.3,6.12,-13.24,-4.88,30.92
151400,0,0,19.06,69.06,95.2,-61.4,939.8,-7.53,-15.07,3.47,31.03
151420,0,5.35,10.57,54.97,-14.9,-123.2,941.6,-15.51,-11.19,0.32,30.87
151440,0,6.66,8.5,44.12,-10.7,-107.0,1004.1,-30.19,-18.12,5.19,31.03
151460,0,7.09,0.15,29.63,-150.8,-25.4,1015.4,-29.91,-11.85,3.8,30.58
151480,1.73,0,0,24.85,-82.1,-107.0,1069.9,-31.43,-5.49,6.84,30.11
151500,2.42,0,2.15,0.66,-115.9,-39.6,989.5,-36.01,-11.21,4.66,30.36
151520,4.24,0,0,2.84,-31.9,-47.6,1011.8,-43.76,0.85,1.78,29.98
151540,0,0,0,1.04,-76.6,32.8,997.4,-35.56,1.88,-1.69,29.94
151560,0,1.87,5.08,5.61,-150.3,38.2,1027.3,-41.65,-4.43,-1.47,29.72
151580,0,3.29,1.97,4.32,12.8,105.8,994.5,-34.98,21.25,-4.92,29.64
151600,0,6.63,1.12,0,-26.5,197.0,997.2,-28.49,14.65,-3.69,29.16
151620,3.01,3.06,1.11,3.77,-9.2,83.5,1004.8,-19.23,17.53,-6.75,28.73
151640,1.74,0,0,0.74,-48.7,141.4,1009.4,-10.45,20.77,-1.19,28.37
151660,0,0,0,4.07,-32.3,105.2,1043.3,-1.12,18.47,-1.04,27.9
151680,71.27,22.92,11.66,3.54,-16.2,176.6,937.1,8.14,19.61,4.14,28.37
151700,59.3,43.6,15.4,0,40.0,174.2,979.7,10.79,7.54,3.48,28.64
151720,39.6,49.07,25.7,0,59.4,45.6,927.3,23.14,17.57,6.14,28.74
151740,17.58,61.24,34.22,0,-32.9,79.0,823.7,25.45,18.6,5.04,29.29
151760,7.38,56.86,49.6,1.23,127.1,116.3,809.4,34.08,7.68,5.89,29.35
151780,11.01,51.9,63.46,1.36,68.2,55.9,871.5,37.76,10.84,3.25,29.77
151800,0,43.11,69.19,8.85,41.7,62.1,799.8,30.79,0.6,0.98,30.12
151820,0,28.76,81.25,5.43,67.5,-16.5,795.8,42.07,2.99,-4.56,30.47
151840,3.44,16.84,83.5,11.63,90.9,-94.9,833.6,39.28,-13.64,-3.07,30.22
151860,2.76,9.54,84.81,21.49,54.9,-40.4,772.7,30.98,-9.63,-5.3,30.77
151880,0,3.28,68.45,39.49,159.7,-117.2,845.5,29.83,-13.18,-6.59,31.04
151900,2.3,8.08,55.07,46.64,127.0,-107.0,872.4,22.31,-16.93,-3.21,30.66
151920,2.25,4.9,41.46,57.12,-32.7,-95.2,990.2,9.88,-26.07,1.42,31.15
151940,2.57,1.01,27.64,65.04,-51.4,-242.7,1047.8,1.97,-22.71,-2.25,30.73
151960,0,0,18.35,62.52,-32.7,-135.7,996.8,-9.18,-12.22,1.5,31.06
151980,0,2.08,10.3,58.21,-25.6,-121.2,970.1,-14.63,-21.56,1.31,31.05
152000,0.61,0,5.98,38.92,-92.3,-92.2,993.5,-19.62,-22.41,3.76,30.91
152020,0,3.85,1.72,32.64,-52.9,-47.2,1019.1,-38.86,-8.84,3.28,30.65
152040,2.44,0,0.17,18.03,-115.8,-81.8,1014.0,-36.11,-14.8,3.1,30.73
152060,5.47,0.31,0,10.67,-58.5,-47.5,1041.9,-39.77,5.62,1.62,30.37
152080,0,0,2.46,6.41,-125.0,-34.4,1034.4,-32.16,4.67,-2.29,29.82
152100,0,0,0.29,5.58,-55.0,84.2,1002.5,-41.08,-0.24,1.81,30.34
152120,4.04,3.14,0,0,-88.0,48.9,982.2,-37.15,0.59,-10.01,29.43
152140,1.3,1.18,1.54,5.69,-48.4,90.6,990.6,-29.08,15.46,-4.49,29.2
152160,1.02,6.28,0,4.94,-6.1,82.6,974.4,-31.57,25.35,-3.58,29.16
152180,0.67,4.01,0.89,2.66,-45.0,149.9,979.0,-21.22,20.76,-3.51,28.94
152200,0.2,0,0,0,-8.3,168.4,1000.6,-6.83,19.0,-2.75,28.35
152220,0,0,1.58,0,84.3,83.9,1002.3,0.8,20.08,0.61,28.28
152240,73.62,29.02,5.61,0,36.6,202.9,953.0,3.53,21.87,0.98,27.99
152260,47.7,36.29,10.19,9.39,37.5,203.6,892.5,15.98,24.6,5.58,28.71
152280,36.35,55.56,19.3,0.38,72.2,145.2,856.6,25.83,20.22,5.02,28.87
152300,21.01,66.82,39.85,0.53,44.5,130.3,871.9,28.64,10.44,5.97,29.1
152320,11.06,53.48,52.99,0,133.6,103.6,782.1,34.92,4.04,5.84,29.64
152340,3.66,48.06,70.12,3.34,50.7,-32.4,812.5,38.56,-6.83,4.5,29.62
152360,1.03,40.85,74.95,1.47,237.6,43.5,809.2,38.64,-6.2,-0.39,29.77
152380,1.3,20.58,81.12,6.37,144.2,-9.8,850.1,38.77,0.39,1.31,30.28
152400,0,19.55,84.72,21.62,82.0,-116.4,796.5,33.98,-0.47,-7.72,30.56
152420,0,7.25,76.16,23.3,84.8,-120.5,847.2,33.96,-15.07,-5.13,31.03
152440,0,4.04,61.11,37.42,91.1,-175.2,945.9,26.77,-10.05,-3.74,31.0
152460,2.81,0.01,53.48,50.09,13.8,-167.7,967.4,21.3,-15.2,0.31,31.03
152480,0,1.97,31.29,63.12,106.2,-158.0,957.2,9.4,-25.66,1.35,30.79
152500,1.24,0,28.57,68.05,18.5,-140.9,974.6,5.33,-19.54,-0.01,31.01
152520,0,0,13.35,58.06,24.1,-154.4,960.8,-11.13,-25.14,-2.32,30.74
152540,1.31,2.19,4.56,47.87,46.1,-112.3,1024.7,-10.05,-22.18,1.63,30.83
152560,3.45,2.8,6.71,36.21,-98.5,-127.6,992.0,-28.4,-11.43,4.56,30.73
152580,0,0,2.45,24.26,-74.5,-93.0,936.8,-28.86,-19.29,6.92,30.84
152600,0.29,0,1.86,17.92,-34.7,-122.1,936.6,-34.88,-8.15,2.27,30.2
152620,0,0,0,10.35,-153.3,-140.9,1008.0,-40.96,-1.45,3.23,30.11
152640,0.7,0.52,2.97,5.85,-41.2,0.0,997.6,-41.33,1.04,0.09,30.07
152660,0,2.91,2.57,0,-164.0,94.5,1034.0,-44.37,4.12,-2.11,29.79
152680,0,0,0,0,-126.7,162.1,1054.9,-35.72,7.36,-6.29,29.68
152700,1.48,0.16,0,1.62,4.3,39.3,989.1,-27.8,11.79,-2.77,29.11
152720,5.28,0.04,0,0,58.1,114.2,951.2,-22.79,23.16,-7.05,28.73
152740,2.18,0.75,2.76,0,-60.7,158.0,1004.3,-18.75,14.12,-2.04,28.6
152760,1.47,2.14,0,0,-18.2,77.7,1043.4,-4.54,26.72,-3.95,28.51
152780,76.16,25.77,2.82,3.95,-83.4,193.4,987.6,1.46,10.24,-0.14,27.94
152800,69.0,37.49,10.58,4.07,62.2,150.9,954.6,13.25,24.96,-2.32,28.26
152820,48.7,43.26,13.87,0,-28.3,133.0,935.9,15.7,19.22,3.59,28.98
152840,35.09,49.62,24.67,2.54,25.0,33.2,844.2,24.47,13.11,5.42,29.24
152860,15.42,59.82,42.76,3.23,176.4,9.3,853.9,29.92,9.83,4.73,29.48
152880,1.16,52.46,61.75,0.6,41.8,109.7,820.7,33.12,3.44,1.94,29.65
152900,1.51,46.91,75.45,7.03,111.5,60.9,771.9,35.73,-0.98,5.89,30.25
152920,2.02,30.76,88.45,1.0,150.7,1.7,738.4,41.42,0.96,-2.62,30.26
152940,1.75,23.01,83.79,12.59,123.8,-9.2,772.2,37.14,-8.75,-2.47,30.38
152960,3.29,18.12,78.19,9.5,141.3,-11.9,807.8,34.4,-11.97,-3.94,30.41
152980,0,5.91,70.49,32.38,1.6,-29.5,792.6,30.78,-20.82,-3.53,30.78
153000,0.74,4.77,58.47,36.2,12.5,-146.9,948.4,23.36,-8.12,-2.48,30.69
153020,0,3.47,49.79,55.55,132.1,-165.9,891.4,14.38,-21.53,-2.73,30.99
153040,2.61,4.71,30.76,68.52,30.7,-199.3,969.6,6.02,-12.58,1.9,30.87
153060,0,0,24.97,67.24,57.4,-94.1,988.8,-10.06,-12.98,2.04,31.11
153080,1.39,4.8,8.55,64.15,4.0,-228.4,972.7,-8.83,-18.93,5.1,31.08
153100,0,0,10.88,50.64,-128.7,-151.9,1034.2,-21.82,-18.56,4.64,31.0
153120,0.54,0,10.36,37.18,-113.3,-137.9,1021.2,-23.32,-16.33,7.4,30.93
153140,0,0,0,21.72,-89.5,-77.2,963.9,-37.97,-14.61,3.46,30.68
153160,0.24,3.18,0.07,10.52,22.0,-15.8,963.4,-36.04,-14.97,2.81,30.54
153180,1.75,2.66,0,6.68,-103.5,-29.6,1019.7,-40.19,2.04,5.04,30.64
153200,0,1.16,1.19,0,-117.7,-40.7,985.0,-44.36,-8.68,-2.97,30.38
153220,0,0.69,0,0,-122.4,109.1,1017.8,-37.07,9.79,-3.3,29.68
153240,0,0.66,3.02,0.77,-54.6,11.7,974.3,-35.11,15.45,-2.05,29.49
153260,0.4,1.43,0,0,-59.8,108.4,990.2,-31.7,19.8,-7.53,29.11
153280,0.21,0.82,0,0,-92.5,174.2,982.3,-20.89,19.59,-7.01,28.98
153300,0,2.4,4.79,2.47,-4.0,130.3,1017.5,-12.09,22.02,-2.0,28.5
153320,1.29,3.07,0,0,-53.7,184.4,970.3,-8.41,14.89,1.23,28.32
153340,78.37,26.74,10.35,2.0,-55.1,181.0,954.6,3.09,15.1,-2.05,28.16
153360,66.89,36.76,11.4,5.15,-38.3,145.4,940.4,16.56,26.64,4.03,28.31
153380,43.17,52.6,21.08,2.5,68.9,176.6,933.0,21.06,10.8,5.23,28.73
153400,32.11,56.55,34.73,3.46,108.5,128.8,855.2,31.0,14.31,2.46,29.21
153420,13.71,57.96,45.48,0.31,105.3,8.9,848.2,28.58,11.41,4.1,29.59
153440,2.25,54.13,60.13,2.17,129.6,11.4,787.2,37.88,15.46,2.99,29.2
153460,4.46,49.18,70.91,5.08,77.5,31.3,787.8,40.45,3.32,0.82,30.0
153480,0,31.58,84.42,6.87,141.5,37.5,799.6,38.94,-8.06,-0.19,30.21
153500,3.63,29.0,85.07,13.65,57.9,-78.0,851.7,41.15,6.37,-6.53,30.38
153520,2.41,16.45,80.26,20.37,38.4,-94.8,906.9,29.66,-17.67,-2.16,30.75
153540,0,8.13,70.64,31.08,81.8,-18.1,874.4,25.15,-7.81,-4.95,30.72
153560,0,0,59.58,44.19,11.9,-160.5,911.2,19.18,-30.37,-2.2,30.61
153580,0,1.61,46.81,56.44,-35.7,-158.8,925.7,11.88,-19.62,-1.32,30.89
153600,0,0,37.3,63.06,-15.3,-111.5,976.1,2.38,-15.21,-2.97,30.87
153620,0,1.13,19.91,70.85,69.5,-234.7,990.6,-8.16,-23.27,0.91,31.04
153640,0,2.76,11.82,61.84,44.7,-103.9,1044.6,-18.0,-11.36,2.83,31.55
153660,0,2.79,6.84,43.84,-132.7,-122.9,964.4,-18.81,-22.92,6.67,30.97
153680,1.99,0.46,3.73,28.03,-65.9,-113.7,1001.4,-31.52,-8.74,5.95,30.5
153700,1.92,0,0,17.43,-68.8,-75.7,1029.6,-40.16,-7.32,4.76,30.72
153720,0,0.19,0,14.14,-80.4,-26.0,1047.3,-32.43,-2.01,4.85,30.45
153740,0,2.37,0,7.72,-121.1,7.1,1012.5,-41.46,-3.72,2.32,29.89
153760,0,0,0.47,2.91,-58.5,51.0,945.2,-51.01,3.47,0.03,30.15
153780,3.45,2.19,1.67,0,-98.0,80.3,1063.1,-41.8,8.26,-2.84,29.8
153800,3.05,0,5.82,0,-97.2,220.2,957.5,-38.44,10.57,-3.55,29.39
153820,1.78,0,2.76,0,31.8,109.6,1015.9,-33.27,11.36,-6.35,29.21
153840,0,0,0.15,5.06,-39.7,209.7,1024.9,-23.87,11.94,-5.93,28.68
153860,0,5.74,2.1,4.18,-87.5,139.5,1003.0,-13.06,16.67,-1.17,28.22
153880,0.37,2.96,1.87,0,83.6,155.3,975.6,0.21,12.66,0.41,28.31
153900,73.21,31.77,8.9,3.05,-74.4,205.1,985.9,6.4,17.92,-4.07,28.32
153920,56.07,40.21,16.4,0,27.7,141.7,904.8,11.88,10.54,4.11,28.29
153940,41.06,50.95,21.42,1.54,80.7,145.0,876.9,25.48,16.17,4.55,29.05
153960,26.43,53.48,36.03,0,34.4,105.8,904.9,25.51,14.77,5.52,29.27
153980,10.21,54.97,51.37,5.89,44.2,36.1,811.8,34.91,13.92,3.94,29.52
154000,3.96,51.89,63.47,0.16,182.4,14.5,821.5,40.67,2.51,1.1,29.66
154020,0,39.13,70.91,8.92,154.8,-11.7,839.3,34.23,4.04,6.0,29.87
154040,0,28.74,78.92,4.52,117.1,-33.1,777.3,39.09,1.9,-0.97,30.35
154060,0.97,15.34,83.08,12.26,71.0,-84.9,811.9,34.99,-18.37,-5.31,30.54
154080,0,10.77,81.47,19.8,11.0,-44.9,836.3,34.03,-9.25,-4.59,30.65
154100,0,13.14,67.22,30.81,32.8,-60.6,901.5,29.98,-6.7,-4.4,30.64
154120,1.06,1.27,54.91,57.07,65.0,-153.9,857.8,19.67,-13.16,-1.9,30.97
154140,5.31,0,38.72,59.5,61.9,-119.9,931.6,9.1,-21.01,-4.5,30.61
154160,0,2.92,26.72,60.83,7.8,-102.4,1001.9,-1.73,-15.23,-0.35,31.04
154180,1.44,0,18.29,65.42,-4.4,-146.0,1013.5,-7.15,-15.35,4.85,30.93
154200,3.25,0,14.37,59.46,-20.4,-146.6,1021.4,-19.54,-29.78,5.43,31.2
154220,0,0.55,2.08,45.72,-120.0,-188.0,989.1,-19.87,-15.95,6.43,31.27
154240,0,0.47,4.36,26.39,-87.4,-25.5,1106.3,-35.43,-25.61,8.2,30.87
154260,2.34,0.27,0,22.08,-105.3,-23.0,991.3,-31.93,-7.49,5.27,30.58
154280,2.08,2.57,6.31,7.71,-47.4,14.7,1011.3,-34.58,-5.67,1.63,30.67
154300,1.12,0,0,5.78,-120.0,-40.2,1013.1,-36.98,-1.22,-0.53,30.4
154320,0,1.89,0,1.09,12.8,28.3,984.3,-34.53,9.89,-1.58,30.03
154340,0,0,0.48,0,-70.8,28.5,916.9,-33.21,6.06,-1.88,29.47
154360,0.29,0,0,0,-110.9,82.5,959.4,-30.41,12.55,-2.59,29.27
154380,0,1.18,0.27,0,-76.2,29.1,1037.7,-28.82,19.37,-7.72,28.95
154400,3.74,1.4,2.92,0.98,-86.7,122.6,1006.8,-17.29,18.41,-6.61,28.42
154420,0,6.5,0,0,-26.0,122.3,1005.1,-8.2,23.22,-0.43,28.64
154440,0,1.13,0,4.82,39.6,239.7,990.6,-1.21,16.54,-0.53,28.37
154460,73.74,26.22,5.11,4.48,42.7,267.0,950.6,7.04,25.56,2.65,28.39
154480,57.15,39.85,12.27,1.4,17.3,124.5,936.1,18.28,19.75,7.63,28.75
154500,34.54,51.73,23.04,3.21,81.9,139.8,853.1,24.37,22.81,3.07,28.88
154520,15.48,56.05,36.06,0.39,154.6,117.0,819.7,32.09,12.91,1.69,29.27
154540,5.97,54.18,48.14,1.02,118.9,75.6,866.4,36.75,12.44,4.14,29.59
154560,3.63,44.47,64.83,3.24,214.9,17.0,808.0,41.4,11.87,2.22,29.8
154580,1.6,38.1,75.72,0.05,26.2,-11.6,813.5,37.82,1.69,-1.46,30.21
154600,5.63,29.98,85.76,8.27,91.7,12.6,871.0,34.72,-2.7,-0.58,30.34
154620,0,18.69,83.55,12.59,163.5,-50.5,803.8,39.07,-5.97,-2.13,30.67
154640,3.45,16.35,81.43,21.85,31.0,-56.6,851.4,31.88,-13.61,-5.93,30.51
154660,0,6.69,67.53,37.05,25.7,-158.9,867.4,27.66,-20.65,-4.07,30.88
154680,4.43,3.07,57.58,52.63,-83.4,-176.4,918.5,21.54,-18.41,-7.49,30.96
154700,0,1.11,40.33,64.49,105.9,-159.6,962.2,8.11,-22.16,-0.83,30.82
154720,0.68,0,21.71,67.82,-5.0,-152.4,1022.9,4.82,-24.52,1.16,30.97
154740,0,0,11.37,66.48,14.2,-192.4,985.4,-6.27,-18.08,0.49,31.09
154760,0,4.08,8.1,46.54,-30.4,-142.7,966.0,-18.99,-15.68,2.42,31.39
154780,0,0,7.55,45.11,-98.8,-115.5,1012.6,-22.35,-11.34,6.24,30.67
154800,2.29,1.94,1.25,27.11,-42.8,15.4,1013.9,-29.51,-15.13,4.71,30.91
154820,0.6,0.27,0,18.79,-205.1,-21.5,995.9,-39.28,-11.3,3.37,30.5
154840,0,0,3.63,6.42,-161.7,36.5,977.9,-41.73,-0.17,6.05,30.33
154860,1.29,1.13,0,5.58,-162.3,13.5,1028.7,-36.42,11.64,-1.39,29.85
154880,0,2.02,0,1.69,-97.5,34.7,1014.8,-46.94,8.52,-4.57,29.81
154900,0,0,5.23,0,-65.9,93.7,1041.2,-30.56,8.0,-2.06,29.79
154920,4.22,0.88,0,0,-39.5,87.7,960.7,-30.62,6.77,-4.17,29.4
154940,5.3,0,0,0,-119.2,93.8,1018.6,-16.87,16.34,-7.19,28.87
154960,0,2.28,0,2.7,-82.0,134.2,1051.5,-20.83,21.03,-5.51,28.94
154980,0,0,0,0,-15.9,160.1,938.1,-10.06,28.64,-0.98,28.25
155000,77.52,19.75,6.3,0,-85.6,196.5,1028.4,-0.28,16.98,-0.65,27.94
155020,70.84,35.71,11.19,0,107.4,187.3,881.1,14.01,15.54,2.58,28.92
155040,52.9,45.56,17.33,0.39,41.0,209.4,955.8,18.11,23.3,4.18,28.43
155060,34.79,53.64,27.94,4.26,58.1,159.3,908.2,21.94,11.88,5.36,28.76
155080,13.99,61.41,44.89,0,101.9,46.4,791.9,32.13,15.19,4.23,29.7
155100,4.85,55.71,51.33,1.26,42.8,26.7,818.3,35.87,9.14,7.18,29.65
155120,2.02,42.35,68.23,0,71.5,52.4,815.5,35.83,8.58,3.85,29.74
155140,0.24,36.37,80.02,1.62,90.7,68.7,808.8,39.55,-11.96,-1.37,30.06
155160,0.74,27.0,84.0,6.41,-7.7,59.3,864.2,43.06,3.66,-3.17,30.63
155180,0,18.47,87.2,19.61,83.3,-93.9,822.1,35.97,-12.83,-2.91,30.47
155200,0,9.71,71.97,27.15,81.2,-82.3,855.0,30.62,-19.48,1.49,30.69
155220,0,3.65,61.23,38.53,24.0,-55.5,888.4,20.5,-18.58,-7.14,30.56
155240,0.02,1.56,53.57,48.25,143.0,-182.0,904.7,18.41,-17.64,-1.91,31.22
155260,5.64,5.53,28.51,65.19,-68.2,-250.3,919.9,3.7,-22.97,-0.08,30.69
155280,3.07,0,23.78,65.02,12.9,-168.1,990.3,-5.94,-16.61,-2.98,30.76
155300,0,2.84,13.7,64.52,-88.8,-170.7,979.9,-12.65,-13.71,0.46,30.92
155320,0,0.33,8.22,50.93,-112.9,-158.7,1061.8,-16.87,-26.77,3.54,30.86
155340,1.51,0,4.2,41.99,-75.8,-86.8,1021.6,-24.56,-12.54,6.41,30.69
155360,0,0.05,0.76,24.83,-31.3,-77.7,1024.7,-34.29,-12.73,2.83,30.47
155380,0.22,3.83,0,13.32,-163.3,-28.9,1044.0,-40.08,-0.87,2.42,30.94
155400,0,0,0.8,6.83,-71.2,-56.3,946.7,-47.71,1.06,-0.16,30.19
155420,0,0,2.37,2.77,-87.3,11.1,1030.3,-45.76,-2.54,-2.27,29.89
155440,0.63,0,0.94,0,-11.0,54.8,1030.5,-38.17,7.66,-2.62,30.03
155460,0,3.49,5.41,0,-160.3,80.8,992.6,-31.19,10.39,-3.76,29.31
155480,1.42,0.77,0,2.03,-22.8,77.8,991.0,-31.39,11.88,-5.14,29.41
155500,0,0,0,0.77,-47.1,22.8,1027.9,-26.07,21.26,-4.53,28.77
155520,6.72,0,1.32,4.72,43.3,107.0,1048.1,-16.42,17.93,-6.58,28.43
155540,0,0.99,0.93,1.68,1.4,133.3,995.4,-9.09,21.6,-2.4,28.41
155560,72.71,18.4,2.72,0,0.7,169.3,1010.0,1.11,22.9,0.57,28.05
155580,66.18,39.43,9.6,0.7,37.0,192.7,910.7,13.3,18.4,5.33,28.26
155600,46.51,43.48,21.24,4.66,66.1,143.5,895.7,14.55,15.81,5.83,28.49
155620,34.61,57.85,29.4,0.16,107.4,131.9,846.9,32.04,19.14,6.31,29.22
155640,20.71,59.76,45.12,0,158.2,83.2,806.6,32.22,12.89,0.68,29.75
155660,7.51,51.35,58.82,0,105.7,122.0,790.4,35.12,0.26,5.78,29.74
155680,0,37.61,72.4,0.97,147.2,-19.1,792.5,42.86,4.71,0.29,29.85
155700,0,34.3,83.39,3.41,125.1,-41.3,776.7,38.93,3.08,-2.18,29.93
155720,4.43,25.73,84.47,8.63,95.8,0.9,807.7,42.17,-15.92,-2.81,29.97
155740,0,16.24,83.6,17.06,77.9,-77.3,801.5,32.12,-14.28,-3.05,30.74
155760,0.52,5.1,74.03,26.22,10.6,-79.2,816.9,27.52,-12.76,-7.18,30.51
155780,0,3.75,62.93,38.04,15.4,-94.2,803.9,22.19,-8.86,-6.88,30.76
155800,0,3.52,46.98,55.81,82.6,-109.6,959.6,10.76,-13.06,-4.14,31.02
155820,0,0.34,33.3,63.19,61.3,-138.7,994.2,2.24,-17.31,-1.99,31.08
155840,0,4.07,21.39,64.86,-40.0,-135.5,1009.5,-6.58,-19.89,2.09,31.0
155860,1.32,0,16.69,62.58,-106.4,-138.9,1036.1,-14.97,-24.97,1.53,31.14
155880,0,0,3.18,51.74,-121.1,-167.1,1038.3,-18.06,-18.17,3.93,30.92
155900,0,0,0,37.34,-74.6,-120.3,1003.3,-27.61,-25.3,6.33,31.2
155920,0,0.4,0,19.23,-42.5,-142.6,987.8,-29.66,-6.34,5.41,30.4
155940,3.53,0,3.29,12.48,-95.3,-55.6,1015.5,-39.21,-12.22,5.64,30.38
155960,0,4.53,0,9.34,12.3,-68.2,998.4,-40.13,3.03,2.79,30.19
155980,0,0.15,0,6.23,-121.3,-6.1,994.4,-39.05,11.19,-1.72,30.21
156000,0,1.94,0,1.52,-123.1,23.3,961.5,-41.02,3.76,-3.21,29.82
156020,0.18,0,0.75,0,-101.6,39.7,1007.2,-33.6,7.84,-6.11,29.43
156040,0,1.28,0,0,-50.1,215.5,1010.2,-26.3,18.59,-3.85,28.88
156060,0,0.9,0,9.05,-91.1,163.6,1038.9,-14.96,17.19,-2.66,29.13
156080,5.99,0,0,0,-35.9,195.1,1021.0,-17.91,10.42,-4.2,28.41
156100,1.68,0,1.74,2.06,9.7,125.2,944.7,-6.95,13.33,-1.33,28.08
156120,76.89,22.02,9.54,3.19,36.3,164.5,979.0,5.25,23.21,-1.62,28.32
156140,67.81,39.6,13.27,7.22,109.7,96.1,925.5,13.41,17.4,0.76,28.13
156160,45.86,51.63,27.24,0,89.8,99.3,870.7,24.5,23.57,5.65,28.93
156180,24.92,56.17,27.2,0,86.9,92.1,858.4,26.52,16.87,3.79,29.15
156200,16.82,55.01,44.59,0,34.7,116.0,861.2,31.1,11.25,5.86,29.26
156220,9.75,54.23,61.59,0.33,132.6,82.6,832.3,36.57,6.42,4.93,29.73
156240,2.23,40.01,75.52,0.88,177.1,119.4,794.4,40.12,0.38,4.25,29.62
156260,1.43,32.7,83.95,7.98,113.1,-128.9,788.8,41.46,-8.64,0.43,30.27
156280,5.43,17.37,83.07,11.69,193.1,44.6,766.9,35.58,-6.9,-4.22,30.19
156300,1.35,9.37,80.57,16.85,129.3,-122.6,865.8,34.62,-4.13,-3.4,30.51
156320,2.02,7.82,71.77,32.76,61.5,-54.9,879.2,25.29,-12.12,-7.09,30.67
156340,0,0,57.02,49.72,69.4,-116.0,938.2,24.27,-26.72,-7.43,31.06
156360,0,0,40.6,58.77,4.6,-142.3,964.5,9.96,-27.1,-2.43,31.16
156380,0,2.41,30.61,65.0,-32.6,-97.9,867.6,5.47,-17.22,1.42,30.87
156400,0,1.56,19.49,60.15,41.0,-164.2,1002.8,-2.8,-20.79,2.12,31.06
156420,0,0,15.91,54.81,-68.1,-143.7,993.1,-17.17,-25.52,5.57,30.9
156440,0,0,1.85,46.47,-17.4,-212.9,974.8,-20.52,-11.39,7.87,30.97
156460,0,0,3.38,38.16,-155.0,-67.0,1049.8,-28.4,-6.02,7.31,30.71
156480,0,1.88,3.84,17.78,-149.7,-92.9,982.0,-33.61,-12.69,3.71,30.66
156500,5.83,0,0,13.89,-112.3,-46.3,955.5,-35.06,-16.25,4.53,30.55
156520,1.48,1.81,0,7.89,-189.4,-53.7,1021.8,-40.35,7.89,1.3,30.19
156540,0,0,0,1.39,-122.4,45.0,1007.1,-40.16,-2.72,-5.09,29.95
156560,2.12,1.39,0,3.15,-112.1,8.2,982.7,-39.76,4.55,-3.69,29.58
156580,0,3.93,5.46,0.15,-151.1,101.4,957.8,-33.85,18.1,-5.76,29.68
156600,2.07,3.0,0,0,-81.2,154.2,956.2,-27.77,6.79,-6.95,29.19
156620,0,2.08,0,4.06,-68.0,64.8,993.6,-20.47,11.36,-5.37,29.03
156640,2.57,0,6.1,0,-37.3,151.7,1026.8,-11.76,15.52,-3.89,28.34
156660,0,0,0,1.93,12.6,129.4,1036.8,-6.15,21.55,0.44,28.35
156680,69.48,29.46,10.45,0,-1.9,0.8,975.5,3.87,23.02,4.11,28.12
156700,60.35,36.94,8.89,0,18.7,74.1,957.6,12.86,22.01,0.13,28.41
156720,40.82,47.93,23.02,0,64.8,108.3,901.2,22.15,17.74,7.11,28.68
156740,22.07,57.04,36.76,0,112.7,173.9,834.6,29.2,8.55,6.46,29.37
156760,14.34,50.87,49.02,0,86.7,56.7,786.3,34.91,9.94,4.09,29.73
156780,4.25,48.1,64.82,0.22,76.1,48.9,827.4,38.62,4.85,2.54,29.8
156800,0,33.8,79.1,2.86,88.3,65.5,804.1,38.75,0.87,-1.03,30.3
156820,1.34,32.03,85.26,8.56,138.8,-54.3,796.2,37.7,0.63,-2.34,30.57
156840,0,12.43,83.8,15.67,76.5,-115.0,763.0,27.56,-1.76,-0.97,30.38
156860,0,13.94,80.34,23.27,127.2,-65.8,871.6,37.94,-8.93,-2.6,30.7
156880,0,0,65.77,35.48,8.2,-117.4,868.7,22.88,-23.71,-6.44,31.15
156900,0,2.09,60.94,50.25,11.1,-47.3,880.4,17.78,-12.35,-5.5,31.14
156920,0,7.64,44.05,56.99,-42.3,-165.3,966.9,8.55,-24.47,-2.26,30.83
156940,0,0,23.63,67.32,13.7,-65.5,1003.7,0.05,-17.31,-3.11,31.38
156960,0,3.03,22.67,68.2,-96.1,-51.1,1011.5,-3.86,-25.14,2.87,31.1
156980,1.22,3.51,17.14,56.04,82.3,-242.3,995.6,-22.42,-30.8,2.7,30.83
157000,2.24,4.73,3.05,39.38,-27.7,-197.8,1003.2,-27.15,-4.7,4.23,30.94
157020,4.35,5.99,2.23,27.2,-92.3,-130.7,972.4,-31.16,-8.03,4.33,30.72
157040,0.94,1.76,4.28,14.32,-100.3,-64.4,986.0,-35.28,-3.44,6.62,30.47
157060,0,0,4.89,13.04,-90.3,14.8,1044.7,-36.59,-8.04,1.18,30.54
157080,0,6.09,0,2.6,-157.3,6.8,1015.1,-38.13,-0.42,-2.32,30.11
157100,0.87,0,0.46,6.05,-147.6,153.2,950.4,-38.89,11.13,1.41,29.49
157120,0.38,0,3.09,0.23,-39.1,52.4,988.1,-37.16,0.18,-3.92,29.75
157140,1.54,0,3.15,3.1,-31.0,59.8,992.5,-33.13,18.41,-3.52,29.56
157160,0,0,0,0,84.9,-4.4,990.5,-30.1,14.48,-3.66,29.05
157180,4.54,0,3.84,0,-8.5,148.4,994.2,-19.45,28.87,-1.06,28.51
157200,0.2,0,0.45,0,-19.9,221.8,1010.8,-6.17,16.21,-3.11,27.9
157220,0,3.59,0,0,-52.6,160.6,973.0,7.86,20.37,-2.12,28.1
157240,69.0,31.96,15.53,0,11.3,119.6,989.7,6.42,15.74,6.18,28.06
157260,55.93,40.51,17.06,6.39,-3.9,141.4,903.4,15.68,15.64,6.63,28.42
157280,40.08,48.14,20.93,0,85.4,167.3,830.0,27.76,13.85,6.71,29.03
157300,19.97,60.92,41.31,0.29,42.4,19.3,902.7,37.28,19.22,3.08,29.21
157320,6.73,51.6,56.5,1.45,98.1,94.3,807.0,35.54,18.29,3.92,29.6
157340,8.64,50.74,58.44,0.44,42.8,25.5,776.1,40.8,5.57,1.2,29.92
157360,0,34.67,80.85,3.1,150.4,-17.7,755.5,41.81,5.27,-2.74,30.4
157380,0,24.57,81.35,8.44,116.6,35.8,785.3,36.79,-0.68,2.39,29.9
157400,0,18.1,86.04,15.5,68.9,-129.5,759.3,33.44,-10.23,-4.46,30.6
157420,1.76,8.12,84.13,23.04,97.1,-110.6,809.3,27.1,-8.82,-5.18,30.92
157440,0,2.06,66.89,37.08,-13.2,-109.1,945.5,23.92,-15.84,-2.94,30.57
157460,1.24,0,45.12,57.82,93.3,-165.2,865.9,17.3,-14.25,-3.69,31.02
157480,0.44,0.89,34.88,69.07,61.6,-181.9,906.4,10.31,-18.72,-1.2,30.97
157500,1.33,1.42,24.1,64.39,32.8,-120.7,1034.6,-6.28,-19.65,-2.48,31.08
157520,0,0,14.39,67.36,17.1,-75.1,1026.2,-9.99,-16.51,4.01,31.12
157540,1.59,0,5.32,56.08,-138.6,-118.0,977.9,-22.85,-14.36,5.78,30.68
157560,0,0,1.3,39.0,-48.4,-73.1,1046.8,-24.64,-14.09,2.65,30.62
157580,1.8,1.4,6.15,29.72,-118.3,9.8,974.6,-30.45,-20.19,3.56,30.59
157600,0.98,0,0,14.25,-112.0,-44.4,993.8,-37.22,-5.06,1.89,30.56
157620,0,0,0,7.63,-26.3,-132.3,996.6,-36.17,-0.59,5.3,30.21
157640,0,0,2.95,5.55,-52.8,-4.6,971.8,-40.16,-1.78,2.9,29.92
157660,1.95,1.54,0,0,-98.3,-5.9,981.7,-35.35,6.73,-3.32,29.61
157680,0,0.73,2.86,0,-81.4,45.0,1022.0,-36.61,-0.57,-0.21,29.28
157700,0.18,0,0,0,-92.7,16.2,963.5,-35.79,5.69,-0.72,29.43
157720,0,2.05,0,2.95,-137.3,175.5,930.1,-24.49,18.68,-3.57,28.97
157740,1.12,2.09,5.36,1.25,-3.0,133.8,979.4,-14.99,18.95,-3.67,28.55
157760,1.6,1.71,1.58,0,-39.7,3.4,1001.3,-7.35,23.2,-2.03,28.23
157780,79.29,21.66,0,0,-83.3,87.0,1035.3,1.12,20.28,0.35,27.89
157800,68.54,35.12,18.42,1.83,42.6,220.7,963.4,8.65,19.35,3.51,28.46
157820,52.85,47.9,17.43,0,73.8,28.0,877.5,15.25,18.03,3.71,28.87
157840,33.34,55.88,33.09,0,3.5,154.2,864.5,20.54,14.64,5.41,29.29
157860,11.69,61.59,44.48,6.01,35.4,110.8,840.8,32.79,14.61,5.98,29.3
157880,7.54,60.71,51.04,0,3.4,33.5,766.0,34.79,17.61,5.56,29.81
157900,0,49.93,68.86,0,115.4,52.5,794.1,41.09,5.41,3.32,29.95
157920,3.65,38.19,75.39,6.38,121.2,67.1,822.2,39.58,-6.55,-2.16,30.29
157940,1.3,25.52,84.01,14.67,46.0,-97.0,803.3,36.8,-12.02,-0.71,30.27
157960,0,11.18,86.2,19.64,126.9,-34.7,820.4,35.04,-5.27,-6.21,30.22
157980,0.81,4.45,76.03,27.56,130.1,-127.1,884.0,28.06,-15.02,-4.1,30.68
158000,1.58,2.31,59.53,37.87,67.3,-187.9,933.7,18.81,-16.41,-3.96,30.93
158020,3.49,0,49.33,47.8,37.2,-147.2,959.8,12.9,-10.56,-4.67,30.71
158040,0.3,2.65,35.16,64.58,-57.0,-215.4,960.4,3.31,-20.31,0.12,30.91
158060,0,0,23.2,70.47,62.7,-237.3,1028.0,-3.81,-18.99,0.76,31.1
158080,0.67,0.09,12.07,59.94,-5.0,-124.2,1022.9,-14.51,-20.45,3.89,31.12
158100,0,0,10.07,51.14,-117.6,-125.0,982.2,-15.18,-18.66,6.93,30.94
158120,2.08,0.33,0,41.97,-82.5,-123.1,938.1,-28.25,-11.36,6.52,30.62
158140,0,1.78,5.03,25.46,-48.9,-63.9,986.0,-36.36,-10.31,7.25,30.56
158160,0.19,4.6,2.06,13.82,-19.0,-74.9,1043.2,-37.5,-4.2,2.36,30.74
158180,2.01,2.68,1.76,8.98,-111.1,78.8,922.4,-44.27,-10.44,-0.95,30.29
158200,0,0,0,0,-23.0,45.4,978.0,-38.52,-0.61,-3.29,30.11
158220,1.74,3.22,0.66,1.84,-127.1,-38.8,1002.6,-39.85,2.32,-5.24,30.04
158240,0,0,0,0,-147.9,48.6,999.4,-36.5,9.25,-5.46,29.64
158260,0,0.48,0,2.02,-47.6,44.8,970.7,-24.74,18.93,-4.3,29.53
158280,0,0.27,3.7,0,-38.9,98.2,980.9,-30.77,16.57,-7.9,28.87
158300,0,1.81,2.22,0,-6.8,86.8,952.7,-15.35,18.11,-5.07,28.84
158320,0,0.42,1.13,0,-37.3,59.9,939.0,-2.49,23.82,0.68,28.2
158340,80.04,18.42,8.18,0,72.4,130.7,999.9,1.01,26.54,1.42,27.86
158360,67.58,33.54,13.72,2.03,11.8,158.9,994.9,15.9,21.72,2.28,28.45
158380,45.22,50.32,21.43,2.93,0.1,188.1,891.0,18.14,11.62,4.4,28.72
158400,28.13,58.82,31.77,0,167.4,90.9,872.9,27.38,24.33,3.48,29.29
158420,11.11,60.65,47.94,3.31,61.8,20.4,844.8,35.48,3.7,8.59,29.2
158440,4.97,53.32,60.16,4.4,108.3,82.2,824.7,34.49,9.42,6.68,29.74
158460,0,45.23,73.33,5.46,41.4,-9.1,813.4,39.09,4.46,0.59,30.2
158480,0,32.03,87.08,8.27,129.7,-32.9,807.3,37.31,1.07,-3.44,29.79
158500,0,20.65,87.05,7.78,163.9,-14.6,810.6,38.57,-3.75,-3.11,30.67
158520,0,12.13,83.17,21.02,87.3,-164.4,829.6,37.4,-11.63,-6.81,30.89
158540,0.16,5.46,74.11,29.03,89.0,-122.4,840.7,29.55,-14.67,-1.85,30.92
158560,0,6.3,59.68,44.67,127.2,-222.5,870.6,21.85,-16.89,-5.27,31.04
158580,0,0,41.2,57.63,1.3,-83.0,914.7,12.39,-13.01,-1.39,30.95
158600,2.64,0,27.06,65.62,-51.4,-161.2,1020.7,6.7,-20.31,-0.05,30.83
158620,0,0,22.48,61.11,49.0,-154.0,934.6,-3.96,-15.33,0.31,30.84
158640,3.58,5.33,9.23,55.29,65.6,-159.0,929.9,-13.72,-20.51,-0.64,31.14
158660,0.62,0,3.27,45.22,18.0,-76.7,956.1,-17.14,-17.87,1.9,30.88
158680,1.7,0,5.91,36.36,-54.0,-44.0,953.2,-25.93,-7.03,4.91,31.07
158700,0,4.31,0.45,23.34,-11.6,-6.2,1013.5,-30.49,-10.32,2.06,30.66
158720,0.2,0,0.41,11.01,-82.7,-39.8,993.3,-40.26,-0.18,6.34,30.13
158740,0,2.82,0,8.0,-64.6,-54.2,1034.2,-41.07,-9.8,1.03,30.46
158760,2.29,6.73,0,5.58,-180.5,3.0,1017.6,-40.65,7.8,-2.6,29.96
158780,0,0,0,1.97,-108.9,32.2,969.2,-37.29,9.8,-1.09,29.88
158800,4.63,0,1.52,0.52,-48.5,41.1,1046.3,-32.35,16.09,-6.83,29.54
158820,3.14,0.08,0,0,-11.6,141.8,1036.1,-30.16,14.12,-5.13,29.06
158840,2.68,0,0,2.05,-109.4,154.3,959.5,-22.21,20.34,-6.26,28.96
158860,2.66,2.06,0,0,19.2,125.2,995.8,-12.28,16.86,-7.14,28.58
158880,0,0,1.92,1.42,92.4,173.0,1040.9,-5.77,14.28,-1.09,28.39
158900,80.42,28.87,11.64,0,-59.9,193.3,944.1,0.78,16.21,1.78,28.18
158920,58.77,40.78,11.59,0,-16.8,130.9,941.1,13.76,25.82,2.13,28.22
158940,41.72,49.7,26.7,0,-42.5,146.2,890.1,21.06,6.01,6.26,28.79
158960,24.88,58.83,34.05,2.7,42.1,90.7,845.1,26.16,11.34,2.07,28.92
158980,9.96,52.89,49.74,0,215.0,146.1,811.2,33.72,2.65,5.03,29.17
159000,4.05,50.02,63.78,4.7,137.8,98.2,833.8,40.29,7.49,3.12,29.91
159020,0.21,43.38,77.09,1.74,146.5,-57.8,763.5,42.41,13.35,3.08,29.56
159040,0,25.99,80.89,6.64,113.5,-135.2,764.5,36.52,-4.57,-2.15,30.05
159060,0.76,17.34,84.77,17.46,154.5,-42.4,834.5,37.25,-12.18,-2.81,30.19
159080,0.08,8.08,80.37,24.66,145.4,18.9,812.9,34.14,-9.71,-1.09,30.47
159100,0,11.11,70.07,38.24,35.3,-192.0,896.3,29.09,-15.68,-5.98,30.65
159120,0,1.34,60.62,47.05,90.3,-66.7,868.3,24.26,-18.07,-4.87,30.89
159140,0.06,4.74,41.03,61.82,7.6,-103.8,947.1,10.46,-15.13,-4.21,30.95
159160,1.78,1.08,22.01,60.27,-11.1,-185.5,983.3,8.79,-25.19,-2.58,31.31
159180,0.16,2.74,15.48,64.22,26.6,-148.4,930.3,-0.31,-15.41,3.46,31.35
159200,1.72,0,15.59,56.29,-27.0,-194.6,1044.3,-13.45,-20.28,3.08,31.01
159220,4.14,2.35,6.11,44.54,-47.0,-124.2,1014.9,-22.81,-12.33,2.21,30.96
159240,0,0,2.95,32.64,-77.0,-102.3,1031.8,-32.14,-17.89,5.33,30.53
159260,4.52,2.86,0,24.02,-40.9,-6.0,1019.3,-33.73,-12.53,5.82,30.58
159280,0,0,1.64,9.39,-65.5,-80.3,1009.3,-36.01,-6.22,6.62,30.06
159300,2.68,0,0,4.15,-92.7,-71.2,978.7,-37.16,0.64,0.93,30.1
159320,3.15,0,1.95,3.04,-78.8,83.6,984.0,-36.92,-3.14,0.81,29.89
159340,0,0,0,2.94,-63.8,186.2,948.3,-36.81,-0.06,-3.31,29.56
159360,0,0,6.07,0,-111.6,18.7,943.8,-34.22,6.64,-5.83,29.31
159380,0.22,0,0,3.09,-62.6,119.7,1040.6,-23.27,9.24,-7.4,28.95
159400,0,0.8,2.66,2.26,17.9,164.5,1025.3,-20.63,24.3,-1.38,28.66
159420,0,1.38,0,0,-57.1,149.6,952.9,-6.7,20.65,-1.88,28.5
159440,4.04,0,0,0,-54.8,172.8,956.4,0.82,13.22,1.39,28.25
159460,73.39,30.56,10.88,0,42.6,127.6,947.6,10.3,9.31,4.39,28.31
159480,62.43,45.01,22.98,0,43.1,69.6,893.9,17.59,20.0,5.94,28.58
159500,39.47,51.13,29.74,0,45.7,112.7,833.4,21.65,16.13,3.21,28.72
159520,24.0,59.34,36.97,0,147.3,147.3,868.0,29.57,15.02,5.27,29.0
159540,12.1,56.34,53.53,0,142.6,85.9,828.7,40.11,6.68,2.96,29.65
159560,7.82,49.51,63.41,4.28,93.3,32.0,813.2,36.49,7.53,2.48,29.75
159580,0.77,45.2,72.73,7.75,174.9,-29.7,740.9,39.47,2.54,1.81,30.33
159600,0.64,28.2,80.25,6.78,-15.1,-61.3,820.2,40.56,1.72,-0.11,29.95
159620,3.67,16.62,84.04,17.89,38.4,-137.2,838.3,36.99,-9.87,-2.75,30.43
159640,1.79,10.06,75.68,23.81,156.3,-123.9,865.2,34.43,-10.88,-4.13,30.43
159660,2.02,0,67.04,34.33,-5.4,-117.1,890.1,22.49,-13.71,-4.92,30.7
159680,0,6.64,56.16,51.35,61.7,-162.8,896.7,19.82,-10.85,-4.04,31.0
159700,0.95,2.39,39.45,59.25,-8.8,-87.1,926.2,12.17,-21.58,-3.32,30.93
159720,2.42,0,25.61,64.13,-20.6,-279.4,1022.5,1.7,-19.41,-0.49,31.24
159740,0,6.68,15.46,57.97,-103.9,-164.0,1065.0,-9.88,-15.3,0.38,30.73
159760,2.66,0,10.82,56.27,-3.6,-133.4,964.8,-22.65,-10.76,3.67,31.19
159780,0,0.95,2.41,35.13,-54.0,-162.2,970.7,-25.69,-15.13,2.83,30.8
159800,0.3,1.34,4.52,27.2,-82.3,-50.3,1031.1,-32.34,-13.03,4.09,30.89
159820,1.95,5.47,0.92,18.53,-122.4,-25.8,983.7,-36.8,-16.8,3.35,30.79
159840,5.78,0,0,10.39,-24.1,-54.3,1032.4,-40.65,-2.2,5.68,30.42
159860,0.03,1.95,4.22,5.64,-151.1,-30.9,995.4,-40.03,3.66,-4.03,30.11
159880,0.72,0.87,0,3.5,-138.9,128.7,1005.1,-36.32,-1.61,-1.81,30.18
159900,0,0.38,0,0,-126.4,30.3,971.0,-30.88,9.91,-3.42,29.64
159920,0,0.02,0,0,-118.8,149.6,1014.0,-29.74,14.42,-5.07,28.9
159940,1.32,0,0.31,3.99,-110.9,76.5,1013.8,-24.1,15.1,-6.79,28.99
159960,1.69,2.62,2.83,0,-76.3,96.0,1029.6,-18.7,15.7,-2.94,28.92
159980,1.35,1.86,0,0.2,-59.4,161.8,1011.2,-5.59,13.06,-0.31,28.26
160000,77.43,19.23,5.9,0,-53.9,170.3,976.3,4.25,15.43,-1.56,27.92
160020,77.86,37.04,12.36,2.47,-19.9,142.2,966.0,9.59,22.91,1.7,28.33
160040,51.25,45.6,16.83,3.74,151.6,150.4,876.4,16.36,22.41,2.85,28.67
160060,38.07,54.07,23.53,1.11,68.7,76.8,877.3,16.1,11.88,6.28,29.09
160080,16.55,60.46,47.38,0,58.8,53.9,849.1,32.26,13.59,8.34,29.38
160100,10.3,59.61,57.88,1.92,158.7,36.3,812.4,37.09,5.77,6.26,29.73
160120,1.44,46.61,69.57,0.16,123.7,-54.3,824.9,41.2,10.98,4.02,29.85
160140,1.39,39.27,81.23,3.21,130.4,-17.2,788.6,37.63,2.45,-0.61,30.09
160160,2.12,28.67,85.58,1.2,69.8,-114.2,785.8,32.08,-5.16,0.83,30.51
160180,1.64,17.04,86.97,14.46,-7.6,-98.8,798.5,38.28,-3.95,-8.38,30.7
160200,4.65,9.3,74.77,28.4,69.3,-92.0,851.4,34.67,-27.73,-4.08,30.75
160220,2.79,7.4,65.24,46.35,54.4,-94.3,857.0,20.06,-9.92,-1.24,31.03
160240,0,5.65,48.5,51.02,27.5,-59.2,935.2,11.77,-14.32,-4.48,31.05
160260,0,3.14,33.45,62.74,-10.3,-160.1,1010.0,5.77,-25.75,-6.64,31.13
160280,4.33,0,25.47,62.02,34.6,-108.9,1051.0,-1.87,-19.36,-0.52,30.77
160300,0.41,2.2,13.96,62.97,19.8,-141.5,1000.6,-7.36,-17.89,2.44,31.22
160320,0,0,5.01,49.32,25.4,-85.1,1012.5,-19.88,-23.95,6.76,30.82
160340,0,3.44,8.67,35.98,-39.0,-141.8,1021.5,-26.21,-19.02,8.46,30.89
160360,4.99,0,1.52,18.54,-8.8,3.8,1004.5,-28.34,-9.34,6.94,30.75
160380,1.45,4.35,0,12.52,-123.5,-52.7,966.0,-37.78,-14.06,4.08,30.57
160400,0.89,2.13,0.44,5.64,-34.8,-84.0,989.2,-37.78,-3.11,1.67,30.48
160420,0,2.63,7.56,2.1,-13.9,40.5,977.4,-37.74,-2.68,-3.11,29.8
160440,0,0,0.03,3.31,-140.5,86.9,999.5,-36.04,-4.56,-3.14,30.08
160460,0,0,1.63,0.16,-85.5,101.4,984.3,-35.52,9.32,-3.29,29.77
160480,6.34,0,1.25,1.12,-46.2,85.1,970.0,-31.3,20.77,-7.06,29.15
160500,0,5.18,5.42,0,-1.4,8.3,1024.6,-23.08,15.63,-4.4,29.29
160520,3.14,2.54,1.58,2.5,-55.3,319.7,970.6,-17.82,15.07,-5.59,28.43
160540,0,0,2.29,1.82,51.5,220.7,1074.0,-3.81,5.32,-2.6,27.86
160560,79.36,26.11,1.69,3.88,23.8,143.8,987.1,6.87,15.22,-0.18,27.91
160580,70.07,33.76,13.4,0,60.9,155.2,919.2,10.51,16.64,6.73,28.04
160600,54.78,44.83,18.64,6.19,48.6,74.8,898.3,26.56,13.85,6.75,29.05
160620,28.16,56.75,29.7,1.81,67.1,138.7,909.3,31.63,11.52,5.04,28.81
160640,11.26,57.67,42.03,0,58.3,72.5,880.7,36.24,17.96,4.41,29.45
160660,12.06,57.02,59.39,0,96.6,103.5,828.8,35.68,5.13,4.22,29.99
160680,0,44.41,70.43,0.2,124.6,37.9,836.5,39.82,2.5,-2.26,30.18
160700,0,34.11,80.37,7.45,47.1,25.3,807.6,39.81,-9.7,0.26,30.38
160720,0,20.97,82.05,9.01,126.1,22.2,793.1,36.79,-5.0,-1.43,30.38
160740,3.09,12.26,80.41,14.47,95.3,34.3,771.4,30.75,-16.4,-5.73,30.67
160760,0,7.66,80.15,27.28,79.5,-80.4,894.4,29.57,-14.56,-3.19,31.14
160780,0.48,0.08,61.76,45.77,-53.4,-160.8,871.9,25.43,-19.37,-5.16,30.87
160800,0,2.27,48.78,47.46,92.6,-213.7,908.1,16.15,-28.45,0.09,31.2
160820,2.53,0,30.18,62.29,120.8,-136.2,964.3,5.46,-11.38,-2.39,31.29
160840,0,0.84,18.46,65.51,-69.5,-100.0,969.3,-4.29,-15.52,2.77,30.91
160860,3.12,0.74,14.3,61.03,34.0,-157.0,986.5,-10.24,-18.42,1.19,30.77
160880,0,0.69,5.26,50.98,20.9,-115.1,995.7,-17.49,-8.81,2.67,31.13
160900,0,0,3.03,35.0,-22.3,-127.5,1011.0,-27.13,-24.6,3.9,31.01
160920,4.71,0,4.38,21.19,-91.6,-127.8,1000.0,-35.24,-18.03,5.33,31.04
160940,4.17,2.74,1.87,11.46,-143.4,0.7,1062.4,-37.68,-6.85,1.89,30.42
160960,2.46,0,2.67,0.51,-71.0,67.3,1041.5,-38.65,4.63,3.46,30.35
160980,4.2,2.23,4.04,1.81,-154.1,-19.1,1022.6,-34.81,-1.18,-1.41,30.19
161000,5.19,0,0,0,-157.5,-17.0,1008.8,-42.87,6.74,-2.65,29.76
161020,3.77,2.4,0,0.92,-99.3,92.7,997.2,-33.68,3.6,-3.74,29.22
161040,1.49,0,1.96,0,-74.1,82.5,1035.9,-25.52,11.34,-4.94,29.25
161060,0,8.27,0.47,0,5.5,197.3,1015.0,-22.68,20.99,-3.77,28.93
161080,0.02,3.46,0,0,-29.8,44.6,1019.9,-12.46,16.35,0.7,28.44
161100,0,0,0,0,27.2,99.9,967.3,-3.19,30.62,-4.46,28.1
161120,70.12,29.52,2.93,0,46.4,189.0,951.4,9.11,14.16,2.54,27.94
161140,61.04,44.64,16.71,2.76,96.7,201.0,917.7,11.44,19.86,4.87,28.48
161160,42.14,48.96,24.53,2.68,61.6,67.8,918.4,25.22,15.24,0.54,28.76
161180,32.78,49.13,32.34,0,146.5,74.1,843.0,27.15,18.34,5.15,28.95
161200,15.28,59.94,44.79,1.26,101.7,32.4,870.6,35.49,8.83,5.65,30.06
161220,3.73,49.44,64.06,0.77,144.5,-39.1,769.1,34.63,4.34,7.66,29.95
161240,1.66,36.95,69.62,0,113.6,-61.7,803.0,37.69,3.97,-0.08,29.85
161260,0.65,26.95,84.13,0,158.8,35.9,823.3,31.73,3.02,0.97,30.45
161280,0.72,20.58,79.39,8.06,84.5,-73.1,801.9,37.15,-3.94,-2.56,30.44
161300,1.17,5.31,82.41,22.88,150.9,-39.3,811.0,32.12,-1.24,-6.0,30.84
161320,0,6.38,70.7,39.32,166.1,-79.6,857.9,27.98,-20.83,-2.25,30.53
161340,0,4.51,55.6,54.74,39.0,-199.7,881.4,16.83,-15.84,-8.83,30.89
161360,1.07,1.37,39.47,57.46,111.4,-89.2,913.0,11.22,-26.16,-3.11,30.8
161380,0,0.7,24.94,61.4,35.5,-97.0,982.5,-0.57,-25.24,-1.23,31.14
161400,4.83,1.45,16.41,58.86,80.6,-152.1,1025.3,-5.27,-20.24,3.23,31.07
161420,0.3,4.07,15.26,56.29,-35.4,-65.1,1000.2,-17.69,-20.26,3.1,30.84
161440,0,7.02,4.01,45.21,14.2,-32.4,983.4,-20.55,-13.15,3.53,30.94
161460,3.31,2.42,3.73,30.41,-3.4,-52.7,1024.4,-28.88,-19.65,3.4,30.4
161480,0,3.57,0.73,15.0,-101.0,-126.1,1001.1,-32.94,-9.75,6.81,30.35
161500,5.34,1.0,3.6,10.31,-123.9,7.3,1049.2,-35.39,-6.94,6.05,30.51
161520,3.95,0,0,4.83,-114.1,-47.3,997.4,-36.55,2.91,0.22,30.05
161540,0,1.55,0.08,4.74,-110.7,48.6,1033.1,-39.25,-4.68,-1.0,29.84
161560,5.85,0,0,0,-191.8,77.9,1016.9,-39.46,9.64,-0.74,29.9
161580,2.02,0,0,1.24,-3.6,129.7,960.7,-35.5,12.92,-3.7,29.14
161600,0.31,0,0.22,0,-40.9,127.6,1036.7,-23.33,14.86,-4.8,28.98
161620,1.18,0,6.3,1.31,40.3,264.1,1038.3,-22.63,14.22,-6.04,28.57
161640,0,0,0,0.46,-25.4,102.4,984.6,-10.04,19.51,1.44,28.48
161660,1.65,0.82,3.67,0.09,-3.3,195.7,981.6,-3.19,26.22,0.48,28.2
161680,75.3,31.73,8.38,0,47.3,171.2,967.6,4.54,17.59,-1.16,27.84
161700,62.69,38.87,15.49,0,20.4,90.5,978.0,9.94,12.47,4.97,28.66
161720,38.34,49.95,25.04,0.51,79.5,226.1,921.8,22.49,20.93,4.11,29.13
161740,26.58,62.67,33.0,1.54,61.2,92.1,857.9,29.27,15.91,5.43,29.51
161760,11.82,56.29,49.7,0,94.9,81.1,846.1,32.92,12.07,6.57,29.13
161780,4.73,53.06,63.99,4.13,118.2,101.4,768.5,37.87,1.0,2.15,29.92
161800,0,48.96,82.52,3.03,99.5,28.4,833.9,41.82,-2.83,-1.12,29.93
161820,0,27.86,90.84,4.14,34.8,-31.4,822.2,40.68,-8.94,-4.35,30.02
161840,1.43,18.99,83.73,11.42,30.5,-146.9,797.3,38.45,-14.31,-2.15,30.43
161860,3.29,16.23,81.29,21.82,79.1,-32.3,844.6,34.0,-14.3,-3.83,30.49
161880,2.95,7.53,70.65,37.92,70.7,-154.8,861.6,26.99,-13.91,-7.9,31.23
161900,4.23,5.62,55.4,53.68,63.7,-186.5,900.1,19.36,-13.82,-1.58,31.12
161920,0,7.84,43.47,63.68,-60.3,-163.3,986.3,4.74,-23.45,-1.01,30.85
161940,0,0.69,26.18,67.55,21.5,-147.9,1003.3,0.89,-29.59,1.91,31.06
161960,0,0,14.65,64.27,-65.3,-154.3,1047.7,-7.52,-18.81,1.31,30.8
161980,9.23,5.34,8.16,56.52,48.6,-177.7,990.4,-16.34,-16.18,-0.41,30.82
162000,0,0,1.85,42.0,-28.4,-83.4,1025.6,-23.61,-17.0,7.75,30.82
162020,1.81,0,3.3,30.63,-56.3,-121.7,997.2,-33.57,-15.6,6.15,30.32
162040,0,0,5.88,24.22,-34.1,-150.5,1045.3,-34.11,-8.08,4.19,30.72
162060,0,0,2.38,18.26,-84.9,-84.0,1020.8,-38.79,-4.14,3.28,30.58
162080,7.04,0,1.79,6.43,-67.6,-36.2,987.7,-34.2,-9.36,-1.64,29.97
162100,0,0.85,5.99,0.48,-38.2,16.9,993.8,-42.45,4.5,-4.03,30.02
162120,0,0,2.44,1.69,-68.3,115.9,979.3,-43.36,16.26,-2.02,29.3
162140,0,0.52,0,0.48,-36.6,171.4,955.2,-31.76,10.06,-2.14,29.33
162160,0.08,2.18,0,3.02,-79.7,55.5,987.6,-23.21,17.34,-4.18,28.79
162180,0.58,0,0.83,2.15,-5.7,158.0,988.6,-21.5,16.43,-9.66,28.95
162200,3.75,0,0,0.04,10.2,80.1,974.3,-2.84,26.1,-0.13,28.42
162220,0,2.1,0,2.36,35.7,178.8,1078.1,1.0,17.97,3.42,27.82
162240,71.33,34.27,10.63,1.4,-40.6,191.2,940.3,5.27,16.07,4.35,28.22
162260,57.04,44.23,19.68,0,110.3,149.1,850.6,16.52,18.24,2.87,28.88
162280,37.13,49.42,29.68,0,69.4,194.0,831.6,22.33,12.78,6.1,29.06
162300,20.78,59.71,40.09,1.84,95.3,109.4,842.8,33.32,12.9,7.89,29.33
162320,12.81,56.18,54.3,1.42,116.2,110.8,749.0,32.5,1.85,2.8,29.51
162340,2.43,47.24,69.31,5.12,144.7,3.4,740.4,39.61,4.42,5.81,29.9
162360,1.98,40.24,74.84,4.94,149.7,-3.3,805.2,38.78,2.74,-1.77,30.3
162380,0,29.73,84.28,8.27,96.2,-44.6,802.4,42.76,-2.03,-3.78,30.38
162400,0,13.76,84.71,14.68,156.6,-151.1,775.0,36.04,-8.75,-2.38,30.62
162420,0,9.62,75.18,29.85,71.5,-137.2,883.6,35.11,-13.01,-1.38,30.81
162440,0,7.9,58.29,41.28,80.9,-165.0,893.2,29.63,-8.62,-5.82,31.05
162460,0,0,52.46,49.59,79.8,-123.9,884.0,19.06,-23.94,-5.27,31.46
162480,0,0.83,33.49,63.18,-35.9,-101.1,983.3,6.72,-24.52,-1.41,31.06
162500,0,0,26.06,66.58,-5.0,-97.5,999.7,-0.56,-17.82,-2.23,30.72
162520,0.34,6.55,10.08,59.69,-64.8,-109.4,1030.9,-8.08,-24.57,5.06,31.23
162540,0,0,10.17,51.32,-66.8,-113.2,972.8,-18.42,-15.52,5.38,31.02
162560,0,0.51,5.73,38.9,31.5,-191.0,1036.8,-28.26,-16.98,2.54,31.0
162580,3.64,0,1.54,29.14,-77.3,-86.9,991.5,-30.64,-16.71,3.99,30.49
162600,1.37,8.72,0.56,13.23,-104.3,-103.8,975.8,-40.26,-4.8,4.12,30.25
162620,0,3.17,0,1.47,-146.4,-9.1,1020.7,-39.06,-3.43,-0.78,30.42
162640,5.11,0,7.32,0.21,-70.0,-96.6,987.1,-40.25,2.84,1.3,30.19
162660,0.16,7.65,0.59,1.2,-41.1,87.8,980.2,-38.84,-1.44,-3.63,29.93
162680,0,0.14,1.32,4.44,-78.2,120.8,1007.9,-38.2,11.32,-9.43,29.7
162700,1.1,1.26,2.4,1.13,-85.5,136.1,1038.4,-32.26,7.15,-6.21,29.12
162720,4.82,0,0,2.48,-45.1,102.9,953.1,-22.65,7.23,-3.08,29.04
162740,0,0,0,0.82,-74.9,51.1,1005.0,-16.59,15.3,-3.05,28.64
162760,0.81,0,1.9,0.33,-77.7,171.5,993.6,-11.11,17.23,-2.57,27.82
162780,77.15,25.36,5.91,0,44.3,245.4,1015.2,1.05,23.81,2.1,28.03
162800,67.36,34.57,13.03,0,-9.7,88.8,905.6,10.57,20.09,4.03,28.2
162820,50.55,41.4,20.8,0,104.4,193.6,920.6,21.87,17.56,4.56,28.5
162840,27.64,56.72,23.89,3.97,83.9,142.5,916.0,32.13,16.17,6.63,28.98
162860,14.24,52.19,43.2,2.06,196.4,113.8,857.0,30.84,12.38,5.04,29.13
162880,10.0,52.45,56.53,0,95.5,87.0,799.8,40.6,14.09,3.6,29.87
162900,5.28,49.35,71.26,1.24,96.0,89.3,789.8,38.79,5.43,0.4,29.78
162920,0,28.58,80.32,0.38,114.8,-24.7,765.6,40.31,1.16,0.09,30.54
162940,0,24.36,84.34,11.59,141.8,27.5,838.3,42.68,3.06,-5.78,30.04
162960,0,16.1,87.2,16.01,79.2,-101.1,816.8,31.62,-10.81,-6.52,30.33
162980,0,6.06,77.71,23.71,144.4,-52.4,847.0,29.31,-15.75,-5.4,31.05
163000,0,7.16,63.23,42.4,-8.1,-122.7,890.0,27.22,-12.14,-8.48,30.91
163020,0,5.89,46.54,51.85,-65.6,-156.2,938.5,15.72,-18.24,-2.5,31.09
163040,1.6,0,31.61,63.0,10.1,-205.5,971.3,5.49,-20.09,-5.05,30.68
163060,0,0,20.58,68.63,-14.6,-203.6,1023.7,-6.65,-21.53,2.1,31.22
163080,0.7,0.49,15.55,61.76,30.1,-124.6,987.1,-5.75,-14.09,0.93,31.05
163100,1.49,2.77,6.57,43.9,-157.4,-145.9,1082.7,-14.54,-15.17,3.17,30.9
163120,0,0,7.15,28.4,-35.2,-96.8,990.9,-27.75,-17.72,3.59,30.73
163140,0,0.7,0.72,24.23,-132.6,-139.2,1018.0,-33.74,-11.6,8.0,30.65
163160,0,5.35,0,18.61,-10.3,-70.4,1036.5,-34.71,-8.02,3.06,30.45
163180,0.29,0,2.46,4.03,-61.9,-131.9,1008.1,-43.86,3.61,0.23,30.49
163200,0.54,0.79,0,1.06,-87.8,-45.6,1004.1,-35.04,0.57,-2.1,29.86
163220,0,3.95,0,3.72,-190.1,88.7,1021.3,-37.63,8.41,-2.4,29.84
163240,1.16,1.45,1.48,1.07,-131.8,36.0,973.5,-33.34,18.99,-5.07,29.38
163260,3.62,0.16,0,0,-51.3,64.4,1005.5,-33.71,9.55,-6.79,29.23
163280,0,0,3.88,0,-133.7,90.4,1018.5,-19.22,24.55,-3.65,28.99
163300,0.69,0,0,0,-81.6,173.0,1015.3,-15.79,31.81,-1.29,28.05
163320,2.25,3.26,1.15,0.22,52.5,73.5,1019.1,-10.36,19.14,-3.31,28.4
163340,77.35,29.38,11.61,0,59.5,138.2,1010.9,-1.77,22.47,-0.03,28.22
163360,61.86,39.63,12.35,0,76.2,100.8,874.0,14.58,25.61,4.73,28.39
163380,48.25,50.77,24.06,3.87,-2.9,132.7,918.8,19.27,16.2,-0.28,28.58
163400,31.41,54.35,36.08,3.92,52.6,159.8,779.0,26.63,12.08,0.99,29.24
163420,18.59,58.47,46.84,2.63,123.7,82.6,843.3,28.2,12.5,4.39,29.33
163440,6.48,51.83,64.76,2.01,28.0,88.1,851.2,39.21,10.38,3.33,29.76
163460,0.78,45.46,77.04,5.54,78.8,14.1,810.4,41.43,19.96,0.95,30.08
163480,2.29,32.42,84.03,6.25,57.0,-24.3,833.2,39.5,-3.12,-3.41,29.65
163500,6.33,19.88,86.61,8.66,33.0,-147.3,821.6,38.45,-13.48,-2.26,30.69
163520,2.14,13.72,78.64,17.34,45.7,-80.5,910.1,36.04,-1.21,-5.5,30.44
163540,1.98,6.15,70.72,30.17,103.9,-55.4,894.2,31.89,-16.49,-4.84,30.77
163560,0.37,2.51,60.72,43.29,26.5,-202.9,930.3,20.26,-16.56,-1.82,30.78
163580,0.26,4.05,40.12,61.43,64.7,-151.5,948.1,12.6,-12.14,-2.4,30.76
163600,0,0,30.06,54.53,30.8,-212.4,997.4,6.22,-22.28,-0.19,31.23
163620,3.13,0,18.33,62.0,-60.2,-224.9,989.4,0.31,-17.89,-0.06,31.42
163640,0,0.19,11.3,56.44,-14.1,-55.7,1028.1,-11.22,-19.9,2.15,31.2
163660,0,2.39,3.48,44.25,-125.9,-183.4,1030.3,-19.74,-4.35,4.82,30.75
163680,0.3,2.76,7.52,30.39,-71.2,-41.5,934.9,-28.52,-7.54,7.48,30.49
163700,4.58,0,0.54,21.38,-104.1,-136.8,1017.2,-38.61,-16.37,5.69,30.08
163720,0,3.42,0,10.85,-49.4,-94.2,1018.5,-40.25,-0.91,4.97,30.53
163740,0,0,2.68,4.1,-114.8,-44.7,1051.8,-40.36,-13.91,1.35,30.43
163760,0.68,0.82,0,0.09,-126.4,-62.4,1009.3,-37.87,-1.76,-0.02,29.89
163780,0,5.95,0,4.01,-140.3,-15.8,992.3,-33.08,0.63,-2.4,30.13
163800,0,2.65,0,4.9,-51.2,99.0,1007.1,-35.5,9.21,-1.04,29.3
163820,2.4,5.41,0,0,-43.0,168.8,980.4,-26.33,9.05,-7.22,29.34
163840,0,0,0,2.32,-83.9,149.4,941.0,-22.71,7.16,-7.29,28.68
163860,0,0,0,1.98,-64.4,53.5,960.0,-8.07,26.28,-1.46,28.51
163880,0,0,0,0,-43.4,123.3,991.0,-1.02,23.28,-0.2,27.98
163900,73.98,26.03,6.76,2.73,-82.5,125.8,981.2,2.61,14.47,0.85,28.12
163920,67.15,44.48,20.24,0,39.5,139.3,931.9,17.62,19.2,4.31,28.44
163940,42.15,51.3,21.43,0.48,38.4,92.3,821.7,17.29,29.09,4.87,28.88
163960,26.73,55.31,32.13,0,93.3,116.2,837.8,30.31,16.22,4.34,29.25
163980,17.0,55.17,49.85,1.18,63.1,65.7,837.2,32.73,15.14,1.0,29.36
164000,4.67,46.75,61.58,0,80.7,-34.0,770.9,42.37,1.1,1.35,29.51
164020,2.05,38.88,72.36,2.11,135.5,-52.3,836.5,36.74,0.45,0.08,30.07
164040,0.87,28.95,87.46,4.27,140.1,-52.8,835.1,36.29,-7.5,-2.43,30.44
164060,0,17.1,82.91,14.87,48.3,29.2,862.3,41.0,-7.71,-1.9,30.47
164080,0,10.78,76.04,22.39,68.7,-124.6,795.4,33.9,-15.14,-2.74,30.64
164100,0,5.55,69.58,33.35,125.3,-164.5,843.5,26.0,-13.34,-4.68,31.01
164120,0,3.13,57.54,47.03,-9.9,-124.5,919.8,17.44,-17.63,-3.96,31.06
164140,0,0,37.71,57.36,59.0,-155.7,965.2,8.47,-19.06,-4.69,31.08
164160,0,2.32,23.31,64.48,52.9,-185.9,1044.8,4.85,-21.36,0.1,31.18
164180,0,2.45,14.82,62.34,-43.3,-148.4,1001.5,-4.72,-28.05,0.94,31.1
164200,0.25,0,9.17,51.84,-70.3,-156.6,984.0,-15.76,-20.4,5.25,30.95
164220,0,0,4.03,41.72,-19.6,-120.3,996.2,-21.4,-25.38,5.39,30.82
164240,0,2.67,0,27.53,-107.0,-70.6,1046.4,-27.59,-7.34,7.23,30.66
164260,2.25,0,0,17.75,-33.5,-57.1,971.1,-34.5,-5.38,4.83,30.35
164280,0,0,2.55,10.11,-168.4,-82.7,984.2,-41.11,0.4,4.03,30.47
164300,1.12,1.55,0,4.88,-60.8,16.2,946.9,-41.35,-1.22,-0.63,30.36
164320,2.92,2.83,0,4.67,-72.9,5.4,985.0,-36.65,3.77,-3.67,30.08
164340,0,1.76,0.8,3.32,-123.0,124.5,958.1,-37.7,0.9,-4.74,29.84
164360,0,0,2.73,0,-75.5,26.7,948.7,-36.64,9.38,-8.34,29.42
164380,0,0,0,1.79,-75.5,186.3,1016.1,-27.04,18.49,-2.95,28.92
164400,0,0,0.03,0,-0.5,96.0,1013.2,-14.96,19.61,-5.03,28.6
164420,3.16,0,0,0,-93.3,174.7,991.1,-8.53,16.29,-1.99,28.32
164440,4.6,2.57,0,0,-51.9,119.8,979.3,-1.05,23.65,-1.05,28.2
164460,71.95,29.1,11.78,0,30.5,197.9,942.9,9.56,22.33,1.43,28.17
164480,58.32,42.8,11.49,5.22,18.4,101.1,933.2,18.74,15.33,3.57,28.87
164500,36.09,55.33,19.96,5.43,19.7,35.8,872.1,22.52,14.77,2.71,28.83
164520,22.62,56.84,38.11,0.41,110.4,59.1,850.9,30.36,11.05,2.73,29.53
164540,6.74,57.53,54.96,2.17,130.3,71.8,837.9,42.89,13.02,0.96,29.32
164560,7.25,42.41,64.08,4.16,81.7,35.3,789.3,37.2,-0.18,4.84,30.02
164580,0,36.18,78.43,2.24,18.6,39.1,723.6,36.46,-1.92,-0.24,30.03
164600,0,20.99,86.81,7.89,104.5,-63.6,833.1,40.0,2.2,-3.22,30.66
164620,4.37,14.09,84.52,14.62,149.0,-161.7,781.1,37.15,-11.96,-1.05,30.56
164640,0,9.9,80.66,23.66,61.5,-135.0,845.1,33.56,-3.77,-5.13,30.85
164660,6.87,4.4,62.27,36.86,36.2,-90.3,893.8,24.89,-14.16,-3.02,30.6
164680,3.32,2.09,54.75,45.92,121.6,-192.7,886.3,21.76,-21.86,-3.69,30.7
164700,2.01,2.82,37.9,67.28,133.5,-140.7,915.7,8.49,-20.33,-7.04,30.57
164720,0,1.71,31.07,67.92,35.1,-115.5,979.7,3.26,-20.33,-1.6,31.29
164740,0.05,0,17.69,67.43,68.1,-129.8,999.1,-5.16,-13.86,2.53,31.19
164760,0,5.43,8.27,56.45,-7.0,-97.7,1041.2,-19.54,-20.58,5.65,31.12
164780,0,4.4,3.17,36.93,-184.5,-136.9,966.2,-20.8,-24.92,5.8,31.12
164800,0,3.88,5.63,32.74,-16.2,-105.7,990.0,-31.45,-18.7,3.24,30.67
164820,1.54,0,0,16.08,-80.6,-42.4,1018.4,-39.39,-4.2,0.85,30.92
164840,3.84,0,0.13,10.98,-146.9,-29.3,1002.0,-41.63,-8.33,-0.8,30.31
164860,1.59,2.72,0,0.85,-84.3,20.3,1021.6,-43.35,-1.05,3.2,30.07
164880,1.06,0,0,1.51,-120.6,63.5,1061.7,-37.08,9.69,-3.87,29.96
164900,0,5.04,0,6.8,-105.4,106.0,983.7,-33.34,5.88,-0.38,29.75
164920,0,5.62,0,0,-119.1,-48.7,1032.1,-30.18,14.08,-5.51,29.5
164940,1.97,0,0,0,-171.1,100.5,958.9,-24.88,12.47,-6.18,28.96
164960,0.74,2.09,0,0,-25.8,45.3,986.1,-14.95,23.95,-4.67,28.74
164980,3.52,1.24,0,0,2.4,104.7,944.9,-6.19,12.03,-3.26,28.43
165000,74.75,24.53,8.62,0,-17.9,221.1,1024.3,-3.06,19.61,2.24,28.23
165020,70.85,33.9,12.09,0.06,-21.0,173.7,920.9,11.15,23.82,-1.81,28.48
165040,54.57,45.67,12.12,0.43,43.5,159.7,899.3,14.84,28.17,3.87,29.09
165060,29.36,53.43,25.2,0,-0.2,123.0,835.9,28.82,14.88,5.41,29.14
165080,14.52,56.0,41.33,0,121.3,76.1,825.4,29.33,19.87,4.39,29.16
165100,5.73,52.37,52.33,0.79,7.4,69.0,798.5,40.21,11.62,4.71,29.52
165120,1.16,44.49,66.01,5.54,66.7,19.3,794.5,38.44,2.86,0.96,30.06
165140,2.7,40.16,76.26,4.4,53.3,29.5,848.8,38.43,-0.27,-0.62,29.88
165160,6.6,20.5,85.46,9.89,87.8,-29.9,760.4,40.52,-4.61,-3.89,30.64
165180,0.31,17.95,85.01,22.18,123.3,-7.5,802.4,31.69,-1.97,-4.37,30.52
165200,0,5.58,75.69,33.06,177.5,-161.6,782.0,30.59,-9.79,-5.18,30.43
165220,0,0.61,67.66,47.64,73.9,-131.1,857.7,28.29,-27.65,-2.93,31.06
165240,0,2.17,48.23,56.03,-2.7,-211.5,931.9,14.63,-15.41,-4.0,30.37
165260,0,1.43,38.85,64.13,70.2,-155.7,986.1,5.35,-25.75,-4.91,30.8
165280,0.28,2.06,21.61,56.56,-13.5,-110.9,1022.5,-4.73,-21.83,1.05,30.73
165300,1.21,1.93,15.38,59.16,-80.0,-210.0,987.8,-10.58,-25.56,-1.03,31.08
165320,0,0,15.68,50.17,-81.0,-149.2,1005.4,-20.69,-18.76,4.88,30.69
165340,0,0,4.88,39.91,-29.9,-144.0,1014.2,-25.11,-17.95,3.79,30.58
165360,0,2.71,2.54,27.58,-50.4,-62.3,1007.9,-31.28,-5.98,7.11,30.57
165380,0,6.15,6.13,12.26,-71.3,-67.1,1025.1,-37.9,-7.97,4.74,30.36
165400,0,0,3.4,12.28,-90.1,-122.4,1004.3,-38.35,-4.83,2.88,30.18
165420,0,4.77,1.94,8.0,-133.0,94.9,1029.5,-41.98,-0.81,0.64,30.18
165440,0,1.44,2.43,2.54,-189.5,-20.0,1023.8,-39.54,4.96,-1.47,29.42
165460,0.86,2.96,4.42,2.94,-42.8,141.5,1016.7,-37.55,17.32,-4.58,29.44
165480,1.85,2.28,1.28,5.27,-110.5,121.8,1020.2,-35.32,14.14,-4.92,29.14
165500,0.82,1.43,2.32,4.02,85.1,120.1,977.7,-24.89,12.12,-3.96,28.97
165520,1.23,0,0,5.86,-23.5,217.7,994.1,-13.6,27.1,-6.66,28.58
165540,0,4.12,0,0,46.8,233.0,997.3,-6.06,29.28,-1.83,28.19
165560,83.83,24.69,6.38,0.32,-23.5,167.3,969.3,4.56,28.16,0.64,28.4
165580,64.1,32.71,16.36,3.09,128.7,112.8,968.4,7.39,21.03,1.01,28.52
165600,49.2,45.12,18.12,4.59,102.1,83.3,881.8,18.44,24.54,5.07,28.66
165620,34.7,54.25,26.45,1.92,24.4,102.0,920.2,24.91,15.51,6.85,29.32
165640,14.46,59.53,41.14,3.74,3.4,67.1,804.5,33.73,4.28,1.34,29.7
165660,8.25,52.81,58.69,0,139.4,75.3,792.1,31.5,2.95,2.74,29.89
165680,5.73,45.98,70.26,6.02,141.6,14.5,787.4,40.0,-7.53,0.74,29.69
165700,0,35.94,79.42,2.36,190.6,13.4,768.0,40.36,2.03,1.01,30.13
165720,0,19.43,85.35,9.78,94.5,-73.7,802.5,44.04,-1.93,-1.75,29.95
165740,0.81,15.85,85.04,18.58,37.2,-155.1,804.7,38.81,-9.22,-2.78,30.9
165760,0,10.06,74.85,27.21,132.4,-126.4,884.8,27.33,-3.5,-4.04,30.77
165780,2.5,0,56.83,43.81,87.2,-140.4,892.0,21.53,-11.59,-5.18,30.97
165800,0.28,0,44.92,53.36,-55.4,-137.9,944.8,18.3,-22.9,-0.27,30.66
165820,0,3.19,33.96,65.7,-10.9,-142.7,997.1,3.21,-24.41,-3.35,31.19
165840,0,4.37,17.75,65.23,61.0,-194.3,1014.3,-2.79,-16.69,-0.06,30.45
165860,4.29,0,13.71,62.17,6.9,-114.8,996.8,-10.55,-17.66,2.24,30.93
165880,0,0,6.36,47.68,2.3,-135.2,994.3,-21.43,-15.32,3.37,30.87
165900,0.13,0,3.1,36.93,-111.6,-69.2,947.9,-26.27,-14.81,5.06,30.87
165920,0,0,10.04,22.57,-40.6,-40.5,1014.8,-37.94,-10.95,6.66,30.52
165940,0,1.02,0,11.13,-8.5,-106.1,1038.6,-35.06,-5.6,1.22,30.21
165960,2.67,0,0,6.0,-68.8,-72.0,1011.6,-38.43,1.94,4.68,30.66
165980,0,4.42,2.44,2.58,-147.4,84.3,991.5,-40.62,7.15,2.38,29.95
166000,0,0,2.15,3.37,-88.4,-25.7,973.0,-39.31,10.26,-5.35,29.57
166020,0,0,0,0.74,-105.3,1.8,982.1,-33.64,1.1,-2.86,29.64
166040,0,0,0,0,-42.3,55.2,946.8,-26.18,9.17,-6.09,29.21
166060,0,5.03,2.15,0,-87.9,76.4,947.2,-16.93,24.48,-6.59,28.5
166080,3.3,0.74,0,0,-63.8,165.4,983.6,-20.78,22.18,-2.74,28.6
166100,1.66,2.89,0.78,0,-22.3,103.1,968.3,-1.44,11.85,-0.61,28.49
166120,81.23,22.65,6.87,0,15.7,214.7,979.9,10.29,14.92,0.34,28.04
166140,68.44,33.79,14.57,5.09,-22.7,203.8,969.5,11.15,18.05,6.16,28.63
166160,40.47,51.62,20.4,0,53.6,81.0,885.4,19.45,7.26,6.23,29.02
166180,29.56,55.95,30.93,0,53.5,135.7,852.2,31.86,13.22,5.17,29.15
166200,15.22,57.62,51.08,0.52,60.8,52.0,897.3,32.54,15.91,3.07,29.74
166220,8.21,51.98,59.79,2.82,163.1,87.8,848.8,40.15,12.83,0.55,29.58
166240,0,46.31,71.23,4.42,59.4,-7.1,795.4,39.75,-3.02,2.65,30.1
166260,6.12,31.54,83.69,3.57,120.7,-47.5,791.9,40.61,-0.6,-1.74,30.31
166280,0,17.03,84.66,13.46,78.1,2.8,821.2,42.6,-2.19,-1.26,30.13
166300,2.47,12.03,75.45,20.63,99.4,-106.4,831.1,40.59,-6.46,-4.77,30.84
166320,0,7.19,66.93,36.99,124.9,-217.8,885.9,23.56,-4.24,-4.67,30.78
166340,1.14,0,62.93,49.62,121.9,-77.8,903.3,21.85,-20.59,-3.53,31.13
166360,0,0,46.57,62.64,123.5,-81.6,945.2,16.34,-19.76,0.44,31.23
166380,0,0.2,36.23,64.57,6.9,-128.1,975.0,-1.4,-21.33,-1.33,31.09
166400,1.99,2.09,13.87,66.65,-46.6,-168.5,995.1,-0.9,-34.15,2.37,31.11
166420,1.23,3.26,13.06,53.29,-47.8,-169.2,979.8,-13.93,-8.33,0.62,31.0
166440,0,0,6.92,46.68,-176.4,-88.5,981.9,-17.77,-19.95,4.14,30.69
166460,0,0.95,6.44,30.08,-87.4,-103.2,957.9,-28.78,-16.6,6.55,30.93
166480,0,3.21,1.93,21.07,18.5,-96.0,984.8,-29.45,-9.18,6.3,30.55
166500,3.42,1.94,0,15.33,-158.0,13.6,979.3,-34.13,-13.33,0.02,30.7
166520,0,1.56,0,3.46,-157.4,-21.7,971.1,-41.46,-3.72,0.98,30.2
166540,1.19,0,0,4.69,-39.5,66.6,1008.5,-46.12,20.34,-0.12,30.35
166560,1.04,0.03,0,0,-15.0,43.7,952.2,-40.12,7.85,-2.07,29.41
166580,2.66,0,0,4.52,-113.3,59.5,983.8,-39.5,3.99,-4.46,29.45
166600,0.05,0,0,2.3,-115.8,136.6,967.8,-28.86,21.05,-7.22,28.81
166620,0,0,0,0,-10.3,26.3,977.9,-20.05,11.84,-0.05,28.56
166640,4.28,0,2.01,0,-24.3,124.5,987.1,-15.6,22.68,1.66,28.29
166660,4.06,0,1.85,2.79,26.5,140.0,1043.7,-8.23,18.27,-1.7,28.26
166680,70.99,29.87,9.3,1.47,34.2,124.9,1010.4,4.74,15.43,3.75,27.9
166700,65.45,42.88,11.78,6.26,84.3,197.7,939.6,17.69,18.29,6.63,28.56
166720,40.88,50.79,24.98,0,130.6,167.7,925.0,31.79,17.98,4.73,28.69
166740,19.67,62.09,29.17,2.32,45.7,140.0,888.4,30.19,13.29,4.83,29.08
166760,10.94,52.56,50.46,0,93.7,95.0,831.5,35.54,20.36,4.39,29.36
166780,1.35,51.07,65.71,0,117.6,73.5,807.5,38.76,11.38,-1.96,29.84
166800,3.37,40.44,77.44,0,59.6,14.5,795.9,38.28,2.22,2.8,30.02
166820,0,30.03,81.01,7.93,4.6,-118.6,841.0,36.5,-2.68,-0.58,30.33
166840,0,20.2,83.21,10.43,59.1,-72.5,865.5,32.91,-6.29,-2.13,30.49
166860,0,11.08,76.77,24.64,-28.0,-94.0,873.9,36.05,-11.74,-8.56,30.56
166880,0,2.84,64.7,32.22,8.2,-78.5,891.6,31.31,-15.88,-3.93,30.69
166900,0,1.98,56.23,52.08,10.7,-137.3,930.8,15.78,-17.7,-2.05,30.74
166920,0,1.82,45.12,56.76,39.0,-54.4,902.2,6.79,-17.22,-0.59,30.82
166940,0,0,33.29,66.2,-37.6,-131.8,1005.1,-5.27,-24.72,3.6,30.66
166960,3.38,0.38,14.09,61.44,-79.6,-307.5,1010.8,-8.07,-21.0,-0.52,30.88
166980,1.04,0,13.55,55.72,19.2,-101.5,1018.0,-20.61,-20.2,2.3,30.73
167000,0,2.13,4.49,40.3,27.9,-199.6,1021.2,-25.84,-19.2,0.39,30.69
167020,2.13,0,6.49,29.48,-93.3,-118.0,1006.1,-29.23,-17.03,3.51,30.54
167040,0.83,0.55,0,17.11,-19.6,-43.8,1010.1,-32.68,-11.13,4.6,30.92
167060,0,2.34,3.1,10.01,-178.0,3.8,1034.0,-38.75,-2.53,-0.12,30.5
167080,5.05,1.19,2.23,4.18,-63.9,-120.1,981.0,-40.25,-0.87,-1.2,29.77
167100,0,0,3.24,2.15,-168.3,93.3,984.3,-39.18,7.34,-4.17,30.11
167120,0,2.7,1.19,1.45,-43.8,154.5,1008.8,-38.46,12.23,-2.29,29.68
167140,0.16,0,5.72,0.89,-73.1,-4.7,1014.0,-33.07,15.29,-6.94,29.39
167160,0,0,0,0,-145.5,89.3,1021.7,-27.93,15.3,-4.5,28.67
167180,3.98,2.34,1.11,2.86,-60.6,171.4,1036.6,-20.14,15.15,-4.18,28.96
167200,3.4,0,0,0,17.0,133.5,999.4,-1.42,17.99,-2.64,28.05
167220,3.6,3.06,2.63,0,-33.6,108.5,1010.9,-4.52,14.42,1.11,27.95
167240,70.04,31.55,7.89,0.48,-52.2,223.0,959.8,8.93,21.8,3.06,28.37
167260,57.57,39.33,19.55,0,-17.6,141.8,881.5,10.54,24.14,2.01,28.51
167280,35.48,53.69,22.8,1.7,98.8,221.6,925.8,23.9,19.01,3.58,29.19
167300,20.23,56.06,37.14,1.8,-23.8,145.3,814.0,33.03,10.38,3.07,29.33
167320,4.96,54.45,50.9,0.5,98.5,79.4,822.3,37.83,5.28,5.33,29.33
167340,2.0,49.36,68.32,1.78,85.4,21.1,825.3,38.54,-5.53,1.12,29.54
167360,4.7,36.9,79.58,2.53,98.5,65.8,784.7,40.42,5.2,-1.84,30.16
167380,0,26.33,85.46,7.87,97.2,10.5,813.4,34.24,-7.03,-2.92,30.18
167400,2.17,17.9,86.68,15.92,122.9,-91.8,789.1,38.49,-8.44,-0.32,30.81
167420,0,11.58,76.12,21.7,144.5,-67.5,823.8,34.18,-10.04,-3.89,30.81
167440,4.07,4.52,60.67,38.47,-14.6,-223.4,912.9,22.54,-11.29,-8.46,30.82
167460,0,0,53.27,50.01,7.6,-157.1,882.9,19.74,-20.43,-3.32,31.09
167480,3.94,0,39.98,59.75,5.0,-130.2,954.8,9.8,-22.47,-0.47,30.9
167500,3.3,4.81,25.49,62.91,-28.3,-166.0,1036.4,-0.67,-21.07,2.17,30.84
167520,0,1.01,14.48,60.4,26.8,-138.0,995.0,-7.96,-19.72,2.97,30.99
167540,1.02,1.19,11.14,49.24,-27.5,-198.0,972.4,-20.05,-12.85,5.14,30.97
167560,0.6,0,9.88,42.6,-69.5,-33.9,977.9,-29.04,-17.59,3.08,30.91
167580,0,0.67,4.04,19.6,-10.6,-53.0,1002.5,-35.27,-10.26,3.67,30.81
167600,7.11,1.7,0,18.32,-54.8,-51.5,943.1,-31.76,-9.88,3.68,30.45
167620,6.0,2.92,0,8.81,-31.0,-22.8,978.1,-35.7,-5.27,3.91,30.62
167640,2.25,0,0,1.7,-17.0,-1.1,981.6,-41.16,-0.04,-1.84,30.28
167660,0,0,2.07,1.36,-122.3,56.6,1019.4,-39.83,7.81,-0.61,29.72
167680,0,5.05,0.71,0,-47.8,111.3,984.0,-35.7,3.03,-2.39,29.57
167700,1.0,5.25,0,0,-29.3,147.9,946.6,-33.6,11.14,-4.88,29.24
167720,0,5.7,9.32,0,-65.8,169.7,994.2,-20.76,15.66,-4.1,28.72
167740,0,1.32,0,3.13,-141.5,244.7,1061.8,-18.17,26.32,-5.5,28.64
167760,0,2.29,0,0,-100.1,150.7,990.8,-6.34,16.11,-1.72,28.36
167780,79.52,17.7,4.27,1.89,103.7,64.5,972.5,5.56,27.73,0.54,28.1
167800,62.66,33.89,12.87,0.73,91.0,263.7,917.7,7.36,21.7,2.06,28.63
167820,50.52,43.98,15.59,5.22,8.2,133.3,934.2,18.11,18.29,-0.68,28.76
167840,27.93,52.47,29.26,0,-42.1,104.4,880.9,22.62,6.55,5.06,29.21
167860,17.17,59.68,46.27,0,-19.8,71.9,817.2,35.59,15.42,5.84,29.56
167880,7.01,52.43,56.62,0,107.1,-56.1,800.7,34.94,8.35,0.14,29.77
167900,0,44.84,75.47,0,166.9,55.8,821.0,34.61,4.21,2.11,29.81
167920,4.39,33.4,85.12,2.19,69.8,5.8,827.5,39.01,-1.13,-4.69,29.98
167940,0,22.89,82.54,16.6,79.1,-59.0,762.5,44.16,-3.16,-1.69,30.47
167960,3.03,11.84,84.66,14.16,79.6,-43.6,798.8,34.35,-11.66,-2.5,30.68
167980,1.41,8.42,77.59,30.63,60.3,-118.4,889.6,31.54,-8.55,-4.68,30.98
168000,0,3.42,62.64,43.05,-38.8,-182.7,911.2,25.59,-5.58,-5.52,31.31
168020,0,0.52,51.19,55.04,41.0,-155.2,943.8,16.0,-15.87,-4.63,30.63
168040,0,0,34.95,61.91,-19.8,-185.2,987.6,7.5,-26.38,-2.36,31.3
168060,0,0.64,26.08,68.34,39.8,-156.4,967.7,-0.92,-20.62,-0.81,31.12
168080,3.19,1.25,11.84,60.24,129.7,-53.9,1027.0,-7.7,-18.16,1.84,31.35
168100,1.28,0,9.66,52.3,43.8,-145.9,1011.2,-14.12,-21.28,2.85,30.91
168120,0,0.18,5.51,37.84,-194.8,-86.0,955.7,-25.13,-7.01,10.3,30.83
168140,2.41,8.53,3.57,15.62,-41.6,-80.1,969.5,-34.46,-10.61,5.65,30.67
168160,0,6.71,3.27,12.76,-116.2,-34.8,1019.3,-33.47,-9.8,2.57,30.54
168180,0,0,0.62,3.98,-99.0,-55.0,1000.6,-32.24,-3.55,0.03,30.11
168200,0.9,4.32,0,0.36,-129.5,-43.8,1031.9,-44.25,0.75,2.37,30.04
168220,1.24,0,0,0,-111.7,79.7,1003.9,-40.23,-2.12,-1.55,29.38
168240,0,2.16,0,1.13,-45.9,125.2,1062.0,-36.84,6.95,-2.06,29.62
168260,4.82,0,0,1.1,-179.7,155.8,1003.0,-29.54,3.44,-4.52,28.9
168280,1.36,0.18,1.9,0,-120.9,163.4,953.1,-26.37,15.97,-5.23,28.42
168300,0,0.23,1.93,0.55,-60.4,137.5,989.8,-11.45,26.0,-9.96,28.49
168320,0,0,0,0,-3.4,213.5,1032.7,-9.19,8.82,-1.12,28.16
168340,75.29,19.82,2.59,0,34.2,141.9,979.1,1.35,24.17,3.18,28.28
168360,64.97,32.97,12.39,0.68,-33.9,171.7,949.1,13.01,19.87,3.04,28.39
168380,46.6,46.75,23.31,0.43,-43.2,235.6,897.3,22.0,19.03,8.38,29.0
168400,31.04,55.73,34.49,0.69,112.1,71.8,847.9,25.33,12.19,8.2,29.3
168420,16.76,55.9,45.36,2.87,94.0,93.0,832.0,32.82,14.69,5.74,29.55
168440,6.72,53.38,59.68,4.97,114.2,75.3,839.0,36.8,8.77,7.69,29.21
168460,4.63,44.9,70.28,7.64,62.0,64.2,777.5,37.05,-1.03,-0.99,30.48
168480,0,33.11,82.27,4.04,196.1,34.3,810.6,39.89,-1.53,-1.0,30.39
168500,3.2,21.53,88.33,11.65,99.4,40.2,796.3,36.54,-11.76,-1.41,30.49
168520,0,8.61,77.25,22.16,85.8,-51.9,780.3,32.56,-13.32,-4.46,30.64
168540,2.87,8.44,72.97,32.67,72.9,-185.7,926.3,29.72,-7.6,-2.71,30.91
168560,2.05,0,60.55,43.5,41.4,-138.5,809.2,24.05,-12.71,-7.4,30.9
168580,4.21,0,44.7,56.34,131.0,-140.1,856.1,9.13,-16.65,-3.49,30.92
168600,0,0,29.61,65.16,-12.5,-143.8,1006.6,0.94,-26.4,1.1,30.76
168620,4.78,5.43,31.58,69.62,-65.3,-229.4,997.1,-1.31,-24.35,3.23,30.94
168640,0,0.78,12.72,57.01,-45.2,-132.8,994.1,-13.66,-22.0,5.09,30.99
168660,2.52,0,3.42,45.39,-44.1,-133.7,985.3,-22.31,-6.01,1.97,30.91
168680,3.04,0,9.43,36.16,-63.7,-43.3,958.8,-26.4,-20.02,2.29,30.72
168700,0,0,0.85,18.26,-25.3,-10.7,984.9,-31.04,-3.58,4.24,30.67
168720,0.27,0.34,0,13.59,-186.8,-3.0,1013.9,-35.06,-5.21,4.92,30.69
168740,0,0,0,8.8,-199.6,-31.4,1061.6,-35.43,0.24,1.05,30.5
168760,7.14,4.23,8.23,2.35,-175.9,34.3,1005.7,-32.1,1.85,-2.63,30.18
168780,0,3.6,0,0,-38.9,18.5,954.5,-33.33,8.36,-1.94,29.95
168800,3.58,3.82,0,0,-113.6,75.7,970.9,-38.42,7.01,-0.16,29.1
168820,0.43,0,0,1.3,-32.7,70.9,1017.4,-28.29,19.39,-5.39,29.12
168840,5.1,0,0,0,-87.1,155.6,1009.3,-20.8,25.38,-2.59,28.53
168860,0,0,4.36,2.52,-64.3,83.4,1028.4,-11.38,14.72,-3.6,28.18
168880,0,0,2.19,0,-20.0,191.8,1004.7,-8.41,20.18,1.17,28.0
168900,79.01,24.67,8.83,0,43.3,207.7,980.4,8.53,23.25,-0.51,28.32
168920,52.96,36.84,7.95,0,95.7,182.1,923.6,11.76,18.68,7.8,28.15
168940,44.95,55.12,25.41,0,121.4,152.2,866.0,19.27,14.65,5.1,29.0
168960,27.1,58.87,33.86,0.53,-90.5,101.1,921.6,24.22,10.2,4.35,29.03
168980,6.6,52.79,50.91,0.69,106.8,74.6,786.1,35.72,3.28,6.37,29.1
169000,7.49,53.75,65.87,2.01,94.0,32.8,806.1,38.07,5.44,1.1,29.39
169020,1.4,40.56,68.83,0,127.5,-29.4,738.1,40.97,3.36,0.45,29.92
169040,1.31,31.18,85.51,6.38,80.7,-16.4,815.6,36.56,-8.43,0.83,30.39
169060,2.76,18.77,88.32,10.32,90.1,-95.7,817.5,43.0,-4.79,-3.38,30.34
169080,0,8.46,81.14,25.71,58.9,-31.6,829.2,31.13,-11.6,-3.36,30.9
169100,1.63,0,68.2,34.06,44.6,-168.5,903.0,21.27,-18.77,-5.2,30.74
169120,0,6.24,57.14,46.07,-33.1,-137.1,894.6,14.83,-17.45,-4.18,30.75
169140,4.19,4.12,38.96,59.95,58.4,-93.6,977.2,10.13,-19.59,0.07,31.25
169160,0,0,31.78,61.17,-32.8,-157.5,986.4,7.91,-16.1,-5.29,30.94
169180,1.7,0,17.94,66.49,-22.8,-106.3,982.4,-7.85,-22.04,1.45,30.95
169200,4.27,0,13.77,52.38,-82.0,-169.4,994.8,-17.18,-23.96,2.72,31.0
169220,0.5,3.94,3.67,45.34,-88.2,-58.3,1013.7,-20.98,-15.68,7.37,30.97
169240,2.75,2.85,1.88,29.6,-55.0,-92.8,1005.0,-29.94,-4.42,3.39,31.05
169260,2.16,2.1,1.18,18.24,-122.7,-104.6,967.2,-36.48,-8.62,2.29,30.68
169280,0,0.22,3.87,6.91,-115.2,-142.9,972.3,-34.61,-4.96,0.5,30.27
169300,0,0,3.83,5.91,-210.5,-2.1,1004.3,-33.62,3.55,-0.72,30.19
169320,0,2.03,0,1.06,-38.3,64.0,996.0,-39.18,8.26,0.61,30.3
169340,2.62,0.2,0.81,0,-119.8,30.6,1001.1,-35.91,7.83,-3.94,29.68
169360,0,0,0,0.14,-67.2,7.7,949.7,-37.04,2.78,-2.97,28.98
169380,0,5.6,2.94,0,-76.6,147.4,1004.5,-29.19,11.79,-2.26,29.27
169400,4.5,2.36,2.37,0,23.7,111.9,985.6,-16.03,12.8,-5.69,28.77
169420,1.89,0,0,0,-49.6,191.2,1036.1,-12.13,22.16,-1.9,28.18
169440,0,1.24,0,2.04,23.5,211.9,966.5,-0.09,26.81,-0.51,27.9
169460,67.19,30.43,11.96,0.42,1.9,91.8,938.8,8.49,24.05,3.22,28.37
169480,56.56,36.56,18.22,0.52,13.2,192.1,917.1,10.01,16.63,5.36,28.43
169500,40.6,51.2,28.76,0,64.5,87.5,863.7,18.47,16.11,6.53,28.95
169520,19.7,57.68,42.65,0,31.7,110.6,878.1,32.22,14.03,3.96,28.92
169540,11.02,51.34,53.78,0,125.8,102.9,774.4,42.48,14.3,2.9,29.61
169560,0.9,46.57,67.27,1.28,106.4,-8.9,782.3,39.22,6.51,3.21,29.6
169580,3.75,41.13,78.58,0.44,207.3,37.3,761.2,42.12,4.2,-1.52,30.36
169600,0,26.45,86.16,9.1,108.6,-64.5,810.3,44.26,-3.49,-2.47,30.17
169620,0,13.57,83.33,22.98,179.6,-14.8,844.1,37.2,-16.78,-5.31,30.6
169640,2.54,10.85,75.6,23.48,4.1,-80.0,799.8,30.27,-18.27,-6.97,30.46
169660,1.75,0,70.7,39.55,61.8,-135.1,872.6,23.13,-22.55,-0.4,31.12
169680,0,1.38,54.41,51.85,-43.0,-122.9,894.0,14.67,-13.71,-7.32,31.1
169700,0,3.42,36.16,60.2,30.6,-127.1,1031.6,6.59,-17.4,-2.42,30.98
169720,2.04,1.89,24.69,62.18,-68.1,-211.1,1033.0,5.61,-18.28,-2.54,30.8
169740,0,2.38,14.44,67.52,-59.3,-146.9,965.0,-11.88,-20.74,5.49,31.08
169760,0,0,6.8,53.91,-80.7,-113.5,994.0,-17.67,-15.12,3.89,30.92
169780,8.34,2.2,4.3,40.74,-82.1,-185.6,1019.3,-25.41,-15.08,6.85,30.96
169800,0,0,8.31,30.64,-99.9,-123.1,1000.9,-30.34,-8.94,4.38,30.63
169820,0,0,0,15.34,-144.2,-23.7,1057.3,-42.3,-10.13,2.75,30.67
169840,0,4.97,0,10.36,-45.1,-81.8,1005.6,-39.44,-11.56,4.45,30.02
169860,0,0,0.19,6.65,-169.3,-84.6,1009.7,-40.52,2.37,-0.97,30.47
169880,0.68,2.03,0.7,0.46,-131.5,94.3,1040.3,-42.01,4.36,-1.17,29.87
169900,0,0,3.02,2.81,-75.9,64.2,991.3,-32.5,3.79,-4.63,29.76
169920,0,3.83,2.85,0,-51.6,73.3,1113.4,-37.61,4.41,-6.65,29.04
169940,0,2.22,0,0,-41.3,136.3,986.7,-24.71,22.39,-6.58,29.04
169960,3.21,0.55,0,2.2,-58.8,120.1,1015.8,-15.97,9.19,-3.87,28.55
169980,0,0.95,1.53,0,17.6,199.6,1022.5,-8.49,17.96,-3.4,28.47
170000,80.29,22.83,1.88,1.75,-55.1,155.0,985.4,-0.72,27.89,-4.93,27.94
170020,71.54,24.78,12.78,0,2.9,50.6,936.0,17.27,23.35,0.1,28.61
170040,54.39,40.56,19.89,3.97,-11.3,120.5,877.3,23.78,18.16,5.51,28.57
170060,30.29,50.65,22.36,0.67,79.9,174.4,858.4,23.75,20.91,5.62,29.02
170080,17.9,62.39,41.85,0,74.7,112.1,827.6,37.74,16.85,3.05,29.57
170100,4.72,54.45,58.61,0,25.6,87.4,815.1,37.22,0.78,2.46,29.74
170120,4.2,47.69,66.06,0,140.9,17.1,765.2,35.5,-8.55,3.87,29.59
170140,5.84,37.6,75.05,4.37,29.3,49.2,781.9,42.6,0.16,1.06,29.82
170160,1.93,27.08,83.52,7.92,93.6,-77.0,798.2,30.7,-14.43,-4.73,29.98
170180,0,18.09,86.98,17.28,128.4,-65.3,782.0,40.08,-13.65,-0.58,30.6
170200,0,11.93,76.19,27.07,103.0,-84.7,848.8,25.8,-13.0,-4.01,30.38
170220,0,1.92,66.52,39.29,99.3,-129.1,859.1,25.39,-14.06,-6.32,30.81
170240,2.12,0,48.72,50.01,88.7,-154.6,955.7,24.26,-32.75,-4.41,30.82
170260,0,0.79,31.28,58.37,30.8,-113.2,951.9,6.99,-17.03,-3.41,31.15
170280,0.88,1.69,26.36,65.78,-63.4,-118.8,980.8,-1.48,-15.98,0.36,31.07
170300,0,1.1,14.62,65.74,-65.0,-172.7,973.0,-8.71,-22.06,3.3,30.97
170320,2.89,3.3,10.84,50.87,-95.5,-113.4,975.7,-18.95,-19.29,5.3,30.8
170340,0,2.6,4.84,34.61,-98.0,-90.3,967.7,-26.65,-26.88,1.33,30.92
170360,2.42,3.33,0.35,27.85,-93.8,-85.5,998.6,-34.97,-17.02,6.99,30.69
170380,0.06,0,0,10.17,-72.8,-118.9,1008.2,-37.65,-11.09,1.7,30.45
170400,0,4.22,0.92,10.21,-51.3,-52.2,1013.9,-41.11,-0.86,-1.82,29.83
170420,0,6.54,2.14,2.12,-66.2,-18.1,1077.0,-37.45,-3.67,-0.36,30.37
170440,0,0,1.56,0.47,-52.9,65.1,1004.4,-43.91,3.03,1.11,29.75
170460,3.39,2.13,0.41,0,-142.4,-35.1,1053.6,-33.24,3.55,-3.49,29.82
170480,1.13,0,0,1.78,-86.7,98.7,974.3,-27.18,20.17,-7.98,29.45
170500,0,3.11,3.8,5.27,-80.1,95.0,960.3,-22.73,18.43,-1.32,28.99
170520,0,0.62,0.5,3.39,-131.0,96.7,1043.2,-17.25,19.62,-2.91,28.66
170540,0,3.99,1.57,0,-30.9,160.3,1040.9,-7.43,24.6,-5.3,27.99
170560,73.15,23.92,5.13,3.84,-18.8,158.7,1024.0,6.58,13.78,0.39,28.18
170580,67.13,34.23,10.04,0,82.5,151.9,964.3,11.37,19.59,3.9,28.41
170600,46.39,52.62,13.0,0,29.0,151.0,861.3,13.08,30.17,2.72,28.92
170620,35.15,52.89,36.06,0.07,61.0,148.2,885.7,25.91,19.04,6.17,29.13
170640,17.24,56.7,42.83,0.21,86.6,40.1,881.6,32.43,9.05,6.39,29.54
170660,1.74,50.53,63.06,3.19,175.3,63.2,825.9,38.15,13.02,0.67,29.46
170680,0,42.11,69.66,5.08,120.1,7.2,741.2,34.22,5.86,5.28,30.14
170700,0,36.84,78.39,4.91,144.2,39.4,796.4,43.74,4.98,-2.5,30.03
170720,2.17,28.96,84.39,8.35,159.8,-56.5,812.8,36.96,-5.97,-4.55,30.2
170740,0,10.39,84.19,15.79,47.0,-47.0,810.1,33.13,-1.14,-2.63,30.56
170760,3.36,3.74,70.32,24.97,118.9,-68.3,874.8,33.3,-1.72,-1.84,30.97
170780,0.11,0.87,67.54,42.89,77.3,-112.2,904.0,28.82,-16.0,-4.24,30.81
170800,0,0.17,49.19,57.37,16.4,-146.7,892.9,11.54,-22.3,-3.89,31.05
170820,0.63,2.57,33.86,62.55,62.1,-52.2,998.2,3.17,-20.48,0.28,30.84
170840,0.52,0,16.79,64.37,-3.9,-86.6,986.4,1.74,-17.09,1.87,30.68
170860,0,2.7,13.89,58.86,-82.1,-182.1,1035.6,-10.11,-15.02,1.13,30.9
170880,0.33,0.53,0,48.94,44.3,-134.5,1014.0,-20.96,-17.37,3.07,30.72
170900,0,2.63,5.46,34.28,-11.2,-144.4,986.6,-26.82,-24.99,4.24,30.87
170920,1.35,0,0,22.49,-71.4,-132.0,1028.2,-28.38,-10.82,5.35,30.97
170940,1.28,0,1.62,9.89,-116.8,-96.6,1023.2,-35.1,-0.95,0.12,30.62
170960,0,0,0,7.46,-69.3,0.4,960.8,-40.65,1.24,-1.75,30.17
170980,0,0,0,6.45,-112.3,27.0,973.7,-38.76,3.48,-0.51,29.87
171000,0,0,0.55,0,-103.5,-21.3,961.6,-36.71,7.7,-0.61,29.75
171020,0,0,0,0,-101.5,38.7,1014.0,-28.66,6.5,-8.38,29.83
171040,2.92,0,0,0.36,-38.0,122.1,987.9,-30.47,10.64,-3.38,28.9
171060,5.49,6.9,0,0,-59.4,42.2,995.2,-22.51,10.14,-5.77,29.13
171080,2.79,0,0,0,12.9,83.4,943.8,-7.98,23.45,-5.63,28.72
171100,0.34,4.31,1.53,0.91,-20.3,157.3,1011.1,-3.35,14.14,-0.16,28.18
171120,77.38,27.97,2.95,0,-0.5,174.5,1011.1,3.0,21.24,-1.31,28.19
171140,61.34,35.46,12.39,0,28.0,169.1,886.2,10.04,8.85,2.96,28.19
171160,46.2,50.96,24.47,0,16.4,112.3,885.0,13.23,9.02,6.96,28.81
171180,30.2,56.9,38.63,0,90.1,210.2,838.6,28.41,12.65,2.07,29.2
171200,13.59,60.22,40.15,6.31,54.2,116.7,846.8,34.27,6.99,0.82,29.53
171220,9.71,50.36,61.98,0.34,125.6,65.1,782.8,39.33,13.36,2.77,29.66
171240,4.96,40.63,73.68,1.3,151.3,66.9,837.4,37.96,-3.76,-1.12,29.93
171260,3.48,28.34,79.38,3.19,80.1,8.9,789.7,37.0,-3.85,2.05,30.33
171280,1.62,20.76,78.72,9.82,144.9,-54.0,778.2,34.0,-17.29,0.38,31.02
171300,0,13.02,73.42,23.71,92.2,-69.2,801.2,27.06,-10.36,-1.25,30.6
171320,0,7.09,68.91,36.92,75.3,-234.3,863.7,27.02,-15.58,-4.02,30.8
171340,0.39,2.77,57.92,52.09,104.6,-209.7,846.2,20.89,-19.04,-5.79,30.71
171360,2.0,0,42.65,55.19,71.6,-99.1,935.3,16.67,-23.37,-2.08,30.86
171380,0,1.59,26.82,66.19,0.1,-128.8,972.6,1.91,-29.29,-0.82,30.57
171400,0,1.0,18.48,71.12,-80.6,-178.9,950.6,-5.75,-18.19,0.55,31.21
171420,0,1.23,13.7,56.59,7.3,-214.2,981.2,-15.53,-23.33,3.62,31.06
171440,0,0,11.09,45.54,-98.8,-129.2,1032.0,-23.9,-14.43,5.29,30.8
171460,0,2.26,3.44,33.61,55.2,-76.9,1009.0,-25.36,-13.1,5.82,30.58
171480,1.66,0,5.21,18.87,-106.1,-72.8,1059.7,-28.62,-8.92,5.34,30.72
171500,0,3.02,0,10.98,-152.7,-37.0,1021.1,-34.9,-3.01,2.44,30.61
171520,0,0,0,8.64,-111.0,-1.9,1036.9,-39.2,-6.21,2.29,30.21
171540,2.34,5.93,0.57,0,-24.3,-3.3,1028.9,-34.75,13.69,1.15,29.9
171560,0.06,0.81,0,4.26,-161.4,-1.3,1002.1,-34.93,6.18,-6.26,29.79
171580,0,1.83,4.7,1.77,-50.7,45.8,1001.9,-34.07,19.56,-3.25,29.47
171600,0,0.54,2.11,3.33,-47.4,180.0,950.6,-23.94,13.46,-6.52,29.09
171620,1.61,0,0,0,-48.8,158.0,962.9,-19.4,23.23,-6.41,28.82
171640,0.98,4.45,2.83,3.55,-41.7,215.3,1007.7,-17.74,21.91,-0.9,28.47
171660,3.38,2.88,0,0,3.4,86.8,1012.1,-6.53,16.32,-1.92,27.95
171680,72.69,29.88,8.76,2.75,39.4,220.7,970.8,6.5,12.76,3.82,27.95
171700,52.78,41.11,10.71,0,-1.6,169.6,979.8,8.84,17.09,5.37,28.43
171720,42.68,51.69,27.2,2.7,145.4,113.5,880.1,22.27,6.48,4.12,28.95
171740,22.57,56.88,35.1,1.29,115.7,144.8,827.2,31.3,16.52,7.43,28.84
171760,14.71,58.07,50.37,0.71,135.0,106.7,858.6,32.98,7.13,3.08,29.61
171780,6.89,40.13,65.49,3.42,104.3,24.3,802.4,37.08,0.62,1.31,29.9
171800,2.19,42.3,73.47,9.04,87.9,2.8,822.6,37.04,-5.21,-0.49,30.37
171820,2.46,24.77,84.51,6.04,53.3,49.3,798.9,39.66,3.26,-3.82,30.43
171840,0,14.73,85.31,14.51,152.6,-67.4,863.6,36.12,-6.67,-2.52,30.33
171860,0,9.26,76.0,25.4,75.6,-77.9,831.1,32.31,-8.33,-6.15,30.88
171880,0,8.39,70.12,32.9,114.3,-120.1,848.8,28.68,-13.94,-4.53,30.71
171900,0.08,0,52.37,47.56,80.8,-83.3,892.6,19.58,-9.47,-7.05,30.85
171920,0,9.57,36.75,61.82,13.1,-100.7,918.6,10.12,-34.49,-7.99,30.74
171940,4.45,0,27.44,67.78,66.8,-142.3,998.2,-4.0,-16.22,-1.61,31.15
171960,0,0,17.24,61.76,-7.9,-112.6,998.3,-6.95,-23.23,5.07,31.24
171980,4.31,0,5.94,57.15,-10.7,-180.8,979.6,-15.09,-11.53,5.87,30.6
172000,3.14,0,3.47,37.98,-87.8,-170.2,965.1,-24.22,-12.82,6.79,30.78
172020,0,0,1.43,30.29,-100.6,-121.0,994.2,-35.31,-18.41,9.69,30.69
172040,4.69,0,0,8.73,-9.9,-158.0,1062.7,-33.23,-12.25,4.87,30.48
172060,0,0,1.02,13.1,-112.9,-54.0,1043.0,-40.13,-1.41,2.11,30.66
172080,0,0,0,8.59,-93.1,27.6,1021.6,-42.88,-7.67,0.02,30.34
172100,4.57,0,2.03,0,-180.1,121.1,1049.1,-33.12,9.45,-5.08,29.69
172120,4.53,0,0,7.75,-102.7,14.2,991.7,-34.26,2.46,-5.37,29.51
172140,0,0,0,2.08,-43.1,70.3,1012.3,-29.72,15.52,-7.63,29.55
172160,0,6.67,0,0,-28.3,57.2,963.2,-25.23,23.19,-7.27,29.12
172180,2.18,0,0,1.73,10.8,162.7,999.3,-13.79,12.48,-5.48,28.77
172200,0,0,3.55,1.58,-27.8,214.6,987.0,-8.15,24.29,-1.89,28.32
172220,3.52,0,0,0,-75.4,173.2,1022.3,-2.76,8.14,-5.03,28.1
172240,68.89,29.83,10.48,0.33,55.8,144.6,889.9,8.62,20.9,1.82,28.38
172260,56.98,43.89,12.27,0,14.5,119.1,887.4,7.61,14.64,5.07,28.74
172280,38.12,51.58,23.24,2.54,106.1,43.0,897.0,23.6,16.76,7.27,29.0
172300,21.4,58.93,39.01,0,157.5,2.1,878.0,35.7,26.52,5.5,29.17
172320,3.33,54.6,54.14,0.23,103.5,14.1,843.2,32.63,2.41,3.09,29.81
172340,2.05,47.21,67.98,3.82,0.7,10.1,765.3,37.9,3.3,4.38,29.71
172360,0.08,35.14,81.1,5.64,101.5,-23.5,795.7,39.13,-5.7,-2.91,30.23
172380,3.57,16.13,86.68,3.91,102.8,-81.3,801.7,40.74,-6.93,-2.23,30.36
172400,0.72,14.41,81.82,11.81,101.4,40.9,863.4,37.53,-2.23,-0.74,30.72
172420,0,9.0,76.7,24.16,75.8,-40.8,851.0,28.5,-7.91,-5.49,30.71
172440,0,2.01,68.11,44.0,78.4,-18.6,845.4,22.94,-9.61,-1.57,31.07
172460,0,7.55,50.38,50.22,75.7,-70.4,939.5,11.37,-19.04,-5.02,31.1
172480,0,0,37.66,65.08,105.8,-177.9,911.4,6.0,-28.15,-1.65,30.68
172500,0,5.19,35.62,62.0,109.1,-168.2,1038.6,4.69,-14.25,1.18,31.02
172520,0,0,13.3,58.5,2.1,-172.9,996.3,-3.51,-23.84,2.29,31.28
172540,0,2.23,5.05,52.07,-62.1,-92.4,1014.4,-16.52,-17.8,5.59,31.03
172560,0,2.79,2.01,39.3,-68.4,-107.2,964.9,-23.36,-12.84,1.5,30.84
172580,0.57,0,2.06,29.27,-31.2,-146.1,982.3,-33.19,-15.31,3.47,30.96
172600,0,0,3.22,18.36,-59.5,-93.4,999.7,-36.21,-10.31,3.73,30.26
172620,0.49,0,0,7.2,-155.1,-75.1,961.2,-43.71,-4.19,1.27,30.44
172640,0,3.75,4.47,0,-110.7,8.6,1081.5,-37.88,2.58,-1.22,29.99
172660,0.82,1.43,0.12,0,-142.8,29.4,1017.4,-48.6,-2.23,-2.65,30.07
172680,0,0,0,0,-106.3,145.6,1040.1,-40.46,16.78,-4.84,29.75
172700,0,3.17,2.01,1.26,-35.8,101.5,983.6,-27.92,14.48,-4.59,29.25
172720,1.65,2.56,0.18,5.19,-89.4,199.7,970.6,-27.67,11.2,-3.39,29.0
172740,0,4.45,0,0,-47.1,82.1,990.0,-12.15,13.47,-3.77,28.55
172760,4.47,1.94,0,0.51,23.2,217.9,967.9,-6.18,13.53,-2.96,28.58
172780,75.69,25.07,2.22,0,-80.5,145.9,1040.6,3.53,22.13,2.33,27.95
172800,74.46,39.3,13.3,0,4.7,240.1,958.9,11.22,17.87,1.29,28.23
172820,51.63,51.18,21.25,0,-25.3,60.8,926.4,20.26,17.6,5.81,28.47
172840,37.6,54.5,31.82,0,68.0,49.1,834.8,26.62,23.31,7.83,28.94
172860,18.94,56.0,39.99,0,41.9,59.9,812.4,30.4,8.04,5.58,28.99
172880,5.53,53.43,54.63,0,107.0,22.4,822.9,33.35,7.05,4.76,29.81
172900,4.83,44.04,73.24,1.17,115.9,125.2,863.6,38.97,4.41,2.72,29.85
172920,2.42,33.25,81.05,7.26,106.1,-25.5,786.3,44.75,0.59,-5.48,29.96
172940,1.06,22.49,85.03,8.61,105.1,-47.9,804.5,37.39,-5.89,-3.17,30.75
172960,0,15.64,83.84,18.54,93.1,0.6,841.6,38.04,-8.51,0.2,30.52
172980,0,11.43,74.7,29.45,103.5,-77.2,874.7,25.55,-12.47,-6.04,30.44
173000,2.41,3.13,65.91,35.59,142.4,-54.3,848.4,24.21,-15.67,-2.68,31.09
173020,0,0,49.5,54.71,-39.6,-134.8,872.7,15.72,-9.57,-2.34,31.17
173040,0,0.03,37.08,61.37,33.4,-93.0,995.4,12.89,-26.72,-1.88,30.86
173060,0,2.55,20.74,64.39,-86.4,-140.3,1035.4,-0.07,-24.23,2.36,30.82
173080,0,0,17.3,64.3,-26.1,-89.8,1003.4,-11.47,-8.94,2.34,31.09
173100,0,0,11.49,53.03,-114.8,-171.6,999.8,-26.83,-12.28,2.33,30.67
173120,0,0,4.95,38.87,-67.6,-119.1,989.6,-28.61,-17.42,5.12,30.72
173140,0,0,0,21.4,-104.4,-121.1,975.9,-31.82,-14.3,6.17,30.4
173160,2.0,1.19,2.5,8.59,-164.4,18.3,991.1,-38.09,-11.48,0.83,30.43
173180,0,6.04,0,4.72,-234.5,10.5,955.6,-38.57,-12.97,1.58,30.68
173200,4.4,0,1.14,5.59,-161.9,-9.1,962.7,-40.22,12.67,0.1,29.9
173220,0,0,0,3.02,-150.2,-4.9,1057.4,-37.41,12.73,-1.56,29.97
173240,1.15,0.36,0.15,1.34,-183.9,72.3,989.3,-34.46,4.29,-5.2,29.69
173260,0.31,0,0,2.61,-37.2,64.1,988.7,-32.01,7.88,-5.91,29.23
173280,0,0,6.59,2.51,-26.1,58.9,952.9,-25.76,7.87,-0.36,28.69
173300,0.71,0,3.13,0,34.9,127.5,978.5,-10.18,20.04,-7.72,28.28
173320,0,2.0,0,2.45,-56.0,265.2,994.4,-5.21,15.51,-3.51,28.17
173340,77.68,28.92,4.66,2.37,-4.9,243.4,972.0,6.17,18.42,-1.56,28.25
173360,65.55,36.64,8.49,0.33,43.1,55.1,954.6,9.82,24.6,3.66,28.58
173380,46.58,52.64,18.0,0.68,8.3,66.4,851.3,24.07,17.67,4.09,29.09
173400,31.63,57.07,29.59,2.49,178.8,71.1,832.2,35.63,10.8,3.31,29.3
173420,14.36,56.61,43.91,0.58,194.7,129.1,845.4,33.7,20.17,1.91,29.54
173440,1.66,49.68,61.91,0.84,67.1,-18.6,835.5,37.16,8.27,4.33,29.88
173460,6.99,42.39,72.7,0,142.5,-30.4,796.5,40.98,7.41,-2.39,30.01
173480,0.82,34.3,76.79,7.34,73.8,5.5,786.4,44.97,1.55,3.01,30.38
173500,0.17,19.79,85.47,9.98,117.6,-49.0,773.3,40.17,-5.99,-3.27,30.37
173520,3.92,14.64,85.5,18.18,128.3,-58.6,831.3,33.41,4.0,-1.94,30.3
173540,0,6.33,71.42,28.49,89.9,-199.5,862.6,24.88,-16.21,-3.61,30.67
173560,0,2.98,59.26,43.86,-33.0,-101.4,857.0,21.97,-13.02,-4.57,31.07
173580,0,1.9,46.22,54.37,12.3,-76.8,917.2,12.99,-16.17,-1.62,31.21
173600,0,0,35.26,64.67,58.7,-77.0,905.4,8.75,-21.65,-1.06,30.97
173620,0,1.22,21.92,59.41,87.8,-166.5,1056.7,-3.74,-19.18,6.15,30.65
173640,0,3.61,17.4,56.38,-77.6,-104.3,981.0,-11.7,-23.31,2.77,31.09
173660,0.29,1.7,9.44,46.32,-80.0,-182.0,994.0,-23.11,-17.02,3.54,30.61
173680,6.15,0,4.64,27.55,-50.2,-95.8,987.9,-26.48,-9.75,4.37,31.12
173700,0,6.1,4.44,20.45,-80.8,-132.5,979.1,-34.2,-9.69,7.34,30.41
173720,7.49,0,0,11.34,-104.0,-77.1,1019.3,-33.08,-9.77,3.96,30.46
173740,0,0,0,6.32,-111.9,-27.1,987.3,-40.87,-6.75,-1.82,30.16
173760,0,3.04,0,2.78,-161.5,15.4,1035.1,-38.26,16.39,-1.51,30.28
173780,0.03,0.57,2.59,0,-90.0,34.8,1027.2,-38.71,13.64,-2.23,29.7
173800,3.19,0,0,0,-122.1,124.9,996.6,-28.73,8.31,-6.57,29.52
173820,0,3.23,0,0,-7.4,73.9,982.8,-28.27,11.87,-4.78,29.65
173840,0,0,0,0,-38.7,225.3,990.4,-21.82,10.55,-3.73,28.75
173860,0,4.14,0,0.8,-55.3,123.7,995.7,-10.16,17.31,-4.9,28.5
173880,0,0,0,0,1.6,106.5,973.2,-3.06,15.03,1.27,28.22
173900,73.73,26.71,0.89,1.66,87.0,59.3,1021.4,5.67,13.36,-0.62,28.57
173920,60.94,36.85,12.92,0,57.6,144.4,904.1,14.46,15.71,7.31,28.87
173940,45.13,49.14,23.69,0,-1.6,225.3,907.1,20.92,15.03,4.03,28.99
173960,22.7,55.26,36.79,1.38,94.7,138.9,854.2,29.36,13.47,6.95,28.97
173980,12.18,55.5,55.34,1.16,128.7,77.2,890.3,39.17,5.84,4.94,29.08
174000,6.51,54.57,63.63,5.95,56.6,48.4,814.1,39.2,10.97,-0.56,29.54
174020,0.05,35.61,79.28,0,-1.9,26.2,817.2,43.62,-5.57,2.59,30.27
174040,0,32.22,84.7,5.32,108.0,-87.9,835.1,41.69,-0.38,0.91,30.07
174060,0,15.01,79.98,12.36,99.8,-121.1,800.7,40.96,-4.95,-1.97,30.55
174080,2.23,10.83,79.78,22.49,-28.5,62.4,821.2,31.62,-14.23,-6.44,30.86
174100,0.85,8.06,66.89,33.15,133.0,-107.3,870.1,22.83,-24.14,-3.86,30.95
174120,0,1.08,57.35,49.72,15.6,-127.9,868.6,19.1,-17.24,-1.63,30.73
174140,0,5.2,38.42,57.31,-37.0,-208.2,906.8,17.16,-10.82,-1.36,30.99
174160,2.01,0,29.22,60.16,-23.6,-124.3,985.4,2.7,-20.36,-2.22,30.85
174180,0,0,17.48,64.84,-0.1,-202.0,1002.4,-6.1,-23.77,-0.55,30.72
174200,0,2.61,11.34,54.47,-90.3,-134.9,961.7,-11.76,-25.36,3.72,31.21
174220,0,0.08,10.39,43.71,-71.2,-85.5,1004.1,-21.63,-17.29,3.8,31.02
174240,0,0,0.6,34.02,-105.1,-155.5,953.8,-30.64,-14.63,2.9,30.66
174260,0,5.62,3.99,17.92,-135.8,-117.3,1003.1,-37.91,-17.86,2.22,30.66
174280,0,0,0,14.41,-37.5,-37.3,962.7,-37.3,-14.3,3.78,30.25
174300,0,0,0,5.34,-116.8,3.2,1000.0,-38.56,-6.71,3.73,30.48
174320,0,0,7.8,2.67,-128.4,57.0,999.1,-38.17,1.94,-1.25,29.97
174340,1.59,0,0.95,0,-33.2,156.9,959.1,-37.42,12.21,-4.34,29.41
174360,0,0,0.3,0,-108.5,114.5,1010.6,-33.85,17.27,-8.86,29.31
174380,1.79,0,0,1.89,-107.4,146.0,980.5,-26.11,16.3,-6.53,29.59
174400,2.9,1.92,0.69,2.68,-102.7,174.4,987.0,-21.4,20.86,-0.31,28.58
174420,0,0,0.6,0.34,-72.4,176.5,986.4,-9.76,9.71,-0.3,28.62
174440,0,0,0,2.93,-2.0,168.9,1015.1,-2.38,18.7,-5.27,27.9
174460,70.21,25.05,9.6,0,11.5,142.4,951.7,5.95,24.76,4.07,28.15
174480,59.69,35.63,14.21,0,-54.9,62.9,932.2,17.56,18.38,5.03,28.61
174500,36.25,52.55,30.15,3.6,87.0,161.0,844.1,26.86,19.08,4.89,28.81
174520,16.68,57.07,37.4,0,-5.8,110.0,870.0,29.12,2.85,4.87,29.14
174540,14.97,52.03,54.19,0.89,81.8,35.8,829.8,35.72,8.74,4.6,29.65
174560,5.18,49.54,67.73,4.29,124.8,-50.2,838.4,42.66,7.63,2.03,29.67
174580,3.94,38.97,77.95,4.12,-25.5,17.5,851.4,35.46,-0.08,4.83,30.22
174600,4.56,28.0,87.55,5.86,122.1,47.6,762.3,36.89,-3.97,-3.36,30.07
174620,0.13,20.12,88.18,13.67,76.8,-11.1,796.5,36.38,1.25,-5.03,30.49
174640,3.62,10.03,79.25,20.38,64.1,-113.3,822.4,35.29,-8.0,-7.6,30.89
174660,1.38,4.19,68.68,34.1,62.6,-99.1,813.7,25.45,-16.41,-3.13,30.85
174680,1.76,7.2,57.14,44.74,25.5,-183.8,891.8,19.01,-6.42,-2.41,31.19
174700,0.15,2.37,40.59,62.71,31.7,-127.2,964.0,10.62,-14.13,-1.41,31.16
174720,0,2.65,25.55,63.1,79.0,-211.6,975.0,2.72,-22.27,1.22,30.87
174740,0,0,19.18,64.58,33.4,-22.1,991.6,-7.84,-14.35,5.18,30.82
174760,1.1,2.47,9.32,52.99,-43.6,-90.6,964.4,-25.37,-25.7,5.0,30.8
174780,0,0,1.46,46.59,-65.0,-104.8,1006.9,-23.52,-9.25,7.32,30.92
174800,2.77,4.89,0,28.79,-126.5,-122.6,965.0,-27.71,-22.2,5.55,30.66
174820,4.05,0.97,0,16.07,-51.2,34.7,1078.5,-32.82,-6.15,4.71,31.06
174840,0,0,0.37,6.94,-115.1,-107.9,1025.2,-41.83,-5.94,1.36,30.07
174860,2.18,1.3,4.78,3.38,-240.7,6.0,980.4,-39.52,-2.29,-1.39,30.09
174880,0,0,4.61,0,-116.7,71.0,1040.2,-43.28,7.25,-3.06,29.86
174900,1.23,0,0,0,-120.4,8.1,994.0,-37.86,9.59,-5.9,29.91
174920,0,0,0.78,0,-96.6,101.6,994.7,-26.91,23.81,-3.84,29.25
174940,0,0,1.28,0,-91.2,44.6,1015.8,-29.71,13.57,-6.89,29.1
174960,0,0.68,0,0,-52.9,146.2,978.7,-20.2,15.05,-2.37,28.73
174980,3.61,1.41,0,0,-64.7,119.3,1028.8,-8.04,14.42,-1.06,28.4
175000,74.16,18.75,0,0,70.4,70.4,978.6,1.38,16.65,-0.97,27.81
175020,71.0,31.14,12.43,4.27,160.6,233.0,966.6,7.51,15.53,4.29,28.49
175040,53.38,45.49,15.55,6.29,133.8,115.1,966.7,17.86,24.41,5.07,28.19
175060,31.37,56.38,28.2,0,58.2,106.3,914.4,30.67,26.93,2.69,28.78
175080,16.42,54.75,41.42,0,59.0,133.0,801.2,33.32,13.43,4.55,29.28
175100,6.77,52.98,55.97,4.16,121.8,29.8,794.8,33.18,13.3,-1.6,30.04
175120,4.55,45.36,70.01,0,128.5,-62.3,822.4,36.74,-2.91,6.53,29.85
175140,0,37.83,80.29,3.37,119.6,-14.4,794.1,47.33,4.35,-0.94,30.45
175160,0,27.25,85.11,7.35,83.6,-117.4,811.1,40.19,-11.93,-0.96,30.44
175180,0,11.77,80.44,21.08,99.9,-79.2,800.7,37.0,-3.56,-6.58,30.47
175200,2.42,4.43,71.8,26.25,114.1,-95.2,853.7,31.05,-16.21,-3.3,30.61
175220,2.67,2.41,63.03,39.71,54.0,-48.1,921.9,22.6,-16.71,-2.12,30.86
175240,5.31,6.85,50.86,51.13,80.0,-131.2,901.8,17.72,-13.86,-0.63,30.98
175260,1.27,0,34.79,59.98,67.6,-143.1,983.3,8.51,-18.37,-2.43,30.69
175280,0,1.51,18.11,69.53,1.7,-106.4,996.0,-2.73,-21.83,1.13,30.85
175300,2.06,0.2,16.45,61.12,-47.2,-151.7,1033.4,-9.81,-22.13,5.91,31.04
175320,0,0,8.2,46.41,-56.9,-68.3,1019.7,-17.33,-12.89,2.24,31.13
175340,0.38,0.54,7.5,34.88,-46.3,-73.1,1000.5,-30.36,-14.43,1.89,31.18
175360,0,0,5.53,27.23,-33.2,-114.6,1032.9,-28.1,-5.07,4.08,30.85
175380,1.09,0,0.35,15.43,-39.6,-67.3,1008.3,-39.42,-11.3,3.1,30.59
175400,1.04,0.85,3.12,6.25,-55.3,-54.6,1002.3,-35.03,-6.82,2.78,30.1
175420,0,1.73,2.44,0,-160.9,-38.2,973.0,-42.0,3.56,-0.08,30.3
175440,0.17,0,0,0.15,-124.9,46.4,966.3,-35.72,6.77,-2.29,29.82
175460,3.39,4.07,0,3.45,-95.0,65.8,973.1,-34.78,8.23,-0.32,29.43
175480,0,0,0,6.41,-68.0,155.2,956.1,-32.05,9.22,-3.79,29.37
175500,0,3.06,0.86,0,-159.4,130.7,926.4,-24.36,17.97,-6.71,28.63
175520,0,1.0,5.81,2.37,-61.2,121.5,1015.1,-18.5,26.56,-3.24,28.29
175540,0,1.92,4.71,0,27.7,110.1,1003.8,-4.45,21.62,-3.3,28.35
175560,76.85,23.49,4.47,3.24,40.5,131.3,961.9,4.04,21.65,0.53,28.16
175580,67.22,35.74,7.33,0,165.0,142.2,944.8,9.03,23.99,2.3,28.38
175600,48.91,49.05,18.95,0,58.6,98.4,910.3,24.71,14.41,4.46,28.73
175620,30.1,54.12,32.08,0.98,110.1,57.9,880.4,29.53,15.43,6.64,29.35
175640,17.92,58.92,41.55,0,97.3,41.0,811.9,40.45,7.94,5.77,29.67
175660,2.75,50.25,58.09,0,140.4,78.2,782.4,39.39,11.87,4.36,29.67
175680,3.09,46.46,71.02,5.88,74.6,59.7,802.2,39.99,4.77,0.83,30.37
175700,1.51,38.12,81.89,11.32,112.7,-92.9,769.8,39.47,-2.77,-4.03,29.97
175720,0,20.46,93.11,7.16,65.3,-51.9,830.6,42.17,1.3,-0.52,30.5
175740,0,14.27,80.42,16.0,123.7,-31.9,880.5,33.02,-16.23,-0.1,30.84
175760,0,5.52,73.34,27.95,-12.1,-43.1,866.7,29.72,-10.74,-7.33,30.95
175780,5.31,1.7,63.14,48.68,-12.7,-124.6,863.0,23.54,-21.55,-5.88,30.66
175800,1.98,0,51.52,58.63,-64.2,-189.0,856.9,14.31,-19.14,-4.67,30.74
175820,3.6,4.6,36.33,66.46,11.9,-99.4,1002.5,5.27,-15.23,-0.99,30.8
175840,0,0,22.98,60.8,-0.4,-192.5,986.5,1.06,-23.37,0.62,31.26
175860,4.51,0,12.99,62.41,-46.0,-234.4,970.3,-12.62,-22.61,3.12,31.13
175880,0,0,2.99,43.77,-78.0,-142.7,1047.7,-25.06,-17.03,6.32,30.85
175900,0,2.03,5.2,38.64,-90.3,-141.3,993.2,-26.3,-16.0,3.47,30.66
175920,0,1.34,3.7,24.01,-55.8,-87.2,960.8,-28.37,-12.21,2.83,30.66
175940,0,3.78,0.75,11.82,-15.8,-49.8,997.7,-35.62,-9.81,0.66,30.5
175960,0,1.84,0,7.99,-63.2,62.9,1064.3,-44.03,1.21,-0.2,30.55
175980,5.95,5.6,3.09,7.82,-150.5,8.6,1028.4,-45.71,-6.6,-5.1,29.92
176000,0,0,1.92,2.44,-146.3,105.9,938.2,-38.78,4.76,-1.34,29.58
176020,1.48,0,0,2.42,-124.9,53.1,1022.5,-36.65,4.46,-8.79,29.72
176040,1.87,0,0,0,-76.9,88.0,1056.3,-25.01,6.89,-6.41,29.06
176060,0,6.71,0,2.01,23.1,67.5,985.4,-19.41,11.11,-4.89,29.05
176080,0,0,0,0,9.4,163.2,1058.9,-16.33,17.26,-3.46,28.52
176100,0,4.28,1.81,2.19,-19.0,61.6,1017.7,-4.68,19.3,-5.34,28.15
176120,74.8,26.58,2.23,0.53,-18.7,135.1,1037.3,7.03,16.44,2.04,28.07
176140,70.4,40.39,16.11,0,111.1,232.4,911.4,13.01,22.49,4.14,28.6
176160,44.3,43.7,22.67,0,92.6,129.7,925.2,20.6,23.97,4.81,28.97
176180,26.35,57.94,34.21,0,28.2,128.6,884.3,30.32,12.37,3.71,29.34
176200,8.65,55.1,39.69,0.96,143.2,57.5,806.6,40.91,9.06,1.27,29.64
176220,6.78,55.88,66.46,1.8,120.2,133.5,882.9,38.35,7.16,3.69,29.44
176240,0.33,44.64,78.62,1.56,88.8,3.1,771.2,39.6,-3.79,0.57,29.97
176260,0.35,30.33,79.3,3.97,-16.8,-127.8,764.0,40.39,6.26,-0.52,30.18
176280,4.13,18.27,87.64,9.23,145.9,-36.0,838.7,36.88,-9.76,-4.4,30.74
176300,0,11.51,82.96,25.15,138.2,25.6,902.6,40.65,2.46,-4.68,30.48
176320,4.32,4.89,64.31,30.52,175.4,-61.0,904.8,30.47,-15.45,-6.6,30.66
176340,2.46,0.65,54.14,44.74,50.1,-127.9,932.6,19.99,-16.1,-2.76,30.84
176360,0,0,41.64,59.13,38.2,-156.7,935.5,15.05,-15.43,-5.29,31.01
176380,0,0.02,36.1,69.98,-26.0,-204.6,1002.8,7.57,-19.39,0.52,31.15
176400,0,0,23.52,66.29,-38.5,-159.9,1010.2,-4.71,-20.14,-0.12,31.07
176420,0,2.23,9.77,59.47,-64.9,-99.1,994.4,-16.97,-15.46,-1.15,30.91
176440,0,0.83,4.62,48.58,-123.5,-113.4,991.7,-26.74,-18.43,0.85,31.12
176460,0,0,3.01,30.21,-96.4,-95.3,1006.4,-25.24,-8.63,4.86,30.41
176480,1.64,0,0,26.35,-56.6,-91.1,1004.5,-30.18,-4.45,6.57,30.46
176500,0.07,0,0,10.77,-7.7,-85.5,981.7,-37.88,-5.49,1.88,30.24
176520,0.21,0,0,8.4,-178.1,32.5,1002.0,-37.63,-13.47,1.03,30.09
176540,0,0,4.51,0,-178.1,-42.7,998.8,-42.65,-0.77,1.8,30.01
176560,4.79,1.19,0,5.25,-136.2,85.5,950.8,-34.0,2.7,-3.23,30.14
176580,0,1.35,0,2.89,-45.9,75.8,970.1,-32.95,8.84,-4.02,29.54
176600,0,0,2.7,0,-28.7,205.7,946.4,-22.43,11.68,-7.13,28.74
176620,6.18,0,0.63,0,-42.9,141.9,976.4,-14.89,25.67,-3.4,28.61
176640,1.83,0,2.64,0.45,-76.4,143.6,983.4,-14.69,13.0,-4.76,28.82
176660,0.73,0,0,1.95,-39.8,70.2,991.0,2.28,19.87,-0.63,28.65
176680,74.62,29.23,8.3,0,40.8,119.1,1012.4,3.55,13.87,3.44,28.45
176700,59.95,34.17,18.13,0,74.1,189.2,916.1,11.62,20.27,1.72,28.68
176720,37.35,58.95,22.32,0.64,61.5,53.1,869.7,22.28,15.48,4.28,28.77
176740,22.25,60.03,38.64,0,87.2,145.0,827.4,30.2,11.76,2.09,29.1
176760,9.57,54.17,47.98,4.16,41.4,97.2,844.1,35.11,13.28,3.66,29.6
176780,7.54,47.87,67.06,1.85,153.7,101.7,807.6,37.26,2.51,1.69,29.79
176800,0,37.8,80.79,8.85,86.3,-11.9,796.6,40.72,6.32,-0.49,30.4
176820,3.14,24.81,85.28,6.24,131.0,-40.1,782.4,38.59,-4.77,1.94,30.02
176840,1.32,17.77,82.44,12.32,70.6,21.2,772.4,33.68,-4.19,0.24,30.51
176860,3.82,5.33,75.19,28.68,45.0,-112.0,863.8,30.2,-10.29,-4.73,30.5
176880,3.2,5.62,68.91,36.97,113.6,-74.0,838.2,29.8,-13.68,-7.7,30.99
176900,2.75,2.3,56.6,51.26,22.0,-92.8,897.5,24.28,-14.03,-4.96,30.94
176920,0,0,49.56,61.04,6.1,-64.8,952.5,11.58,-22.29,-3.79,30.64
176940,5.15,2.31,26.4,61.61,30.0,-155.2,966.4,2.58,-29.0,3.71,30.98
176960,1.64,0,19.0,62.49,-3.3,-118.1,1033.6,-5.79,-23.17,2.72,30.92
176980,7.57,0,6.07,53.33,-68.3,-135.4,953.7,-13.31,-24.62,4.41,31.25
177000,5.86,0,5.19,46.85,-96.7,-133.4,950.1,-22.86,-22.59,8.85,30.92
177020,3.14,0.76,2.6,29.61,-11.9,-137.4,938.4,-27.66,-6.08,5.14,30.36
177040,0,0,1.39,24.89,-127.6,-44.3,1057.2,-38.16,-15.98,6.85,30.7
177060,1.61,0.63,2.46,13.86,-4.8,-12.7,1021.1,-39.25,-2.65,2.71,30.41
177080,3.61,0.99,3.02,4.51,-60.9,41.7,1008.9,-34.7,-6.99,0.5,30.28
177100,0,0,0,4.88,-151.6,70.1,985.3,-38.71,2.77,0.13,30.0
177120,0,0,1.31,2.2,-36.2,-6.0,982.2,-38.7,4.34,-4.02,29.63
177140,5.22,0,0.93,3.05,-90.2,125.4,924.6,-27.86,12.46,-2.25,29.24
177160,1.8,0,1.99,0,-29.3,163.0,1028.9,-24.14,23.19,-2.99,28.77
177180,1.57,1.4,0,3.56,-91.0,109.3,992.5,-23.0,17.49,-5.85,28.91
177200,2.51,3.7,0,0,45.4,141.8,1044.3,-6.11,21.99,-2.17,28.43
177220,0,0,0,0,-5.9,118.2,1014.1,-0.53,23.54,-1.56,28.1
177240,72.45,28.21,13.4,2.26,10.4,163.2,1023.9,12.14,14.37,4.25,28.58
177260,57.35,38.07,17.97,0,-21.4,129.1,902.1,15.91,20.4,0.91,28.77
177280,40.59,50.13,26.3,0.99,75.6,25.3,857.0,24.76,9.94,1.88,29.0
177300,18.05,57.11,39.09,2.02,130.7,81.9,828.7,28.18,4.17,2.69,29.14
177320,11.07,58.37,49.35,4.59,30.7,89.4,765.8,35.03,5.25,3.34,29.81
177340,3.87,51.39,61.73,7.16,79.0,24.2,815.5,37.89,4.36,0.43,29.79
177360,1.23,35.96,78.68,2.01,158.9,35.5,793.4,43.55,-1.6,-0.06,29.85
177380,0,29.21,86.78,6.88,38.4,-57.4,790.4,37.14,-9.13,-2.65,30.17
177400,0,18.13,82.73,12.42,118.0,-28.0,870.7,35.08,-1.97,-6.31,30.2
177420,1.1,8.6,79.44,27.87,92.4,-36.9,788.2,34.38,-7.5,-4.42,30.68
177440,0,5.92,67.2,38.17,54.2,-156.3,902.6,19.43,-8.94,-3.79,30.67
177460,0,2.37,50.35,51.49,-13.2,-143.1,904.7,11.25,-18.02,-0.65,31.17
177480,0,3.03,38.15,62.61,103.0,-146.9,985.9,9.68,-16.42,-5.06,30.85
177500,4.64,0,25.11,68.29,30.9,-133.4,986.6,-1.34,-18.96,0.21,31.02
177520,3.64,1.57,12.87,60.19,-91.2,-96.7,953.4,-10.42,-14.42,4.71,30.92
177540,2.28,0,6.23,60.23,-32.5,-125.1,998.0,-17.82,-19.87,-0.96,31.08
177560,4.9,8.09,7.49,42.45,-48.4,-124.1,1039.5,-22.14,-18.63,3.14,30.94
177580,2.29,0,2.78,37.65,-133.7,-137.9,982.0,-31.33,-8.66,4.69,30.89
177600,2.16,0,7.29,17.82,-41.4,-90.1,988.2,-32.97,-9.96,3.6,30.39
177620,0,0.19,0,11.03,-71.3,7.3,1042.1,-43.7,-3.2,2.15,30.21
177640,0,0,1.39,4.01,-87.3,-66.9,981.0,-43.25,-0.04,1.12,29.98
177660,0,0.53,2.36,1.68,-97.9,42.0,989.1,-38.53,8.35,-1.65,29.72
177680,6.41,0,0,3.81,-89.5,78.9,1009.3,-33.06,8.1,-8.71,29.59
177700,0,0,2.77,0,-96.1,117.3,1016.8,-32.45,13.27,-2.25,29.54
177720,0,0,3.03,0,-49.3,97.3,971.3,-20.57,11.44,-3.88,28.42
177740,0,2.77,1.7,0.23,-67.0,101.2,960.5,-11.57,22.47,-3.23,29.04
177760,0,0,0,1.91,-15.8,163.2,990.0,-9.54,15.88,0.82,28.38
177780,75.94,23.65,2.17,1.82,47.5,185.0,992.0,-2.35,12.73,-1.92,27.87
177800,71.93,36.08,18.43,1.3,93.5,165.5,956.2,7.31,20.1,4.75,28.42
177820,53.31,47.01,18.37,1.15,107.1,125.1,853.6,17.64,18.78,5.96,28.88
177840,30.07,55.42,28.62,0,119.7,22.4,841.1,25.7,23.96,3.14,29.07
177860,11.54,52.94,42.71,0,177.0,79.8,866.2,30.88,5.2,4.52,28.99
177880,5.48,51.97,54.0,0,9.7,62.1,834.8,34.5,6.63,2.95,29.57
177900,0,41.2,68.81,2.23,114.9,27.0,792.5,41.87,3.19,3.07,30.13
177920,1.1,35.49,85.86,1.7,91.7,-28.3,774.9,45.07,-4.16,-0.18,30.31
177940,2.76,20.31,85.76,5.86,69.4,48.4,757.8,34.85,-8.39,1.72,30.31
177960,0,13.07,82.65,16.13,1.1,-109.3,844.2,34.7,-18.76,-6.04,30.61
177980,0,5.9,74.91,31.34,170.3,-81.4,827.0,24.72,-8.99,-7.22,30.2
178000,3.23,5.22,58.89,38.62,-35.7,-76.7,888.5,30.79,-13.37,-1.83,30.9
178020,0.35,4.17,46.74,52.47,22.7,-67.6,987.3,14.05,-21.82,-1.92,30.94
178040,1.12,0,32.68,63.61,-42.9,-134.6,948.7,14.01,-16.31,-3.25,30.78
178060,1.07,0,23.34,66.32,49.0,-147.3,1033.0,-1.7,-25.43,-2.6,30.96
178080,0.44,0,10.53,63.75,39.7,-125.1,969.9,-14.85,-17.47,2.33,30.97
178100,0,0,8.29,49.58,-101.6,-165.3,1018.1,-14.77,-16.87,5.31,30.7
178120,3.74,0.74,4.6,35.86,-27.2,-116.3,1014.3,-29.12,-11.75,4.7,30.82
178140,0.71,1.4,3.64,22.07,-114.3,-78.1,1023.2,-27.53,-19.12,5.41,30.51
178160,0,5.49,0,13.78,-136.9,-12.4,1019.8,-41.55,-11.69,3.81,30.72
178180,0,1.04,0,10.3,16.4,-70.4,992.0,-41.89,6.02,1.2,30.4
178200,0.28,0,0,9.8,-65.6,-38.7,996.7,-40.88,2.01,-0.06,30.01
178220,0,0,0,3.34,-183.7,55.8,1017.5,-40.11,3.81,-3.38,29.44
178240,0,0,1.32,2.86,-67.6,109.2,1049.3,-31.09,7.17,-5.37,29.55
178260,0,5.79,3.72,0.8,66.6,102.9,969.6,-29.15,19.31,-4.71,29.22
178280,0,2.99,0,7.08,-22.2,134.0,981.5,-20.32,5.55,-2.91,28.82
178300,1.42,0,1.22,1.22,-72.6,117.5,1043.7,-14.42,17.37,2.15,28.55
178320,0,0,3.48,2.0,-15.0,124.5,1012.1,-7.32,23.69,-0.78,28.37
178340,76.62,29.76,6.59,3.0,10.4,134.2,944.3,0.86,31.45,-2.69,28.24
178360,67.54,35.72,15.9,3.98,-7.2,128.7,934.4,14.57,25.38,4.48,28.51
178380,45.09,55.04,20.34,0,154.0,155.7,851.6,17.36,7.69,-0.42,28.5
178400,31.33,60.5,31.98,0.94,52.6,195.9,839.8,29.41,12.76,3.54,28.81
178420,16.44,55.97,48.37,4.52,84.7,101.9,826.8,33.03,23.12,7.01,29.39
178440,9.39,50.59,55.71,0,89.7,-11.4,777.6,38.47,11.85,2.05,29.93
178460,2.1,41.24,71.64,1.03,110.6,-102.2,805.9,41.75,-4.43,2.53,30.26
178480,0.29,25.59,85.54,7.86,102.4,-65.5,768.6,37.54,3.61,-1.24,30.17
178500,1.27,20.21,87.16,13.12,146.1,-28.7,772.0,33.74,3.4,-3.52,30.4
178520,0,15.9,85.54,18.36,9.9,-38.2,809.7,31.5,-7.16,-1.58,30.38
178540,0,2.81,80.59,28.21,108.9,-121.4,891.2,27.66,-14.34,-3.56,30.47
178560,0,0,57.39,47.23,33.5,-122.5,965.4,23.64,-11.14,-5.32,30.55
178580,1.12,5.59,47.74,55.33,51.4,-169.8,929.7,16.97,-24.68,-0.78,30.83
178600,3.85,1.09,28.31,69.41,-19.0,-134.6,921.4,6.66,-19.76,-5.63,30.71
178620,0.52,0.2,22.6,68.11,-103.1,-174.9,999.7,-9.6,-20.43,1.2,31.13
178640,1.61,0,15.81,60.29,29.9,-118.0,963.0,-14.02,-23.94,5.22,31.18
178660,0,0,6.93,46.51,-5.0,-92.1,1015.8,-22.97,-28.01,1.71,30.9
178680,4.6,2.34,0,35.48,-87.2,-148.0,1016.6,-29.08,-14.49,4.4,30.66
178700,0,1.16,0,19.48,26.7,-114.1,999.3,-33.88,-9.63,8.23,30.96
178720,0,0,0,12.12,-107.1,-8.4,1059.1,-39.96,-9.16,3.39,30.85
178740,3.95,0.42,0.01,15.42,-40.8,-67.3,1003.2,-39.42,-13.03,2.33,30.73
178760,8.79,0.39,0.48,0.29,-122.1,-16.1,1003.0,-39.53,0.51,-2.98,30.02
178780,2.89,2.4,0.67,0,-107.3,23.5,1011.4,-38.6,9.63,-2.64,29.79
178800,0.76,0,0,0,-87.9,14.8,986.7,-40.58,12.03,-7.03,29.33
178820,0,0,0,5.75,-19.3,104.6,971.2,-33.01,22.75,-4.92,29.37
178840,0,0,0,0,-141.5,161.7,1037.6,-21.35,14.77,-5.11,28.93
178860,0,1.48,0,0.43,-51.6,201.1,975.0,-15.8,13.94,-3.95,28.27
178880,0,0,0,1.05,44.1,203.8,980.2,-6.04,12.98,-3.71,28.1
178900,68.14,24.59,4.02,5.47,-3.4,146.7,996.8,1.43,19.52,0.54,28.19
178920,65.28,35.65,17.48,5.36,53.8,36.6,933.6,16.72,25.05,2.1,28.43
178940,42.12,48.87,25.79,3.33,36.9,58.2,886.8,23.74,28.29,2.17,29.08
178960,21.94,56.55,34.11,0,77.2,149.8,825.8,29.6,12.7,4.71,29.28
178980,11.61,56.02,57.58,0,75.6,9.0,844.2,34.24,4.69,4.13,29.48
179000,4.67,51.74,62.16,5.93,54.9,30.3,801.1,38.61,9.93,3.15,29.64
179020,0,41.29,78.12,4.57,53.1,32.7,760.1,40.51,-3.19,3.31,29.92
179040,0,31.12,84.82,9.5,110.7,5.7,803.3,41.36,-1.1,0.12,30.19
179060,0,21.08,89.13,15.0,108.7,34.7,797.0,38.97,-10.78,-6.28,30.4
179080,0.5,10.01,78.04,17.78,18.0,-40.8,832.0,35.67,-14.64,-3.4,30.66
179100,0,6.62,71.12,36.01,70.7,-78.3,871.8,28.77,-15.11,-5.02,30.86
179120,0.88,1.93,52.67,46.04,120.0,-116.0,815.6,21.29,-22.8,-4.06,30.68
179140,1.44,4.71,43.71,58.38,31.9,-141.3,939.7,10.94,-26.38,-0.54,30.84
179160,5.26,1.52,23.65,67.26,3.5,-90.6,951.3,1.45,-18.82,0.13,31.18
179180,0.67,2.08,17.28,60.98,-14.4,-161.8,1030.3,-4.77,-16.64,0.08,30.71
179200,1.43,0.33,14.74,55.25,-70.6,-175.5,986.2,-16.05,-19.78,5.6,30.66
179220,0,0,3.41,41.77,-80.0,-93.1,979.1,-23.44,-23.11,6.0,30.89
179240,0,0,0.41,32.19,-129.7,-106.5,1049.3,-29.99,-12.26,3.86,30.82
179260,4.51,0.24,2.99,20.85,-171.1,-80.6,970.4,-37.94,-7.58,2.73,30.74
179280,0,0,0,9.75,-104.4,11.2,998.1,-36.37,-8.53,2.81,30.44
179300,0,0,0,1.44,-125.0,-70.8,992.3,-42.82,0.07,1.91,30.34
179320,6.02,9.73,0,0,-158.0,45.4,995.1,-36.14,5.49,-0.46,29.93
179340,0,0.38,0,0,-113.5,87.7,975.7,-36.08,7.51,-3.83,29.76
179360,0,0,2.28,0,21.6,97.8,979.8,-25.28,10.58,-4.21,29.29
179380,0.83,0,5.46,0.23,18.7,-49.8,1038.7,-32.96,11.91,-4.36,28.93
179400,0,0,1.96,0,-28.3,74.3,1004.8,-19.97,13.36,-5.25,28.7
179420,0,0,0,1.5,-55.2,153.9,1020.3,-13.16,6.91,-4.4,28.44
179440,3.23,0,0.46,4.86,49.9,97.3,931.5,-5.94,10.36,-4.19,28.14
179460,74.46,30.28,9.06,0,50.3,225.6,972.5,6.8,12.46,5.94,28.43
179480,59.35,38.22,19.72,0,71.4,136.1,955.6,14.93,22.05,4.7,28.65
179500,35.29,56.84,25.47,0.39,-21.4,106.2,923.0,23.13,6.68,6.76,28.72
179520,18.94,58.81,35.09,0,-56.1,-20.5,860.8,28.21,18.06,2.63,29.15
179540,7.75,55.98,49.76,0,117.2,101.3,799.5,32.26,6.38,3.43,29.22
179560,0,50.22,62.3,0,40.4,57.6,814.0,40.5,11.99,-0.31,29.72
179580,1.76,40.23,74.93,5.65,182.5,220.7,855.6,38.57,-6.65,1.01,30.05
179600,4.48,24.71,84.15,8.89,-35.5,-106.1,783.1,44.4,-8.12,-1.46,30.34
179620,0.89,15.56,83.14,16.69,56.1,-20.4,838.8,43.16,-4.95,-4.15,30.7
179640,4.94,14.4,73.89,23.91,12.3,-9.4,823.4,29.88,-15.65,-4.8,30.61
179660,0,3.63,63.16,39.36,-11.7,-168.5,888.4,24.15,-18.38,-1.5,30.91
179680,0,3.55,59.0,48.64,-15.1,-85.1,970.3,21.78,-20.55,-5.12,31.3
179700,0,5.07,39.93,60.58,157.9,-139.4,950.4,9.84,-15.07,-4.7,30.89
179720,0,0,25.78,56.38,-35.3,-188.1,963.4,-0.67,-15.14,-0.52,31.0
179740,0.6,0.84,15.43,65.66,-25.8,-129.7,988.6,-13.99,-18.13,5.23,30.89
179760,0,6.86,6.8,57.37,-67.1,-172.4,969.1,-15.4,-12.25,3.83,30.8
179780,0.65,4.43,10.61,39.2,-53.1,-105.2,997.6,-22.53,-11.86,6.06,31.08
179800,2.28,0,0,28.94,-201.4,-23.4,1041.1,-31.83,-3.18,4.34,30.68
179820,1.55,0,0.87,18.62,-143.5,-69.0,1004.5,-40.25,-15.29,4.87,30.82
179840,0,0,0,8.74,-34.4,-36.0,972.1,-36.3,2.79,1.86,30.51
179860,3.14,5.19,0,0,-130.0,-6.8,1046.4,-37.92,-7.4,-5.98,29.95
179880,0,0,0,0,-102.2,46.2,1045.6,-41.89,7.47,-2.13,29.95
179900,0,0,0,1.44,-72.4,73.4,962.5,-35.13,13.27,-3.18,29.47
179920,3.17,3.5,0,0,-54.2,153.5,1043.9,-35.6,13.72,-6.39,29.19
179940,0,0,0.27,0,-100.8,48.8,970.8,-29.85,18.01,-4.68,28.83
179960,0,6.16,0,2.91,22.2,112.0,996.8,-16.15,17.98,-5.86,28.81
179980,0,0,0,0,-46.8,112.1,1010.7,-11.84,16.57,-2.24,28.34
