timestamp_ms,p0_n,p1_n,p2_n,p3_n,accel_x_mg,accel_y_mg,accel_z_mg,gyro_x_dps,gyro_y_dps,gyro_z_dps,temp_c
0,79.03,23.96,8.52,2.12,-8.4,200.5,968.1,-0.25,25.95,-2.67,27.97
20,71.75,33.31,16.65,3.87,55.8,91.0,943.9,8.55,18.53,1.52,28.68
40,58.4,47.47,15.11,0,30.9,91.1,967.3,8.07,11.94,5.46,28.74
60,25.91,53.12,29.96,0,66.4,54.1,870.7,12.12,9.55,5.84,29.26
80,10.48,60.23,41.33,0,65.5,59.1,842.1,17.82,8.13,6.25,29.28
100,0.33,51.27,60.39,0,45.3,31.9,829.0,19.51,-3.44,4.46,29.79
120,0,44.77,79.25,1.88,169.6,-15.7,732.2,15.61,6.33,1.47,30.1
140,0,27.22,80.5,8.38,36.7,10.7,739.1,26.68,-5.89,0.37,30.52
160,2.5,24.38,88.11,15.97,93.6,-71.8,799.4,14.73,-16.86,-1.74,30.7
180,0,12.91,79.45,19.27,158.6,-78.8,825.8,12.79,-10.42,-5.71,30.4
200,0,4.95,67.38,35.99,101.1,-5.8,897.3,11.12,-14.96,-7.38,30.88
220,2.07,5.23,57.27,49.8,118.9,-112.0,850.9,11.14,-18.7,-3.91,31.4
240,4.05,1.36,36.36,65.83,48.7,-266.7,921.7,7.73,-24.34,-1.69,30.9
260,0,3.06,27.4,70.75,12.2,-220.0,1005.1,2.22,-21.98,-3.45,31.05
280,0,0.79,11.63,66.71,58.4,-117.0,1005.9,-3.93,-17.57,3.43,31.0
300,0,2.51,7.69,49.28,-42.2,-143.1,1017.0,-6.1,-14.1,3.44,31.28
320,1.29,0.19,0,35.23,-143.6,-89.1,954.2,-18.47,-9.54,4.39,31.06
340,0,0,0,17.48,-77.7,-28.5,979.8,-10.3,-9.93,5.57,30.5
360,4.02,1.69,0,17.54,-136.7,-71.8,997.3,-15.22,-18.05,4.34,30.76
380,0.32,0,4.6,7.94,-95.7,-37.4,982.7,-23.02,1.15,2.65,30.24
400,4.49,2.92,0,0.53,-251.9,-25.0,990.8,-23.35,5.27,-1.8,30.19
420,0,4.44,0,2.1,-117.8,57.4,1028.1,-18.75,3.27,-6.29,30.08
440,1.37,1.4,1.36,0,-65.1,22.6,999.8,-17.73,10.02,-2.4,29.71
460,0,0,0,0.21,-91.5,115.1,1000.2,-14.2,7.96,-4.67,29.33
480,0,1.55,4.4,0,-72.2,107.0,1003.3,-11.18,22.27,-0.63,28.74
500,1.69,0,0,0,-72.3,140.6,1013.6,-5.57,23.94,-0.75,28.46
520,0,0.84,0,1.65,91.9,220.1,971.3,-1.44,18.22,-0.22,28.24
540,71.96,34.34,13.55,4.02,-28.3,158.2,1009.6,5.33,18.89,3.34,28.42
560,57.18,47.22,20.37,1.23,75.4,115.1,926.0,10.35,13.48,5.52,28.69
580,27.09,52.7,31.16,0,-3.4,162.2,884.4,14.95,23.3,4.51,29.02
600,19.42,61.7,45.12,0,81.8,113.3,813.6,19.03,11.76,-1.76,29.56
620,10.62,55.63,63.86,1.43,144.0,73.2,816.0,13.71,15.33,4.56,29.87
640,0,47.51,68.47,2.34,90.3,91.1,809.0,21.1,4.91,0.58,30.06
660,4.22,38.39,83.4,2.64,157.7,-7.9,780.8,14.47,0.25,-4.19,30.46
680,2.18,20.75,85.94,13.71,178.2,-7.9,749.1,19.74,-10.69,-5.91,30.69
700,0,11.49,79.8,26.17,39.4,-90.5,775.1,16.87,-6.89,-4.24,30.39
720,0.07,6.28,67.77,32.77,117.4,-127.4,862.5,15.35,-15.72,-6.18,31.0
740,5.3,2.95,51.93,47.9,71.3,-168.1,893.1,11.49,-15.34,-4.29,31.11
760,0,0.39,39.35,62.94,49.2,-204.1,970.6,0.48,-18.39,-0.64,31.0
780,0,3.27,29.67,68.49,42.7,-114.9,961.1,1.51,-22.31,1.95,30.92
800,0,3.69,16.02,66.51,101.0,-161.0,1043.4,-3.66,-15.33,8.13,30.95
820,0,0,4.56,53.25,-28.5,-147.7,1013.7,-11.65,-14.36,4.44,31.25
840,0,0.09,0.91,41.3,20.9,-126.5,1039.0,-7.19,-3.58,6.38,30.59
860,0,0,0,23.22,-43.7,-84.9,964.3,-21.56,-17.91,5.64,30.61
880,0.11,0.77,0,20.89,54.5,-89.4,1008.4,-11.99,-4.83,6.04,30.55
900,1.9,0,1.58,6.54,-110.9,-133.1,1036.3,-19.62,4.48,1.04,29.94
920,0,0,0,5.73,-134.3,-6.7,1008.4,-21.36,1.62,-3.46,29.96
940,3.81,0.9,0,3.18,-147.9,75.5,993.3,-19.74,13.0,-5.5,29.66
960,1.29,4.1,0.13,1.97,-32.8,90.8,988.3,-13.76,17.6,-4.64,29.41
980,0,0.16,2.51,0,-111.3,132.4,980.6,-15.33,12.22,-0.9,29.03
1000,0,2.12,0.21,1.05,28.5,89.1,1019.0,-1.86,23.75,-1.8,28.46
1020,0.15,0,3.17,0,37.3,105.4,995.2,-5.97,16.09,-2.28,28.8
1040,0,3.85,0,1.0,-11.1,150.0,1021.6,-1.13,13.5,-2.74,28.14
1060,72.78,34.36,12.29,0,-66.8,136.0,936.6,2.04,21.68,4.85,28.14
1080,57.95,39.98,23.16,2.63,77.4,104.8,915.0,3.54,21.41,3.95,28.7
1100,33.95,48.18,29.25,0,128.8,82.5,844.8,12.62,14.88,5.57,29.21
1120,23.32,60.84,43.76,0.16,127.4,81.8,830.0,13.92,11.48,4.77,29.07
1140,7.4,58.31,53.98,3.55,89.4,36.6,778.6,17.65,2.58,3.22,29.37
1160,0,43.6,70.15,0,9.3,55.3,851.5,24.49,5.96,-1.93,29.45
1180,0,34.19,81.07,2.94,63.3,-58.6,815.2,16.37,-0.19,1.25,29.93
1200,0.74,21.47,87.4,9.44,96.4,-1.6,783.6,17.93,0.07,-2.27,30.64
1220,2.52,15.91,80.7,22.23,4.3,-63.4,816.9,14.54,-15.85,-2.81,30.95
1240,4.24,7.74,73.98,36.52,-26.1,-24.9,797.3,16.67,-11.09,-4.71,30.88
1260,0,0,56.36,45.07,142.4,-198.2,919.8,11.45,-14.48,-3.16,30.59
1280,0.93,0,44.68,61.07,48.7,-112.5,932.8,4.82,-17.07,-3.59,30.98
1300,0,0,29.55,63.1,62.9,-73.2,988.5,-0.38,-23.74,-5.85,31.03
1320,2.11,0,20.89,64.0,-2.6,-98.4,988.6,-2.39,-19.52,0.51,30.63
1340,0,2.04,10.11,57.29,-46.3,-115.3,1041.2,-10.85,-15.78,5.82,30.82
1360,0,3.56,7.09,39.95,43.3,-76.5,1038.7,-12.04,-15.73,4.05,31.32
1380,0.39,2.3,2.33,25.84,-65.1,-72.8,1010.5,-14.59,-17.66,5.22,30.95
1400,0.94,0,1.07,16.67,-84.2,-153.9,1025.4,-22.17,-4.03,5.08,30.62
1420,0,4.23,0,8.58,-19.8,-42.1,1035.6,-23.72,-8.23,2.59,30.0
1440,3.56,0.93,1.0,0,-103.1,-46.7,1013.0,-20.86,2.41,-0.58,30.29
1460,0,2.91,2.23,1.06,-137.2,108.6,998.3,-18.94,2.35,-1.63,29.99
1480,0,0,1.22,0,-20.5,17.9,997.3,-20.59,12.49,-2.99,29.11
1500,3.23,0,2.1,2.68,-126.6,71.8,1017.0,-12.42,22.21,-4.6,28.99
1520,0.18,0,0,0.33,-26.1,15.3,967.1,-11.67,10.36,-4.56,28.95
1540,0.65,0,1.91,4.16,-59.7,66.2,1003.3,-5.0,23.94,-1.14,28.53
1560,0.9,0,0,0,-49.2,209.9,994.9,-0.46,32.95,-1.97,27.84
1580,70.68,27.6,8.48,0,46.8,96.4,950.5,1.85,15.6,-1.22,28.44
1600,55.89,40.59,15.21,3.93,-23.3,125.8,951.8,9.99,7.07,0.02,28.77
1620,34.32,55.38,24.85,0,-12.3,87.4,892.3,10.68,12.19,5.53,29.15
1640,22.63,52.05,39.78,0,88.8,72.5,782.8,17.96,19.13,3.56,29.15
1660,9.52,52.02,59.45,1.53,54.1,38.7,860.4,19.58,12.38,2.46,29.65
1680,3.52,44.18,71.39,0,106.9,81.3,826.1,19.15,6.87,1.56,30.22
1700,0,32.53,84.07,8.24,79.1,19.0,791.9,17.11,4.07,-1.58,30.02
1720,0,28.22,90.69,13.85,152.1,46.8,828.1,18.38,-8.94,-4.53,30.43
1740,0,11.11,81.09,23.77,162.9,-71.1,842.2,16.31,-11.82,-6.51,30.72
1760,4.01,4.82,79.43,31.51,58.6,-64.5,864.7,16.18,-21.08,-9.32,30.71
1780,2.49,0.84,56.57,51.95,60.3,-174.2,896.9,7.48,-6.09,-9.55,31.14
1800,0,1.22,43.77,62.81,-78.8,-131.4,901.6,8.14,-17.49,-2.97,31.12
1820,2.3,0,33.84,64.92,13.5,-139.3,959.8,2.83,-18.92,-1.53,31.06
1840,0,0.29,15.8,65.96,-11.6,-110.1,1036.3,1.88,-14.75,1.76,30.96
1860,3.99,1.31,7.91,62.67,-38.4,-9.2,995.8,-7.1,-19.98,0.68,30.82
1880,0,0,6.72,42.82,-138.4,-108.9,1027.0,-11.18,-13.39,2.27,30.56
1900,0,2.99,0,23.93,-48.6,-103.4,995.4,-11.06,-11.6,6.54,30.62
1920,2.04,0,3.28,18.8,-24.4,-147.5,1052.8,-14.59,-10.75,7.15,30.56
1940,3.69,4.26,0,12.8,-98.9,-30.3,1013.2,-24.21,-0.52,3.03,30.38
1960,3.72,1.41,0,2.95,-26.9,-71.0,1026.1,-19.79,8.39,0.07,30.39
1980,0,2.96,0.59,0,-116.1,46.0,988.6,-20.74,7.38,-5.17,29.91
2000,0,0,1.2,1.3,-74.9,141.4,1001.2,-20.61,1.32,-0.07,29.57
2020,0.26,0.84,3.85,0,-86.6,64.8,992.9,-13.96,15.43,-5.64,29.43
2040,0,0,0.94,0,-57.2,121.1,1016.6,-10.08,15.11,-4.9,29.1
2060,2.23,2.53,0,0,-4.5,279.7,942.1,0.5,13.69,-3.11,28.66
2080,0,0,1.72,0,-69.6,171.4,967.1,-5.98,17.76,-4.2,28.59
2100,72.63,32.46,11.38,0,45.8,82.9,992.5,0.08,20.01,0.09,28.15
2120,60.93,39.32,20.07,0,113.3,148.2,892.2,5.49,17.44,1.35,28.45
2140,36.71,55.93,28.45,3.57,35.8,129.0,887.1,5.11,16.7,10.7,29.26
2160,21.49,58.45,41.1,0,134.0,97.9,846.7,10.32,14.65,6.9,29.32
2180,8.77,53.31,50.88,0,91.9,146.0,842.4,16.18,9.54,5.02,29.59
2200,0,48.17,71.85,6.51,187.1,16.0,795.6,18.17,1.08,3.66,29.89
2220,0,38.04,83.09,11.44,50.3,51.5,838.6,20.4,-4.91,-5.13,30.08
2240,0,25.13,86.1,13.48,117.0,-136.4,843.6,10.68,-11.14,-5.77,30.31
2260,0,15.34,84.86,24.87,8.7,-47.6,817.2,22.42,-7.75,-2.62,30.48
2280,0,3.97,79.53,26.53,57.7,-127.5,827.2,11.11,-16.9,-3.01,30.25
2300,0,8.95,63.16,47.47,44.0,-170.2,866.6,8.81,-19.66,-6.76,30.95
2320,4.71,2.71,49.98,56.44,-9.4,-136.1,960.9,8.44,-27.69,-0.61,30.9
2340,0.8,1.96,32.88,69.14,32.9,-66.6,949.2,0.34,-15.74,-5.89,30.88
2360,0,1.64,14.28,68.15,-33.0,-170.1,1028.9,-2.08,-17.09,2.69,30.84
2380,0,2.48,11.64,56.0,-2.4,-130.6,1024.7,-8.14,-17.96,5.4,30.85
2400,0,0,0,42.68,-12.6,-162.0,921.4,-16.59,-11.72,2.61,31.05
2420,0,0,0.59,29.33,-147.9,-160.6,1020.0,-19.68,-18.42,6.72,30.43
2440,1.27,1.09,3.02,16.93,-12.5,-93.9,982.0,-18.47,-4.5,4.92,30.42
2460,0,1.19,0.42,11.19,-73.7,51.0,996.1,-15.95,-2.62,1.79,30.7
2480,3.62,1.25,0,8.02,-75.2,24.7,1027.5,-26.48,-1.35,-1.01,29.92
2500,4.13,0,3.23,7.1,52.5,111.9,1008.2,-17.54,11.31,-2.07,29.68
2520,0,0,1.49,2.53,-129.6,112.8,988.9,-15.7,11.24,-7.29,29.48
2540,4.65,0,0,0,-119.8,-59.9,960.6,-13.43,14.29,-5.11,29.62
2560,0,0,0,0,-29.1,170.8,955.0,-13.74,17.5,-0.26,28.75
2580,2.25,0,0,0.06,28.2,173.8,964.1,-8.74,26.77,-0.71,28.39
2600,0.72,5.96,0.18,3.03,-105.7,96.6,1010.3,-1.51,21.66,1.55,28.28
2620,75.61,33.05,7.49,0,47.4,193.4,951.6,2.92,25.19,0.62,28.3
2640,62.92,36.33,12.86,0.79,-30.9,117.9,929.4,3.38,24.1,5.83,28.53
2660,40.92,53.9,28.21,0,98.3,79.2,891.0,13.52,21.63,6.62,28.82
2680,23.12,58.28,36.47,0,80.6,126.0,872.5,16.4,11.04,2.05,29.2
2700,9.24,55.65,55.88,0,62.7,55.5,859.9,14.31,2.3,1.5,29.55
2720,5.57,50.86,68.32,0,44.5,35.3,789.8,18.63,11.5,2.39,29.53
2740,0.72,36.76,80.51,0,157.8,36.4,878.1,22.41,5.38,-0.12,30.21
2760,0,28.03,88.65,4.11,-14.1,13.9,837.7,24.71,-6.14,-1.77,30.41
2780,1.61,10.66,80.36,15.19,43.9,-115.0,809.9,17.65,-13.19,-3.95,30.9
2800,6.74,4.88,77.38,25.56,18.1,-62.5,853.7,13.38,-18.65,-3.34,30.62
2820,0,0.5,63.21,50.85,16.8,-142.4,863.0,7.64,-11.35,-4.66,31.0
2840,0,2.93,46.87,53.22,58.5,-155.9,952.0,4.8,-21.01,-3.61,30.85
2860,0,1.51,27.78,65.19,0.7,-162.8,1042.4,4.15,-17.92,-3.26,31.14
2880,0,0,15.84,69.93,52.0,-228.6,1015.9,-1.23,-21.24,0.84,30.91
2900,3.09,2.0,12.4,56.99,-15.3,-178.2,1005.4,-6.73,-26.56,2.47,30.85
2920,0.51,3.29,3.82,41.06,-66.8,-194.2,1004.3,-11.21,-16.02,5.7,30.96
2940,4.02,6.41,4.88,29.96,0.2,-103.9,999.7,-9.71,-18.52,6.43,30.58
2960,0,1.35,0,18.1,-50.8,-22.6,973.6,-15.56,-19.39,2.49,30.54
2980,5.22,0,1.83,12.42,-245.4,6.9,1026.2,-18.85,-9.38,2.35,30.08
3000,0,0,0,0,-117.0,62.7,1014.9,-20.9,4.06,-0.02,30.22
3020,4.52,0,0,1.21,-116.4,47.7,1049.3,-16.96,7.45,-3.86,29.95
3040,0.58,2.68,1.28,3.62,5.5,96.7,954.5,-22.54,14.27,-5.52,29.14
3060,2.52,1.41,1.39,0,-79.6,74.1,973.5,-16.11,7.83,-4.9,29.63
3080,0,4.81,0,0,-25.0,166.7,995.9,-9.57,23.4,-3.84,28.92
3100,6.37,1.37,1.61,0,-97.1,132.9,985.0,-5.59,19.36,-0.42,28.3
3120,3.57,2.82,0,0,-83.3,144.9,985.2,-2.74,13.67,-2.29,28.26
3140,75.39,24.28,5.56,4.15,69.1,182.0,966.5,4.35,14.09,1.2,27.92
3160,60.6,41.67,11.35,2.7,-24.1,116.0,907.2,-0.39,29.53,4.98,28.44
3180,42.32,54.66,29.09,4.12,108.6,99.4,907.3,8.88,16.86,2.97,29.29
3200,24.37,65.04,38.59,1.23,136.5,81.6,862.9,16.2,12.6,5.47,29.3
3220,6.14,59.83,55.93,0,110.5,94.9,823.4,16.35,10.14,-0.27,29.38
3240,3.93,48.15,69.07,0.88,-11.2,89.5,864.5,20.24,3.35,-2.24,29.41
3260,0,43.75,78.78,7.54,-22.6,-31.4,792.6,18.26,-2.27,1.96,30.0
3280,0,22.02,86.39,11.22,80.5,-81.2,777.4,16.76,-10.63,-5.35,30.25
3300,3.13,10.34,86.22,19.02,105.0,-79.0,837.6,23.57,-12.98,0.23,30.16
3320,1.57,8.41,76.18,31.52,61.6,15.4,808.9,12.04,-15.8,-2.68,30.45
3340,0,2.52,59.99,46.15,1.6,-142.3,826.0,12.05,-18.65,-9.26,30.93
3360,1.17,0,49.36,55.61,70.7,-39.4,911.0,11.62,-23.28,-3.99,31.01
3380,3.18,2.04,27.74,66.73,-96.9,-177.6,1014.9,6.92,-28.83,-2.33,31.11
3400,0,0.67,20.41,69.17,-21.1,-80.3,968.7,-0.13,-10.55,-0.27,31.25
3420,0,3.12,13.83,59.88,-30.2,-136.2,1031.9,-6.51,-18.75,-0.12,31.03
3440,4.09,1.16,9.89,52.87,-71.9,-254.5,987.8,-11.1,-17.21,4.42,30.77
3460,1.86,0,5.42,26.65,-84.4,-79.6,970.8,-14.1,-17.1,5.58,30.45
3480,0,0,6.02,17.39,-57.4,-45.5,990.0,-20.08,-13.74,4.41,30.73
3500,0,5.55,0.98,11.17,-86.2,-100.0,948.1,-21.84,-2.31,3.67,30.62
3520,0,0.28,0,0.01,-125.7,-40.9,1079.7,-21.81,1.35,-0.11,30.31
3540,0,1.25,3.65,0,-60.8,57.8,1035.0,-12.17,9.36,-1.33,29.79
3560,1.25,1.52,0,2.9,-43.6,24.9,997.3,-14.77,1.73,-0.91,29.79
3580,0,0,0,2.78,-110.3,58.3,1032.6,-13.54,12.31,-7.42,29.34
3600,0,3.45,0,0,-100.7,40.2,994.7,-9.95,20.29,-1.66,29.14
3620,1.57,0,4.68,0,48.4,160.7,1021.0,-6.66,17.58,-1.21,28.63
3640,0.9,0,3.53,8.59,-42.5,111.1,971.8,-4.69,13.53,-2.94,28.63
3660,78.13,27.05,7.24,3.16,-53.8,151.0,968.3,4.49,16.64,-0.53,28.06
3680,56.41,32.87,12.69,0,55.6,183.7,925.6,3.04,16.03,2.21,28.61
3700,39.36,51.77,28.62,4.98,79.8,-15.6,898.2,10.85,17.56,2.5,29.09
3720,24.59,58.21,33.36,0.49,81.0,111.6,851.6,17.94,6.55,4.18,29.47
3740,9.74,62.44,54.59,4.94,130.9,31.6,839.5,15.62,4.27,4.48,29.19
3760,2.67,50.92,69.08,0,121.8,25.0,842.9,18.28,4.8,0.77,29.31
3780,0,35.9,81.35,4.54,53.4,67.8,797.2,20.34,0.49,1.83,30.07
3800,3.54,28.33,82.53,10.3,142.0,-2.6,847.3,17.67,-4.3,-0.35,30.27
3820,1.44,17.82,83.54,10.67,63.2,-92.0,772.2,17.32,-10.09,-4.43,30.49
3840,0,8.36,79.01,31.37,108.3,-83.5,763.1,17.28,-8.36,-3.22,30.76
3860,2.56,2.54,63.08,40.89,13.0,-62.7,914.3,13.18,-9.88,-4.76,31.05
3880,0,0,49.34,53.3,85.4,-116.1,924.2,9.0,-26.17,-1.46,30.92
3900,0,0,32.32,69.75,108.4,-124.5,975.2,0.4,-23.72,-1.34,30.61
3920,0.04,2.12,18.61,75.73,-39.3,-188.5,1002.6,-3.95,-23.57,-1.1,30.86
3940,1.28,0.08,10.89,69.04,-102.8,-181.7,1021.6,-8.41,-12.7,6.43,31.06
3960,0,3.64,4.33,46.44,-64.4,-208.9,995.0,-15.37,-14.03,8.73,31.06
3980,0.48,0,1.95,30.94,-136.9,-79.0,1010.2,-13.87,-4.23,6.1,30.84
4000,0,2.9,0,18.85,-31.5,-78.3,1003.4,-19.93,-21.75,0.96,30.4
4019,0.68,5.57,3.25,5.34,-128.9,-40.7,966.9,-15.69,-1.58,-0.27,30.33
4040,0,1.5,0,3.95,-116.5,-19.8,952.8,-27.12,-8.28,2.81,30.31
4059,0.41,0.32,0,2.04,-139.7,47.6,968.7,-12.78,5.07,0.42,29.78
4080,3.74,1.7,3.34,4.46,-22.7,42.5,929.5,-17.86,5.68,-4.2,29.68
4100,3.41,3.56,4.2,0,-145.0,60.1,972.1,-17.63,15.74,-2.67,29.45
4120,1.79,2.2,1.52,0,-93.7,190.3,1004.1,-16.57,12.77,-3.49,28.99
4140,0.49,3.28,1.69,0,-35.0,215.5,1031.0,-7.2,20.62,-3.43,28.53
4160,0.79,0,0,4.25,-19.1,170.8,1029.8,-1.88,17.91,-3.27,28.48
4180,73.32,28.85,10.42,2.26,79.7,151.6,1008.4,-3.29,15.36,-0.78,27.99
4200,61.88,37.43,15.65,0,67.9,164.5,932.7,2.99,23.36,3.98,28.09
4220,42.55,46.9,17.76,0,98.9,90.0,897.6,7.97,15.7,7.51,28.51
4240,27.37,56.3,35.34,0,68.4,85.3,873.7,18.2,26.77,7.97,29.04
4260,7.27,54.84,44.0,0.65,73.5,70.2,873.5,16.05,9.06,4.92,29.51
4280,7.88,49.87,61.6,0,51.1,-40.6,737.3,18.43,8.74,1.71,29.72
4300,0,35.64,70.6,4.82,83.3,9.5,816.9,18.71,6.62,0.61,29.92
4320,4.36,28.55,86.79,1.92,133.8,-101.2,768.1,24.76,-5.88,-2.19,30.6
4340,2.38,14.33,83.11,14.97,126.5,-20.4,806.2,17.85,-12.38,-3.52,30.66
4360,3.75,12.61,74.44,24.0,34.9,-159.5,827.1,17.49,-14.67,-3.01,30.33
4380,0,2.38,62.13,42.94,86.9,-13.4,866.6,14.57,-12.08,-4.62,30.83
4400,2.0,0,54.34,55.9,74.5,-124.0,930.9,8.75,-13.71,-1.12,30.77
4420,0,0,31.68,63.92,18.8,-208.9,940.1,6.46,-26.41,-1.6,31.11
4440,0,3.67,22.23,65.54,25.8,-122.3,997.8,-2.03,-19.98,0.18,30.58
4460,1.6,0,11.51,60.87,-6.6,-143.7,1042.8,-5.52,-12.0,2.32,31.19
4480,0,3.01,7.34,46.73,-25.2,-125.0,944.8,-11.18,-18.48,4.56,30.87
4500,1.04,0,6.05,33.41,-60.5,-117.3,1003.1,-14.24,-19.35,6.19,30.4
4520,4.4,1.3,3.35,17.66,-164.9,15.2,976.4,-18.82,-15.54,6.21,30.76
4540,1.12,0,3.24,12.31,-87.2,18.1,952.3,-21.04,-9.9,2.31,30.38
4560,0,3.83,1.48,7.07,-105.6,-21.6,971.5,-20.11,4.62,3.45,30.19
4580,0,0,0,0,-36.1,53.5,1017.0,-20.88,6.47,-1.44,30.08
4600,7.42,2.7,2.82,0.41,-148.1,103.0,1040.7,-16.72,7.22,0.23,29.66
4620,2.19,0,6.15,4.09,-150.8,121.1,948.8,-13.47,13.0,-5.94,29.45
4640,7.62,1.97,0,0,-1.4,62.1,1006.6,-15.7,12.42,-2.88,28.86
4660,0,0,0,0.6,42.4,175.5,952.2,-10.89,20.53,-0.84,28.69
4680,0,0,0,0,-8.7,174.4,985.6,-6.2,19.95,-0.97,28.17
4700,80.93,26.33,8.47,0,53.8,131.4,1034.2,-1.37,18.86,-0.48,28.17
4720,64.64,38.38,17.08,1.9,33.6,187.3,923.8,7.76,21.07,1.74,28.31
4740,44.23,52.38,24.64,0,29.1,115.8,915.0,6.32,17.13,5.8,28.36
4760,28.57,56.74,30.1,6.35,50.7,26.2,831.9,8.28,19.52,4.32,29.28
4780,9.82,52.79,46.96,2.95,115.0,142.4,815.9,12.76,7.33,3.71,29.16
4800,10.25,52.35,65.75,0,39.2,70.0,838.7,19.08,4.02,0.66,29.89
4820,0,42.95,77.88,5.57,207.5,11.8,791.1,20.49,15.15,-1.82,29.71
4840,0,25.81,87.42,3.44,161.7,-83.1,789.2,23.07,-10.3,-0.81,30.35
4860,0.06,17.69,78.99,13.63,182.4,-100.2,782.2,17.81,-3.55,-5.01,30.54
4880,5.34,14.62,81.31,23.9,66.8,-102.0,823.5,17.37,-17.61,-3.25,30.74
4900,0,1.91,69.53,41.84,44.3,-160.1,859.5,9.67,-12.96,-2.35,30.57
4920,0.3,0.34,51.67,56.39,71.3,-154.2,871.6,2.25,-15.16,-1.29,30.92
4940,0.04,0,34.61,65.42,6.3,-141.7,972.4,7.12,-30.36,0.53,30.67
4960,0.42,0,24.98,69.25,-16.2,-153.2,994.3,1.08,-14.17,-1.52,30.76
4980,0,0,17.71,59.62,-54.3,-182.2,971.4,-4.17,-22.15,3.09,31.19
5000,2.4,0,6.37,53.3,-158.1,-110.5,999.4,-8.5,-18.39,7.63,30.7
5020,0.16,0,4.51,33.94,-111.9,-122.9,970.7,-9.54,-11.47,2.02,30.87
5040,0.26,0.1,1.37,24.16,-48.0,-30.6,980.0,-18.03,-20.68,1.41,30.73
5060,5.54,0.13,0,12.27,-97.1,-79.6,991.0,-20.08,-6.26,1.8,30.79
5080,3.9,2.24,0,13.26,-85.0,-102.8,1025.3,-19.17,-0.0,0.68,30.14
5100,0,7.59,0,0,-14.1,18.9,997.5,-23.76,7.29,0.42,30.04
5120,0,0,0,2.2,-37.9,33.8,998.0,-18.58,7.87,-0.41,29.6
5140,2.99,0,0.38,6.85,-68.1,26.5,1006.3,-17.96,18.13,-2.73,29.24
5160,3.38,1.96,0.63,0,-126.8,146.9,1022.0,-12.31,9.59,-4.63,28.87
5180,0,0,0,0.24,-113.7,143.0,974.0,-11.73,19.21,-3.6,28.52
5200,4.83,1.85,0,0.47,-1.0,105.2,1008.9,-3.62,10.92,-1.02,28.42
5220,76.73,24.8,7.72,0,-11.0,111.1,1011.1,3.61,16.48,-3.03,27.91
5240,67.46,31.09,10.7,0,-24.3,110.5,956.0,10.8,11.87,2.61,28.6
5260,48.51,51.08,19.14,0,78.2,192.5,874.6,8.94,23.01,2.69,28.55
5280,26.16,60.02,31.08,0,32.5,108.9,868.3,15.79,7.48,5.57,29.03
5300,17.64,63.77,48.53,1.33,53.7,23.7,840.9,19.55,7.34,1.81,29.32
5320,1.06,50.09,61.58,4.07,67.8,48.2,797.7,16.61,8.15,0.59,29.86
5340,0,42.25,73.54,2.82,87.9,8.3,800.1,16.83,0.18,-0.17,29.85
5360,0,28.95,85.16,3.32,129.7,30.2,823.5,18.24,-7.76,-0.32,30.34
5380,0,12.42,86.48,10.65,113.3,-56.2,777.4,14.57,-2.87,-6.18,30.51
5400,0.35,6.91,85.48,22.3,69.9,-62.7,840.6,18.23,-17.84,-5.35,30.53
5420,0,0,64.14,40.29,30.2,-124.7,884.7,12.83,-15.37,-1.16,30.83
5440,0,0,48.85,58.49,-21.5,-148.0,856.8,1.25,-8.59,-5.43,30.83
5460,0,1.83,39.16,66.32,94.0,-232.3,1002.3,6.31,-15.27,-0.3,31.14
5480,0,1.69,24.14,62.61,75.2,-242.4,994.4,2.12,-19.61,1.49,31.07
5500,0,0.95,10.99,61.07,62.2,-158.9,1012.6,-3.7,-12.19,1.58,30.95
5520,5.39,0,7.4,52.02,-90.9,-248.0,988.0,-9.08,-20.08,3.42,31.08
5540,0.62,11.54,0,35.75,-16.6,-103.1,1004.6,-8.1,-9.19,4.7,30.86
5560,3.14,0,0,20.37,-169.8,-175.4,981.5,-14.14,-9.55,5.56,30.67
5580,0,1.42,1.32,13.78,-34.9,-65.4,1013.1,-16.65,5.55,-0.84,30.73
5600,0.3,0,1.3,6.0,-150.3,-98.4,998.3,-21.72,-2.9,2.74,30.16
5620,0,0,1.63,2.22,-85.3,-20.3,981.2,-23.37,0.86,2.82,29.79
5640,4.96,0,0,2.69,-104.3,21.5,997.4,-15.02,-5.04,-2.66,29.71
5660,1.93,1.43,11.06,2.25,-123.9,26.6,965.4,-21.12,12.64,-5.29,29.35
5680,1.64,0,0,0,19.2,91.0,1019.8,-9.44,16.6,-5.95,29.15
5700,0,0.14,3.26,4.05,8.3,188.7,963.7,-9.85,19.88,-1.0,28.69
5720,0,0,0.26,6.69,-43.8,167.0,986.3,-2.7,12.78,-3.95,28.38
5740,76.53,27.62,0.98,0,-7.8,90.3,952.2,-1.43,17.86,2.58,28.03
5760,73.96,29.82,8.91,0,-19.0,230.2,915.6,5.65,18.98,5.34,28.81
5780,48.8,46.32,18.75,0.2,14.6,186.1,877.2,5.89,21.82,4.28,28.72
5800,31.25,57.12,30.25,0,117.6,154.7,867.8,15.58,10.81,8.86,29.26
5820,13.11,56.44,48.26,3.82,163.9,124.7,830.0,19.47,18.61,3.84,29.45
5840,11.25,57.5,59.71,1.45,68.4,61.3,792.7,19.57,9.06,2.2,29.56
5860,0,43.47,76.08,0.32,122.6,158.2,860.2,23.06,2.62,1.27,30.35
5880,0,29.5,82.74,12.73,182.5,-13.8,782.6,28.9,-3.88,-0.19,30.08
5900,0,19.93,88.15,12.13,84.3,-66.6,834.9,13.72,-14.51,-2.56,30.29
5920,0.16,14.45,83.36,24.92,186.9,-66.6,834.4,13.35,-12.3,-7.87,30.94
5940,0,3.99,64.51,32.92,113.8,-114.7,902.7,8.49,-16.87,-3.26,30.82
5960,3.73,6.64,55.36,49.35,-31.1,-231.0,875.3,9.68,-24.27,-3.5,30.77
5980,0,0,41.06,62.82,84.7,-157.4,948.2,3.43,-20.82,-2.77,31.18
6000,0,0,26.46,72.16,-63.2,-158.9,986.6,-0.24,-21.37,3.08,31.13
6020,1.58,0,19.08,58.83,76.8,-158.0,1067.4,-3.99,-24.86,0.06,31.35
6040,6.0,0.46,6.63,58.08,-89.5,-83.1,1005.7,-5.94,-13.19,2.06,30.55
6060,0,1.36,0,35.93,-16.4,-52.9,972.4,-14.28,-1.14,4.22,30.58
6080,0,0.38,1.58,25.05,-140.7,-122.6,1033.9,-17.64,-15.59,4.42,30.29
6100,6.13,0,0.96,15.4,-120.1,-0.4,991.9,-16.4,-5.54,0.41,30.38
6120,0,2.57,0.12,9.2,-100.7,-35.6,961.3,-13.74,-13.44,0.98,30.25
6140,0,0,0,2.32,-222.9,76.2,985.8,-18.46,-2.68,-0.89,29.98
6160,1.23,3.16,0,0,-67.0,64.7,989.0,-24.88,14.34,-1.45,29.57
6180,6.45,0.88,1.96,0,-150.1,78.3,1050.5,-17.9,17.48,-8.56,29.73
6200,0.38,6.29,0,0,-15.2,52.4,976.4,-12.58,14.93,-3.85,28.69
6220,0,2.12,0,0,-118.9,147.6,948.1,-15.36,24.54,-4.89,28.48
6240,3.63,1.64,0,2.46,-27.7,64.6,970.2,-4.62,12.21,-2.8,28.17
6260,0,0,0.71,2.2,-94.3,197.0,995.6,0.49,13.0,2.34,27.83
6280,74.98,27.19,13.2,3.18,-9.0,170.1,946.2,0.35,25.63,2.22,28.45
6300,53.43,42.84,17.64,0,20.2,146.5,904.1,5.83,14.51,5.82,28.92
6320,36.84,51.41,32.58,0,16.6,155.2,899.7,12.64,9.51,5.14,29.23
6340,14.09,59.91,49.14,0,59.6,110.7,858.8,15.36,4.24,5.37,29.35
6360,10.23,57.36,58.61,4.46,63.0,75.5,832.8,22.11,2.85,3.42,29.57
6380,0.07,42.88,71.73,7.26,77.4,25.3,818.2,19.77,11.59,0.78,30.13
6400,0,37.46,84.17,4.52,30.0,-18.3,785.4,22.07,-4.68,-2.18,30.27
6420,0.94,18.14,82.17,12.14,88.6,-71.7,802.6,20.73,-17.11,-1.55,30.43
6440,0,10.12,80.9,22.83,30.5,-132.4,799.0,19.71,-11.87,-6.77,30.33
6460,1.96,3.02,73.72,36.85,69.5,-177.0,840.2,15.58,-18.27,-9.61,30.97
6480,0,0,53.09,51.53,43.4,-160.8,884.0,7.08,-13.23,-5.72,30.57
6500,0,0,41.4,61.79,58.0,-175.2,971.7,9.21,-11.8,-1.48,30.9
6520,0,6.56,28.62,64.63,9.4,-126.8,973.0,2.1,-16.65,1.12,30.93
6540,0,1.66,13.21,64.97,-14.3,-102.4,962.5,-0.25,-27.12,3.93,30.82
6560,0,1.7,8.64,51.15,-152.5,-255.0,991.1,-12.21,-15.71,3.65,30.74
6580,0,3.46,0.81,35.49,-134.4,-81.5,979.6,-15.08,-9.94,5.8,30.5
6600,0.31,2.45,1.95,25.37,-89.2,-77.3,976.9,-15.91,-12.61,4.3,30.89
6620,0,3.6,0,16.41,-81.4,-116.0,1017.7,-18.49,-6.9,0.71,30.84
6640,0.02,0,0.25,7.57,-172.9,-71.6,983.0,-20.39,-2.25,1.35,30.37
6660,5.68,0,2.13,6.24,-156.2,-11.6,988.2,-19.6,7.07,0.27,30.03
6680,0,1.8,0,5.62,-67.5,71.4,1037.0,-18.41,-2.82,-2.5,29.6
6700,0,7.35,3.46,0.07,-158.4,92.6,963.1,-11.93,5.1,-8.95,29.16
6720,0,0,0,5.71,-29.6,140.5,1018.1,-15.27,21.41,-4.8,29.16
6740,0.24,5.68,1.86,0,-56.4,134.5,969.3,-10.3,19.25,-6.13,28.69
6760,0,0,0,1.75,-27.0,131.1,1019.1,-5.34,18.65,-4.24,28.55
6780,0.55,0,1.74,4.92,-2.1,206.3,1003.3,-5.75,24.25,0.59,27.92
6800,74.53,32.29,1.83,1.68,6.3,94.8,976.9,7.47,21.83,0.86,28.2
6820,56.03,46.03,19.89,0,41.2,145.2,936.3,8.81,17.49,0.92,28.7
6840,33.19,57.55,26.75,0,49.3,163.0,864.5,8.15,11.89,5.3,28.85
6860,17.73,58.47,45.36,0,127.0,145.0,819.2,11.96,7.82,3.28,29.18
6880,6.25,60.05,57.57,0.65,132.7,19.0,795.3,17.61,5.47,-1.27,29.43
6900,0,41.47,73.1,0,100.2,-14.4,790.8,20.17,0.91,-1.66,29.63
6920,0,34.88,80.26,0,76.9,-16.4,759.7,24.15,-8.34,0.21,30.14
6940,0,23.64,86.54,8.19,71.4,-59.7,808.0,20.33,-5.45,-2.44,30.44
6960,0,8.46,86.2,23.69,105.3,-52.2,837.8,19.72,-11.36,-5.65,30.61
6980,0.37,5.08,72.91,38.05,109.2,-123.9,863.7,11.93,-20.24,-9.48,30.74
7000,0,3.97,53.51,45.0,44.0,-214.5,899.2,9.63,-8.93,-5.33,31.24
7020,0,7.2,37.17,60.36,62.6,-116.6,949.9,9.57,-20.64,-2.81,30.76
7040,0,6.29,23.63,68.23,70.4,-180.5,985.7,-1.49,-23.17,1.47,31.22
7060,0,7.25,20.54,64.63,12.3,-203.3,952.1,-6.66,-29.5,2.77,31.08
7080,0,0,11.17,57.9,-39.3,-187.0,990.2,-7.76,-6.33,3.31,30.94
7100,2.86,2.93,10.53,42.46,-97.7,-117.6,947.5,-14.8,-14.21,5.6,30.37
7120,1.71,4.11,2.78,26.22,-92.8,-89.3,986.3,-17.19,-10.29,2.31,30.58
7140,1.48,6.32,1.03,17.42,-161.9,60.0,1016.0,-14.02,-9.01,6.07,30.84
7160,1.63,0,0,7.6,-93.2,18.4,990.9,-19.52,-1.1,0.54,30.3
7180,0,3.08,0,4.29,-97.2,9.2,987.7,-20.02,6.63,-1.77,29.82
7200,4.68,0.15,5.59,0.47,-39.7,191.3,1018.7,-19.37,4.22,-0.99,29.67
7220,0,1.55,0,0.29,-106.9,61.9,1026.5,-20.33,-3.12,-5.48,29.59
7240,3.18,0.68,5.63,1.39,-24.8,138.9,978.7,-13.45,12.73,-5.62,29.23
7260,7.22,0.8,0,0,-115.6,70.3,980.7,-11.61,21.0,-2.6,28.59
7280,1.48,0.67,0,1.56,-31.8,259.9,976.6,-11.76,25.05,-4.36,28.25
7300,0,0,0,1.64,-17.6,153.8,982.0,-1.49,12.08,1.97,27.94
7320,70.96,25.79,6.4,0,42.9,78.2,912.9,4.04,16.22,3.24,28.5
7340,58.35,39.28,19.3,0,35.9,150.8,892.6,8.53,11.05,5.15,28.35
7360,38.21,54.88,30.3,0,86.3,93.1,865.1,13.7,15.12,3.81,29.32
7380,19.45,53.15,48.6,3.31,21.5,169.4,913.0,15.69,5.59,4.16,29.31
7400,4.23,56.11,57.34,0.23,-56.0,98.1,786.4,17.66,11.57,2.81,29.6
7420,4.16,43.36,75.93,8.64,133.6,-60.5,793.0,20.73,11.94,5.89,29.74
7440,1.28,30.84,82.71,3.99,40.7,-13.8,806.6,21.22,0.69,-1.2,30.08
7460,1.45,27.06,88.39,11.99,92.4,-50.8,779.7,12.43,-13.46,-1.31,30.22
7480,0,18.86,86.56,26.08,96.0,-17.3,794.4,18.15,-9.09,-4.05,30.87
7500,0,6.5,75.23,34.89,74.6,-117.4,923.0,9.05,-17.89,-4.7,30.93
7520,5.82,0,56.87,49.61,-4.9,-28.2,842.7,6.05,-12.13,-4.9,30.66
7540,0,0.88,41.44,65.39,13.1,-209.2,868.7,5.73,-18.97,-1.08,31.24
7560,0,0,28.4,64.65,-35.4,-121.4,1004.5,3.24,-23.64,2.34,30.98
7580,2.58,0,18.22,64.26,-60.7,-174.1,992.9,-8.24,-14.92,0.94,31.19
7600,3.26,1.64,7.67,52.75,-115.2,-118.0,1033.3,-8.61,-18.09,4.94,30.83
7620,0.71,0.48,1.87,42.68,-127.6,-134.6,997.4,-16.37,-18.66,5.92,30.75
7640,0,0,0.63,28.91,-161.0,-47.3,1014.3,-20.28,-8.3,6.74,30.72
7660,0,3.59,8.56,12.21,-181.6,-65.1,995.9,-16.69,-13.81,2.51,30.45
7680,0,0.76,0,7.52,-180.9,-49.2,1005.7,-20.18,-5.24,3.94,30.63
7700,0,0.28,0,5.85,-147.0,-22.8,1017.3,-19.08,-1.12,-0.18,30.0
7720,1.16,0,1.61,1.16,-174.3,11.3,1014.9,-20.22,5.88,-0.47,29.85
7740,0,5.49,0.51,0.17,-63.1,109.6,1016.2,-17.82,8.3,-4.65,29.45
7760,0,0,1.44,1.35,-110.2,132.7,1050.0,-10.6,16.52,-6.51,29.39
7780,0,1.19,0,0,-30.8,74.5,996.2,-8.66,20.51,-4.6,28.65
7800,0,0,3.32,0,17.3,208.5,954.6,-10.87,16.64,-2.87,28.51
7820,0.15,0,0,0,17.9,135.4,1024.0,0.54,9.84,-0.19,28.18
7840,74.55,33.02,8.77,0,28.7,126.5,962.7,4.91,20.32,-0.92,28.19
7860,57.82,42.72,16.97,0,-2.1,138.2,928.2,2.89,14.6,2.53,28.92
7880,33.14,51.99,24.45,2.01,32.3,103.2,866.5,11.58,15.89,5.31,28.75
7900,16.15,58.58,36.56,0,104.4,97.0,881.2,12.26,7.91,3.47,29.62
7920,6.99,64.45,56.43,1.02,9.3,-32.8,867.9,20.4,1.3,6.82,29.67
7940,1.89,49.49,75.64,0,56.3,73.1,791.6,21.9,6.96,3.29,30.32
7960,1.5,34.65,75.37,3.15,169.6,50.2,821.4,19.06,-3.68,1.52,30.11
7980,0,24.04,79.39,4.85,70.5,-132.7,803.5,15.81,-10.65,1.12,30.64
8000,0,8.45,82.35,20.15,57.8,-78.0,807.0,16.82,-17.87,-6.97,30.79
8020,2.61,9.33,69.57,26.35,-8.4,-107.9,845.3,21.76,-12.12,-6.3,30.29
8039,0.32,5.6,60.69,45.78,44.8,-100.7,836.1,11.83,-10.66,-6.47,30.97
8060,2.34,3.81,46.83,62.1,35.5,-104.9,946.7,6.88,-15.26,-0.53,31.1
8080,0,0.77,27.06,66.21,60.1,-204.0,974.0,-2.06,-19.25,-0.92,30.6
8100,0.74,3.27,17.42,68.14,-7.7,-148.3,949.8,-7.62,-23.17,-0.38,30.75
8119,3.37,0,11.18,61.9,8.0,-88.8,964.2,-12.73,-17.23,2.18,31.03
8140,3.59,1.88,1.67,40.34,-25.1,-176.4,1036.0,-8.7,-2.5,6.84,31.02
8160,2.95,0.36,0.25,31.53,-40.1,-118.4,953.3,-11.68,-20.46,-0.9,30.95
8180,1.6,0,0.13,14.05,-38.3,-34.4,1038.9,-12.11,-13.02,2.61,30.65
8200,1.66,4.1,5.95,10.96,-171.2,-87.1,1004.5,-16.65,1.67,0.39,30.16
8220,0,3.78,0,6.84,-126.4,-53.9,959.0,-15.13,-2.86,1.62,30.15
8240,0.29,1.69,0,0,-108.7,-2.8,985.1,-24.29,0.51,-3.47,30.06
8260,0,0.16,4.22,0,-145.5,118.1,992.4,-16.71,5.45,-0.33,29.62
8280,1.24,1.44,0,0,-102.8,89.2,1014.0,-8.68,7.93,-2.83,29.26
8300,0,0,0.04,0,-124.2,155.8,1011.1,-12.54,22.86,-2.83,28.4
8320,2.78,4.04,2.37,3.2,-11.7,273.1,997.4,-4.44,16.14,-3.84,28.64
8340,0,3.68,0,1.36,54.5,97.7,1074.0,-6.51,23.08,-0.13,28.01
8360,73.61,28.68,9.46,0,37.8,112.8,1005.4,4.6,26.09,0.52,28.11
8380,61.32,41.07,15.57,0,36.8,184.9,909.6,3.55,28.36,2.06,28.44
8400,38.11,50.18,22.92,3.12,39.4,206.9,916.6,15.47,18.46,6.22,29.03
8420,19.02,56.99,39.41,4.38,164.9,206.5,823.0,15.62,13.28,5.42,29.29
8440,12.86,54.1,54.15,1.81,103.7,130.2,839.4,15.83,16.96,2.99,29.52
8460,5.07,42.98,65.49,4.45,130.6,108.8,795.9,21.0,7.94,-0.54,29.43
8480,0,33.38,83.51,8.22,192.0,80.4,831.5,20.75,-5.71,-2.69,29.93
8500,0,25.91,89.69,5.29,134.5,0.8,817.1,19.54,-7.69,-3.9,30.4
8520,5.2,15.12,85.59,16.14,38.6,-160.1,819.1,14.54,-10.45,-4.22,30.82
8540,0,8.34,73.7,29.33,105.9,-90.0,898.4,15.06,-7.78,-6.48,30.88
8560,2.32,1.85,62.65,42.37,97.1,-93.6,866.9,13.45,-16.75,-3.07,30.97
8580,0,0,48.11,57.35,-8.8,-192.4,965.0,6.81,-21.18,-8.39,30.82
8600,2.66,0.65,32.9,65.88,96.2,-165.4,943.6,6.85,-19.18,-3.29,30.98
8620,1.52,0.47,17.85,64.34,40.3,-155.3,1011.8,-0.04,-30.78,0.73,31.18
8640,0,5.34,12.17,53.87,116.8,-168.6,938.8,-8.98,-22.52,0.63,30.87
8660,3.53,1.37,0,44.72,-30.9,-34.9,982.5,-6.28,-16.35,5.85,30.81
8680,0,0,9.84,26.28,-107.6,-79.3,1061.0,-11.54,-12.85,3.16,30.6
8700,0.82,0,0,20.17,-80.0,-92.5,985.1,-19.34,-10.48,4.43,30.21
8720,0,5.71,0,5.93,-111.5,-50.5,996.1,-21.77,0.37,-0.09,30.21
8740,3.49,0.61,0.63,0,-154.6,23.3,969.6,-17.76,5.21,-1.58,29.67
8760,0,3.91,0.7,1.52,-32.5,55.8,1003.0,-16.21,13.18,1.55,29.65
8780,0,0.25,0,0,3.7,153.1,964.5,-24.38,9.88,-5.06,29.78
8800,0.89,0.82,0,6.16,-91.8,23.9,1024.4,-16.68,24.89,-3.65,29.14
8820,1.35,0,7.78,0,-59.1,189.9,1011.5,-9.74,16.56,-6.29,28.7
8840,3.18,2.97,3.87,0,-78.6,82.9,961.8,-8.86,28.45,-2.94,28.59
8860,1.39,9.49,0,5.52,-1.9,136.3,941.2,-9.26,21.73,-0.29,28.11
8880,81.67,27.74,6.89,4.69,29.6,90.1,979.0,-2.11,18.87,-1.01,28.21
8900,63.44,41.13,14.32,0,48.0,109.2,928.6,7.97,20.79,4.02,28.58
8920,41.13,42.25,20.78,0,72.0,172.9,913.8,16.61,22.83,4.08,29.07
8940,26.71,56.02,40.21,0.8,102.3,105.1,864.6,16.11,12.7,3.22,29.3
8960,4.22,63.9,56.82,0,85.0,69.6,840.0,21.97,7.53,1.96,29.71
8980,2.47,50.42,64.99,0,48.7,18.9,847.1,21.42,-2.05,1.66,29.98
9000,4.39,39.88,81.96,5.63,177.9,4.4,790.9,16.56,-17.23,0.92,30.36
9020,0,23.84,82.68,3.29,117.5,9.8,844.5,16.53,-4.34,-2.68,30.23
9040,0.43,8.35,82.25,16.08,31.6,-48.9,805.1,14.96,3.02,-4.69,30.75
9060,0.09,8.61,79.84,30.1,77.4,-84.8,867.4,20.34,-11.08,-9.32,30.62
9080,1.83,4.19,67.12,43.6,79.8,-107.9,870.9,13.54,-16.69,-6.22,30.75
9100,0,1.55,46.7,56.48,-4.7,-165.5,967.4,10.14,-17.11,-0.92,30.75
9120,0.01,0,36.39,64.25,-49.3,-118.3,996.4,4.48,-15.12,-1.51,30.85
9140,0,0,18.13,66.96,-76.8,-231.9,992.2,-3.19,-24.17,1.7,30.97
9160,0,4.03,19.33,54.03,61.2,-156.2,1008.6,-6.09,-11.62,7.29,31.04
9180,0,8.27,8.14,43.14,-7.1,-139.5,980.4,-5.61,-20.33,4.37,30.77
9200,0,1.74,0,24.25,-85.5,-156.2,983.0,-13.21,-12.04,7.81,30.46
9220,0,2.84,1.52,24.84,-110.2,-85.4,1011.8,-15.41,-3.05,9.61,30.46
9240,0.74,0,2.03,11.24,-244.6,-41.0,1017.0,-15.11,-1.09,-0.42,30.42
9260,0,4.49,0,5.27,-49.8,-57.7,985.6,-17.15,2.47,-0.4,30.15
9280,0,0,0,2.03,-90.9,-9.7,1016.4,-15.92,2.28,-3.72,29.95
9300,5.12,0.06,0.35,5.67,-191.0,59.3,1016.7,-13.72,4.37,-4.84,29.75
9320,0.18,5.31,0,3.34,-60.3,32.6,947.8,-16.07,22.23,-5.06,29.36
9340,2.24,0,0,1.59,-79.8,115.0,997.7,-10.74,9.52,-6.27,28.95
9360,1.78,2.45,0.9,0,19.5,131.5,994.6,-12.37,20.73,-3.58,28.37
9380,0,0.84,1.45,2.59,-69.0,204.6,1091.5,1.97,17.08,-3.7,28.21
9400,81.15,20.73,2.55,0,108.2,161.2,998.1,3.04,20.84,5.55,27.91
9420,61.47,39.34,11.67,0,99.2,46.6,911.6,6.46,22.69,2.55,28.42
9440,43.83,50.22,27.02,0,59.8,98.0,898.7,9.35,9.77,4.73,28.77
9460,19.88,59.56,34.36,0,72.7,44.7,812.4,12.7,11.2,6.1,29.27
9480,14.68,53.67,46.82,1.95,83.7,110.7,817.1,18.45,9.53,4.73,29.48
9500,1.18,52.82,65.43,3.1,189.4,154.9,784.3,18.68,12.42,-0.72,29.9
9520,0,36.35,78.57,4.64,117.7,-29.1,836.2,25.93,3.43,-0.12,30.03
9540,2.78,25.58,89.8,7.58,85.7,34.6,787.9,19.31,-4.67,-6.7,30.28
9560,1.01,14.99,87.22,17.96,21.2,-72.8,831.3,15.98,-19.44,-3.78,30.61
9580,0,8.93,75.07,28.25,153.3,-78.6,810.2,15.29,-13.91,-4.62,30.78
9600,0,6.92,65.23,45.02,51.7,-38.9,922.9,11.93,-13.79,-4.83,30.89
9620,2.41,0.17,48.83,55.75,49.7,-93.6,930.2,8.04,-17.64,-0.78,30.83
9640,1.18,3.54,31.75,65.01,-62.9,-112.6,961.1,2.75,-22.84,-0.66,30.5
9660,0,5.92,19.05,64.7,-47.7,-38.7,993.5,-5.96,-25.84,0.93,31.13
9680,3.6,0,11.18,61.22,-79.6,-117.0,1027.6,-8.84,-31.82,4.34,31.12
9700,1.01,0,8.07,46.38,-58.4,-176.4,953.8,-8.67,-17.08,2.16,30.96
9720,0,0,2.39,31.76,-56.8,-104.1,1037.0,-11.16,-24.39,3.11,30.93
9740,0,0,0,20.94,-135.8,-40.1,927.4,-17.31,-11.73,0.99,30.62
9760,0,0,0.45,10.73,-129.8,21.7,1011.6,-17.28,-2.8,2.42,30.28
9780,0,4.74,1.83,9.27,-132.4,11.3,1025.6,-16.87,-6.61,-2.41,29.92
9800,0,0,5.33,1.99,-36.1,78.7,990.0,-19.63,6.51,0.68,29.93
9820,4.16,0,0,2.2,-36.3,89.3,970.1,-16.86,12.35,-2.71,29.89
9840,0.32,1.19,0,0,-85.2,130.7,1022.2,-18.67,12.0,-2.86,29.51
9860,3.78,0,0,5.74,-106.5,77.1,988.7,-11.17,12.44,-3.45,29.16
9880,0,1.65,3.42,0,-52.0,197.9,968.3,-10.1,15.91,-6.55,28.79
9900,0.29,6.47,0,0,-20.0,94.6,998.4,-2.01,17.37,2.52,27.96
9920,77.28,22.3,2.83,0,-10.7,104.0,995.4,-0.67,18.83,2.02,28.17
9940,67.33,39.29,9.96,0.67,2.2,180.6,945.3,6.95,17.34,-0.95,28.24
9960,42.24,49.57,20.82,0,87.9,181.2,803.1,10.52,22.73,4.14,28.46
9980,23.75,58.51,36.87,1.38,130.8,98.2,880.4,15.52,18.94,4.95,29.19
10000,12.86,52.75,51.09,0,69.2,81.4,812.7,20.5,14.58,2.31,29.69
10020,0.85,47.41,71.64,0,115.3,165.0,769.1,18.71,9.29,1.77,29.86
10040,1.36,42.06,82.41,5.63,109.0,-25.3,822.0,21.07,-0.66,0.29,29.94
10060,3.16,29.48,88.7,9.24,58.1,6.9,772.0,16.93,1.82,-0.01,30.48
10080,1.56,16.28,89.04,19.66,87.1,-82.3,856.4,19.22,-16.72,-7.27,30.76
10100,0.84,7.42,77.36,23.52,132.8,-161.0,824.5,17.9,-6.74,-6.43,30.85
10120,0,7.1,64.61,38.04,97.9,-203.6,904.1,10.84,-8.34,-7.73,30.32
10140,0,2.18,54.74,57.52,63.0,-141.6,920.5,5.27,-11.62,-4.54,31.01
10160,0,0,30.44,63.27,98.9,-154.5,984.7,5.26,-25.59,-0.6,31.06
10180,2.93,4.46,22.97,66.78,-94.9,-121.7,997.5,-1.78,-14.29,-0.99,31.19
10200,0,0.86,15.96,62.09,-25.4,-201.6,1015.6,-3.65,-21.18,4.45,31.22
10220,0,3.19,6.67,49.44,-25.6,-120.7,1001.9,-10.03,-9.17,2.55,30.56
10240,0,0.34,5.37,32.91,-29.1,-98.3,1026.6,-14.21,-15.91,5.67,30.59
10260,0.05,0.27,6.8,15.59,-80.0,-61.6,993.1,-18.68,-8.85,0.58,30.75
10280,0,0,0,10.1,-55.1,-98.1,1042.3,-18.76,-6.01,1.88,30.23
10300,0,0,0,1.25,-170.7,1.3,1002.3,-20.76,-0.2,0.04,30.08
10320,0,0.71,3.54,1.67,-166.4,48.8,1000.8,-20.52,6.01,0.86,29.68
10340,0,3.4,0,0.01,-112.8,53.2,1043.3,-16.68,8.62,-2.91,29.47
10360,0,0,0,3.24,-63.2,-46.1,931.0,-19.09,18.83,-8.47,29.23
10380,4.14,5.0,1.6,0,11.0,43.6,988.2,-5.74,19.8,-3.1,28.88
10400,1.05,3.57,0,0,-68.1,92.2,961.9,-13.01,17.47,-3.99,28.42
10420,0,0,1.28,2.16,-19.3,193.8,1033.9,-4.34,12.2,-2.23,28.27
10440,70.22,25.16,6.98,0,-6.8,138.8,1007.3,3.05,12.55,-1.53,28.16
10460,63.48,42.58,15.61,1.17,-26.0,165.2,890.6,6.25,22.82,2.24,28.41
10480,46.19,50.97,17.9,0,19.7,219.5,884.5,14.48,14.08,3.81,28.79
10500,28.21,58.86,30.34,0.82,102.7,80.2,841.4,17.17,13.42,2.4,29.2
10520,17.48,58.92,52.18,3.46,113.2,122.0,821.1,18.31,19.14,3.98,29.72
10540,5.24,48.8,63.27,3.43,203.1,23.8,774.0,22.97,-0.94,1.57,29.83
10560,4.95,38.99,74.64,4.86,110.7,25.6,814.4,22.69,4.88,-2.73,29.93
10580,0,28.38,84.05,7.96,63.1,-87.4,835.9,21.83,-1.15,0.41,30.52
10600,0,10.26,86.1,14.13,50.3,-100.1,831.2,19.73,-11.67,-9.29,30.21
10620,0.88,5.48,80.42,28.03,81.7,20.3,854.7,15.03,-11.49,-4.35,30.7
10640,4.81,1.66,64.21,38.29,74.8,-65.4,896.0,9.54,-23.04,-4.24,30.4
10660,2.2,3.77,48.91,55.3,22.5,-122.0,929.8,1.53,-18.27,-0.11,31.08
10680,0,2.33,39.31,64.86,-3.9,-58.2,954.0,3.65,-22.51,-3.38,31.25
10700,0,0,16.75,71.36,-31.1,-205.5,1050.2,-0.57,-23.54,2.03,30.94
10720,0.24,3.15,12.88,64.46,-34.6,-212.5,983.4,-4.05,-21.91,5.16,30.83
10740,0,0,4.26,41.02,-44.3,-177.4,1000.1,-7.13,-26.53,2.89,30.73
10760,0.49,0.59,2.41,35.2,-32.9,-58.3,1020.0,-11.69,-7.67,5.45,30.73
10780,0,0,0,22.67,-107.9,-100.5,964.4,-20.17,-2.72,6.07,30.42
10800,0,0.32,4.7,9.21,-98.8,-35.7,949.3,-20.9,-18.25,4.29,30.4
10820,2.72,0,7.53,6.2,-112.4,-60.2,986.0,-20.83,1.77,0.04,30.06
10840,3.91,0,1.84,2.53,-171.0,-79.2,1030.9,-24.08,6.93,-2.48,29.86
10860,5.37,5.5,0,0.21,-64.1,45.8,985.1,-16.99,7.24,-2.38,29.84
10880,0,0,0,1.48,-136.4,34.5,974.8,-9.98,16.47,-4.81,29.5
10900,0,2.61,0,4.81,-42.5,105.4,929.9,-11.51,13.98,-4.48,29.03
10920,0,3.66,4.48,0.34,29.0,137.4,988.1,-8.7,20.16,-7.25,28.88
10940,0,1.09,0.67,0.82,22.9,143.4,999.4,0.1,19.18,-1.96,28.15
10960,78.6,25.64,5.0,0,4.5,126.9,1059.5,0.51,15.13,-3.76,28.27
10980,67.5,40.21,14.78,0,-27.7,235.0,924.9,11.45,15.82,5.05,28.53
11000,50.24,48.75,22.08,0.65,-41.8,157.2,851.2,5.73,18.19,4.6,28.93
11020,28.05,52.79,35.89,5.43,188.3,140.3,841.8,12.51,13.77,4.74,29.12
11040,15.41,58.91,51.04,3.19,44.2,65.7,815.0,12.41,13.2,2.57,29.11
11060,4.94,49.23,69.19,2.66,85.1,33.9,821.6,18.47,11.51,7.27,30.0
11080,0.16,44.19,74.94,0,136.2,-7.0,758.0,22.24,-0.11,-2.33,30.06
11100,2.14,31.37,87.87,4.18,112.4,-18.4,784.5,19.44,-12.92,-0.73,30.52
11120,1.13,15.7,83.73,16.5,77.1,-48.9,844.7,19.81,-8.52,-3.15,30.35
11140,0.2,10.28,81.14,22.62,48.4,-60.4,824.6,15.97,0.27,-4.8,30.6
11160,5.09,2.11,71.62,36.01,8.8,-89.1,896.8,11.83,-13.07,-5.96,30.8
11180,0,4.05,52.35,52.09,28.0,-167.0,883.7,6.21,-16.19,-8.62,30.73
11200,0,0,38.54,65.99,122.9,-102.0,913.7,1.08,-19.07,-6.44,31.31
11220,0,0.61,26.34,66.87,55.6,-164.1,992.9,2.53,-25.07,-3.98,31.1
11240,0,0,14.81,63.32,-94.6,-91.1,1000.4,-5.19,-17.03,-1.35,30.9
11260,2.52,0,7.65,52.02,-100.3,-73.7,987.5,-4.52,-14.08,0.41,31.0
11280,5.85,0,6.59,33.67,-17.6,-107.6,1002.7,-12.48,-12.95,7.34,30.83
11300,0,0,0,19.27,-117.3,-74.4,995.0,-24.06,-8.44,8.91,30.6
11320,1.06,0,0,12.44,-90.1,-142.0,999.5,-19.9,1.47,3.11,30.4
11340,0,0.44,0,3.33,-126.3,-12.1,944.7,-21.41,1.69,-0.58,30.3
11360,4.03,0,0,4.07,-162.3,-47.1,951.7,-18.71,0.79,2.13,29.85
11380,2.76,0,0.51,0,-81.4,-9.5,971.7,-18.17,5.58,-2.42,30.2
11400,4.1,0,1.63,0,-124.7,64.8,1057.3,-22.41,19.39,-3.59,29.2
11420,0,0,3.49,0,-72.3,112.5,993.2,-15.95,19.1,-4.27,29.09
11440,0,0,1.33,1.93,-118.7,-9.2,923.9,-4.97,26.04,-5.37,28.61
11460,0,0.48,0.55,4.65,-43.9,177.0,969.0,-2.73,15.46,-0.41,28.64
11480,78.83,23.73,1.66,2.57,89.6,179.9,1040.7,-0.58,18.12,1.64,28.12
11500,66.49,33.14,12.91,0.01,62.3,192.7,1001.9,6.24,18.02,1.92,28.42
11520,50.42,46.23,19.8,2.2,64.6,85.6,907.4,7.95,15.17,5.7,28.88
11540,32.84,49.67,29.82,0,69.4,61.5,851.3,10.71,21.34,7.0,29.43
11560,7.92,49.16,47.11,2.71,20.7,77.4,849.9,22.93,24.11,10.65,29.44
11580,4.1,50.7,61.02,4.97,153.0,-101.1,835.4,20.21,6.21,4.54,29.54
11600,4.13,38.01,76.11,2.51,128.6,107.0,754.6,23.21,6.89,2.22,30.24
11620,5.76,32.72,79.59,5.69,181.2,-1.1,831.2,25.15,4.72,1.82,30.08
11640,0,21.85,95.28,15.0,46.3,37.0,809.9,21.61,-7.38,0.46,30.41
11660,0,9.82,78.71,27.76,24.5,-47.7,799.2,13.46,-5.19,-4.94,30.31
11680,0,10.64,73.67,34.26,45.9,-73.9,922.5,13.66,-7.15,-4.21,30.62
11700,3.84,9.2,49.32,48.16,42.9,-179.8,909.0,11.28,-22.34,0.63,31.08
11720,0,3.2,42.47,60.27,-13.1,-46.2,885.3,6.22,-20.72,-3.34,31.2
11740,3.06,0,26.29,62.06,-30.3,-134.9,971.2,-4.26,-25.03,2.92,30.78
11760,1.27,0,14.49,60.1,-75.7,-102.6,999.1,1.08,-22.99,3.89,30.92
11780,6.72,2.5,6.25,54.62,-12.4,-198.4,951.2,-13.11,-10.92,3.42,30.63
11800,0,0,5.4,34.41,14.7,-53.2,1032.4,-11.56,-12.64,4.16,31.0
11820,0,0,7.03,22.85,-88.5,-147.5,978.5,-20.33,-12.81,5.58,30.59
11840,3.65,0,0,12.53,-78.4,-70.4,984.8,-16.27,-10.76,2.76,30.37
11860,0,1.95,3.62,0.32,-134.2,-33.9,1024.9,-18.77,-2.55,2.14,29.85
11880,0.44,0,0,3.47,-146.1,55.6,1038.0,-16.88,2.34,-4.59,30.04
11900,0,0,7.75,3.19,-117.7,-19.1,973.2,-24.2,6.52,-2.61,29.49
11920,0,3.69,0,0.48,-125.7,174.5,1020.7,-16.33,16.0,-7.26,29.4
11940,0,0,0,2.13,1.3,146.6,1023.6,-14.23,22.74,-6.76,28.95
11960,0,3.25,3.82,0,-145.3,225.6,967.4,-7.75,9.73,-3.53,28.75
11980,2.26,0.77,0,0,-105.2,142.8,994.1,-4.81,21.16,-2.56,28.54
12000,81.68,22.79,0,0,22.8,249.6,1005.7,-5.63,22.13,-2.0,27.87
12020,67.25,34.2,13.13,0,14.9,85.2,1001.7,7.26,14.73,6.17,28.15
12040,58.81,43.16,15.69,5.77,19.5,117.2,882.0,7.59,17.12,3.55,28.9
12060,28.85,53.63,29.95,3.98,126.3,222.0,844.2,13.72,14.7,7.02,29.08
12080,15.56,58.34,42.35,0,128.6,38.1,824.3,12.46,13.39,7.63,29.33
12100,6.5,52.75,64.12,0,121.2,18.0,851.5,12.68,2.35,4.98,29.89
12120,0,48.95,80.07,0.63,17.4,71.3,825.7,19.03,7.05,1.15,29.97
12140,0,32.53,82.03,6.59,191.6,17.1,797.1,23.28,-5.77,-0.09,30.25
12160,5.64,23.11,91.67,12.98,150.0,-28.9,788.5,19.17,-2.21,0.27,30.29
12180,0,5.72,83.52,26.18,187.4,-72.5,779.7,18.97,-5.52,-3.83,30.76
12200,0,8.6,68.06,41.96,125.7,-138.5,828.8,13.23,-18.01,-8.91,30.57
12220,4.72,1.68,54.8,48.97,-32.8,-89.0,931.4,10.75,-27.71,-3.72,30.65
12240,2.02,2.18,39.32,60.39,103.6,-74.5,938.2,2.17,-19.32,-4.93,31.17
12260,0.24,0.4,26.89,69.17,-71.9,-193.3,954.8,-1.01,-14.13,2.17,30.74
12280,0,1.89,12.46,66.1,-39.8,-189.1,947.4,-5.2,-16.02,2.76,31.49
12300,6.23,1.21,8.08,46.36,4.0,-201.5,945.6,-11.67,-16.09,7.87,31.14
12320,0.63,0.21,6.56,40.37,-52.6,-120.3,1010.2,-13.7,-9.02,1.83,31.17
12340,3.35,0,0.78,27.05,-44.4,-126.2,1058.8,-9.26,-11.39,3.86,30.69
12360,0,3.31,4.28,14.15,-111.7,-34.0,1014.1,-18.88,1.41,5.62,30.61
12380,2.75,1.09,3.18,5.07,-14.6,-64.7,1048.6,-16.47,-3.38,1.57,30.4
12400,1.21,0,0,1.0,-97.3,58.9,945.3,-23.64,2.53,-1.43,29.95
12420,0,0,2.58,0,-96.6,170.5,1000.4,-21.74,9.89,-5.51,29.92
12440,1.29,0,0.39,2.86,-21.9,64.6,1007.1,-15.1,11.91,-3.87,29.41
12460,0.66,0.28,3.45,0,-73.7,125.0,970.6,-10.61,15.74,-2.62,29.17
12480,5.73,0.43,1.56,0,-178.8,194.9,1002.1,-9.66,21.42,-3.85,28.58
12500,0,0,0,1.7,-22.8,142.2,1007.7,-8.07,14.75,-1.26,28.35
12520,5.32,0,0,1.97,-15.6,212.7,1015.7,1.26,16.6,-0.77,28.33
12540,69.79,31.68,13.08,0,-12.4,112.5,902.5,5.52,11.08,0.23,28.31
12560,54.8,39.45,16.0,0,132.2,239.1,917.6,15.09,8.4,3.52,28.66
12580,34.22,57.16,33.11,1.45,87.0,164.1,889.0,7.99,16.22,3.16,29.13
12600,16.51,60.26,42.96,1.32,55.7,88.6,828.9,10.42,5.63,4.16,29.34
12620,6.73,55.63,60.95,0,161.6,147.0,878.4,17.96,12.97,1.43,29.8
12640,7.92,47.92,73.5,0,83.1,23.8,798.6,22.18,0.11,5.28,30.5
12660,3.71,32.63,86.2,6.59,187.0,-0.6,765.6,18.93,-3.32,-1.44,30.31
12680,0,18.28,88.59,12.68,127.5,-50.3,830.9,16.8,-1.23,-1.51,30.23
12700,0.59,17.77,81.22,28.71,171.8,-49.2,824.1,14.34,-2.6,-2.73,30.16
12720,2.45,2.74,72.43,35.39,54.2,-137.0,830.1,5.36,-24.99,-5.44,30.91
12740,3.38,4.76,54.64,45.32,178.4,-73.1,904.8,9.98,-19.11,-3.42,30.71
12760,0,0.01,42.9,62.84,50.1,-223.7,910.0,8.36,-16.71,-4.24,30.98
12780,3.16,0,29.37,71.16,-7.4,-206.8,1033.7,-3.48,-25.66,-0.84,30.93
12800,0,0,19.84,61.89,-29.2,-160.8,1014.6,-7.64,-17.84,-1.67,30.92
12820,0,0,1.8,53.93,-8.1,-103.9,975.4,-12.43,-16.18,5.25,30.94
12840,1.76,0.42,6.14,43.67,-79.1,-66.8,998.1,-14.7,-17.45,7.92,30.65
12860,0,2.59,4.08,20.83,-31.6,-70.2,963.6,-23.48,-14.52,4.17,30.65
12880,1.73,0,0,17.11,-25.5,-27.3,999.6,-15.99,-6.17,5.74,30.67
12900,0,3.81,0.14,6.19,15.8,-72.0,981.5,-15.34,-3.75,0.33,30.28
12920,0,0,1.35,3.9,-60.5,-45.4,971.0,-20.83,3.46,-1.22,30.01
12940,0,4.79,0,0,-164.9,61.3,1041.1,-24.56,3.19,-3.05,29.9
12960,0,0,2.81,0,-120.8,89.0,1051.5,-20.12,8.03,-6.67,29.26
12980,0,0,0,0,-146.6,158.6,1031.4,-12.92,11.28,-6.92,29.02
13000,0,2.17,2.74,0,-19.7,91.4,1039.4,-13.08,22.13,-5.91,28.75
13020,0,1.59,0,0,41.1,135.6,1009.3,-7.81,10.21,-2.94,28.47
13040,1.79,0,0,0,-50.0,103.5,987.5,0.94,17.01,-3.58,28.18
13060,75.04,31.27,15.0,0.17,32.2,195.3,950.9,4.82,12.85,-0.45,28.42
13080,53.54,43.01,20.76,0,33.8,156.4,887.8,12.77,22.76,4.43,28.69
13100,34.69,54.72,33.64,0,64.3,43.9,926.2,9.1,14.66,2.94,28.95
13120,14.22,59.31,43.51,1.15,127.5,79.5,854.2,15.83,12.5,1.2,29.27
13140,7.5,55.68,52.77,2.02,78.4,37.8,816.1,16.84,4.01,4.51,29.93
13160,0,47.83,78.76,2.82,53.6,-13.9,749.4,18.82,10.52,5.88,30.0
13180,0,32.19,80.94,5.88,90.5,123.4,738.2,19.19,1.82,-0.3,30.09
13200,0,17.43,85.59,16.72,106.6,10.1,767.8,15.69,-19.04,-3.83,30.3
13220,2.05,14.78,82.93,23.67,33.5,-35.4,837.1,18.5,-12.55,-2.66,30.95
13240,0.75,4.47,70.69,32.99,123.5,-149.7,842.5,22.62,-17.26,-5.79,30.78
13260,0,1.99,58.06,50.08,75.3,-163.6,902.3,13.03,-15.64,-3.27,30.84
13280,3.6,1.04,38.48,58.38,-49.1,-117.0,942.7,3.48,-23.29,-1.99,31.3
13300,0,3.55,30.78,64.91,57.9,-156.2,1025.3,2.25,-20.19,0.93,31.02
13320,0,0.42,17.33,62.73,8.8,-61.3,980.8,-1.25,-12.78,5.9,30.93
13340,0,0,6.96,56.35,-97.0,-157.0,986.3,-5.0,-7.93,1.48,30.96
13360,2.46,0.68,7.99,44.29,-67.3,-146.4,1021.0,-14.83,-12.58,3.32,30.65
13380,2.99,0,0,26.49,-78.9,-134.0,1012.0,-10.95,-11.28,5.27,30.48
13400,0,0.78,0,11.13,-107.1,-56.8,1060.9,-20.97,-4.84,3.19,30.36
13420,0,3.83,0,5.53,-206.4,-19.5,982.2,-23.24,-6.65,2.21,30.16
13440,0,1.28,0,6.72,-128.2,-24.0,1052.4,-16.47,-2.08,-1.23,29.51
13460,0,0,0,0,-185.1,165.2,1042.9,-20.81,11.28,-5.26,29.91
13480,2.28,3.71,3.09,0,-135.9,73.5,1021.4,-18.23,13.92,-3.32,29.94
13500,3.22,0,1.92,0.72,-69.2,129.2,949.3,-11.66,9.53,-7.98,28.97
13520,1.11,4.38,3.18,3.7,-63.4,213.5,1066.7,-8.89,17.24,-2.51,29.16
13540,0,0,3.76,5.85,-18.3,63.3,1008.7,-9.19,24.76,1.66,28.52
13560,1.78,0,2.13,1.67,94.0,102.8,978.1,0.91,18.62,-0.4,28.03
13580,75.74,30.23,10.76,0,-4.6,156.7,941.1,2.35,18.18,5.67,28.51
13600,56.03,45.14,17.7,0,97.2,119.7,927.2,8.77,14.67,2.16,28.27
13620,35.97,56.52,30.56,2.05,100.1,75.2,874.8,13.57,13.01,1.65,28.76
13640,20.98,58.44,37.74,4.75,115.5,112.4,790.9,16.89,13.67,4.99,29.48
13660,11.35,56.12,58.25,2.21,67.7,9.9,842.9,18.08,7.96,2.52,29.5
13680,0,51.61,67.36,5.25,110.0,-17.3,774.3,15.73,3.6,4.9,30.04
13700,0,29.74,83.09,7.9,144.7,-31.2,811.5,21.03,1.17,0.53,29.9
13720,0,21.42,83.91,8.89,147.4,-70.6,815.5,19.05,-8.95,-3.99,30.16
13740,0,13.57,85.57,23.62,157.3,-48.7,820.0,15.07,-20.61,-7.45,30.53
13760,0.48,6.13,75.56,34.03,4.0,-194.1,903.9,15.71,-8.16,-4.4,30.93
13780,0,7.82,59.5,47.96,70.9,-106.8,924.7,11.21,-20.76,-6.13,31.13
13800,0,5.09,40.95,59.62,3.3,-136.3,923.4,3.98,-17.27,-3.16,30.69
13820,0,0,30.75,63.39,-34.3,-144.8,963.2,0.58,-18.11,-0.03,31.11
13840,0.53,0,16.49,64.83,-75.1,-82.2,997.5,-4.11,-27.26,2.1,31.09
13860,0,0,10.32,54.05,27.0,-187.2,960.7,-12.14,-16.61,3.65,30.89
13880,0.07,0,8.98,41.8,78.8,-111.5,989.3,-14.82,-7.3,4.02,30.6
13900,0.89,0,2.31,27.32,-68.7,-47.2,1043.8,-16.4,-6.38,3.7,30.7
13920,0.91,4.85,0.07,11.99,-114.1,10.6,973.6,-14.84,-3.82,2.1,30.39
13940,0.24,1.04,0,11.35,-108.6,-114.2,1020.5,-19.63,-7.07,-1.55,30.16
13960,0,6.04,0,7.49,-123.3,23.0,1022.1,-21.3,-6.02,1.13,30.25
13980,6.22,0.78,0,2.89,-25.9,83.2,990.1,-20.14,8.95,-1.93,30.18
14000,2.04,0,2.49,1.84,-106.3,28.1,1041.4,-21.4,13.09,0.48,29.3
14020,3.25,0,0,0,-80.1,136.4,1008.5,-12.61,11.57,-5.19,29.28
14040,0.56,2.65,0,1.27,-3.8,168.5,1040.9,-12.33,18.56,-3.45,28.88
14060,0,5.87,0,0,-45.5,33.1,1020.1,-3.56,18.19,-3.33,28.37
14080,6.38,0,0,0,-9.7,62.2,1008.0,-1.55,21.76,-3.12,28.39
14100,69.69,33.28,11.35,0,56.3,128.8,1014.3,1.67,22.81,3.33,28.26
14120,60.49,38.86,17.21,0.24,64.0,114.2,890.2,11.99,8.34,4.02,28.74
14140,38.5,52.29,23.66,3.78,70.9,189.1,930.6,11.99,21.35,6.96,29.02
14160,18.4,61.49,44.49,2.38,52.2,118.2,907.8,16.16,8.96,3.19,29.35
14180,7.44,59.59,56.03,0.71,104.1,88.9,798.7,15.94,7.66,2.45,29.56
14200,0,51.59,70.62,3.33,56.8,17.1,810.7,21.3,9.69,3.95,29.87
14220,0,40.64,78.32,0.66,184.2,-53.1,869.6,19.74,-2.84,0.12,30.32
14240,0,23.76,91.75,4.02,77.9,-2.1,813.0,22.4,1.47,-3.52,30.55
14260,0.08,14.46,90.07,22.14,125.3,-78.1,867.1,17.78,-7.19,-7.15,30.36
14280,0,3.23,72.77,33.82,20.8,-193.4,827.0,13.47,-18.52,-5.76,30.94
14300,2.31,0,62.08,47.8,69.9,-120.4,896.4,9.49,-11.86,-4.11,30.7
14320,5.07,1.71,50.25,59.65,33.8,-128.5,895.5,1.01,-21.06,-2.3,30.9
14340,0,1.91,27.89,69.53,51.5,-179.6,977.9,1.12,-15.01,-3.73,31.18
14360,0,2.26,21.32,67.49,-62.5,-177.5,995.2,-5.12,-17.12,0.99,30.89
14380,1.3,0,9.03,57.78,-98.8,-93.5,999.1,-8.08,-16.02,1.29,31.37
14400,2.33,0,10.28,42.29,-88.2,-3.5,1008.2,-12.78,-13.89,4.14,30.94
14420,2.72,1.0,0.52,31.23,-168.5,-144.3,938.6,-14.42,-11.85,5.24,30.69
14440,3.72,0,0,18.72,-107.8,-48.4,958.0,-20.92,-4.23,5.02,30.53
14460,0,0,1.88,10.82,-91.4,10.0,1002.1,-21.17,-1.6,4.29,30.31
14480,0.98,0,0,1.85,-133.6,27.4,998.5,-15.2,9.81,-2.57,30.13
14500,0.52,2.43,0,0,-164.5,67.6,972.6,-12.83,6.49,-0.5,29.86
14520,1.79,0,1.42,5.46,-156.1,63.3,965.4,-19.99,6.3,-3.28,29.78
14540,1.56,0,2.12,1.5,-124.3,134.7,1028.0,-16.78,11.83,-5.34,29.52
14560,3.37,3.02,3.55,0,-78.2,189.0,999.0,-14.99,19.27,0.75,28.94
14580,1.07,0,4.57,0.5,-133.8,98.9,1009.0,-6.71,19.6,-2.59,28.26
14600,0,0.69,0.72,0.82,-1.5,176.7,1010.4,-1.76,13.85,0.26,28.46
14620,72.63,22.53,9.14,0,11.5,220.6,983.0,3.51,15.1,-1.12,28.27
14640,62.69,39.79,14.83,2.0,113.4,172.6,917.1,13.1,4.24,2.73,28.23
14660,34.11,50.94,24.12,1.71,69.2,110.8,900.6,9.25,6.23,4.7,28.85
14680,17.79,54.25,35.85,2.06,144.7,61.6,838.6,17.25,12.33,6.86,29.35
14700,9.71,57.01,53.03,1.18,48.2,51.2,812.1,14.94,4.99,0.91,29.65
14720,0,48.02,71.2,1.15,204.3,-17.1,808.0,23.12,-8.78,2.24,29.6
14740,1.05,37.8,78.04,2.75,61.1,97.8,780.4,17.25,3.06,-1.15,30.12
14760,0,22.08,87.05,10.73,62.8,-18.9,839.7,20.42,-8.04,-1.93,30.27
14780,2.83,14.55,82.47,15.61,97.5,-98.9,853.8,18.67,-16.11,-4.75,30.54
14800,0,7.51,77.27,31.77,39.0,-77.9,852.7,11.08,-21.64,-6.08,31.01
14820,0,3.49,66.23,47.41,46.4,-170.9,849.9,14.76,-18.07,-5.89,31.12
14840,0,0,43.46,58.35,78.6,-175.1,883.8,3.78,-16.16,-0.59,30.5
14860,0,4.89,34.38,68.72,76.8,-156.1,945.3,0.41,-21.58,-6.25,31.09
14880,1.3,1.9,15.64,71.54,-71.2,-76.1,930.8,-1.38,-19.34,0.53,30.45
14900,0,1.29,13.42,63.04,-56.6,-202.1,1047.6,-9.88,-16.96,4.71,30.67
14920,4.36,0,5.9,41.8,-63.3,-81.7,1042.3,-16.54,-19.13,1.55,30.67
14940,2.98,0,0.3,31.35,-30.6,-6.7,1008.0,-11.2,-15.03,5.01,30.96
14960,5.44,0,4.83,14.36,-44.0,-47.3,1030.6,-20.63,-6.2,2.22,30.79
14980,0,0,0,9.85,-50.4,-97.8,973.1,-14.47,-6.73,3.41,30.28
15000,4.97,1.24,0,5.33,-69.1,95.3,985.1,-24.59,-2.41,0.49,30.21
15020,6.49,0.18,3.75,1.83,-80.4,-9.1,1000.0,-19.69,-5.7,-4.18,30.01
15040,0,0.55,1.86,0,-112.1,27.5,1010.2,-18.04,-0.39,-10.41,29.81
15060,1.81,0,0.42,4.92,-100.4,94.9,994.0,-15.12,7.93,-6.53,29.08
15080,0,0.94,6.14,0,-69.3,107.7,998.4,-11.78,17.66,-7.93,28.91
15100,2.14,0,0,0,79.7,115.6,991.7,-7.93,21.48,-5.12,28.85
15120,0,0,0,5.82,-71.6,150.7,964.5,-10.55,26.97,-0.69,27.95
15140,79.97,25.09,13.66,0,28.2,173.0,977.2,-1.75,18.97,2.56,28.22
15160,63.85,42.59,18.46,0,1.0,40.2,918.4,6.09,23.31,3.82,28.35
15180,48.91,49.49,19.69,7.25,59.6,110.0,865.4,12.82,21.31,6.63,28.51
15200,19.66,55.96,34.01,0,58.7,96.2,850.6,13.2,4.91,8.66,29.24
15220,7.93,50.96,52.97,0.18,96.0,110.9,816.5,14.38,6.21,5.67,29.49
15240,4.21,48.49,67.66,3.39,158.6,38.1,807.3,18.26,7.18,3.05,29.96
15260,0,38.6,76.42,5.78,-3.0,47.3,771.6,16.26,4.31,-1.46,29.85
15280,0,23.63,88.52,10.87,78.9,-82.1,830.6,20.74,-1.76,-0.51,30.14
15300,1.91,13.01,88.76,21.5,131.8,-120.4,822.4,8.57,-3.09,-2.73,30.76
15320,3.41,13.13,75.98,26.3,178.3,-97.5,852.9,12.12,-27.18,-2.61,30.41
15340,0,4.57,58.74,40.05,13.5,-90.6,921.9,12.24,-9.86,-5.07,31.27
15360,0,0.51,49.24,56.83,48.2,-122.8,893.4,11.65,-12.26,-4.11,30.97
15380,5.04,0,34.49,66.93,-80.0,-112.5,958.1,3.18,-21.69,-0.53,31.08
15400,0.91,1.05,17.15,65.85,-98.6,-165.4,995.4,-1.29,-23.2,-0.5,30.82
15420,0,0,13.18,62.34,32.9,-146.8,979.5,-0.05,-19.2,7.76,31.11
15440,0,3.25,2.88,47.3,-4.6,-135.4,1016.8,-4.92,-13.79,5.18,30.61
15460,5.07,0,3.6,33.99,-92.7,-181.5,978.2,-19.51,-8.31,3.8,30.82
15480,0,2.83,0,15.7,-44.8,-158.8,1000.3,-18.7,0.67,3.72,30.6
15500,3.24,0,1.08,10.24,-138.5,-118.7,1000.6,-14.26,-6.56,-0.35,30.83
15520,0,0.14,0,7.29,-66.7,3.0,985.3,-19.07,-4.54,-0.83,29.82
15540,0.74,0,0.78,0.12,-70.1,99.0,1000.1,-17.64,12.16,2.27,29.45
15560,0.34,0,1.36,0,-153.2,84.0,1032.8,-18.9,7.88,-4.79,29.49
15580,1.21,3.42,0,0,-47.9,144.6,1006.2,-9.91,17.58,-6.49,29.4
15600,0,8.29,0,0,-90.6,38.9,988.4,-10.55,15.45,-9.45,28.55
15620,0.76,0.75,0,0,44.0,97.1,1025.7,-2.83,18.49,-2.49,28.8
15640,0,6.24,0,0,-29.6,114.7,1025.1,-0.79,22.29,0.19,28.21
15660,75.28,24.23,4.65,0,-59.5,82.6,983.2,2.48,35.72,1.9,27.76
15680,60.42,40.18,14.69,0,83.2,134.6,917.7,11.27,18.17,2.15,28.4
15700,44.9,51.02,22.61,0,35.3,145.5,899.1,6.42,13.01,7.25,29.02
15720,22.77,56.22,38.01,3.7,99.6,96.6,866.8,17.05,8.88,3.63,29.0
15740,8.51,56.3,50.32,6.66,80.4,102.6,820.7,13.21,13.88,2.14,29.73
15760,5.88,52.5,71.75,0,65.0,6.8,836.2,19.48,2.26,3.35,29.47
15780,5.72,42.47,74.56,4.46,151.0,-25.9,810.0,25.31,-1.83,0.84,29.99
15800,0,21.54,84.69,17.57,32.1,-79.4,776.6,17.27,-2.75,-2.3,30.62
15820,2.52,17.86,84.53,16.81,82.5,-100.6,801.6,19.94,-17.04,-5.18,30.36
15840,0,5.53,79.02,23.73,105.6,-92.1,795.5,21.07,-17.35,-5.33,30.49
15860,0.47,0,65.93,43.31,44.4,-84.8,851.4,19.26,-9.38,-4.58,30.99
15880,2.69,0,48.79,58.2,2.2,-112.4,955.3,13.36,-11.6,-1.2,30.61
15900,3.1,1.73,34.72,63.92,-21.2,-185.7,931.2,3.25,-19.31,3.02,31.26
15920,0.02,0,29.79,66.06,58.3,-170.4,990.7,-3.02,-25.05,-0.98,30.9
15940,0,0,8.73,60.9,4.7,-198.7,1034.3,-4.58,-22.98,4.18,31.03
15960,2.26,0,0,48.42,-54.5,-126.8,1004.5,-8.99,-24.58,5.13,31.05
15980,0,0,3.1,33.0,-38.0,-116.4,960.5,-13.17,-15.45,5.62,30.66
16000,0,5.7,7.11,21.97,-104.8,-61.5,1044.1,-17.74,-0.94,2.53,30.44
16020,0.52,5.0,3.33,13.1,-53.2,-80.5,1009.9,-18.02,-13.72,4.39,30.34
16040,0,0,2.56,0,-150.3,5.3,991.7,-17.83,0.69,1.08,30.39
16059,0,2.41,1.42,0,-66.9,66.2,998.9,-22.28,11.76,-4.91,30.22
16079,0,1.96,0,1.35,-34.0,93.3,1007.4,-19.54,2.68,-2.5,29.44
16100,0,0,0,1.17,7.6,49.3,993.9,-13.6,12.43,-7.77,29.46
16120,0,1.49,0,2.96,-86.4,199.5,1022.7,-11.46,7.87,-4.15,28.79
16140,2.43,0.28,0,0.07,-23.1,65.1,956.6,-8.96,13.25,-4.37,28.4
16160,0,0.38,0,0,110.8,221.9,952.5,2.97,23.53,-3.88,28.28
16180,74.98,27.19,8.58,0,48.0,115.5,983.2,-1.54,11.9,-0.28,28.05
16200,61.14,36.55,11.82,1.42,18.5,79.4,937.8,8.15,20.92,4.18,28.61
16219,43.66,48.74,21.87,3.7,15.2,112.2,876.5,8.47,8.11,7.13,28.71
16239,30.3,57.11,34.64,3.6,105.6,148.1,887.4,13.3,9.49,6.01,29.2
16260,8.74,57.78,52.13,1.58,104.1,117.1,881.0,14.26,13.67,5.8,29.28
16280,0,46.29,63.4,0,134.3,212.9,852.4,19.28,7.42,1.96,30.01
16300,0.37,37.44,83.31,3.91,49.6,14.1,782.2,16.04,3.53,5.34,30.33
16320,0,27.33,83.14,6.98,171.0,-66.8,821.5,20.79,-7.75,0.01,30.28
16340,0,22.48,89.88,19.85,98.6,-25.8,845.5,22.38,-5.93,-3.83,30.38
16360,1.44,6.63,78.32,29.06,17.2,-64.3,852.6,17.0,-8.25,-2.68,30.99
16379,0,3.21,68.55,37.78,114.6,-137.2,867.5,8.31,-9.09,-6.32,30.76
16400,0,5.3,48.9,54.32,51.5,-59.8,902.6,10.83,-11.07,-2.12,30.72
16420,6.07,0,39.74,62.91,-28.2,-75.6,929.6,6.42,-22.29,-1.84,31.09
16440,5.8,0,23.62,69.95,49.0,-146.5,936.4,-7.91,-10.77,0.2,30.93
16460,1.4,0,12.6,59.49,-111.6,-151.8,1008.0,-5.76,-21.31,1.05,30.95
16480,0.63,6.87,0.87,45.17,-66.0,-97.4,994.2,-8.08,-19.89,7.72,30.61
16500,1.96,0,1.88,37.16,-5.8,-129.3,957.0,-11.42,-11.85,3.03,30.77
16520,0.26,3.77,1.59,21.36,-120.2,-114.6,980.9,-13.18,-10.62,7.96,30.73
16540,3.33,5.66,0.9,11.59,-37.5,-33.2,965.5,-20.47,-11.78,1.73,30.38
16560,0,2.14,0,2.81,-89.4,11.5,1033.0,-16.0,-2.69,-1.53,30.45
16580,3.15,1.99,2.44,5.1,-143.0,122.5,1031.5,-20.79,14.57,-0.83,30.29
16600,0,0,0,0,-45.6,128.6,1046.0,-20.41,15.54,-4.76,29.22
16620,0,0.02,1.95,0,-93.1,60.3,979.9,-13.12,11.54,-3.56,29.58
16640,0,0,0,0,-113.5,162.1,1003.1,-17.2,8.97,-10.48,28.92
16660,3.39,0,0,0,-74.8,193.3,967.8,-7.01,16.18,-2.11,28.56
16680,0,2.98,0,0,-29.2,86.5,1069.0,-1.7,25.5,-1.54,27.95
16700,79.48,26.01,5.44,0.65,8.6,147.7,998.6,1.54,18.29,-1.52,28.31
16720,68.0,33.16,14.62,0,-34.5,108.0,932.8,3.51,13.86,4.63,28.53
16740,49.91,45.25,19.94,2.26,58.7,109.9,891.1,8.62,23.59,1.78,28.62
16760,27.05,48.33,36.73,0.46,95.4,131.4,884.4,10.59,20.45,5.19,29.01
16780,12.25,58.41,46.94,0,43.8,65.9,810.2,17.74,22.95,2.0,29.49
16800,3.64,53.98,64.58,1.67,136.4,70.3,772.6,25.86,-2.94,3.49,29.84
16820,5.68,37.65,74.27,0,92.7,73.2,829.2,15.76,7.15,2.62,30.41
16840,0.1,25.39,80.8,9.64,126.8,23.0,800.6,24.81,-3.84,1.35,30.17
16860,0.32,18.04,83.14,17.86,59.2,9.7,780.2,20.26,-15.33,-6.71,30.52
16880,0,8.58,79.38,23.81,44.6,-140.5,814.7,18.83,-11.82,-2.84,30.91
16900,0,7.85,69.72,40.13,120.7,-101.1,894.7,9.65,-13.4,-3.96,30.72
16920,0.79,0,53.84,55.89,76.1,-103.4,924.8,7.93,-12.44,-2.34,31.07
16940,0,0.56,41.86,62.07,99.6,-99.5,966.0,7.04,-10.72,0.52,31.18
16960,0,3.05,21.54,71.67,-42.8,-195.3,986.5,-0.12,-20.48,-1.19,31.19
16980,0,2.94,10.99,56.96,-36.7,-161.8,990.2,-1.3,-14.7,4.06,31.01
17000,0.3,2.92,7.81,46.35,-49.8,-165.0,1028.0,-5.9,-17.5,5.56,30.65
17020,2.78,0,2.3,35.49,-71.5,-104.9,980.0,-13.59,-19.4,3.35,30.57
17040,2.9,0,0,24.38,-110.0,-69.6,989.4,-15.61,-5.65,2.41,30.86
17060,3.16,0.25,0,9.72,-59.2,17.6,1017.6,-22.53,-6.65,2.43,30.09
17080,0,0,4.82,5.46,-45.1,69.6,990.6,-16.11,-4.36,0.13,29.87
17100,2.87,3.64,0,1.21,-109.5,40.6,978.3,-19.75,1.66,0.63,29.76
17120,0,0,1.03,2.35,-35.7,13.4,976.8,-16.63,12.02,-6.52,29.98
17140,0,3.54,2.52,0,-76.3,16.5,964.8,-18.06,0.66,-5.42,29.15
17160,0,0,0,0,21.2,111.5,991.0,-13.47,16.71,-1.37,28.86
17180,3.41,0.53,5.67,0,-99.7,158.7,1004.3,-9.31,10.16,-1.24,28.53
17200,0,2.25,0,0,24.4,139.9,1028.7,-5.3,17.39,-5.16,28.35
17220,79.41,20.98,10.22,0,58.6,146.4,997.5,1.94,26.85,0.64,27.88
17240,69.07,34.24,13.8,0.25,15.0,74.7,942.0,7.07,18.34,-0.25,28.58
17260,49.39,47.2,14.37,0,97.5,74.7,919.6,10.18,12.61,7.43,28.53
17280,30.99,56.31,33.76,0,147.0,105.8,926.7,12.18,16.92,3.62,29.26
17300,13.85,59.85,48.68,0,106.5,117.8,865.1,15.33,18.1,4.32,29.33
17320,4.73,49.07,62.79,2.52,134.4,45.4,839.3,16.07,11.42,-1.35,29.79
17340,4.66,45.85,76.03,6.76,87.6,-87.7,809.7,18.96,8.08,-0.2,30.11
17360,1.72,25.63,81.06,11.15,78.8,8.5,767.1,13.11,2.36,-0.7,30.13
17380,1.28,16.96,88.36,11.66,86.9,-74.1,869.0,20.58,-8.48,-1.42,30.47
17400,0,3.49,76.34,22.81,61.4,-113.8,875.3,17.98,-4.65,-6.93,30.79
17420,0,4.15,70.89,43.56,10.4,-116.3,844.1,6.9,-18.55,-2.89,30.69
17440,0,3.49,56.41,57.99,52.0,-124.9,917.2,5.9,-13.56,-3.92,31.09
17460,7.15,5.08,35.96,67.44,54.8,-181.8,929.1,1.65,-8.23,-2.1,31.11
17480,0.75,0.77,21.18,67.72,-36.9,-78.8,994.6,-3.15,-16.33,3.49,31.09
17500,0,0.4,10.88,62.3,-33.9,-229.2,995.6,-2.51,-16.49,3.93,31.07
17520,0,2.87,13.19,49.03,-17.8,-141.2,989.4,-5.04,-25.56,0.99,30.43
17540,0,0,3.8,36.42,-111.2,-86.6,973.2,-14.91,-5.7,3.0,30.73
17560,2.26,0.37,0,22.33,-119.3,-92.3,983.7,-22.55,-14.02,4.33,30.32
17580,0,3.8,0.53,12.96,-74.9,-20.4,1043.0,-19.76,-15.88,-0.79,30.6
17600,0.98,0,1.5,7.72,-150.6,-66.3,975.9,-16.26,-4.23,0.6,30.2
17620,3.78,0,0,3.56,-106.4,62.8,1014.9,-16.27,13.87,-1.11,29.94
17640,5.05,0,2.44,0,-48.8,91.6,995.5,-19.06,3.19,-6.94,29.78
17660,0,0,2.25,8.42,-134.4,160.6,1013.3,-8.79,10.72,-1.91,29.46
17680,0.62,2.69,0,3.58,-79.0,89.4,969.7,-14.06,16.61,-4.35,28.96
17700,0,0,0,2.3,59.8,205.1,1020.7,-8.89,15.17,-1.47,28.69
17720,0,0,0,2.3,-65.1,114.8,1059.4,-0.41,25.43,-0.36,28.15
17740,76.37,19.08,4.22,1.3,55.5,247.7,1010.7,1.14,26.69,0.14,28.03
17760,75.02,33.86,12.11,0.6,23.0,184.0,935.8,10.77,13.29,-2.11,28.4
17780,48.11,41.81,19.03,6.14,123.6,187.7,918.1,10.02,22.85,3.65,28.59
17800,28.31,53.35,31.34,0,41.8,72.7,841.4,12.88,18.66,4.77,29.31
17820,13.43,58.25,45.17,0,63.8,28.1,932.8,11.31,17.05,7.98,29.29
17840,2.68,55.6,63.78,5.25,152.4,-14.5,808.2,13.3,3.32,5.2,29.64
17860,8.44,38.46,77.9,2.86,160.2,35.2,797.3,21.37,1.62,5.26,30.04
17880,0,33.38,85.6,9.1,56.0,30.2,802.0,19.89,1.89,0.84,30.2
17900,0,15.87,83.96,13.13,63.8,-40.5,814.4,20.9,-7.01,-3.23,30.5
17920,0,12.49,82.63,23.87,84.2,-18.6,825.0,13.49,-10.46,-4.54,30.61
17940,0,9.58,65.96,35.89,134.6,-101.3,868.5,13.15,-11.53,-1.08,30.94
17960,0,0,49.48,55.5,-14.7,-134.7,899.7,6.91,-15.18,-6.91,30.84
17980,0,6.75,36.8,60.98,-45.9,-207.2,967.6,5.71,-7.11,-2.79,30.55
18000,1.12,1.87,24.74,63.73,25.4,-167.1,999.1,5.46,-14.38,-0.28,30.94
18020,0,3.3,11.73,61.8,1.0,-166.7,942.6,-2.77,-20.49,5.65,30.79
18040,0,0,5.21,47.2,-99.6,-117.8,990.1,-7.4,-11.21,6.1,30.71
18060,4.52,2.74,0,35.84,-97.8,-105.5,984.3,-15.25,-14.29,3.27,30.84
18080,0,0.81,3.96,24.96,-53.7,-64.7,993.0,-14.02,-10.84,4.24,30.61
18100,0,2.36,0,14.51,-30.8,9.9,995.0,-18.63,-3.19,4.22,30.53
18120,0,0,0,0,-116.2,-38.4,972.3,-19.46,-1.13,0.9,30.72
18140,0,5.18,1.31,0,-80.8,-59.7,1029.2,-23.09,-7.26,-0.52,30.0
18160,0.37,2.51,0,3.83,-10.5,33.9,1044.9,-19.95,10.99,-1.32,29.6
18180,2.36,0,1.22,0,-121.9,137.6,1035.6,-18.37,21.3,-6.38,29.58
18200,0,0,2.21,5.01,-30.8,146.6,1000.5,-11.25,9.73,-3.08,29.2
18220,0,1.68,0,0,-114.8,124.5,989.8,-10.56,22.6,-5.77,28.83
18240,3.55,0.85,0,4.24,-68.3,90.3,1029.3,-9.27,23.07,-1.1,28.33
18260,0.53,0,1.54,0,-86.7,139.5,1047.1,-4.38,18.11,-0.3,28.22
18280,67.38,24.34,18.42,1.72,8.7,180.2,919.8,-1.03,15.68,1.92,28.21
18300,57.66,43.6,14.03,0,116.4,152.8,941.1,10.94,15.14,4.66,28.62
18320,32.59,53.21,28.03,0,53.0,84.5,849.7,10.65,14.87,5.5,29.03
18340,12.3,58.72,49.49,0.18,89.8,74.9,824.7,16.18,10.77,1.51,28.91
18360,8.32,55.8,59.68,0,118.0,40.6,848.5,19.11,14.36,2.98,29.55
18380,0,44.83,75.32,3.39,188.2,37.0,763.6,22.99,4.77,4.4,30.03
18400,0,31.69,86.61,9.57,64.3,26.2,786.9,20.31,1.09,-1.2,29.99
18420,2.0,20.11,83.55,11.73,145.9,-16.9,784.7,17.96,-6.37,-2.98,30.35
18440,0,12.36,83.09,22.13,-35.3,-76.5,846.9,18.08,-21.14,-7.74,30.9
18460,6.51,1.65,63.31,44.32,82.9,-223.2,911.9,15.28,-6.64,-5.06,30.83
18480,1.52,3.31,53.34,50.99,125.2,-142.6,961.8,5.44,-19.67,-3.08,30.83
18500,1.38,0,39.57,64.05,90.1,-174.6,945.0,7.22,-24.97,-3.1,30.87
18520,0,2.17,27.19,67.46,9.0,-140.0,1007.3,4.59,-24.76,3.83,30.91
18540,0,0,15.35,62.89,-35.4,-184.1,1027.7,-3.94,-19.98,-1.49,31.07
18560,3.61,0.42,6.3,52.51,-132.0,-79.1,979.6,-8.26,-16.47,5.5,30.84
18580,0,0.61,5.55,36.87,4.0,-194.5,1041.0,-14.7,-11.44,6.85,30.88
18600,0,0,0.22,26.77,-50.1,-117.6,957.0,-18.97,-18.5,7.01,30.59
18620,0,6.6,1.25,16.31,-53.5,-42.5,928.4,-17.11,-13.82,3.03,30.4
18640,0.21,0,0,7.68,-66.4,9.2,988.6,-9.24,-10.08,2.71,30.49
18660,0,0,0,3.77,-155.9,-7.3,1048.4,-19.56,-1.66,0.09,29.95
18680,0,2.51,0.24,0,83.8,56.2,1068.5,-20.72,6.98,-2.38,29.98
18700,0,2.17,0.8,0.6,-1.6,18.1,1015.1,-20.03,13.75,-5.47,29.51
18720,1.72,0,0,0,-62.3,83.5,1001.0,-13.46,13.22,-2.64,29.12
18740,0.01,0.95,0,3.26,-68.1,28.5,1003.1,-8.85,21.75,-5.35,29.1
18760,2.87,1.7,0,0,-63.3,41.5,1013.1,-0.56,17.74,-5.5,28.04
18780,0,0.12,1.83,0,4.1,259.5,1020.0,-1.68,17.5,-1.14,28.35
18800,74.28,33.69,8.84,0,2.4,94.6,1002.1,3.76,25.53,3.02,28.08
18820,48.49,41.87,14.28,0,53.7,77.4,887.7,7.97,18.92,-0.57,28.61
18840,29.18,56.75,32.55,0,91.5,144.9,853.4,11.85,3.23,3.92,29.03
18860,11.27,58.89,37.61,2.27,79.8,282.2,839.8,14.96,9.23,7.5,28.93
18880,6.74,50.97,57.36,0,52.8,87.6,798.5,20.49,4.28,5.08,29.39
18900,0.67,45.97,73.82,8.42,74.1,76.7,821.0,23.53,-5.06,2.63,29.8
18920,0,38.63,84.0,6.91,251.6,24.0,790.1,19.84,-1.17,0.47,30.37
18940,0,26.17,88.81,6.02,61.8,-65.9,820.5,17.0,-6.9,-1.84,30.25
18960,0,11.3,83.6,18.13,63.8,-83.3,835.7,23.9,-18.93,-4.32,30.62
18980,2.85,5.48,77.03,34.69,62.9,-78.6,847.3,12.0,-10.67,-5.6,30.95
19000,1.7,0.05,59.07,49.96,131.8,-54.7,929.7,10.78,-14.72,-4.14,30.71
19020,0,1.99,39.76,58.46,47.1,-103.6,954.9,11.97,-18.31,-1.09,30.83
19040,0,2.07,24.85,69.69,-73.3,-178.9,968.1,0.14,-27.79,-1.48,31.03
19060,0,0,14.79,65.17,52.0,-164.7,997.8,-1.78,-20.61,2.96,31.1
19080,1.32,1.31,8.92,58.25,2.1,-120.0,973.6,-8.23,-14.5,0.73,30.85
19100,0.41,0,0.88,38.38,-138.1,-105.2,1024.3,-14.6,-10.72,2.42,30.89
19120,0,1.76,6.03,25.35,-81.6,-65.3,1040.3,-12.73,-19.82,6.45,30.64
19140,1.84,0,0,17.54,-114.9,-11.9,1030.8,-18.8,-6.42,1.98,30.57
19160,1.57,0,2.33,7.37,-126.4,-89.7,1009.1,-21.72,1.17,3.26,30.57
19180,0.6,0.31,0,2.72,-125.6,-29.7,995.5,-21.47,4.66,-2.74,29.95
19200,0,2.09,4.29,1.63,-21.2,83.0,1001.5,-18.88,3.93,-2.11,29.49
19220,0,0,2.38,0.65,-34.5,46.7,1034.8,-18.19,15.11,-3.06,29.63
19240,0.05,4.26,0,0.75,4.4,48.2,1051.1,-17.37,17.09,-6.66,29.24
19260,1.27,3.28,1.0,0,-10.8,57.0,975.7,-5.33,23.87,-2.09,28.63
19280,2.48,1.5,0,0,-56.2,157.8,982.0,-4.04,17.92,-5.8,28.56
19300,0,0,3.82,0.7,-34.2,100.3,1034.4,-2.34,11.08,-3.64,28.0
19320,79.82,29.52,12.6,0,7.2,118.6,994.2,2.24,16.21,1.64,28.25
19340,60.77,46.24,19.16,0.39,107.3,76.6,928.9,12.1,17.98,0.95,28.5
19360,34.89,52.22,29.45,0,66.1,129.6,926.5,9.99,15.87,4.44,28.7
19380,18.69,58.35,33.43,0,20.5,181.3,880.5,17.99,3.6,7.68,29.04
19400,7.62,55.24,55.74,0,8.1,15.1,847.4,21.67,0.56,3.36,29.68
19420,3.96,47.25,76.46,0,-4.3,76.2,805.2,26.27,3.27,3.43,30.06
19440,0,37.33,83.29,6.38,111.2,116.4,837.8,20.35,1.71,0.38,30.07
19460,2.35,17.82,90.73,12.17,56.2,-8.9,834.9,17.39,-3.14,-2.61,30.87
19480,0,14.36,84.28,20.12,134.9,-113.8,751.1,20.0,-9.57,-4.51,30.7
19500,6.12,9.11,63.36,36.34,139.5,-15.2,857.4,15.88,-12.75,-1.92,30.66
19520,0,0.38,56.0,52.94,90.0,-147.7,929.7,10.09,-24.45,-4.69,30.98
19540,4.47,0,40.95,60.62,18.0,-103.7,948.5,3.42,-8.82,-0.66,30.89
19560,0,7.04,28.12,67.55,74.4,-105.2,985.5,7.32,-20.59,-4.92,31.1
19580,0,0,18.82,68.63,-47.7,-118.8,1019.3,-5.52,-22.46,1.87,30.99
19600,0,0,8.57,55.63,-125.5,-107.4,994.6,-8.07,-28.7,0.51,31.09
19620,0,2.26,6.49,41.36,-23.2,-162.3,1006.6,-10.56,-19.47,6.89,30.84
19640,0,0,2.97,24.41,-80.7,-219.7,965.5,-11.59,-12.15,4.57,31.01
19660,0,0.21,4.93,21.16,-87.7,-68.7,1021.8,-20.17,-10.0,1.2,30.63
19680,0.55,0,0.41,7.78,-151.0,-70.9,980.1,-21.7,-2.66,-0.25,30.07
19700,0,1.38,0,2.07,-171.9,-0.0,1014.1,-18.83,3.07,1.25,29.9
19720,3.79,1.65,0,0,-118.2,-34.4,1008.0,-21.87,8.96,-4.6,30.05
19740,7.03,0,0.2,3.75,-29.8,111.1,991.9,-15.73,6.05,-7.4,29.22
19760,0,1.39,0,0,-52.9,145.8,974.5,-15.93,17.7,-7.04,28.89
19780,0,0,0,0,-65.2,86.9,994.8,-11.15,16.31,-4.59,28.69
19800,0,0,0,3.69,-116.9,106.5,990.7,-6.56,13.87,-0.82,28.49
19820,2.75,0,0,0.59,52.1,80.5,1021.6,1.36,18.03,0.24,27.64
19840,73.96,30.1,3.96,5.89,50.5,214.7,952.6,1.77,20.71,1.49,28.18
19860,60.3,40.31,17.83,0.14,19.1,262.8,907.5,8.27,18.49,6.14,28.16
19880,32.36,56.12,23.47,3.13,59.7,123.4,886.7,9.12,8.25,4.94,28.74
19900,16.05,59.27,39.46,0,56.3,173.7,849.5,19.62,10.83,6.23,29.54
19920,11.18,54.19,54.09,0,140.1,118.5,826.4,21.08,1.76,4.82,29.92
19940,0,41.06,73.86,4.27,21.1,28.6,801.6,19.47,7.02,1.5,29.71
19960,8.25,34.82,75.49,3.55,130.9,-14.4,815.3,13.88,0.28,-0.21,29.89
19980,0,22.55,86.78,11.14,28.2,-128.1,828.6,15.16,1.63,-0.8,30.6
20000,2.8,12.37,84.06,20.66,111.0,-24.8,841.6,16.79,-4.58,-5.25,30.42
20020,0,8.88,71.28,29.02,36.2,-83.8,830.1,18.88,-10.32,-1.58,30.59
20040,0.6,1.04,56.62,45.43,55.9,-97.5,879.3,9.87,-13.09,-3.35,30.73
20060,4.17,3.82,47.74,61.95,-1.2,-161.3,974.4,4.08,-11.33,-1.69,31.03
20080,3.74,0,28.42,67.85,36.6,-5.1,976.1,3.09,-19.73,1.61,30.83
20100,0,0,18.47,64.94,-70.4,-199.9,989.3,-3.87,-8.35,3.78,30.97
20120,0,0,6.03,51.87,45.5,-87.8,1007.3,-7.24,-24.48,5.5,31.25
20140,0,0,2.17,39.99,-41.8,-154.5,961.8,-15.78,-20.9,2.38,30.65
20160,4.32,0,1.37,28.25,-56.0,-172.8,1024.4,-16.15,-15.57,6.87,30.45
20180,0,0,0,19.43,-40.5,-56.4,1038.5,-21.75,-9.89,5.07,30.63
20200,0,0,0,9.0,-94.9,-41.3,964.7,-19.47,-6.16,0.66,30.61
20220,0.53,2.86,1.49,9.0,-141.4,48.7,1006.8,-22.5,2.18,-5.02,30.07
20240,1.74,2.02,1.65,1.86,-150.1,-75.9,979.9,-17.65,7.36,-1.12,29.97
20260,0,1.67,0.71,0,27.6,206.9,1019.7,-22.37,20.52,-4.13,29.62
20280,0.84,0.56,0,2.05,-81.2,97.8,1040.8,-12.08,21.94,-8.67,29.32
20300,0,2.41,0.21,0.54,-106.7,98.6,1010.6,-13.4,25.36,-4.23,28.99
20320,0,0,0,0.72,-70.0,207.7,1026.2,-6.35,18.89,-3.42,28.39
20340,0,2.76,0.76,0,54.1,83.5,981.2,-4.75,24.71,-1.25,28.42
20360,79.9,33.01,11.88,0,11.1,149.6,936.9,4.29,8.46,2.16,27.98
20380,54.3,40.98,10.64,0.5,57.5,265.5,928.0,8.33,16.93,2.64,28.85
20400,36.87,52.69,24.42,4.04,38.7,239.1,842.1,14.98,18.2,6.53,28.94
20420,16.22,61.08,42.81,3.58,81.2,134.2,843.9,16.76,15.77,3.54,29.35
20440,10.39,60.24,54.01,0.37,96.5,69.3,831.0,15.61,10.86,2.34,29.44
20460,7.18,53.56,69.23,0,53.0,50.2,806.6,19.97,8.16,2.31,29.73
20480,2.23,40.58,85.32,6.68,121.5,-26.2,800.1,18.09,6.49,-0.15,30.43
20500,0,26.05,82.92,9.33,120.3,-58.0,815.3,20.49,-7.69,-1.42,30.07
20520,4.1,11.34,85.81,18.61,18.8,-72.3,848.1,15.62,-6.28,-3.68,30.67
20540,1.83,10.34,73.29,30.31,172.5,-99.3,876.8,17.48,-8.85,-6.15,30.69
20560,0,0,62.72,45.18,95.3,-91.5,881.1,9.09,-30.66,-1.13,30.61
20580,0,3.0,49.09,54.61,64.0,-79.2,875.8,9.77,-12.93,-3.63,30.95
20600,0,6.14,34.63,68.13,-87.0,-122.4,983.4,2.48,-19.63,-2.36,30.82
20620,0,0,18.95,67.99,-49.8,-80.4,1001.6,-0.22,-20.33,2.27,31.04
20640,0,1.21,13.88,53.65,37.2,-156.0,949.8,-5.37,-21.36,4.18,30.69
20660,0.73,1.67,7.19,41.9,-3.7,-108.9,1026.9,-8.41,-25.24,9.97,30.43
20680,0,0.57,3.06,30.07,-141.4,-183.1,998.9,-17.56,-9.27,5.39,30.9
20700,0,0,0,11.56,-74.2,-55.0,1033.0,-14.46,-5.46,0.48,30.43
20720,0,1.21,0,4.26,11.3,-114.2,1034.5,-20.46,-3.4,3.11,30.66
20740,0.81,0.81,0,5.94,-123.5,-39.4,985.8,-19.6,-4.64,0.74,29.97
20760,1.61,0.43,3.26,0,-134.6,121.2,1016.9,-16.02,2.34,-2.02,29.96
20780,3.02,5.49,0,2.55,-80.3,63.9,1065.1,-20.59,1.33,-3.19,29.35
20800,0.59,0,5.77,0.96,-131.7,129.3,998.3,-7.72,22.48,-8.02,29.39
20820,2.19,0,0.47,0,-63.1,153.5,969.3,-10.26,19.33,-10.21,29.05
20840,0,0,0,3.29,18.1,125.7,1083.0,-9.91,28.31,-4.11,28.67
20860,4.88,1.56,1.79,0,-95.4,126.1,1025.1,-1.68,22.19,-2.45,28.06
20880,77.2,25.47,1.51,1.51,-4.6,107.6,1017.7,0.41,16.8,4.42,28.24
20900,60.1,41.58,9.89,2.55,54.0,95.0,913.4,7.61,10.75,6.72,28.2
20920,41.99,50.56,25.34,0,90.7,136.7,872.4,17.44,21.14,4.19,28.88
20940,16.98,65.09,40.03,3.15,45.2,180.4,860.0,15.98,11.46,8.39,29.16
20960,11.73,56.28,51.5,7.23,83.3,45.8,843.2,15.63,9.99,4.08,29.38
20980,6.15,40.92,69.2,5.36,101.4,124.7,842.5,21.28,5.28,2.6,29.95
21000,0,37.79,80.73,1.93,90.0,17.1,747.8,15.95,-6.22,0.89,29.91
21020,0,21.41,82.95,13.2,85.9,-38.2,767.6,20.51,4.75,-5.79,30.43
21040,5.81,14.87,87.06,11.28,16.5,-84.6,841.4,23.62,-11.25,0.29,30.68
21060,2.32,9.08,73.09,27.65,7.3,-100.0,847.5,13.7,-11.98,-5.34,30.73
21080,0,0.18,64.08,43.56,13.0,-72.7,915.4,18.58,-16.37,-5.38,31.06
21100,0.32,4.04,45.72,57.23,58.7,-165.9,974.4,10.76,-19.1,-5.69,30.99
21120,0,0,31.04,62.91,-12.1,-91.2,977.1,0.8,-20.62,0.81,30.83
21140,2.79,0,23.56,62.64,-1.0,-197.4,966.0,-3.29,-20.95,2.48,31.04
21160,0,1.33,12.13,63.79,-0.5,-252.8,955.4,-9.34,-9.33,5.68,30.85
21180,3.44,2.95,4.99,51.9,4.1,-86.8,988.4,-15.55,-10.1,2.81,30.92
21200,0,0,3.59,29.63,-106.5,-114.1,967.9,-16.3,-9.41,1.49,30.65
21220,2.99,2.15,5.14,18.72,-63.8,-7.9,1001.0,-14.86,-14.83,5.76,30.87
21240,0,0,0,15.46,-135.5,-85.2,1019.4,-17.23,-5.17,5.58,30.6
21260,0.74,0,2.72,10.79,-41.5,1.8,956.3,-24.7,2.63,2.32,30.28
21280,0,0,0,1.51,-85.1,67.6,1014.6,-19.12,3.42,-2.44,30.13
21300,0,0,0,0,-131.3,88.8,996.4,-19.49,10.85,-3.92,29.7
21320,2.02,0,0.23,5.56,-45.3,205.9,981.3,-13.69,10.87,-6.63,29.28
21340,0,0,0,0,-99.8,42.8,976.9,-14.29,15.52,-6.98,28.81
21360,2.6,0,0,5.69,-30.6,159.6,978.7,-8.24,18.11,-1.24,28.97
21380,0,0,7.83,0,-93.4,150.5,1012.5,-5.0,16.11,-3.06,28.26
21400,74.14,26.24,1.29,0,-48.2,177.9,901.5,1.15,18.51,4.67,28.37
21420,61.67,38.73,10.27,4.96,-2.9,132.5,928.2,4.04,8.41,2.95,28.6
21440,42.04,47.05,25.25,0,61.8,91.7,907.0,11.1,10.38,6.23,28.78
21460,22.86,51.89,40.53,0,57.9,86.2,857.0,14.95,6.64,4.88,29.21
21480,14.72,57.83,54.31,2.7,25.9,92.1,837.5,17.73,10.86,2.16,29.46
21500,1.4,49.48,64.84,0,108.6,14.1,819.9,20.38,7.07,4.09,29.78
21520,0,39.85,75.91,5.78,154.3,54.6,866.6,19.39,-0.63,0.63,30.01
21540,0,24.78,85.43,9.22,78.5,-39.5,805.3,17.68,-8.18,-4.63,30.03
21560,2.78,13.95,85.2,13.9,106.2,-132.2,835.7,15.9,-1.74,-4.55,30.21
21580,0,8.25,81.71,32.12,88.1,-164.1,865.8,14.92,-7.88,-7.83,30.88
21600,0,2.51,65.32,45.05,48.4,-158.3,904.7,18.78,-6.34,-3.91,31.25
21620,0,0,44.96,59.88,122.8,-95.5,954.4,7.69,-25.14,0.95,30.69
21640,3.47,3.18,31.62,62.12,-6.3,-164.0,1016.9,0.75,-19.26,-1.36,31.09
21660,4.24,0,20.05,68.59,67.9,-28.4,957.1,-2.1,-26.41,-1.36,31.31
21680,0,5.56,13.51,55.62,-76.6,-271.6,992.3,-2.95,-21.2,-0.69,31.04
21700,0,0,10.58,48.57,-56.6,-38.1,1024.6,-11.0,-25.07,4.99,30.98
21720,3.92,0,5.29,35.63,-36.3,-45.7,979.8,-15.38,-19.27,4.6,30.52
21740,0,0,0,19.02,-49.3,-70.2,969.4,-16.39,-2.74,2.49,30.56
21760,0,0,0,6.41,-81.9,-8.8,1015.5,-21.45,-7.35,-1.93,30.36
21780,0,1.71,3.55,6.06,-142.4,-5.1,984.5,-17.51,-6.06,0.57,30.43
21800,1.98,0,1.59,1.23,-87.1,14.9,1009.0,-19.9,-0.56,-2.38,29.93
21820,1.61,4.31,2.32,1.88,-160.8,127.4,1027.6,-17.77,16.66,-6.1,29.21
21840,0,0.23,0,0,-39.4,42.5,973.7,-15.76,13.64,-3.81,29.37
21860,0.35,0,0,0,-42.2,107.7,972.2,-15.76,22.43,-4.87,28.77
21880,0,1.07,0,0,-65.2,102.3,1000.8,-10.5,12.68,-7.06,28.6
21900,0,0,2.13,4.65,0.5,224.7,1025.2,2.93,4.64,-1.3,28.18
21920,78.36,28.23,15.21,0.88,-33.2,146.9,999.9,4.19,17.25,1.67,28.15
21940,65.01,35.67,16.52,0,30.0,154.7,934.9,5.5,23.52,3.91,28.32
21960,44.92,47.74,20.82,5.7,20.1,95.0,889.7,10.57,24.34,3.46,29.02
21980,25.45,55.59,39.08,2.11,91.3,60.4,850.3,14.34,17.97,6.9,29.18
22000,13.6,55.81,49.29,1.56,-0.4,15.6,784.5,13.97,11.59,1.94,29.96
22020,7.0,46.57,66.91,0,108.4,47.6,782.3,16.92,8.29,0.89,30.3
22040,3.68,38.26,80.95,4.04,81.7,-27.7,774.5,20.75,2.79,2.01,29.94
22060,0,28.2,79.95,1.08,45.3,-84.1,769.5,23.71,7.87,-4.21,30.54
22080,1.3,13.95,90.89,15.54,116.9,-56.4,775.9,17.43,-8.97,-5.47,30.86
22100,0,6.5,82.38,25.06,54.5,-45.4,795.6,13.88,-17.96,-4.82,30.91
22120,0,1.65,65.35,47.42,91.6,-80.8,885.9,12.92,-12.13,-7.17,30.39
22140,0,0.85,46.8,50.34,-57.3,-142.7,927.1,11.81,-24.13,-3.79,30.64
22160,0,5.33,41.25,68.5,39.2,-126.3,965.8,1.95,-20.88,-4.67,31.04
22180,0,0,22.45,67.79,-111.1,-175.7,953.1,-2.23,-13.02,0.58,31.0
22200,1.64,0,13.44,57.83,59.3,-103.6,985.7,-6.45,-16.21,3.1,30.8
22220,2.17,0,1.65,48.49,-13.6,-131.9,958.6,-7.66,-10.21,3.49,30.99
22240,1.13,0,5.24,33.51,-8.3,-100.0,991.6,-13.78,-19.47,6.99,30.54
22260,0.03,3.24,4.62,21.35,-57.8,-34.0,1014.3,-19.44,-2.1,7.77,30.61
22280,0,2.14,1.26,10.3,-165.4,-53.6,961.8,-18.53,-12.5,4.82,30.29
22300,4.17,0,1.48,7.19,-167.6,-116.7,1004.3,-21.24,0.02,1.55,30.17
22320,1.59,1.88,0,3.5,-80.0,71.1,998.5,-23.04,3.68,-1.35,30.02
22340,0,0,0,0,-104.8,94.3,952.4,-19.35,7.97,-3.29,29.4
22360,3.77,0,0,1.87,-87.1,73.2,1054.8,-17.17,28.75,-2.12,29.28
22380,1.24,0,0,7.66,-4.1,104.1,1007.0,-13.01,14.3,-8.08,29.31
22400,5.84,1.62,0,3.21,-11.1,162.8,1001.5,-9.71,20.71,-3.72,28.71
22420,0,0,0,3.13,-34.5,106.6,979.6,-7.08,20.47,-1.92,28.12
22440,78.21,18.81,8.72,0,-49.5,122.2,960.8,-1.77,22.15,2.55,28.18
22460,63.53,39.38,13.62,0,88.7,110.8,940.1,6.08,16.21,-0.02,28.69
22480,44.23,47.54,18.45,4.53,23.1,61.6,887.3,12.33,24.88,5.73,28.42
22500,32.76,54.57,29.83,1.26,14.6,142.0,860.6,14.78,11.71,4.7,29.25
22520,17.39,56.77,51.89,4.59,142.3,6.5,833.9,14.55,8.08,1.25,29.88
22540,0.35,54.98,65.97,2.09,73.7,74.3,811.5,17.72,7.24,4.45,30.07
22560,0,37.55,81.97,6.76,6.7,-38.2,842.6,19.27,-0.52,4.4,30.32
22580,0,26.08,86.03,9.57,150.1,-25.8,804.9,21.98,-8.53,-2.38,30.37
22600,0.67,18.79,85.6,18.83,108.6,-112.4,815.5,10.48,0.51,-3.46,30.38
22620,2.51,6.69,78.68,28.46,76.0,-145.6,855.9,13.91,-12.81,-2.32,30.65
22640,0.75,1.06,67.53,41.59,-8.6,-154.1,916.9,7.68,-13.89,-3.76,30.98
22660,0.84,2.09,47.4,51.05,-22.3,-206.1,909.9,6.07,-15.28,-2.47,31.2
22680,6.66,6.46,40.56,62.43,53.5,-121.0,967.8,1.85,-23.12,-2.59,31.1
22700,0,2.27,24.66,65.82,-34.5,-123.2,1005.4,-2.31,-22.3,-0.99,30.89
22720,3.48,0.67,13.92,55.05,-23.2,-165.1,1008.0,-8.24,-25.44,-1.61,30.98
22740,0,0,4.81,50.52,-66.9,-54.5,956.3,-12.08,-19.98,7.16,30.8
22760,3.0,4.75,3.34,34.15,-97.0,-161.3,997.7,-7.66,-18.08,4.96,30.76
22780,0,0.31,3.0,19.69,-103.7,-141.9,1009.1,-14.31,-23.58,4.78,30.64
22800,0,0,0,10.94,-141.0,-13.4,1063.3,-20.59,-8.75,3.39,30.29
22820,0,0,0,5.59,-98.0,-26.9,1019.8,-21.15,-5.29,3.35,30.25
22840,0,0.98,2.21,0.83,-87.9,25.2,975.5,-14.85,10.6,-5.75,30.19
22860,2.32,0,0.02,3.28,-46.9,133.4,1012.4,-16.33,0.71,-2.83,29.86
22880,5.58,0,0,2.78,-17.5,91.0,987.3,-11.99,7.38,-4.07,29.21
22900,0,2.61,0.07,0,-106.4,174.1,1044.3,-10.49,6.87,-7.36,29.04
22920,0.85,0,5.54,0,-35.7,133.0,982.9,-10.77,15.71,-6.51,28.64
22940,0,0,1.67,0.13,-21.1,58.8,999.5,-6.89,20.55,-0.86,28.24
22960,81.67,24.65,0.84,0,-19.8,197.9,929.4,3.73,15.65,0.58,27.77
22980,66.12,34.77,7.09,0,-14.1,226.7,948.1,4.52,12.8,9.06,28.28
23000,45.48,45.74,15.14,1.44,48.3,121.4,913.3,9.87,12.02,1.7,28.81
23020,29.61,60.02,33.99,1.7,81.9,102.6,868.9,15.92,9.59,3.54,29.12
23040,8.68,58.45,50.33,2.47,121.1,60.7,805.0,20.57,4.99,4.83,29.51
23060,4.05,50.6,66.33,6.39,150.9,62.5,813.1,12.32,13.48,1.96,29.94
23080,0.53,37.5,76.1,2.05,107.0,-86.7,785.6,17.77,-7.61,-1.8,29.74
23100,2.29,28.6,84.43,6.3,138.0,-115.8,787.6,19.13,2.08,0.2,30.09
23120,0,17.94,85.69,10.65,169.7,-125.7,853.5,20.32,-8.83,-4.36,30.22
23140,5.2,8.9,83.57,21.7,149.6,-103.5,787.4,21.77,-11.88,-5.78,30.56
23160,3.02,8.1,67.39,40.99,25.9,-79.6,892.4,15.12,-11.37,-2.87,30.8
23180,0.81,3.23,51.12,55.76,-17.7,-142.6,927.5,12.23,-18.8,-5.97,30.85
23200,3.32,0,33.85,66.39,-5.1,-145.3,936.5,7.14,-15.99,0.51,30.62
23220,0.79,0,25.42,64.84,7.6,-79.7,1011.3,1.36,-25.02,-3.15,30.91
23240,0,6.04,23.41,65.72,-10.1,-109.8,1025.0,-6.07,-20.42,5.95,30.86
23260,0,4.24,12.81,47.44,-103.6,-132.3,977.1,-9.41,-6.55,7.32,30.99
23280,2.72,0,2.71,35.33,-73.1,-128.9,1003.3,-13.19,-11.96,4.45,30.61
23300,0,2.86,0.59,21.01,-101.3,-134.5,1001.4,-17.51,-18.46,-0.81,30.27
23320,1.26,0,0,18.55,-252.8,-71.8,996.4,-21.59,-13.79,5.08,30.44
23340,0,0,0,9.86,-158.3,21.8,980.0,-20.37,-2.21,1.99,30.17
23360,5.44,1.51,0,6.39,-149.9,75.1,970.7,-18.56,0.65,2.09,30.04
23380,2.03,0.57,0,0.63,-84.7,16.1,1034.0,-17.32,5.74,-1.24,29.4
23400,4.31,0,4.76,2.8,-157.8,83.7,1023.3,-9.57,9.35,-2.57,29.39
23420,0,1.4,0,0,-24.7,243.9,996.1,-8.98,15.48,-4.35,28.96
23440,0,0,2.29,2.27,-39.5,184.5,1015.7,-12.28,6.52,-6.93,28.77
23460,0,2.4,0,0.16,-10.8,84.7,993.7,-4.61,10.86,-1.66,28.53
23480,79.95,23.42,7.93,0,-76.0,122.1,1014.5,-3.7,13.11,0.06,28.39
23500,71.89,33.45,10.82,0,12.3,76.6,1008.4,9.86,18.86,0.64,27.91
23520,51.01,46.42,21.09,3.82,129.9,88.9,945.7,13.79,22.21,5.38,28.81
23540,26.95,52.59,31.3,1.49,52.7,157.4,867.2,10.42,9.87,7.99,29.34
23560,14.1,58.93,52.1,0,99.8,55.2,854.3,14.3,7.59,2.44,29.33
23580,1.84,51.18,60.95,3.02,63.9,78.6,736.6,20.72,13.36,6.19,29.36
23600,3.4,43.38,79.61,0,109.6,50.9,803.8,27.66,3.98,1.78,30.11
23620,1.51,28.41,85.01,7.67,98.1,-42.4,833.0,15.87,0.87,-2.89,30.35
23640,0,21.34,85.65,12.6,146.6,-64.4,803.5,19.44,-4.99,-1.79,30.12
23660,0,8.93,83.2,30.7,108.8,-39.0,866.9,14.07,-11.86,-5.6,30.7
23680,0,3.92,67.62,35.39,155.8,-159.9,850.1,13.85,-15.8,-5.27,30.92
23700,0,0,54.51,55.7,5.5,-146.7,918.3,8.38,-16.73,1.43,30.66
23720,0,2.23,27.92,60.8,-53.6,-167.5,981.9,7.44,-22.28,-2.09,31.01
23740,0,2.5,19.93,69.76,-72.2,-72.3,988.2,0.99,-29.79,2.54,30.67
23760,1.38,0,15.16,63.81,-45.9,-132.7,989.2,-2.98,-27.71,1.93,30.86
23780,1.6,1.88,12.83,52.72,-7.8,-154.9,1018.1,-5.17,-14.17,3.89,30.83
23800,5.47,0,0,43.65,51.9,-108.8,1023.6,-17.05,-19.65,6.58,30.75
23820,4.09,0,1.98,19.63,26.2,-62.5,1004.2,-17.38,-12.51,5.09,30.84
23840,0,0.97,0,10.75,-201.3,6.3,965.6,-16.63,-6.77,0.23,30.68
23860,0,3.8,3.16,4.37,-103.7,-48.3,1010.2,-21.54,-14.59,-0.25,30.13
23880,0.49,1.6,2.55,7.89,-12.3,35.6,1029.8,-22.24,9.46,2.7,30.02
23900,1.69,0,0.6,0.34,-141.7,9.0,990.9,-17.63,6.37,-1.48,29.45
23920,4.53,0,1.56,0,-91.7,29.4,997.5,-15.77,14.79,-6.18,29.39
23940,0.95,2.84,0.23,0,-25.0,101.0,1013.8,-14.3,24.05,-4.96,29.29
23960,2.14,3.94,0,0,-61.2,190.0,983.8,-7.0,14.0,-1.98,28.69
23980,0,6.13,0.26,0,-8.2,147.0,1058.6,-1.6,15.79,0.47,28.12
24000,80.51,23.41,4.67,0.04,79.7,203.4,989.0,-4.46,20.24,-0.57,28.0
24020,66.04,35.49,12.72,0,78.1,195.9,953.1,7.24,16.35,0.96,27.98
24040,53.86,47.6,17.68,0,36.2,197.0,882.9,11.71,21.05,6.08,28.83
24060,30.04,52.31,25.11,2.45,88.3,49.8,909.6,7.68,7.55,6.97,29.16
24080,15.43,57.03,42.12,0,110.2,57.4,838.6,19.3,19.52,5.67,29.03
24100,5.77,55.32,62.24,2.02,109.7,-6.7,776.2,15.94,5.47,0.58,30.34
24120,0.59,42.2,75.66,1.83,91.3,-9.9,804.4,14.87,-6.29,0.66,29.87
24140,2.54,28.72,78.28,9.17,152.9,-20.4,795.9,18.54,9.3,0.38,30.64
24160,1.17,22.26,91.77,12.12,69.7,-120.7,805.4,15.05,-9.96,-1.25,30.28
24180,0,10.02,82.91,20.38,11.2,-55.3,830.3,17.02,-14.73,-5.37,30.53
24200,0.51,5.87,71.34,39.0,48.8,-170.2,859.1,7.27,-6.95,-4.48,30.87
24220,0,4.27,56.73,52.0,67.0,-139.8,926.5,5.96,-21.97,-4.27,31.06
24240,2.68,0.55,40.64,60.49,-53.1,-97.4,977.7,7.82,-14.12,-3.05,30.95
24260,0,1.08,27.86,68.16,-26.8,-133.0,1042.4,0.33,-24.17,-1.21,30.95
24280,3.25,0,17.2,57.28,-16.3,-131.8,998.7,-9.2,-18.08,2.47,30.92
24300,6.25,2.31,15.56,60.44,-91.9,-125.5,1006.9,-10.16,-21.91,1.67,31.25
24320,0,0,4.8,34.17,-12.2,-120.8,987.3,-14.16,-20.06,2.83,30.8
24340,4.1,3.09,2.04,23.39,-49.7,-131.2,1022.8,-21.18,-10.08,7.47,30.7
24360,0,4.15,0.63,10.13,-134.4,-67.3,1054.5,-18.16,0.74,3.6,30.62
24380,1.11,0.16,2.33,11.23,-192.2,19.8,1006.1,-16.15,-4.44,1.09,30.35
24400,0,0,5.83,2.22,-53.7,7.9,1034.4,-23.87,0.09,-0.96,30.14
24420,0,3.26,0,2.41,-226.0,55.1,994.7,-17.67,0.16,-3.78,29.78
24440,0.82,2.59,0,2.51,-160.0,79.3,984.1,-11.19,14.77,-5.2,29.56
24460,9.09,0,4.3,0,-12.5,31.0,984.7,-19.22,7.26,-6.49,29.58
24480,4.02,1.86,1.4,0.25,-9.9,153.0,983.3,-12.57,15.18,-6.23,28.76
24500,1.66,4.75,1.19,1.21,35.0,132.1,1021.2,-2.47,17.07,-4.87,28.51
24520,3.37,0.04,2.02,0,120.2,249.4,1007.1,-3.41,21.87,-0.67,27.85
24540,73.77,32.92,15.7,0,100.7,257.6,941.8,0.69,19.67,3.86,28.24
24560,53.57,38.45,15.56,0,-83.3,209.3,892.3,5.94,9.43,4.0,28.97
24580,29.14,52.19,26.35,3.49,62.0,11.5,885.9,11.76,8.06,5.27,28.95
24600,13.05,56.98,43.13,3.76,32.5,80.4,856.6,11.18,16.9,3.09,29.73
24620,4.24,51.99,63.09,0,40.9,27.1,855.4,16.75,8.12,4.5,29.78
24640,0.04,43.7,78.16,1.46,109.9,52.4,781.5,21.35,8.42,1.84,29.54
24660,4.06,34.3,81.01,7.44,101.5,-2.0,832.2,22.48,-4.49,-2.7,30.26
24680,0,20.36,86.67,12.24,60.9,-9.8,790.6,19.78,2.35,-2.89,30.6
24700,0,11.97,84.37,22.06,116.4,-101.1,796.5,22.66,-3.32,-6.06,30.69
24720,2.33,6.16,64.87,31.65,-39.2,-85.6,903.5,17.17,-12.23,-4.25,30.55
24740,1.19,0.14,57.47,52.71,40.4,-84.2,908.8,7.1,-22.76,-4.5,30.58
24760,3.19,0.02,39.88,58.61,-53.6,-158.3,923.7,6.82,-19.49,-2.38,31.03
24780,3.98,0,25.98,67.2,46.8,-118.6,1010.6,1.41,-12.9,1.66,30.86
24800,1.92,4.9,23.32,64.06,0.7,-136.2,1051.2,-3.23,-23.99,-0.65,31.33
24820,0,0,12.77,53.96,-28.2,-169.1,1028.8,-9.11,-18.83,2.58,30.76
24840,3.66,0,3.72,34.46,-119.7,-115.2,1022.4,-14.11,-16.06,4.6,30.81
24860,0,0,0,23.24,-127.4,-139.0,984.1,-13.29,-17.32,5.98,30.61
24880,0,0,3.82,14.42,-52.9,-118.0,1010.0,-14.71,-6.89,0.82,30.75
24900,6.75,0,1.86,8.74,-97.2,70.1,942.9,-18.97,0.6,2.16,30.36
24920,3.13,5.99,0,2.25,-152.2,-19.7,980.3,-23.94,3.43,-1.04,30.11
24940,0,0,0,4.97,13.3,73.4,975.9,-18.01,8.51,-4.0,29.82
24960,1.21,0.79,4.61,2.93,-48.4,97.5,1006.0,-15.69,7.12,-2.27,29.73
24980,0,0,0,0,-82.9,116.2,974.4,-19.42,14.43,-5.44,29.15
25000,8.6,4.53,0.43,0,-13.2,57.2,986.9,-7.54,16.29,-5.76,28.82
25020,3.49,0.41,0,0,-61.3,153.7,1011.8,-4.46,20.79,0.34,28.63
25040,0,5.64,6.11,0.55,106.3,184.5,1012.8,0.55,15.5,-3.44,28.38
25060,74.32,35.18,11.22,1.44,-24.4,141.9,994.3,5.45,16.17,-1.29,28.32
25080,54.86,42.37,16.27,0,65.2,133.7,918.2,8.52,17.73,2.02,28.71
25100,35.89,54.74,28.45,0,-18.0,110.0,858.4,13.25,23.34,5.75,29.07
25120,21.39,58.92,39.04,0.88,31.7,74.6,863.0,16.39,9.88,4.92,29.53
25140,5.64,53.01,54.21,2.53,108.2,-39.9,839.4,11.55,-1.4,4.26,29.49
25160,3.88,50.88,67.82,0.35,66.0,99.8,872.5,8.95,5.43,2.17,29.68
25180,1.52,35.19,81.58,10.75,52.0,-28.9,812.3,21.5,-2.29,1.31,30.08
25200,1.28,17.13,93.07,17.82,110.0,-43.1,820.1,17.33,-2.11,-5.72,30.82
25220,1.73,15.65,85.93,23.94,-0.4,-88.9,844.2,17.26,-13.66,-6.34,30.66
25240,2.39,0,72.55,37.0,14.2,-106.3,876.0,13.21,-19.55,-5.35,30.91
25260,0,7.77,57.53,48.1,1.9,-171.0,905.9,11.56,-15.96,-3.42,30.65
25280,0,5.2,40.86,65.84,-30.4,-213.1,950.2,7.33,-22.12,-1.99,30.67
25300,0,0,26.97,65.69,-144.6,-153.2,927.1,-2.05,-24.69,-2.59,30.76
25320,0,0,20.07,64.71,-101.1,-108.3,1032.7,-5.74,-30.9,3.49,30.87
25340,1.75,0,9.69,56.16,86.5,-72.2,1008.3,-10.47,-14.0,3.47,30.99
25360,0,1.4,4.28,34.91,-68.9,-43.4,996.6,-16.98,-12.88,5.4,30.65
25380,1.11,4.33,5.72,25.89,-120.1,-123.8,940.1,-12.66,-16.31,2.97,30.58
25400,4.52,4.45,0,18.52,-19.5,-83.2,987.6,-23.54,-8.68,2.32,30.59
25420,0,6.65,2.48,7.58,-223.1,-55.4,960.3,-16.99,-3.63,1.18,30.2
25440,0.64,0,0,10.26,-107.2,-66.9,1048.0,-22.24,1.54,-0.11,30.02
25460,0,3.84,3.32,1.87,-103.9,48.7,1024.1,-20.22,7.66,-3.48,29.87
25480,0,2.82,0,0,-77.7,126.6,944.0,-13.17,-0.06,-8.3,29.03
25500,0,0,2.41,0.38,-27.0,176.4,954.7,-13.55,16.22,-5.4,28.73
25520,3.74,0,3.94,3.97,-33.7,116.2,989.6,-9.21,19.52,-8.44,28.98
25540,0.91,0,3.3,0,-79.8,137.5,1032.6,-9.3,20.46,-6.68,27.99
25560,0,1.31,0,0,3.7,150.6,996.4,-3.34,16.91,-4.86,28.21
25580,77.77,29.5,10.1,0,49.3,173.4,991.6,2.38,19.76,4.83,28.48
25600,54.16,40.61,15.27,1.28,64.5,58.9,893.0,7.43,18.42,3.43,28.64
25620,34.05,47.15,19.58,1.18,-2.9,39.6,895.5,15.21,17.76,3.76,29.01
25640,17.37,63.31,44.96,0,83.8,91.5,886.9,18.4,13.16,6.76,29.31
25660,10.53,47.81,58.27,0.8,7.8,85.9,832.7,15.05,8.38,5.61,29.26
25680,4.25,44.13,71.65,0,119.0,22.8,764.3,18.05,4.96,4.05,29.89
25700,1.89,33.64,82.22,8.58,-5.2,75.5,834.5,17.41,-12.06,-0.33,30.38
25720,0,24.57,87.91,12.69,79.6,-93.4,783.1,22.35,-4.85,-3.69,30.09
25740,0,15.4,87.93,17.64,3.7,-47.9,844.3,18.91,-6.8,-3.17,30.54
25760,0.02,5.58,72.6,32.36,104.6,-81.4,901.0,10.07,-13.89,-5.87,30.74
25780,3.67,7.77,58.11,50.27,40.2,-177.0,916.0,11.73,-15.91,-5.72,30.94
25800,1.38,0,45.23,63.55,51.2,-114.7,942.0,5.47,-23.55,-2.38,30.5
25820,0,7.1,30.18,67.03,8.6,-204.1,960.6,0.78,-11.15,-0.69,31.09
25840,0,0,16.21,57.15,9.5,-235.1,1013.7,-3.04,-16.68,1.0,31.06
25860,0,0,14.78,56.05,-22.5,-119.0,1023.3,-6.94,-17.78,-2.11,30.96
25880,4.94,4.33,0.92,45.08,-37.7,-168.2,1040.1,-9.9,-7.91,3.43,30.75
25900,3.77,0,7.41,26.7,-95.3,-162.3,1001.8,-13.91,-16.69,3.21,30.47
25920,0,0,0,18.4,-56.6,-132.7,952.6,-17.41,-8.6,3.88,30.76
25940,3.52,2.76,0,8.2,-32.2,-39.8,971.4,-14.71,-4.68,2.74,30.34
25960,1.32,3.02,0.2,0.81,-100.1,-10.7,1000.2,-16.92,-0.49,-0.43,30.11
25980,3.4,0,4.23,6.65,-115.3,125.0,1003.8,-23.51,4.47,-1.62,29.54
26000,0,0,1.57,0,-58.7,106.7,1029.3,-17.64,14.99,-8.73,29.37
26020,1.16,0,0,2.08,-52.8,23.6,993.7,-22.01,8.88,-5.83,29.26
26040,0.45,2.62,0.63,0,-80.0,175.0,993.1,-13.08,18.96,0.65,28.89
26060,4.98,0,2.6,1.31,-123.4,170.6,1059.6,-1.94,24.8,-4.14,28.36
26080,1.11,0.44,2.56,2.7,16.4,221.2,986.3,-2.2,22.54,4.02,28.06
26100,72.4,27.22,15.11,3.24,29.0,156.4,938.4,7.11,16.69,0.93,28.47
26120,64.84,44.61,14.83,3.95,80.4,155.6,899.5,6.38,15.82,3.49,28.76
26140,35.24,54.03,23.46,0,73.1,145.1,898.8,11.84,13.98,4.54,28.94
26160,20.99,50.7,39.57,3.57,79.8,85.9,875.3,17.47,8.37,4.24,29.26
26180,10.34,59.36,60.27,1.92,126.7,149.2,818.1,22.39,6.87,0.69,29.49
26200,4.19,49.07,66.85,5.71,86.2,-44.6,811.3,11.34,-0.76,1.98,29.77
26220,0,38.61,80.22,3.81,72.4,-6.4,814.1,16.73,3.33,0.03,30.41
26240,0,23.14,81.17,5.95,99.8,-43.1,809.2,16.59,-12.03,-6.21,30.44
26260,0.97,13.27,84.13,21.93,38.1,-101.9,897.1,21.39,-9.48,-3.15,30.79
26280,0,7.27,77.81,31.94,51.8,-42.8,828.3,16.78,-3.9,-7.72,30.73
26300,0,1.84,57.16,44.18,123.1,-111.3,919.6,14.09,-14.43,-3.81,30.76
26320,1.47,0,38.28,60.29,156.0,-111.4,906.0,4.94,-15.82,-7.19,30.51
26340,4.46,0.88,32.07,67.0,81.2,-221.2,970.3,-3.37,-14.42,-1.17,31.21
26360,0,2.35,19.63,60.47,-58.6,-230.3,1017.3,-3.51,-8.39,1.42,30.77
26380,4.18,0,13.43,57.06,-117.0,-186.1,1000.4,-8.74,-10.99,2.36,30.94
26400,0,1.02,9.56,40.23,29.5,-63.4,997.9,-7.72,-21.14,9.73,30.5
26420,0,0,2.1,30.28,-48.9,-122.7,995.4,-12.23,-12.03,2.43,30.94
26440,0,0,2.29,17.88,-91.8,15.2,965.5,-19.44,-10.98,4.66,30.23
26460,0,0,6.53,8.74,-85.7,-30.0,1026.4,-18.19,2.71,3.66,30.45
26480,0.04,0,5.02,1.68,-92.7,79.7,1007.1,-16.0,-6.8,-1.14,30.08
26500,0.9,1.46,6.73,0,-159.4,67.5,989.2,-17.48,-1.03,0.41,29.76
26520,4.31,0.29,2.44,0,-140.9,177.8,1007.6,-16.03,16.73,-8.96,29.38
26540,0,3.32,0.82,0,-96.3,105.7,986.5,-16.69,24.5,-5.67,29.12
26560,1.5,0.24,0,0,-1.1,123.9,1031.0,-8.8,15.75,-3.84,28.97
26580,0.94,3.72,1.1,1.59,-60.5,165.1,1044.9,-10.58,22.19,-4.51,28.66
26600,0,0,0,2.07,-13.1,234.7,1000.5,1.03,16.94,4.83,28.16
26620,73.19,26.27,11.25,0,78.5,220.3,931.2,3.58,21.77,0.4,28.24
26640,57.34,38.69,12.14,4.56,56.0,149.2,932.4,9.24,21.42,3.07,28.42
26660,37.27,51.7,23.34,1.35,45.0,132.3,894.5,11.56,15.06,4.56,28.61
26680,16.99,60.62,31.6,3.31,49.9,160.9,850.7,12.49,12.36,3.9,29.21
26700,11.28,55.95,53.15,7.64,107.8,49.3,850.1,15.78,13.62,3.36,29.29
26720,1.74,51.95,64.31,0,106.0,38.2,813.1,18.78,10.78,-0.7,29.99
26740,0,34.45,79.53,6.0,136.2,-18.0,829.4,14.91,0.18,0.29,30.24
26760,1.31,20.82,88.78,12.99,175.7,-56.7,772.5,23.14,-3.9,-1.82,30.76
26780,0,16.22,84.34,15.19,42.1,31.6,810.5,17.62,-8.84,-4.65,30.59
26800,2.84,6.31,72.9,35.01,76.6,-110.6,899.0,9.95,-2.59,-6.29,30.86
26820,0,0,62.87,47.21,52.5,-128.9,904.1,13.75,-20.36,-2.17,30.95
26840,3.6,3.75,50.93,58.48,-11.0,-50.4,951.4,7.16,-22.75,-3.87,30.89
26860,1.88,2.65,33.07,65.07,81.2,-120.7,977.0,-0.4,-20.29,-1.82,30.88
26880,0,4.2,19.67,67.06,-32.5,-115.3,1034.3,-6.75,-17.84,-3.19,31.04
26900,0,0,15.27,60.1,-83.6,-128.1,1012.8,-10.4,-22.01,2.3,30.91
26920,0.32,1.71,9.59,45.39,-69.2,-161.0,996.1,-2.86,-8.37,4.02,30.68
26940,0,1.71,5.65,35.19,-131.6,-30.8,1015.2,-12.97,-9.17,4.69,30.28
26960,1.22,3.1,5.72,17.09,-155.0,-32.7,1002.2,-12.65,-8.54,7.11,30.59
26980,0,1.75,0,6.08,-70.0,-12.9,1004.4,-17.4,-2.84,2.96,30.67
27000,0,0,0,7.46,-135.4,86.9,1007.6,-18.79,11.08,1.46,30.13
27020,4.34,2.67,6.83,1.62,-93.2,48.1,1003.0,-16.13,0.65,-4.45,29.4
27040,2.9,2.19,0,2.4,-137.4,32.2,998.2,-11.86,14.87,-5.91,29.3
27060,2.29,0,4.37,0,-170.6,124.9,1032.8,-14.57,10.66,-5.37,28.77
27080,3.3,1.82,4.11,3.26,3.5,170.1,1002.0,-13.41,14.03,-5.34,29.32
27100,1.81,1.67,3.5,0,16.3,207.5,954.8,-7.98,17.29,3.67,28.33
27120,0,1.89,9.32,0,-65.8,254.1,978.7,-3.45,22.53,-1.4,28.11
27140,76.07,26.65,2.63,2.65,7.6,103.3,987.1,7.98,31.69,0.53,28.34
27160,62.16,39.31,18.56,0.42,29.3,136.6,917.7,6.13,16.62,0.36,28.65
27180,40.79,52.05,25.72,0.58,85.1,131.4,854.1,7.98,20.23,2.7,28.64
27200,25.09,59.62,38.7,0,109.0,137.2,868.8,9.6,18.15,2.31,29.33
27220,11.58,56.26,52.09,1.16,80.9,100.5,794.4,19.47,11.79,5.91,29.65
27240,4.2,42.31,73.19,0.49,201.4,137.4,811.3,14.56,-1.22,2.07,29.67
27260,5.3,36.11,77.65,1.5,117.9,12.0,759.2,13.77,-1.7,2.95,30.04
27280,0,29.51,87.67,5.82,-48.4,-15.9,745.0,15.34,-7.67,-2.62,30.54
27300,0,13.21,87.25,16.46,191.8,-80.3,845.8,17.39,-14.42,-5.45,30.4
27320,0,9.49,77.08,30.69,109.7,-72.1,799.3,12.57,-13.89,-8.24,30.75
27340,3.81,0,62.35,39.04,53.0,-174.8,920.4,10.02,-17.77,-4.68,30.92
27360,0,2.77,51.42,58.77,-12.7,-147.5,917.7,6.69,-25.75,-5.72,31.24
27380,3.98,0,35.01,68.19,31.1,-117.4,1009.0,10.61,-19.4,-3.22,30.85
27400,0.8,0,23.47,62.58,4.4,-160.7,1029.3,-2.17,-19.29,-0.29,30.94
27420,0,0,15.67,57.64,34.5,-142.0,992.2,-6.38,-22.4,4.89,30.87
27440,4.26,0,10.16,48.48,-23.2,-71.0,1012.5,-13.59,-19.2,1.36,30.45
27460,0,0,0,29.85,-39.0,-165.6,1036.6,-18.0,-7.07,8.3,30.55
27480,0,4.74,0,18.44,-98.7,-59.1,991.2,-18.18,-4.03,6.36,30.74
27500,1.29,6.46,1.86,8.3,-66.6,-56.7,1017.9,-19.63,-8.42,0.44,30.14
27520,4.9,0,2.49,8.54,-123.0,14.1,1025.5,-22.08,-8.72,3.68,30.07
27540,0.43,0,4.7,0,-88.7,66.8,1046.8,-18.38,0.12,-4.18,30.08
27560,0,3.9,0,4.79,-94.8,8.6,943.4,-17.46,7.9,-6.21,29.49
27580,0,0.4,1.69,0.37,-102.8,94.0,992.3,-13.58,13.36,-4.57,28.81
27600,0,0,2.85,0,-49.9,165.5,972.9,-11.57,12.71,-4.28,28.42
27620,0,0,0.78,1.73,62.6,182.9,1014.6,-7.6,12.47,-5.87,28.8
27640,3.75,0,0,3.44,-74.4,154.0,1009.0,-0.49,21.42,-2.08,28.41
27660,80.04,28.05,3.81,5.91,-28.6,200.1,988.6,3.5,13.45,2.63,28.11
27680,65.66,39.15,15.7,1.79,40.8,115.0,910.8,12.65,12.69,3.24,28.63
27700,45.27,50.82,23.2,5.82,74.2,61.8,953.6,7.84,18.18,2.55,28.54
27720,24.21,59.73,37.04,2.87,36.0,69.8,840.9,17.52,6.64,7.07,29.31
27740,11.4,57.84,49.79,0.91,6.2,117.9,801.1,21.89,14.16,6.08,29.53
27760,3.3,52.38,61.83,0.97,123.5,-4.8,778.5,17.46,9.78,4.31,29.91
27780,0.06,33.21,83.77,2.31,114.1,-8.6,844.9,21.94,4.49,-1.03,30.47
27800,0,25.79,83.75,3.85,86.1,-19.9,766.0,18.14,-11.85,-0.35,30.27
27820,3.58,15.72,81.81,18.34,109.0,-47.1,807.6,22.55,-8.37,-3.22,30.53
27840,0,11.5,79.96,23.65,37.1,0.7,855.1,9.94,-15.72,-3.95,30.53
27860,0,0,68.99,45.74,90.7,-111.7,882.4,11.67,-14.59,-1.81,30.88
27880,1.53,0,48.24,55.68,69.2,-139.0,891.8,1.38,-11.04,-4.26,31.02
27900,0.86,0,34.39,64.43,-3.5,-178.4,936.3,-0.54,-15.95,-0.91,31.39
27920,0,2.22,18.65,70.97,-23.4,-110.0,994.6,-1.07,-18.4,1.01,31.08
27940,0.3,0,11.4,60.29,-22.0,-97.3,972.5,-3.51,-21.35,5.04,30.91
27960,0.31,0,11.41,40.38,-109.9,-101.4,997.6,-9.64,-21.72,0.22,30.5
27980,0,0.58,5.2,31.82,-69.1,-110.8,981.1,-16.02,-15.79,6.09,31.08
28000,3.67,5.33,0,20.38,-42.6,-121.2,994.3,-19.04,-24.17,6.53,30.22
28020,0,0,0,15.77,-165.8,-25.6,1036.3,-24.29,-2.16,-1.56,30.57
28040,1.86,5.11,0,4.66,-140.5,-42.4,1002.8,-21.19,-6.98,-0.59,30.17
28060,4.16,0,3.29,0,-139.2,40.9,1050.2,-17.86,7.91,-0.1,29.76
28080,0,3.9,0,0.94,-145.6,76.4,987.2,-22.07,3.99,0.4,29.67
28100,0,3.56,4.64,0,-178.6,152.1,1013.6,-11.39,12.37,-5.68,29.33
28120,0,3.32,0.85,2.26,-98.0,106.2,977.4,-16.2,22.03,-6.43,28.85
28140,2.33,0,0,2.26,-4.1,187.3,1037.0,-8.56,19.75,-8.1,28.52
28160,0,0,1.89,0,34.8,95.7,1009.3,-6.74,17.37,-2.91,28.02
28180,77.29,20.02,5.68,0,55.4,174.9,990.6,0.85,18.51,1.2,28.34
28200,65.57,35.47,10.37,1.21,-67.9,201.0,908.3,-0.5,24.73,0.83,28.34
28220,43.96,46.44,17.94,1.1,95.3,25.6,884.7,12.86,18.88,2.66,28.75
28240,26.99,58.43,36.01,0,33.7,111.4,903.4,14.59,14.65,2.81,28.84
28260,10.34,62.94,50.96,5.61,166.5,47.4,818.1,22.18,9.51,4.03,29.51
28280,2.43,50.49,65.99,3.6,1.4,28.3,804.0,21.09,3.12,-1.54,29.67
28300,1.12,38.69,79.26,4.6,186.4,11.6,778.9,19.46,-8.12,1.08,30.12
28320,0,32.12,93.09,3.84,128.0,-42.8,808.8,19.53,5.3,-1.61,30.08
28340,0,18.7,81.3,10.21,45.5,14.5,813.7,21.73,-14.4,-3.34,30.94
28360,3.06,10.78,73.71,25.17,-36.1,-104.1,849.2,15.33,-10.09,-8.98,30.58
28380,0,0.38,66.69,39.91,74.6,-148.7,895.2,10.61,-11.23,-3.32,30.56
28400,4.26,0,45.45,57.57,-21.0,-44.1,897.1,12.25,-16.34,-1.97,30.68
28420,0,5.5,32.76,60.49,-6.4,-240.2,993.2,9.89,-16.88,-0.96,30.8
28440,0,0,21.71,70.67,-5.0,-221.1,944.1,-2.15,-27.61,0.66,31.13
28460,0,0,16.69,54.92,-62.8,-106.6,1023.4,-11.79,-16.83,5.05,30.74
28480,2.53,0.15,0,46.14,-10.4,-83.3,1009.3,-11.04,-16.6,3.62,31.05
28500,1.72,0,2.96,40.87,-16.1,-95.0,990.1,-13.31,-16.79,5.46,30.72
28520,1.13,6.99,6.77,19.78,-50.2,-156.2,988.0,-14.86,-12.04,0.88,30.44
28540,5.26,1.39,7.8,9.1,-59.3,-9.4,963.7,-19.17,-0.95,4.75,30.05
28560,1.4,0.95,0,6.43,-103.6,-39.7,1037.2,-16.52,-4.38,0.06,30.05
28580,0,0,0,0.72,-153.9,116.3,1005.8,-21.35,-6.72,-2.74,29.57
28600,0,0,0,0.28,-65.6,48.4,993.8,-20.35,12.74,-4.15,30.0
28620,0,0,3.15,0,-13.6,87.0,998.0,-16.9,14.41,-0.8,29.53
28640,0,0,0,4.15,-119.4,9.6,947.0,-14.89,6.82,-3.79,28.93
28660,0,0,0.95,2.16,66.0,103.7,966.2,-4.39,17.1,-4.9,28.72
28680,0,0,0,3.39,50.0,198.9,1023.4,-3.18,18.39,0.95,28.06
28700,80.73,27.7,5.09,1.8,-37.0,101.7,965.0,0.8,13.93,1.98,28.15
28720,65.54,38.71,4.93,4.6,95.9,100.8,946.4,7.57,23.72,5.67,28.16
28740,44.31,52.04,20.22,0,44.9,49.0,894.5,16.93,13.63,0.72,28.99
28760,24.13,57.15,33.21,0,89.6,45.3,852.0,23.77,21.02,4.81,29.27
28780,12.14,55.36,51.74,4.37,45.3,21.9,863.7,16.14,10.8,5.65,29.52
28800,12.94,50.57,68.43,4.07,108.3,-75.8,813.9,18.99,-1.28,6.23,29.8
28820,0.26,43.11,86.06,4.46,95.9,5.1,753.4,17.94,-1.86,-0.53,29.96
28840,5.19,31.66,87.34,8.05,81.8,-41.6,844.4,22.12,2.6,-2.13,30.39
28860,3.11,16.12,83.1,17.99,133.7,-17.8,814.0,22.83,-4.99,-4.16,30.5
28880,3.16,5.88,74.58,24.1,-25.1,-187.0,869.2,18.12,-19.33,-1.99,30.38
28900,0,1.29,70.14,41.54,57.3,-141.5,864.6,18.2,-9.07,-2.28,30.58
28920,2.86,0,56.86,55.16,130.3,-175.5,898.2,8.68,-22.17,-5.26,30.95
28940,0,1.65,34.49,66.12,25.6,-200.5,1018.2,-0.09,-18.71,-3.48,30.86
28960,0,3.31,26.14,67.71,-67.5,-121.6,972.2,4.08,-20.9,2.72,31.11
28980,5.1,5.73,16.36,67.29,-9.4,-295.3,1021.6,-6.4,-27.74,4.77,30.7
29000,0,0,10.36,49.64,2.1,-79.4,1014.0,-6.13,-15.68,0.51,30.67
29020,0.17,0.91,0.82,36.31,-34.1,-97.1,1033.4,-5.46,-11.44,5.58,31.34
29040,2.48,5.24,5.65,17.64,-60.8,-138.1,935.2,-13.49,-12.13,4.13,30.4
29060,0,0,0,12.83,-228.7,38.6,980.0,-19.87,-12.38,2.34,30.39
29080,2.98,1.62,0,0,-40.6,14.6,997.1,-19.9,1.33,2.79,29.79
29100,1.71,7.0,0,3.62,-23.8,27.3,1009.0,-18.33,2.22,-0.58,30.16
29120,3.05,0.97,0,0.61,-38.0,55.9,1035.0,-19.0,13.29,-2.87,29.64
29140,0,0,1.05,2.1,-117.4,88.6,976.3,-18.6,2.22,-6.26,29.42
29160,6.79,0,4.62,0.47,-34.0,170.6,985.7,-12.75,15.06,-1.43,29.14
29180,0.15,0,7.9,1.04,-64.4,145.1,973.2,-12.93,17.32,-7.0,29.08
29200,2.63,0.07,0,1.5,-12.5,146.8,1005.1,-3.66,15.31,-2.76,28.19
29220,79.94,22.48,10.33,1.35,31.5,201.0,904.2,5.52,21.16,0.62,28.11
29240,66.03,28.67,11.0,0.99,39.0,162.0,907.2,0.57,32.96,3.3,28.42
29260,48.13,42.46,15.95,2.82,159.8,169.5,918.6,7.81,16.88,1.29,28.56
29280,30.66,56.65,30.85,0,58.2,105.7,802.4,12.64,16.31,3.46,29.39
29300,10.51,60.81,45.63,0,-1.8,176.4,783.3,21.67,14.09,6.48,29.51
29320,4.31,55.16,65.34,0.96,202.6,76.2,824.0,19.68,2.8,5.4,29.58
29340,3.41,41.33,76.85,0,90.3,-22.0,882.2,21.27,-2.05,1.52,30.17
29360,0,30.53,83.42,4.15,47.8,-73.0,781.2,18.18,-1.18,-4.27,30.03
29380,0,13.59,89.73,15.39,101.0,-162.0,801.4,16.29,-10.31,-5.54,30.52
29400,5.99,8.19,77.74,23.2,47.0,-71.1,803.9,10.53,-7.78,-3.15,30.92
29420,2.19,4.46,71.95,42.04,142.9,-58.9,873.1,14.85,-17.19,-3.88,31.02
29440,6.15,1.05,54.22,53.47,178.0,-195.6,931.9,11.45,-11.58,-2.41,30.89
29460,1.52,4.84,31.75,59.73,-1.8,-159.6,971.2,7.0,-24.44,-0.97,31.37
29480,2.15,0,26.87,66.74,-2.2,-121.8,983.1,-1.26,-27.82,5.38,31.26
29500,0,0,16.96,61.76,-66.6,-171.3,965.5,-9.18,-10.92,-1.52,30.7
29520,0,0,4.98,50.17,-32.1,-121.4,1004.3,-10.35,-18.16,7.41,30.86
29540,0,3.97,3.5,36.98,-122.3,-195.5,1016.8,-17.85,-18.84,4.58,31.0
29560,0,0,0,21.25,-76.9,-69.5,971.9,-19.03,-9.01,3.14,30.85
29580,0,4.65,0,15.68,-106.4,-43.6,997.5,-22.98,-7.15,6.91,30.43
29600,0.81,0.21,0,7.35,-85.7,-13.2,1013.0,-24.3,-1.65,4.43,30.1
29620,0,1.77,1.96,4.57,-73.1,58.1,1021.2,-20.96,3.65,-5.37,29.76
29640,0,0.58,0,1.3,-156.8,-10.3,1019.8,-18.91,9.35,-4.81,29.25
29660,3.29,0,1.73,3.46,-95.0,0.4,1036.0,-17.46,12.54,-5.48,28.83
29680,0,0.77,7.07,1.96,33.3,109.6,983.9,-12.29,19.02,-2.94,29.22
29700,3.39,3.16,0,1.9,-155.6,158.9,1030.7,-11.12,12.13,-6.0,28.31
29720,2.04,5.04,0,0,6.9,159.6,999.0,-6.7,15.95,-5.55,28.25
29740,78.13,25.87,5.91,7.23,-41.8,149.1,1012.5,-1.27,12.42,1.27,28.14
29760,74.09,31.78,7.14,2.7,123.3,192.5,976.0,2.43,22.38,-0.69,28.79
29780,50.15,48.24,17.33,0,90.5,105.3,911.4,6.21,14.48,4.78,28.99
29800,24.34,53.5,29.49,1.73,63.4,205.5,886.9,14.58,16.07,3.15,29.04
29820,17.8,58.05,46.78,4.14,56.6,44.0,850.8,17.96,13.01,4.21,29.37
29840,11.16,51.11,65.36,1.94,123.1,57.5,829.0,17.36,11.43,2.68,29.33
29860,0,44.48,72.16,0.82,81.6,25.4,766.3,19.39,-6.72,-0.4,29.76
29880,2.9,28.15,83.29,9.63,219.6,25.0,857.3,23.81,-6.25,-4.11,30.11
29900,0,19.72,90.02,13.12,74.7,9.1,825.5,19.62,-7.24,-4.65,30.39
29920,0,6.71,83.99,26.8,164.5,-84.2,831.3,19.4,-9.55,-9.15,30.84
29940,0.42,8.04,71.05,34.44,70.7,-114.5,918.5,9.38,-11.66,-7.74,30.99
29960,1.55,4.92,55.53,52.91,-32.3,-128.5,887.4,7.69,-21.96,-6.91,30.85
29980,0,0,41.26,66.88,72.3,-129.0,917.9,-0.71,-20.49,-6.02,30.98
30000,2.4,0,25.5,65.52,1.3,-203.5,1025.0,-2.19,-18.07,0.26,31.21
30020,2.16,0,14.76,63.89,-73.3,-161.7,1054.6,-7.85,-16.28,4.3,31.12
30040,0.03,2.18,10.42,54.09,-66.7,-212.1,1010.1,-6.8,-18.49,1.31,31.07
30060,0,6.89,2.3,40.74,-94.3,-90.0,968.2,-13.45,-15.42,7.91,30.74
30080,0,0,0.38,24.78,-104.0,-98.0,980.5,-17.01,-11.25,5.77,30.83
30100,0.7,0,2.53,15.15,2.4,-55.6,989.4,-17.63,-9.89,3.02,30.46
30120,0,2.31,0,0,-81.4,-30.9,1020.7,-27.26,-5.59,0.89,30.57
30140,1.27,2.82,3.19,3.3,-95.5,-21.8,1020.6,-17.11,1.87,0.34,29.72
30160,5.67,1.75,2.19,0,-129.8,30.4,1036.1,-24.96,12.57,-4.04,29.62
30180,2.26,0,2.56,0.78,-202.0,43.1,1039.8,-10.86,10.36,-2.93,29.24
30200,0,0,0,1.7,-16.8,77.7,1052.5,-10.21,17.4,-2.37,29.08
30220,1.5,1.3,1.06,1.75,-41.0,102.6,959.3,-7.53,18.95,-0.59,28.9
30240,1.23,1.22,0,0,-73.9,220.4,1016.2,-5.87,20.43,-1.08,28.0
30260,0,0,0,4.68,-71.4,68.9,1013.3,-5.27,22.28,1.13,28.04
30280,67.17,34.79,9.66,4.14,21.8,279.7,963.8,6.22,16.62,4.56,28.08
30300,60.13,38.73,19.27,0,61.6,75.4,879.9,8.9,21.74,4.69,28.57
30320,31.55,54.79,32.14,2.96,104.3,104.5,893.2,17.14,12.38,6.06,29.1
30340,11.87,53.47,45.71,1.1,29.0,182.8,849.7,18.26,10.91,2.89,29.69
30360,0,52.39,59.48,0,97.7,-22.0,788.8,14.29,12.83,5.8,29.7
30380,0.02,43.75,74.4,0,108.8,92.9,806.8,16.98,0.44,1.04,29.99
30400,4.14,31.74,83.22,4.15,28.4,-21.1,752.1,18.2,-8.73,-1.36,29.96
30420,0,20.56,86.78,7.2,102.2,5.2,780.8,13.48,-3.03,-5.1,30.58
30440,0,10.76,85.7,25.22,11.6,-115.8,831.4,18.55,-1.24,-6.14,30.47
30460,0,2.44,70.69,37.11,96.5,-81.3,853.8,7.94,-14.66,-4.31,30.82
30480,0.81,0.92,56.02,54.92,71.2,-131.3,911.9,11.08,-16.32,-2.17,31.13
30500,1.32,2.64,39.41,60.24,35.3,-158.0,924.0,2.59,-13.29,-2.44,31.02
30520,0.23,1.65,26.1,68.46,19.6,-128.2,1031.3,4.38,-20.53,-1.05,30.97
30540,0,0,17.24,66.89,21.1,-211.6,1019.2,-1.99,-18.34,2.64,30.92
30560,0,0,7.42,55.01,27.4,-136.0,969.8,-11.53,-10.76,2.42,31.11
30580,3.45,0,6.83,41.31,-86.5,-97.2,1018.3,-13.15,-19.15,1.95,30.63
30600,0,0,4.8,24.23,-78.2,-137.7,999.2,-14.62,-12.73,5.52,30.77
30620,0,1.88,0,18.07,-81.8,-123.6,1014.2,-21.28,-3.01,4.03,30.8
30640,7.44,0,0,10.97,-37.0,-98.7,955.8,-18.28,-2.88,2.79,30.12
30660,0,0,1.76,7.47,-101.9,-1.7,991.4,-18.69,-1.83,-3.21,30.19
30680,0,1.58,3.65,1.93,-28.4,109.4,1002.3,-14.26,2.79,-3.84,29.73
30700,0,0,1.54,0,-57.1,125.3,991.9,-15.97,18.27,-2.99,29.74
30720,0,0.5,0,1.71,-49.4,86.6,994.8,-13.35,21.58,-5.82,29.03
30740,0,0,2.54,2.9,15.5,206.5,1082.9,-9.57,10.3,-6.05,28.41
30760,0,0,0,4.42,17.3,106.0,983.7,-1.32,19.29,-3.28,28.5
30780,2.67,4.31,2.89,0,-23.1,201.2,997.0,-2.1,10.81,3.0,28.0
30800,73.41,37.01,14.4,0,38.5,222.6,962.4,1.21,13.28,1.88,28.31
30820,48.9,46.69,19.89,0.47,65.6,108.4,958.4,9.68,16.45,5.08,28.63
30840,34.02,58.13,27.29,0,62.8,78.7,878.0,12.04,16.18,4.71,28.84
30860,15.7,54.36,46.25,0,62.3,84.3,867.9,19.17,14.44,5.72,29.45
30880,6.64,56.92,57.95,0,93.7,4.4,834.7,21.26,12.78,4.27,29.68
30900,0,49.81,74.42,0,140.8,-51.4,815.0,20.07,7.34,0.53,29.83
30920,1.34,26.64,87.24,8.31,215.5,2.7,777.0,16.79,2.11,0.12,30.2
30940,2.83,17.9,87.56,14.45,220.2,-24.9,787.7,16.23,0.5,-3.64,30.15
30960,1.5,20.13,80.6,19.12,114.8,9.3,863.7,14.16,-3.82,-3.98,30.22
30980,0,4.75,62.91,35.26,-17.9,-179.9,878.0,11.16,-7.89,-10.17,30.8
31000,0,7.38,52.4,43.8,-49.7,-177.7,917.8,14.29,-13.43,-6.09,31.09
31020,3.82,0.23,41.97,58.96,77.6,-173.7,943.3,4.81,-9.1,-4.13,30.76
31040,1.99,0,26.16,67.98,39.1,-86.0,1007.8,0.59,-24.14,-1.09,30.85
31060,0,0,17.45,60.04,-12.0,-203.8,999.8,1.03,-19.39,6.38,30.84
31080,0.45,0,13.64,50.44,23.7,-204.5,980.2,-8.36,-20.19,0.42,30.9
31100,5.26,0,8.94,36.94,-67.6,-134.4,1015.1,-11.91,-15.74,7.23,30.88
31120,1.35,0,2.36,23.74,-103.7,-62.0,1005.8,-18.41,-9.33,7.35,30.68
31140,3.84,1.56,0,14.41,-28.7,-46.9,987.7,-16.68,-8.97,2.81,30.55
31160,2.82,1.07,4.16,9.1,-94.6,-92.2,993.8,-16.08,-9.69,-1.15,30.28
31180,0.59,0.06,0,1.86,-74.6,-12.9,931.6,-21.19,3.95,0.6,29.83
31200,2.11,1.53,0.16,6.04,-133.8,42.8,1000.4,-18.32,-1.79,-3.2,29.8
31220,0.05,0.1,0,0,-33.7,204.3,975.8,-15.17,11.84,-2.14,29.58
31240,0,0,0,1.33,-73.4,46.9,983.4,-20.15,11.11,-3.54,29.05
31260,0.68,0.68,0,0,-34.8,163.7,974.0,-11.01,23.24,-4.61,28.61
31280,0.94,1.76,3.27,2.66,-21.4,117.0,957.5,-1.84,21.16,-0.18,28.66
31300,0,1.96,0,0,-78.7,169.9,997.9,-0.77,20.75,-2.25,27.96
31320,75.79,33.59,9.34,0,80.6,99.0,921.0,-0.48,25.88,2.14,27.98
31340,49.33,41.3,13.35,0,-26.2,193.8,948.7,9.74,17.82,4.3,28.54
31360,31.41,57.88,29.92,4.06,-49.4,88.4,850.1,12.42,18.11,1.41,28.67
31380,18.92,53.95,43.0,0,61.0,150.1,796.2,13.46,7.75,5.14,29.55
31400,4.2,54.76,63.7,4.14,121.3,37.6,782.1,19.17,15.9,5.21,29.66
31420,1.41,48.49,73.64,5.82,114.1,-1.6,810.2,19.99,3.39,2.96,29.82
31440,6.41,35.56,83.72,3.26,14.8,54.7,840.2,12.84,1.72,2.74,29.99
31460,0,24.91,84.98,5.41,159.3,-52.5,784.5,21.93,-6.96,-1.11,30.15
31480,0.24,11.51,82.64,17.18,107.4,-48.2,878.2,21.69,-4.25,-2.6,30.57
31500,3.08,0.98,72.79,36.73,99.2,-185.4,866.3,14.52,-15.85,-2.12,30.62
31520,0,4.17,59.6,52.08,69.5,-149.9,888.8,13.18,-14.01,-4.89,30.69
31540,3.24,6.2,40.13,58.81,71.0,-111.0,947.8,8.14,-11.62,-5.53,31.35
31560,0,5.15,30.35,66.5,107.1,-172.0,954.0,1.74,-21.06,1.1,30.84
31580,0,0,14.11,65.57,-78.9,-100.9,1008.5,0.32,-13.48,1.74,30.9
31600,0,0.5,6.32,51.94,-129.9,-70.5,1000.7,-4.97,-11.58,7.54,31.1
31620,0,0,6.3,40.48,5.7,-40.5,994.4,-14.0,-15.04,4.04,30.61
31640,0,3.51,5.35,24.06,-111.1,-97.1,1062.3,-13.89,-11.25,6.29,30.48
31660,0.12,2.49,0,14.15,-90.0,-67.1,1031.8,-14.76,-5.31,6.04,30.24
31680,0,6.9,0.28,6.64,-148.6,4.9,1012.7,-20.41,-2.55,3.54,30.47
31700,1.91,0,0.01,0.5,-110.2,-20.8,1051.5,-20.88,5.84,-1.64,30.22
31720,1.69,8.63,1.94,0.99,-47.5,128.7,1009.9,-18.83,-0.92,-2.81,29.5
31740,1.92,4.03,4.3,3.06,-86.8,45.0,964.0,-21.76,4.9,-3.08,29.15
31760,1.78,0,0.88,6.14,-69.3,179.9,989.3,-18.3,18.66,-3.86,29.19
31780,0,0,0,0,-80.5,71.6,1006.2,-11.75,11.99,-2.44,28.59
31800,8.22,0,0,0,-100.8,122.5,1033.2,-6.08,18.52,-2.07,28.39
31820,0,0,3.41,0,-76.5,97.5,1009.4,-4.41,19.77,0.01,28.03
31840,72.13,24.27,13.57,0,-30.9,219.1,916.2,6.61,19.69,0.7,28.25
31860,58.76,46.42,13.99,0,60.7,182.4,958.8,9.2,17.41,2.13,28.79
31880,44.09,51.22,25.66,1.74,62.9,141.9,876.0,13.27,11.61,3.57,28.98
31900,26.56,58.96,40.19,6.67,118.0,166.6,884.5,16.49,10.17,6.05,29.31
31920,11.95,51.54,57.7,2.65,105.3,50.4,868.9,14.62,15.55,7.72,29.61
31940,0,52.13,69.33,1.89,-28.4,28.6,761.7,23.85,5.04,2.33,29.83
31960,0,36.9,89.48,4.92,69.7,30.6,811.5,17.36,5.08,-1.98,29.7
31980,0,22.27,84.76,10.6,80.5,-39.4,795.9,23.18,-8.94,-3.63,30.51
32000,0.56,8.72,82.45,18.34,82.6,-145.8,809.7,19.56,-9.56,-4.38,30.25
32020,0,4.36,69.81,30.05,58.2,-144.9,860.8,19.81,-8.1,-3.49,30.72
32040,4.03,0,58.0,49.12,68.8,-78.1,899.7,9.88,-19.36,-5.52,30.83
32060,0,7.34,44.76,55.85,24.5,-108.4,973.3,8.33,-11.52,-1.43,31.08
32080,2.91,0,31.26,67.67,100.3,-147.5,994.6,1.89,-18.75,-3.59,31.22
32100,2.87,2.4,19.5,62.45,-107.9,-136.2,988.3,-2.03,-22.54,1.25,30.94
32119,0,0,11.76,60.71,-16.0,-53.1,994.1,-10.14,-10.66,4.41,31.03
32140,0,0,9.88,45.76,-26.1,-41.3,972.0,-10.61,-9.41,3.55,30.87
32159,0,0,4.94,29.07,-35.0,-3.5,1000.9,-15.17,-12.17,4.49,30.9
32180,0,0,4.28,14.81,18.5,-75.5,1039.8,-19.45,-9.33,1.55,30.39
32200,2.09,0,3.6,4.43,16.0,-62.5,1034.1,-18.07,-8.74,2.65,30.06
32220,0,0,0,0,-105.6,-5.0,1011.3,-19.82,-3.05,3.82,29.45
32240,0,0,6.06,7.25,-143.0,-31.1,1064.3,-18.56,1.06,-4.55,29.94
32259,0,0.15,0,2.04,-102.1,109.0,1056.8,-19.2,4.88,-2.32,29.27
32280,3.27,0,5.88,2.04,-147.5,-4.4,996.4,-21.52,21.96,-8.1,29.21
32299,0.21,0,0,0,-15.6,165.8,1018.7,-11.27,14.93,-2.91,28.74
32320,3.7,0.49,0,0,10.2,175.8,981.2,-8.66,21.82,0.8,28.49
32340,0,0,0.91,3.61,-59.8,201.2,1022.6,0.19,19.82,-5.73,27.85
32360,73.75,25.73,6.49,0.52,-34.9,95.7,934.0,-1.2,18.45,0.4,28.32
32380,59.17,40.85,11.83,0,8.1,78.5,853.9,7.75,20.93,1.88,28.9
32400,32.49,55.98,22.54,0.28,44.7,162.0,845.9,11.03,24.81,2.42,29.11
32420,20.11,49.97,41.11,0,121.1,168.2,845.1,14.42,11.36,5.01,29.32
32439,13.59,55.87,57.31,0,86.7,34.4,855.4,16.94,9.64,4.41,29.57
32460,0,49.39,71.46,0,170.5,34.1,846.8,18.43,7.55,2.14,29.71
32479,0,38.72,81.97,6.16,161.1,27.3,854.0,18.9,0.21,-1.48,30.33
32500,1.77,25.11,92.72,15.95,126.1,-76.0,784.3,19.88,1.98,-0.34,30.06
32520,0,15.76,86.62,16.78,21.1,-87.7,859.7,17.58,-13.48,-2.17,30.47
32540,3.32,7.97,76.3,30.24,70.0,8.7,850.6,15.14,-12.38,-5.09,30.58
32560,0,4.48,56.82,47.11,102.9,-138.6,939.4,8.6,-19.47,-3.28,31.05
32580,0,0,46.79,57.96,-33.7,-179.9,888.9,10.02,-22.2,-4.82,30.88
32600,1.0,4.54,30.65,66.28,-8.3,-77.3,955.1,2.57,-20.74,-0.66,30.71
32619,0,4.59,12.99,70.21,-39.9,-110.7,987.7,-2.14,-10.07,0.98,31.2
32640,0,0,7.21,51.48,35.2,-141.5,990.5,-7.02,-13.67,5.63,30.99
32659,0,0,3.02,47.65,-71.4,-100.5,966.4,-10.01,-24.2,1.19,30.93
32680,0,0,1.56,28.75,5.7,-117.0,967.1,-17.43,-12.28,3.84,30.74
32700,0,0,0,15.5,-46.2,-57.0,1005.4,-19.94,-8.76,3.49,30.82
32720,0,0,0,8.12,50.4,17.2,971.9,-22.86,-7.8,0.82,30.24
32740,0.43,0.62,0,4.49,-180.4,55.6,986.9,-18.55,2.95,2.47,30.1
32759,1.46,0.45,1.81,2.14,-72.7,75.0,988.2,-14.07,9.49,-0.03,30.21
32780,0,2.31,0,0,-97.5,128.1,1036.1,-18.01,15.06,-5.18,29.71
32800,1.97,1.86,2.48,1.14,-98.7,132.9,981.2,-13.49,11.65,-4.5,29.13
32820,0,0.62,4.13,0,-125.6,143.0,983.6,-9.03,17.56,-4.19,29.01
32840,0,0,0.04,0,-34.5,131.0,997.4,-6.84,22.77,-3.47,28.84
32860,0.85,0,3.69,0,70.4,196.2,1016.6,-3.31,14.75,-5.49,28.59
32880,79.03,26.48,12.43,2.95,-5.5,164.9,983.2,7.87,22.28,0.52,28.62
32900,56.02,41.28,7.0,0,-30.1,181.5,935.0,10.55,13.7,2.99,28.56
32920,40.89,50.44,26.44,0,96.5,105.8,938.5,13.62,12.51,4.19,28.85
32940,27.68,56.92,42.54,1.26,114.4,12.5,797.6,14.13,9.77,2.77,29.03
32960,7.99,57.68,50.96,0.4,88.5,-28.8,805.1,16.84,12.45,7.35,29.69
32980,0,46.18,64.55,0,53.0,101.2,788.5,16.23,0.61,3.73,29.92
33000,1.4,38.68,83.05,2.42,84.8,2.9,726.8,9.52,3.47,0.62,30.01
33020,0.55,22.59,82.49,11.16,47.0,14.9,790.4,19.45,-1.04,1.34,30.4
33040,0,11.11,89.35,18.89,103.3,-44.4,794.6,15.0,-5.46,-2.49,30.64
33060,2.37,13.13,78.43,32.95,142.4,-101.1,833.8,17.0,-17.93,-5.95,30.91
33080,0,5.56,64.22,47.26,81.9,-181.2,877.8,8.45,-14.81,-5.74,31.06
33100,0,0,51.98,60.58,17.0,-103.8,890.7,5.16,-16.0,-2.55,30.8
33120,0.75,3.8,33.22,66.15,60.2,-108.4,984.6,2.06,-20.91,-1.45,30.58
33140,0,4.1,22.01,65.97,-4.1,-107.6,1020.9,-4.48,-13.72,-0.91,31.08
33160,0,6.74,13.28,59.2,-79.5,-32.7,1045.4,-6.65,-11.36,1.21,31.11
33180,3.93,0.84,7.35,43.62,-82.4,-236.0,1025.2,-8.04,-4.9,3.48,30.56
33200,0,0,2.93,31.26,-15.8,14.9,1055.7,-14.81,-19.46,5.33,30.56
33220,0.17,0.12,0,15.78,-99.9,-129.3,996.8,-17.92,-10.55,6.76,30.67
33240,0,2.35,5.86,11.44,-138.9,-114.1,1005.4,-19.69,-4.41,2.04,30.63
33260,0,0,0,6.59,-163.7,29.2,1021.0,-20.16,0.91,-2.38,29.99
33280,3.34,2.41,0,3.11,-94.7,-70.4,1041.9,-18.19,4.47,-5.26,30.0
33300,0.34,0,0,1.62,-122.2,119.1,1016.8,-13.1,15.48,-7.4,29.58
33320,0,1.46,3.59,0,-67.4,80.2,1010.3,-16.87,18.63,-5.51,29.07
33340,0,3.87,0.42,0.82,-94.2,155.9,1015.8,-6.47,13.45,-7.49,28.94
33360,6.62,0.67,1.93,2.38,20.6,156.5,944.1,-7.51,24.66,-4.19,28.44
33380,0.92,2.53,0.87,4.87,0.2,110.1,991.5,-4.86,20.56,-5.32,27.76
33400,71.72,21.96,7.76,4.59,-11.1,40.2,939.9,4.81,21.42,1.34,28.3
33420,58.17,36.09,12.96,1.91,34.9,151.1,919.7,5.34,22.42,7.52,28.55
33440,44.92,47.86,21.7,0.52,73.8,104.3,878.3,8.81,15.9,6.44,29.22
33460,22.48,58.12,37.79,6.34,58.9,18.0,831.2,14.28,14.44,3.72,29.44
33480,3.61,58.51,53.72,0,51.9,-20.3,869.5,23.6,6.38,2.28,29.61
33500,2.82,52.49,69.94,6.6,137.9,62.3,864.8,17.3,1.6,5.94,29.75
33520,2.68,39.66,79.84,3.77,83.4,14.1,797.8,21.37,-3.46,1.01,29.76
33540,0.81,26.66,85.48,16.47,160.5,-54.3,805.3,17.31,2.93,-3.12,30.78
33560,0,12.07,89.82,16.02,-14.6,-18.4,846.9,15.34,-10.41,-4.79,30.55
33580,0,5.89,80.39,30.65,129.5,-149.0,843.3,14.2,-15.53,-0.62,30.95
33600,0,5.59,60.52,45.31,78.4,-117.1,875.6,7.59,-22.08,-5.52,30.75
33620,0,2.37,44.5,60.05,-19.0,-179.0,943.3,8.78,-11.44,-5.94,31.03
33640,0.47,0,31.7,68.82,-20.4,-139.3,936.7,9.09,-16.88,-0.9,31.15
33660,2.2,2.11,20.95,65.92,-112.3,-220.4,983.9,0.68,-10.52,-0.85,31.0
33680,0,0.46,5.83,62.19,-68.0,-157.8,1002.5,-8.48,-17.5,3.42,31.24
33700,3.81,0,9.17,49.68,-88.2,-71.8,1034.1,-9.5,-16.84,7.65,31.12
33720,0.65,0,4.84,32.11,-87.8,-87.6,999.9,-13.55,-2.34,3.11,30.65
33740,8.27,0,0,17.12,-144.8,27.7,1046.2,-20.65,-4.58,1.35,30.7
33760,0,0,4.51,11.66,-104.7,-73.5,1048.6,-26.33,-2.59,1.76,30.26
33780,0,0.61,1.54,3.03,-58.7,-40.4,956.4,-17.39,1.78,-1.44,30.19
33800,0,1.43,1.89,0,-121.3,-82.1,1033.6,-20.06,1.49,-1.53,29.8
33820,2.16,3.56,0.3,0,-136.4,89.9,984.4,-13.99,7.7,-4.32,29.9
33840,0.98,0,0.18,1.53,-79.9,75.6,1011.3,-13.67,13.77,-3.18,29.37
33860,0,2.0,2.8,0,-78.3,143.0,1069.2,-7.91,10.58,-2.97,28.69
33880,0,0,0,1.4,-92.2,106.0,986.1,-14.35,22.41,-2.46,28.68
33900,1.92,0,0,0,-66.3,139.7,1039.4,-5.7,19.3,-2.03,28.11
33920,76.63,29.27,7.46,0,11.8,139.5,946.0,-3.08,21.98,1.28,28.32
33940,67.94,33.46,6.4,3.35,46.9,168.2,925.7,6.68,20.45,4.06,28.3
33960,42.01,48.96,22.06,0,-13.3,199.7,853.3,10.33,18.48,4.12,28.6
33980,23.43,53.7,39.38,1.49,57.0,38.6,888.7,14.59,25.37,1.89,29.24
34000,15.21,55.54,49.53,4.07,24.3,61.6,861.4,16.11,7.61,3.87,29.38
34020,1.58,53.51,66.31,6.59,117.9,55.1,848.3,20.16,3.27,3.23,29.42
34040,0,40.25,80.62,5.75,149.3,-88.1,814.6,19.39,-1.44,3.01,30.2
34060,1.69,25.84,85.78,9.52,77.2,14.8,793.3,18.57,-1.57,-1.73,30.35
34080,2.45,12.15,87.41,17.28,126.7,-50.4,853.3,20.26,-10.46,-3.41,30.37
34100,0,7.53,79.77,30.64,89.5,-9.5,843.8,15.09,-11.39,-6.57,30.67
34120,0.63,2.2,67.26,42.7,2.0,-206.2,916.1,10.8,-12.61,-3.77,30.75
34140,0,0,48.06,62.83,93.7,-184.4,943.9,9.21,-13.83,-3.37,31.09
34160,0,2.6,34.35,62.77,-44.7,-70.4,952.8,5.78,-16.23,-2.32,31.0
34180,0,0,24.07,65.25,-83.1,-74.6,941.4,-1.71,-22.6,0.72,30.52
34200,1.95,2.94,10.43,64.39,-122.2,-74.7,1058.0,-1.93,-19.73,4.9,30.62
34220,0,4.6,11.74,45.47,-43.5,-126.3,1011.6,-16.5,-23.78,1.89,30.69
34240,0.13,5.24,6.48,34.4,-85.1,-198.2,996.8,-12.65,-19.89,5.44,30.66
34260,0.06,0,0,27.34,-151.4,-34.7,957.4,-9.87,-9.41,1.01,30.52
34280,0,2.06,2.93,12.93,-97.9,-45.8,1009.8,-21.72,0.2,2.19,30.31
34300,1.1,0,2.21,4.11,-196.1,28.2,1004.5,-20.65,-7.84,1.58,30.12
34320,1.93,0,2.13,2.41,-148.1,18.7,1007.0,-15.16,-7.26,-1.34,30.22
34340,0,0,0,0,-185.2,77.6,1028.3,-16.57,12.13,-5.32,29.77
34360,4.16,2.32,0,1.29,-23.0,92.4,1010.4,-15.5,14.78,-3.29,29.31
34380,0,1.07,0,0,-42.1,50.2,1014.8,-10.99,15.87,-4.61,28.8
34400,4.56,0,0,0,-82.6,151.4,1009.0,-10.93,21.22,-4.56,28.74
34420,2.08,0,0,4.09,-87.7,154.0,1029.7,-5.78,11.54,-0.69,28.27
34440,77.35,22.56,11.85,2.27,39.7,157.9,976.2,1.27,19.5,1.87,28.11
34460,65.04,32.84,16.97,0,30.1,80.3,920.0,5.85,16.75,5.57,28.46
34480,45.84,50.49,24.28,0,-52.1,105.8,863.8,8.79,17.39,3.32,28.67
34500,29.53,59.26,33.4,0.76,182.1,160.7,858.3,10.47,12.63,6.22,28.88
34520,15.97,60.74,49.39,3.64,130.4,101.1,878.3,14.93,17.22,4.86,29.32
34540,5.4,49.58,68.23,0.68,179.4,56.5,701.4,20.62,0.05,1.53,29.96
34560,1.57,41.34,77.03,4.41,38.7,17.8,773.4,19.46,-4.51,-0.46,30.42
34580,0,29.46,86.41,10.99,63.1,23.9,809.2,19.32,-5.45,-2.51,30.23
34600,2.47,17.86,88.93,16.49,134.9,-68.5,838.9,15.62,-4.39,0.45,30.45
34620,0,10.51,75.09,27.89,89.7,-72.7,828.4,15.25,-17.74,-8.36,30.67
34640,1.26,5.41,65.64,45.54,47.1,-113.3,872.7,11.22,-11.3,-5.22,30.8
34660,1.3,0,49.93,52.52,30.8,-190.4,930.1,11.86,-12.57,-1.57,30.53
34680,0,0.8,31.06,59.31,-15.2,-115.9,901.0,2.37,-16.96,-2.04,31.06
34700,0,4.91,29.15,71.69,-10.7,-162.0,1034.0,0.43,-20.34,1.73,31.19
34720,0,0,18.48,60.79,5.7,-119.6,971.5,-9.61,-18.18,4.4,31.17
34740,2.78,0,0,46.37,-121.8,-166.4,1044.9,-4.49,-17.48,2.47,30.67
34760,0.63,0.81,1.24,35.74,-89.0,-212.4,1010.8,-16.82,-7.78,1.98,30.87
34780,2.43,0,0,20.51,-94.4,-33.3,989.4,-18.69,-19.76,3.5,30.57
34800,0.29,0,3.71,5.05,-102.8,-129.3,983.2,-22.56,-13.52,4.12,30.58
34820,0,0,1.98,9.06,-78.0,30.6,978.8,-19.98,-4.11,1.28,30.25
34840,7.81,0,2.11,0,-22.0,3.6,999.3,-17.75,15.47,-1.04,29.89
34860,1.12,0,1.26,2.01,-120.8,85.5,945.5,-15.64,6.25,-2.78,29.78
34880,0,1.11,5.76,0.62,-124.3,61.3,1000.9,-17.54,2.61,-3.64,29.64
34900,0.91,6.24,1.77,2.72,-94.8,118.0,1034.5,-10.44,22.45,-3.91,29.02
34920,1.81,2.87,2.23,0,57.6,149.5,978.5,-13.43,21.06,0.49,28.79
34940,0,0,0,0,44.2,49.7,1012.9,-4.02,8.01,0.65,28.33
34960,76.46,18.4,8.44,0,81.6,152.2,1006.6,6.06,18.95,-1.35,28.1
34980,67.96,41.59,11.23,2.44,4.4,157.6,938.6,3.35,20.82,3.42,28.56
35000,44.27,47.6,17.34,0.08,16.4,116.6,900.1,16.52,13.74,7.49,28.85
35020,35.53,56.42,28.52,4.48,105.1,156.9,913.6,14.49,14.16,3.39,28.88
35040,14.26,54.59,43.94,5.1,76.9,103.1,894.3,17.11,2.79,2.17,29.66
35060,5.9,48.84,66.7,0,165.5,40.1,747.7,15.73,3.17,1.84,29.56
35080,1.08,42.48,79.06,5.02,137.3,22.3,802.4,20.04,0.27,2.13,29.84
35100,2.25,29.99,85.43,9.37,2.1,-9.7,838.0,17.12,-4.2,-2.3,30.68
35120,0,16.12,86.02,15.08,89.9,-52.1,785.2,15.73,-3.22,-4.67,30.54
35140,0,11.5,77.39,32.72,99.7,-58.9,795.8,17.13,-12.6,-8.33,30.73
35160,0,5.16,71.23,40.84,81.3,-195.7,861.2,7.55,-20.52,-5.73,31.04
35180,0,3.31,55.67,53.82,76.6,-36.0,963.2,4.81,-16.96,-9.04,30.88
35200,2.24,0.34,39.56,62.53,-21.9,-77.7,964.7,10.11,-26.58,-4.02,30.44
35220,4.49,1.41,21.77,60.89,45.5,-206.0,995.0,-3.49,-27.04,2.13,30.83
35240,0,0,10.6,60.89,-116.1,-110.9,1076.9,-6.13,-15.77,5.89,31.19
35260,1.89,0,9.37,52.77,-110.9,-211.0,983.5,-7.78,-22.54,5.74,30.71
35280,0,0,0.95,36.42,-77.4,-139.6,997.8,-14.07,-8.37,6.96,30.7
35300,0,0,0,24.61,-21.5,-124.3,983.8,-10.34,7.42,6.55,30.68
35320,0,0,2.73,15.74,-129.7,19.7,1030.9,-23.25,-16.46,7.96,30.49
35340,0,0,0,4.55,-86.6,-95.0,1009.2,-16.92,2.61,4.88,30.42
35360,3.22,0,1.91,0,-158.2,12.5,970.5,-15.16,-3.15,-1.74,30.05
35380,0,2.47,1.64,7.38,9.0,86.5,1010.1,-15.94,10.05,-2.89,29.69
35400,0,0,0,1.45,-22.1,119.7,1028.0,-18.51,10.96,-5.17,29.49
35420,0.19,2.38,0,0,-107.9,196.7,1000.5,-14.4,11.24,-3.49,29.0
35440,2.45,0,0,0,-59.9,109.9,965.9,-14.25,22.37,-2.67,28.91
35460,0,4.56,0.5,0,-6.8,189.8,1011.3,-5.26,19.86,0.55,28.42
35480,73.3,21.88,6.34,0.05,24.3,175.5,937.5,0.49,23.87,1.48,28.04
35500,70.88,31.0,10.05,1.17,108.2,165.2,900.0,5.85,16.13,6.03,28.33
35520,46.81,49.53,20.53,0.87,101.3,98.8,913.3,10.38,24.8,7.24,28.94
35540,28.09,53.49,27.36,1.09,75.6,85.3,922.5,17.1,18.05,3.12,29.14
35560,12.56,65.78,43.23,2.76,109.7,131.0,830.4,17.86,11.48,5.92,29.63
35580,5.59,55.58,61.97,3.75,100.1,53.4,789.1,16.62,14.33,0.95,29.62
35600,3.54,41.29,76.32,3.88,97.4,0.4,787.8,17.86,5.74,-0.11,29.98
35620,0,29.13,84.92,10.91,174.4,63.5,796.1,14.08,-6.83,-1.32,30.28
35640,2.9,17.83,87.6,12.65,5.6,-128.1,800.8,19.29,-14.66,-4.31,30.46
35660,1.77,10.29,84.49,22.76,128.6,-35.9,836.5,14.9,-8.77,-3.47,30.98
35680,4.08,1.96,74.1,34.09,10.5,-165.8,831.5,10.71,-26.59,-5.45,30.54
35700,2.75,6.53,49.62,50.25,21.3,-108.5,911.9,8.16,-15.72,-2.75,30.92
35720,1.09,0,38.81,62.94,-32.7,-73.8,922.7,4.9,-14.73,-5.23,30.92
35740,0.25,0,23.65,63.53,-4.2,-145.9,988.0,1.85,-14.92,1.39,31.23
35760,2.01,5.58,19.07,63.28,-33.6,-137.8,1026.7,-2.23,-25.62,4.87,31.05
35780,2.0,3.89,13.45,52.64,-14.6,-207.3,1020.7,-11.99,-15.93,1.18,30.46
35800,5.87,0,1.72,32.96,-44.2,-121.4,1061.3,-11.49,-13.37,7.53,30.59
35820,0,0,0,23.16,-57.5,-43.7,1045.8,-15.46,-12.03,2.54,30.26
35840,0,1.87,5.71,9.31,-118.4,-35.1,1032.1,-18.19,-0.84,-1.0,30.42
35860,0,0,1.3,11.3,-7.4,46.1,1007.0,-20.41,-1.44,1.43,30.2
35880,1.15,4.01,0,0,-176.3,12.7,1001.3,-16.55,-9.53,0.43,30.1
35900,0,1.76,0,0,-55.9,28.0,1002.9,-17.7,5.14,-4.2,29.71
35920,3.81,0,4.77,2.04,-83.4,34.9,1012.5,-19.64,14.96,-4.36,29.34
35940,0.26,0.42,3.91,0,12.7,78.4,1045.3,-12.65,9.24,-3.7,29.21
35960,0,5.79,0,1.77,4.3,43.8,1033.9,-13.44,18.83,-1.84,28.61
35980,0,0,0,4.94,-48.0,123.5,1001.6,4.9,26.06,0.78,28.33
36000,81.77,26.97,6.16,1.73,11.3,214.5,942.7,-1.62,26.21,4.57,27.67
36020,68.81,34.04,8.04,0,2.8,118.2,922.2,2.01,21.95,1.46,28.58
36040,53.84,42.8,18.63,0,21.0,152.1,892.5,12.39,15.81,6.14,28.29
36060,27.76,51.51,30.03,0,121.1,81.2,842.2,11.96,26.09,7.01,28.98
36080,12.96,62.63,48.37,0.81,103.3,81.5,869.7,15.92,-3.7,7.46,29.42
36100,0.06,58.85,65.28,3.0,87.8,4.9,787.6,20.17,7.96,5.07,29.71
36120,3.89,40.52,79.86,3.27,121.3,88.3,765.5,24.94,-4.14,2.99,30.01
36140,0,26.78,84.54,4.72,126.5,-58.4,778.4,20.95,-9.09,-1.31,29.75
36160,0.93,15.26,81.28,9.21,117.8,-136.5,860.8,20.86,-5.25,-2.98,30.62
36180,3.45,12.85,78.94,15.47,-11.4,-80.1,861.8,20.5,-7.55,-3.98,30.6
36200,0,7.94,70.84,39.19,109.3,-103.9,833.9,9.47,-18.88,-6.0,30.86
36220,0,2.22,52.6,49.59,-1.8,-159.7,869.3,9.17,-13.97,-4.17,30.96
36240,0,1.47,36.4,61.19,77.2,-77.8,956.8,5.32,-26.64,-2.53,30.77
36260,0,1.04,23.25,72.11,-2.1,-82.8,967.0,-7.84,-21.87,-2.15,31.02
36280,0,1.23,17.97,66.19,-79.1,-254.5,981.6,-7.37,-19.08,4.78,31.17
36300,3.59,0,13.33,52.77,-72.9,-142.7,983.2,-11.74,-19.65,3.5,31.12
36320,0,1.64,5.09,35.79,-18.5,-54.2,978.3,-12.21,-17.44,3.85,30.86
36340,0.44,0,0,21.41,-11.1,-94.4,1037.4,-21.06,-8.85,2.97,30.75
36360,0,0,1.98,12.04,-112.4,-44.6,982.2,-18.79,-6.22,1.37,30.48
36380,0,2.87,3.02,5.56,-188.0,-80.8,995.8,-16.27,-3.79,-0.58,30.22
36400,4.22,0,1.47,3.81,-12.0,-33.1,1033.1,-19.75,-0.15,-1.95,30.02
36420,0,0.49,4.12,0.35,-133.7,71.9,1039.6,-22.49,4.29,-4.76,29.68
36440,0,0,0.96,1.5,-101.0,113.3,1013.2,-15.88,16.65,-5.23,29.42
36460,0,6.73,0.86,3.65,-109.2,113.7,990.9,-14.84,14.76,-5.37,29.2
36480,0,0,0.04,1.11,-60.4,130.7,980.8,-11.83,19.86,-4.13,28.75
36500,4.13,0,2.24,1.9,36.7,38.2,993.9,-9.47,13.1,-1.39,28.21
36520,0,2.61,1.39,0,-43.9,106.0,988.8,-3.29,22.02,-1.39,28.23
36540,71.88,31.16,15.47,0,18.5,86.2,1005.1,5.18,22.15,0.17,28.42
36560,56.22,45.5,15.16,0,49.1,49.1,904.5,12.25,11.24,6.0,28.81
36580,34.55,54.24,34.99,0,44.8,-4.0,861.1,11.17,17.78,5.67,29.21
36600,17.61,57.35,46.44,2.96,145.9,20.1,840.3,17.98,11.08,4.41,29.01
36620,3.94,56.79,57.15,6.21,24.9,90.4,807.0,14.33,4.2,3.17,30.15
36640,2.05,44.77,73.59,2.39,84.4,27.4,785.1,22.0,1.14,2.24,29.92
36660,3.93,31.02,82.39,8.03,99.1,-101.5,828.1,20.03,-2.11,-0.2,30.44
36680,0.61,16.85,88.74,11.38,164.5,38.4,850.6,19.66,1.17,0.08,30.62
36700,0,14.13,79.2,17.28,65.5,-64.1,784.9,16.6,-12.99,-4.4,30.57
36720,0,0,72.45,33.94,78.8,-125.8,828.4,20.11,-11.56,-4.44,30.4
36740,0,0,55.54,57.11,144.9,-118.8,927.2,8.02,-18.48,-6.14,30.85
36760,0,6.85,39.71,65.98,23.0,-93.9,912.9,5.16,-21.78,-1.32,31.05
36780,0,0,26.84,70.15,-2.0,-126.4,956.2,-2.54,-18.45,1.86,30.93
36800,0.3,1.6,20.27,67.75,-55.4,-196.7,986.7,-5.91,-30.64,2.16,31.06
36820,0,0,9.6,54.73,-62.2,-165.0,1053.1,-6.37,-14.67,2.97,30.67
36840,0,0,8.1,41.15,-9.0,-22.7,1039.5,-9.04,-17.13,5.86,30.92
36860,2.85,3.3,0.71,24.6,-82.9,-13.3,967.6,-11.72,-15.21,4.48,30.63
36880,0,6.17,1.48,18.34,-74.2,-68.7,1003.3,-23.51,-5.98,4.69,30.41
36900,4.94,1.8,0,8.63,-61.4,-49.3,971.1,-16.21,1.69,1.09,30.4
36920,0,0,0,0.98,-120.7,-60.2,987.2,-21.72,2.42,-1.74,29.89
36940,0,0,0,0,-21.2,48.1,1006.7,-19.26,5.9,-3.5,29.97
36960,3.54,0,0,0,-143.3,28.0,955.7,-12.71,15.33,-0.62,29.43
36980,0,0.07,0.79,0,0.7,112.7,996.0,-15.13,8.71,-4.98,29.45
37000,0,0,0,0,-43.3,105.8,966.1,-9.33,22.43,-4.98,29.02
37020,1.97,3.97,2.41,1.13,-33.8,121.9,1010.2,-4.03,20.28,-2.0,28.37
37040,0,0,2.68,2.91,-98.1,128.4,1035.9,1.06,16.42,-2.98,27.83
37060,73.64,34.07,7.81,0,9.0,208.8,933.5,-5.19,21.77,2.54,28.17
37080,55.52,48.29,15.06,2.4,-11.4,66.9,945.6,12.72,24.31,6.21,28.88
37100,32.61,46.79,27.74,2.69,121.7,156.9,895.2,16.32,6.85,4.99,29.14
37120,20.24,56.35,40.59,2.78,28.4,147.7,851.1,17.45,6.34,3.92,29.39
37140,8.36,57.64,54.84,0,172.6,92.6,823.2,16.63,-3.05,0.8,29.72
37160,4.24,46.13,70.07,3.49,123.5,-41.0,812.8,20.71,4.82,-0.79,29.72
37180,0,36.53,85.87,2.33,109.7,42.8,811.5,18.3,-3.63,-2.0,30.18
37200,0.74,23.32,83.01,10.97,109.7,32.7,804.8,15.72,-8.87,-4.17,30.6
37220,0,6.77,79.71,26.04,121.9,21.6,814.7,23.44,-7.35,-1.64,30.85
37240,0,8.23,67.47,31.94,-58.9,-147.1,816.7,15.41,-19.47,-3.09,30.36
37260,0,3.16,55.04,52.74,-17.3,-143.0,874.2,6.95,-21.63,-3.2,30.48
37280,0,0.22,45.11,64.26,-104.8,-145.5,926.7,5.38,-16.06,-7.3,30.86
37300,0,3.04,25.71,67.01,-10.2,-15.9,1009.8,6.24,-18.7,2.17,30.81
37320,3.89,6.44,16.28,63.74,-21.8,-263.4,1028.7,-9.52,-20.96,1.31,30.78
37340,0.2,3.49,9.37,55.83,-23.3,-154.1,1009.3,-9.62,-16.95,0.82,30.34
37360,0.87,0.36,7.81,41.11,-93.6,-59.0,978.2,-15.12,-15.53,4.53,30.69
37380,4.9,2.73,2.81,23.45,-104.6,-54.0,1017.6,-13.63,-7.62,3.92,30.56
37400,0,0,0,15.97,-34.7,-118.9,1009.6,-17.74,-8.38,3.62,30.52
37420,0,2.11,5.69,7.2,-183.3,-53.6,1030.3,-18.06,-15.48,6.42,30.63
37440,0,0.04,0,0,-198.8,82.3,955.8,-23.76,4.67,2.31,30.14
37460,3.85,3.69,0,0,-68.4,97.6,993.5,-18.61,3.49,-4.61,29.38
37480,0,2.75,0,4.86,-113.9,35.1,960.2,-21.01,11.78,-8.01,29.3
37500,1.88,4.09,6.31,4.22,-122.9,181.0,1001.5,-12.58,11.28,-6.17,28.77
37520,0,4.2,0,0,-72.0,97.4,989.5,-4.17,13.72,-2.57,28.73
37540,0,0,1.9,0.03,-52.8,64.1,991.9,-4.26,19.24,-0.2,28.27
37560,2.56,0,0,0.31,-12.5,81.6,1036.2,-0.71,22.14,-1.63,27.83
37580,71.58,26.07,12.8,0,40.9,214.6,1011.6,3.87,24.88,3.05,28.52
37600,57.5,49.8,16.36,3.93,83.8,210.0,876.7,5.64,27.69,2.6,28.17
37620,30.89,54.97,23.21,4.52,91.4,116.8,852.9,10.89,17.02,6.79,28.87
37640,15.98,55.68,41.63,2.25,144.0,82.9,896.4,13.78,8.21,4.76,28.96
37660,9.84,58.36,54.92,0,235.4,7.8,806.9,19.68,0.48,4.22,29.24
37680,0,47.83,75.0,2.9,106.2,20.8,823.3,25.19,-3.89,-0.05,29.98
37700,0,36.71,81.04,4.86,198.6,29.5,845.1,18.81,4.67,0.17,30.07
37720,4.88,21.98,87.66,10.08,42.7,-80.3,767.8,18.87,-0.92,0.46,30.34
37740,0,12.53,85.12,20.64,101.4,-124.8,848.2,16.51,-14.88,-3.47,30.7
37760,0.4,6.59,74.8,33.53,48.3,-50.4,909.6,10.45,-13.72,-5.63,30.79
37780,2.7,0.66,58.97,46.78,0.6,-87.0,934.5,12.36,-15.47,-4.94,30.9
37800,4.76,1.76,40.28,56.07,77.2,-92.0,913.9,2.47,-19.59,-2.16,30.92
37820,0,0,23.12,64.39,-22.1,-120.8,954.0,-0.55,-22.67,-0.61,31.01
37840,0,0,15.59,68.73,-4.9,-178.3,969.9,-1.53,-24.61,2.38,30.69
37860,3.63,0,13.73,56.38,11.5,-172.5,1034.7,-6.0,-19.23,4.21,30.95
37880,7.29,0,0.18,42.71,28.2,-93.4,984.9,-11.51,-18.24,3.58,31.01
37900,0,0,0,27.31,-79.8,-80.1,919.1,-12.0,-9.89,1.82,30.71
37920,0,0,0,19.35,-103.5,-29.8,1008.2,-17.43,1.09,3.03,30.64
37940,0,1.38,1.28,10.81,-77.5,64.1,968.0,-21.83,-4.81,0.52,29.95
37960,0,0,3.52,0.59,-87.6,-39.8,983.6,-25.6,11.41,-2.03,29.58
37980,0,0,1.61,4.73,-100.9,18.3,1041.2,-20.16,3.5,-4.85,29.84
38000,0,0,3.03,0,-99.0,28.8,947.0,-14.75,12.45,-6.68,29.28
38020,0,0,5.4,3.05,-0.5,-48.3,999.9,-17.14,6.81,-5.9,29.58
38040,0.2,0,0,0,-44.9,24.6,997.9,-3.94,20.83,-6.35,28.65
38060,0,0,0,3.25,-52.8,113.9,1034.9,-12.82,18.67,-2.87,28.58
38080,0,0,0,2.34,0.0,72.4,1007.1,0.58,18.38,0.32,28.29
38100,73.05,24.89,5.73,3.31,-72.6,210.6,944.6,-1.39,14.73,0.55,28.36
38120,63.47,38.14,12.95,2.3,11.8,148.8,953.6,6.04,18.43,3.89,28.71
38140,42.23,50.67,26.08,2.18,146.0,135.1,901.6,7.98,15.72,2.68,29.11
38160,18.39,59.32,37.55,0,118.5,127.1,864.9,20.61,7.43,5.31,29.38
38180,8.36,59.4,49.04,0,114.9,94.2,826.0,18.12,16.59,1.05,29.62
38200,1.76,46.18,65.35,0.5,153.8,81.8,840.4,20.86,7.64,3.91,29.61
38220,0,36.85,82.52,5.6,73.8,-32.8,795.4,14.54,2.21,0.79,30.14
38240,2.93,22.53,84.87,10.46,15.7,-107.0,788.4,16.87,1.52,-0.51,30.33
38260,4.69,9.05,78.69,27.45,98.0,-120.2,846.0,20.11,-0.17,-5.04,30.57
38280,3.4,9.27,76.55,29.35,76.9,-48.0,838.0,20.42,-15.26,-5.19,30.75
38300,1.93,1.58,65.53,41.81,46.4,-72.5,915.0,18.92,-12.69,-2.38,31.07
38320,0,0.3,43.5,62.61,-45.5,-195.9,946.2,8.11,-7.02,-6.34,30.65
38340,1.89,0,29.56,65.96,11.5,-88.5,986.3,0.11,-16.45,-2.37,31.39
38360,0,0,17.81,66.72,-27.0,-183.9,957.5,0.14,-19.5,4.7,30.87
38380,0,1.02,11.46,57.38,-4.8,-189.4,1009.0,-3.32,-11.24,3.24,31.05
38400,0.45,0,9.33,40.22,-204.3,-121.1,1000.9,-12.16,-19.01,3.27,31.11
38420,0,0,4.98,32.24,37.4,-32.0,993.6,-20.75,-8.64,6.86,30.94
38440,0,0.94,0,19.38,-147.0,-11.6,1063.7,-16.63,-4.46,4.03,30.41
38460,0,1.23,0,12.55,-112.5,50.3,1013.8,-20.46,0.14,0.37,30.58
38480,0,3.52,0.67,5.2,-48.0,77.0,1030.9,-21.69,6.43,-2.25,29.99
38500,3.89,4.72,0.26,0,-101.8,28.7,967.1,-26.28,-1.53,-0.18,29.75
38520,0.27,4.8,1.18,3.17,-67.5,86.6,967.1,-17.78,17.49,-3.42,29.48
38540,1.93,2.33,0,0,-90.6,138.8,1024.6,-12.86,12.3,-6.47,29.3
38560,0.07,0,0,3.14,-98.4,144.5,970.9,-12.08,21.89,-6.23,28.85
38580,1.13,0,1.05,1.63,-108.8,77.4,1021.6,-10.58,20.73,-3.97,28.38
38600,0.36,0.33,4.04,1.29,1.0,146.3,985.7,-0.94,10.37,-3.27,28.18
38620,75.61,30.7,5.42,1.37,112.5,131.7,1009.8,-1.98,24.7,-2.0,27.88
38640,60.19,42.23,16.25,0,114.9,52.5,910.0,7.22,7.33,8.33,28.71
38660,43.6,53.4,28.44,0.4,31.3,202.5,913.3,10.57,18.65,5.87,29.25
38680,23.26,57.56,40.31,0,121.1,73.1,884.7,18.63,18.53,8.73,29.4
38700,10.24,54.65,56.01,1.77,136.3,45.1,843.0,15.7,11.3,7.12,29.56
38720,0.42,49.31,71.25,3.77,95.0,85.7,742.8,19.56,7.96,4.01,29.56
38740,1.22,33.19,82.14,4.39,234.6,-14.1,839.4,21.84,4.35,0.48,30.19
38760,2.31,24.1,89.32,5.69,133.3,-59.3,833.4,21.27,-7.06,-3.09,30.43
38780,5.11,13.66,89.06,16.66,110.8,23.4,793.5,19.12,-9.69,-4.51,30.91
38800,0.99,8.4,71.95,30.35,92.0,-107.8,864.5,13.71,-13.26,-3.08,30.9
38820,1.53,0,61.28,43.78,95.8,-133.4,858.6,11.1,-15.46,-7.68,31.07
38840,0,0.25,42.99,59.6,-29.2,-149.2,923.8,2.07,-20.26,-2.88,30.92
38860,3.43,3.44,33.4,62.95,53.2,-150.8,955.9,4.47,-11.06,-1.31,31.19
38880,2.86,0.84,17.27,64.99,12.9,-209.2,955.4,-4.64,-23.95,1.72,30.93
38900,0,0,9.71,59.06,66.2,-116.4,933.7,-3.22,-10.59,2.75,30.86
38920,0,1.25,5.42,47.07,-21.4,-159.1,974.2,-9.08,-20.64,4.84,30.88
38940,0,0,4.84,36.47,-64.5,-118.6,1032.9,-15.08,-20.23,5.7,30.52
38960,1.02,1.78,5.28,23.17,-122.9,-103.2,902.7,-20.42,-5.92,6.7,30.57
38980,2.25,5.14,0,7.42,-132.0,-114.3,996.2,-17.39,-7.84,0.59,30.34
39000,1.22,1.09,0,3.39,-9.4,-53.4,994.7,-23.03,-0.92,-0.64,30.3
39020,0,0.81,0.79,4.71,-82.5,8.1,1071.2,-17.43,8.48,1.56,30.2
39040,0,0.64,0,2.17,-72.0,41.8,982.9,-20.06,-1.9,-4.11,29.7
39060,1.29,0,7.8,0.48,7.7,183.3,990.9,-17.72,16.36,-4.13,29.26
39080,5.52,2.05,2.72,3.53,-115.8,93.4,1069.8,-8.23,19.44,-3.46,28.94
39100,2.88,0,1.09,3.02,25.6,121.5,977.4,-6.46,17.13,-3.89,28.54
39120,1.38,0,0,0.76,-32.4,97.9,1022.5,-6.52,22.0,-1.48,28.53
39140,71.54,23.58,4.23,3.5,67.0,155.0,994.4,1.87,21.93,3.24,27.99
39160,66.61,41.56,15.33,3.41,-31.9,183.8,898.9,6.87,21.21,4.75,28.44
39180,45.63,48.05,24.43,1.68,91.3,146.4,900.8,10.44,25.84,2.42,29.15
39200,22.55,58.3,39.85,5.85,130.0,114.7,872.8,16.72,9.78,3.58,29.2
39220,9.63,57.05,57.06,0,94.5,33.8,812.6,15.87,6.2,7.18,29.73
39240,2.88,52.18,71.76,1.73,110.5,55.1,854.8,19.35,7.49,5.27,30.16
39260,1.88,42.61,83.72,3.92,85.4,-16.4,786.3,22.04,8.51,1.81,30.03
39280,3.5,27.48,87.16,7.19,62.0,20.4,832.5,15.79,-9.65,-2.59,30.31
39300,0,17.39,90.04,16.71,63.3,-85.2,761.1,15.58,-8.26,-3.98,30.62
39320,1.19,5.94,73.68,30.32,65.2,-128.5,863.1,14.91,-14.07,-3.6,30.52
39340,1.01,1.8,59.8,42.21,114.7,-83.8,857.3,14.07,-13.55,-5.85,31.05
39360,0,0,46.74,56.99,-5.5,-100.7,922.5,10.01,-20.37,-2.02,30.86
39380,0.37,0.26,30.63,67.62,47.3,-94.0,964.6,5.58,-18.64,-2.41,31.17
39400,1.2,2.3,18.51,64.25,-22.5,-83.9,989.8,-1.25,-20.71,1.81,31.0
39420,2.5,0,12.84,57.42,5.8,-87.9,1046.5,-14.35,-14.66,7.27,31.0
39440,1.23,0.85,5.33,42.51,-77.1,-88.0,1012.2,-9.54,-10.02,5.98,31.2
39460,0,0.43,10.1,31.67,-74.2,-177.0,1036.8,-16.28,-12.08,4.92,30.68
39480,0,2.58,0.29,16.87,-74.2,-128.7,1019.5,-16.5,-15.12,3.91,30.83
39500,0,0,4.55,10.84,-114.5,3.2,965.0,-22.52,-14.39,4.14,30.49
39520,0,1.74,2.49,3.41,-91.6,-19.4,964.8,-17.13,-4.79,-0.68,30.21
39540,1.09,1.32,0.78,1.86,-4.5,19.7,1002.6,-25.01,2.07,-2.72,29.48
39560,0,0,0,0,-111.7,-14.0,952.2,-24.67,5.95,-2.4,30.24
39580,0,2.46,0.99,0,-124.2,-13.5,978.2,-13.05,15.54,-4.26,29.22
39600,4.98,0,4.46,1.87,-29.4,91.3,1037.4,-9.7,10.31,-2.04,29.34
39620,1.07,0,0,0,-12.6,158.5,1044.2,-10.47,19.19,-2.44,28.44
39640,0.99,3.35,1.42,1.53,-15.2,137.9,997.1,-6.52,11.28,-3.25,28.35
39660,80.57,27.28,9.05,5.04,41.3,94.2,1032.4,0.74,17.8,0.21,28.17
39680,63.44,34.7,11.08,0,35.4,149.6,982.0,10.97,23.0,8.44,28.52
39700,44.19,53.37,28.05,0,68.3,187.8,878.9,19.43,19.18,5.01,28.6
39720,29.64,52.94,35.29,2.91,88.0,123.6,825.9,7.57,15.22,5.19,29.36
39740,8.36,52.77,47.88,0,84.9,133.9,847.8,14.2,8.68,3.51,29.41
39760,4.44,53.9,72.31,4.33,156.8,13.7,839.4,19.11,1.5,2.92,29.92
39780,4.35,38.34,73.04,5.19,-42.7,-12.2,810.5,18.56,-3.93,-1.17,30.04
39800,0,27.07,84.7,9.57,19.9,-57.8,799.8,15.61,-3.82,-0.02,30.56
39820,0,19.77,82.73,18.35,84.2,1.0,807.8,16.59,-16.55,-5.39,30.25
39840,1.95,3.81,79.19,25.69,172.4,9.3,897.1,16.41,-11.77,-7.22,30.66
39860,1.4,3.99,65.45,49.75,32.1,-49.5,865.8,10.88,-14.69,-1.59,30.63
39880,0,0.01,46.68,56.44,-3.5,-18.7,949.2,4.96,-17.75,-1.39,30.82
39900,2.24,0,36.79,66.7,-60.5,-166.9,1038.8,3.07,-5.14,-1.22,30.9
39920,0,0,19.56,68.18,-22.1,-174.6,975.2,-0.87,-24.47,-3.62,31.27
39940,2.54,0.45,8.85,62.81,19.7,-143.0,1010.3,-7.47,-21.42,1.93,30.93
39960,0,0,9.87,49.08,-22.6,-68.2,1026.8,-13.89,-13.88,5.67,30.65
39980,0,2.78,3.67,32.42,-104.8,-129.8,983.6,-13.9,-8.36,4.44,30.66
40000,5.65,0,3.57,21.28,-81.2,-41.5,934.4,-17.32,-16.73,9.26,30.69
40020,0,2.78,3.49,9.54,-29.2,31.8,1032.5,-19.41,-5.29,3.72,30.1
40040,0,2.23,0,4.98,-97.6,22.3,1029.3,-21.38,2.28,2.44,30.2
40060,2.29,0,0,0,-85.3,-32.4,1001.0,-18.56,-1.29,-1.01,29.87
40080,1.69,0,0,0,-126.2,81.7,1049.3,-18.72,8.7,-6.49,29.55
40100,3.69,2.97,2.04,0.21,-136.0,242.3,1010.8,-19.4,11.73,1.1,29.36
40120,3.03,0,0,0,-94.9,127.5,976.0,-16.25,20.1,-3.94,28.97
40140,0,0,4.61,0,-19.0,133.4,982.3,-4.88,15.89,-3.11,28.5
40160,2.35,0.76,0,0,78.7,140.1,977.5,-2.5,25.81,-2.05,28.3
40180,75.9,20.74,4.98,1.86,0.3,144.3,1030.4,2.15,13.61,0.54,27.52
40200,66.42,39.01,13.13,0,53.4,90.7,945.3,10.24,23.97,0.89,28.59
40220,46.6,49.27,23.66,0,49.0,103.7,861.0,8.31,16.87,7.24,28.93
40240,30.4,62.44,32.34,0,70.8,77.0,885.9,10.5,16.04,4.09,28.9
40260,9.26,50.19,49.01,0,70.1,67.9,842.9,21.07,8.44,1.37,29.63
40280,2.44,52.64,63.03,0.85,96.8,38.3,820.0,19.26,4.35,0.02,29.74
40300,0,40.68,74.0,5.07,114.4,79.7,851.2,24.88,4.35,-3.31,30.09
40320,1.3,32.02,84.43,10.19,99.0,25.9,788.9,23.1,2.71,-4.4,29.78
40340,0,18.38,91.43,23.31,101.9,-214.9,813.3,17.03,-12.09,-4.54,30.29
40360,0.71,10.83,78.01,25.82,34.2,-158.8,823.1,12.9,-11.36,-4.56,30.78
40380,0,0.48,68.67,50.02,62.2,-188.6,887.5,10.12,-18.17,-5.06,31.18
40400,2.7,0,51.62,57.49,64.1,-112.7,878.7,9.96,-16.13,-3.1,30.84
40420,0,5.33,35.19,59.02,-72.1,-124.5,963.2,-0.54,-16.24,1.13,31.03
40440,0,4.12,19.15,66.26,24.5,-143.1,993.7,0.67,-16.4,2.08,31.09
40460,0.73,5.32,11.4,57.96,50.1,-152.3,973.4,-6.97,-16.67,3.6,30.64
40480,2.36,1.88,11.8,45.43,-103.1,-128.4,1021.1,-8.06,-13.19,2.31,30.77
40500,2.8,0,1.51,30.86,-146.9,-159.0,955.1,-15.51,-26.82,3.07,30.88
40520,0,1.2,7.36,15.24,-121.7,-32.5,1032.8,-12.78,-7.23,4.82,30.56
40540,0,4.48,0,12.24,-165.2,-44.7,1021.6,-23.43,-9.77,3.04,30.02
40560,0.15,0.63,0,7.12,-177.6,-104.0,982.0,-23.88,0.56,1.38,29.91
40580,0,0,4.29,0,-77.5,-72.3,1057.9,-22.47,5.01,-0.99,29.66
40600,0,0.87,0,0,-101.8,94.8,965.0,-15.92,-3.54,-2.69,29.8
40620,0,0,2.25,5.22,-23.1,41.3,984.2,-16.29,16.3,-4.05,29.9
40640,0,2.89,0,0,-14.8,80.3,1007.5,-11.7,18.23,-6.23,29.36
40660,0,0,0,2.51,-128.7,88.8,1008.6,-5.84,22.32,0.88,28.79
40680,6.34,0,2.5,3.36,-53.9,195.9,986.7,-1.57,14.7,0.52,28.61
40700,75.53,22.07,4.2,4.32,19.7,186.1,958.8,-0.91,23.96,2.04,28.04
40720,67.77,34.04,13.48,3.72,42.1,150.8,953.1,7.2,30.79,2.12,28.27
40740,48.02,47.42,17.87,0,145.1,190.9,876.4,10.09,18.73,7.2,28.22
40760,24.14,58.12,39.58,0,165.0,101.2,877.6,12.92,10.59,3.13,29.36
40780,8.69,57.45,45.86,0,148.5,97.8,813.0,16.53,8.04,4.41,29.32
40800,11.09,53.54,69.48,2.58,41.8,107.9,866.3,24.02,10.99,2.45,29.72
40820,0.45,44.94,72.55,3.44,54.2,61.8,776.7,22.83,-1.98,-1.02,30.03
40840,1.6,30.61,84.69,5.84,174.6,-24.5,851.7,22.52,-6.61,0.16,30.34
40860,0.74,17.87,88.79,21.3,142.1,-160.8,885.0,21.08,-9.71,-2.15,30.74
40880,0,10.5,76.33,30.81,88.7,-40.0,837.4,17.59,-10.39,-8.06,30.94
40900,3.2,7.21,62.32,39.93,66.5,-139.6,873.8,9.91,-24.75,-6.04,30.92
40920,0.63,1.98,48.31,50.58,29.3,-178.6,935.0,10.28,-17.88,-4.52,30.87
40940,0,7.18,37.62,64.16,116.8,-165.2,956.0,1.78,-27.44,-2.99,31.17
40960,0.28,0,20.03,67.0,-32.8,-156.9,996.8,0.52,-19.39,0.59,31.02
40980,1.95,0,17.95,63.54,0.0,-145.7,1045.6,-6.24,-22.39,0.34,30.96
41000,0,0,7.39,49.49,-42.5,-153.5,919.7,-12.32,-17.95,3.94,30.86
41020,0,0,6.7,37.95,-71.0,-72.1,977.1,-18.44,-17.95,6.19,31.01
41040,0,0,2.86,20.26,-77.3,-8.3,983.8,-12.03,-7.18,3.21,30.74
41060,1.11,1.4,0,12.26,-149.1,-46.1,1070.8,-15.12,-9.18,-0.53,30.22
41080,0,0.02,0.25,6.85,-117.1,65.0,1033.8,-29.45,-3.79,2.04,30.03
41100,0,0,0.34,0,-90.6,97.0,1009.9,-22.23,5.78,0.47,30.27
41120,0,0,1.4,2.6,-203.3,102.7,1047.9,-19.07,12.24,-3.45,29.81
41140,0.36,2.6,3.84,0,-106.8,96.9,1013.7,-13.92,11.19,-3.35,29.18
41160,0,0,2.83,4.58,-112.1,148.8,966.4,-6.89,7.54,-5.88,28.69
41180,0,4.95,0,0,-1.6,-16.1,951.2,-10.52,18.4,-3.97,28.63
41200,0,1.51,0,0,34.7,131.0,982.7,-0.08,14.52,1.54,28.16
41220,79.24,28.02,8.98,0,-53.9,161.9,1018.7,-3.14,25.55,-2.77,28.29
41240,67.39,37.89,13.06,0,78.2,168.8,928.4,3.02,30.36,0.32,28.6
41260,49.1,52.75,19.89,0,20.6,66.8,910.7,14.51,13.08,2.47,28.84
41280,29.36,54.35,33.62,0.49,90.7,87.8,846.6,13.59,6.89,2.05,29.08
41300,8.86,58.07,46.05,5.56,31.4,112.9,852.1,13.85,14.28,4.84,29.44
41320,0.85,53.25,60.57,0,122.4,55.7,805.2,19.76,9.01,3.51,29.93
41340,6.33,42.64,70.93,0.37,130.0,79.8,765.5,21.24,2.13,-1.11,29.87
41360,0.2,29.87,84.03,4.41,115.6,12.1,779.0,26.75,-6.59,-1.14,30.26
41380,0,21.17,86.98,9.03,1.6,16.1,818.1,12.41,-1.55,-5.28,30.83
41400,0,10.03,79.08,26.72,100.1,-81.4,808.8,14.04,-8.53,-3.65,30.7
41420,0.84,5.72,67.9,42.17,44.6,-89.5,854.2,14.04,-15.77,-3.93,30.8
41440,3.26,3.43,57.05,54.9,87.3,-132.0,886.8,10.59,-13.98,-1.7,30.72
41460,1.65,0.5,35.3,65.71,-8.8,-220.6,988.9,5.01,-17.86,-2.22,30.95
41480,2.93,4.86,22.76,63.52,81.5,-152.2,994.5,6.46,-26.52,-1.04,31.34
41500,1.94,0,13.06,61.52,-141.1,0.9,983.6,0.84,-14.19,3.36,31.01
41520,0,0,9.5,53.29,-108.4,-127.6,1005.4,-9.88,-13.29,6.2,30.61
41540,0.57,0,7.69,38.11,-138.6,-127.7,999.2,-12.14,-21.44,5.85,30.73
41560,2.04,3.68,2.71,21.17,-119.1,-40.9,995.3,-17.2,-12.1,2.9,30.24
41580,0,2.45,4.56,14.9,-192.7,-47.3,1030.4,-16.54,-3.81,2.41,30.31
41600,0,4.2,2.34,4.45,-102.4,10.1,948.1,-21.35,-5.66,-0.02,30.4
41620,0,3.05,0,2.38,-64.0,-78.1,1027.8,-21.8,7.44,-1.47,29.51
41640,0.4,0,0.29,0.65,-71.4,79.8,983.1,-18.86,13.87,-5.79,29.7
41660,0,0,0,0,27.6,38.5,985.6,-12.03,13.34,-4.58,29.32
41680,0,5.81,0,2.42,-93.3,132.6,961.4,-11.28,13.9,-4.84,28.87
41700,2.08,0,0,2.73,-60.7,234.7,1007.4,-9.17,10.82,-4.61,28.97
41720,0,0,1.75,0.84,-42.1,129.1,986.0,-9.15,14.42,-4.56,28.23
41740,74.77,27.07,4.02,0,36.7,161.3,1003.2,-0.41,23.51,-0.35,27.8
41760,74.12,31.2,11.34,0.67,-11.3,121.0,960.9,-1.03,21.0,0.79,28.24
41780,48.91,47.77,18.82,1.52,53.4,158.2,849.8,11.87,13.72,2.37,28.66
41800,31.98,52.55,26.7,4.69,74.9,112.9,887.3,6.75,15.57,2.03,29.03
41820,14.48,62.25,49.12,0,118.3,82.2,824.4,17.63,8.78,-0.08,29.35
41840,4.36,52.09,64.03,0,122.2,76.7,800.8,17.68,1.77,2.42,29.63
41860,4.65,41.23,69.57,8.08,75.3,-60.2,868.3,21.75,0.7,-0.89,29.86
41880,1.06,30.81,83.73,5.93,128.1,4.3,780.2,20.69,-4.2,-2.5,30.19
41900,4.27,17.72,86.92,17.46,116.1,-72.8,801.5,18.36,-17.44,0.43,30.52
41920,0.68,12.13,75.84,22.44,127.0,-154.1,838.1,16.84,-6.99,-6.02,30.42
41940,0,0,67.28,40.07,62.1,-107.5,904.4,11.05,-10.6,-5.49,30.65
41960,2.0,0.3,51.24,52.3,-40.6,-176.9,902.1,4.89,-12.2,-5.48,30.79
41980,4.59,0,32.3,65.9,-53.3,-113.0,954.9,-0.75,-17.29,-2.6,31.28
42000,0.15,0,25.59,68.53,2.4,-124.3,1014.6,5.5,-34.64,0.42,30.82
42020,0,0,16.95,62.55,-47.3,-79.2,959.2,-2.44,-25.32,2.09,31.27
42040,0,0.26,7.54,50.37,-65.7,-152.5,989.7,-7.59,-8.7,2.06,30.7
42060,6.86,0,3.46,39.01,-56.9,-121.7,994.5,-13.41,-17.87,3.53,30.54
42080,2.52,0,0,25.35,-48.7,-72.9,935.6,-17.98,-17.25,5.95,30.62
42100,0,0,0,10.27,-106.5,-42.4,1004.6,-20.56,-8.85,-0.04,30.46
42120,0,3.27,0,7.78,-107.5,-57.1,953.4,-19.99,-1.96,-0.94,30.58
42140,0,0,0.04,0,30.8,-12.3,945.3,-21.85,6.86,-3.36,30.11
42160,2.27,0,0,0,-54.6,-29.1,975.2,-21.26,4.73,-2.49,30.22
42180,0.07,3.08,0.89,0,-147.6,51.1,981.6,-14.23,14.27,-2.93,29.58
42200,0.89,0,0,3.41,0.2,108.8,967.5,-15.61,18.35,-5.69,29.06
42220,3.05,0,2.48,0.07,-116.8,121.4,1010.9,-9.33,9.97,-5.22,28.74
42240,1.96,0,0,0.74,-19.4,91.1,1015.8,-1.27,9.59,-3.06,28.31
42260,0,0,0,0,49.2,-1.2,986.8,-1.78,31.16,0.98,27.79
42280,69.38,36.7,10.66,0.87,51.0,93.9,966.1,3.37,16.63,1.95,28.43
42300,53.22,42.88,21.64,2.21,10.7,155.9,867.2,6.52,21.12,1.9,28.48
42320,34.18,55.74,32.22,1.27,90.4,154.7,872.4,20.88,15.55,5.09,29.26
42340,11.11,53.05,45.97,0,-5.9,120.6,876.0,15.79,11.76,4.38,29.5
42360,6.6,60.54,57.95,0,157.7,101.0,795.8,17.32,11.27,1.92,29.53
42380,3.71,45.04,75.99,3.89,176.9,33.0,835.0,21.03,1.37,2.56,29.86
42400,4.1,33.85,84.35,5.3,105.0,-14.7,876.2,15.08,3.08,-2.25,30.39
42420,0,18.91,88.22,12.07,91.5,-135.2,774.5,18.77,-15.59,-0.8,30.07
42440,0,7.36,82.37,17.67,130.1,-102.1,812.1,13.01,-11.88,-3.19,30.72
42460,0,1.76,68.04,29.87,135.1,-173.5,833.9,17.63,-19.08,-7.97,30.85
42480,4.6,3.53,58.32,48.6,40.4,-121.7,850.8,12.26,-20.32,-6.05,30.8
42500,0,1.07,34.14,62.84,-42.8,-133.8,930.5,6.86,-15.12,1.47,30.82
42520,4.82,2.68,31.31,67.8,-28.5,-261.5,1001.3,3.0,-19.65,1.91,31.01
42540,0,3.99,17.59,64.83,48.0,-213.7,963.4,-2.01,-15.15,2.56,31.18
42560,0,0,13.04,54.84,-22.2,-142.5,1037.0,-13.95,-19.07,5.81,30.87
42580,0,3.07,8.32,41.94,-76.6,-178.9,976.3,-10.75,-10.4,4.42,30.68
42600,1.06,3.04,0,20.99,-49.3,-91.6,1029.7,-11.84,-12.53,4.12,30.53
42620,3.73,4.09,0,10.7,-144.9,-31.5,979.7,-18.01,-8.52,3.14,30.72
42640,7.75,4.63,0,6.95,-130.8,-4.9,996.1,-19.81,-5.1,5.7,30.17
42660,1.63,0,0,2.69,-54.7,-8.5,1005.1,-20.19,9.99,1.33,29.99
42680,5.49,0,0,4.83,-164.8,130.1,1032.0,-16.39,12.03,-3.2,29.47
42700,1.26,2.11,0.48,5.15,-55.7,47.1,997.1,-13.91,7.63,-5.18,29.2
42720,0,0,0,8.4,-77.0,77.4,1002.7,-13.12,14.87,-4.97,28.76
42740,4.16,1.64,4.64,0,-28.3,184.4,1026.1,-8.72,19.99,-3.02,28.8
42760,0,2.42,0,0,-64.8,102.2,980.6,-7.27,21.68,-5.16,28.29
42780,0,0,5.77,1.45,32.1,162.2,1024.8,-1.11,27.69,3.12,28.08
42800,70.74,32.64,11.34,0,20.8,116.9,939.7,1.85,20.86,1.62,28.18
42820,57.81,45.78,19.03,0,111.2,185.9,872.7,11.16,29.66,4.64,28.46
42840,29.58,55.1,29.44,0.04,21.4,111.4,887.3,12.61,20.54,8.69,28.92
42860,18.02,52.87,43.39,2.29,-0.3,36.0,859.1,12.59,15.83,2.37,29.27
42880,7.01,60.32,56.15,0,49.2,27.2,819.7,18.53,0.33,3.22,29.85
42900,5.6,41.68,74.31,0,71.8,-103.3,780.5,19.61,-6.61,6.0,29.77
42920,0.41,34.56,83.92,6.67,186.5,-25.5,817.7,24.31,1.54,-2.68,30.4
42940,1.36,18.93,87.84,11.92,56.4,-0.2,794.8,18.43,-8.21,-5.11,30.43
42960,3.33,10.14,81.38,20.99,148.4,-20.6,841.5,17.5,-10.32,-6.54,30.88
42980,0,3.2,79.04,39.24,82.4,-111.2,851.2,12.38,-30.63,-5.08,30.88
43000,3.64,6.07,58.65,44.77,165.0,-203.2,911.4,4.4,-21.41,-2.79,30.94
43020,0,0,41.18,61.38,21.2,-98.4,970.4,11.97,-17.42,-6.63,31.08
43040,4.28,3.18,32.09,67.19,50.2,-125.9,1025.9,-1.26,-24.46,-1.09,31.11
43060,0,3.25,14.39,68.52,-149.0,-140.8,1012.4,-2.99,-15.98,0.72,30.73
43080,2.5,0.73,3.03,55.21,-119.8,-62.0,979.8,-7.63,-13.56,3.77,30.59
43100,0,0,6.48,35.81,-53.5,-168.7,1029.7,-15.59,-13.19,3.78,30.72
43120,0,0,2.42,24.99,-104.0,-82.5,987.7,-11.76,-3.81,5.3,30.4
43140,0.05,0,2.23,15.61,-16.5,-6.9,964.1,-17.47,-11.03,2.25,30.55
43160,2.81,1.51,0.24,5.91,-4.5,-11.1,955.0,-22.56,-2.11,3.69,30.34
43180,0,0,0.13,0.07,-101.9,29.5,1019.2,-22.15,6.44,0.44,30.0
43200,0,2.68,4.33,2.49,-74.6,9.0,1001.7,-17.26,5.86,-3.6,29.77
43220,2.2,0,2.13,1.29,-140.4,7.7,957.8,-19.0,13.46,-9.07,29.77
43240,8.06,0,0.91,0,-80.0,144.1,1034.4,-13.14,16.31,-7.71,29.07
43260,0,1.97,8.62,3.9,-120.7,112.6,983.7,-9.58,6.57,-9.46,29.04
43280,0,0,0,0,51.9,168.1,1038.0,-9.42,16.11,-4.22,28.28
43300,0.76,0,0,0,-3.9,120.0,977.1,-2.1,11.61,2.91,28.12
43320,69.46,33.22,8.8,2.06,78.3,122.2,993.0,8.68,19.78,4.16,28.31
43340,55.77,40.95,14.85,1.21,-14.1,36.4,928.7,11.97,19.74,1.5,28.47
43360,35.57,55.9,26.91,0,42.4,128.8,851.8,12.82,17.46,6.82,29.01
43380,20.33,57.33,45.43,0,170.0,50.5,842.1,14.75,22.15,4.52,29.37
43400,3.29,50.9,53.32,0,114.3,75.7,809.7,26.32,8.24,3.0,29.72
43420,5.33,47.14,66.99,2.26,67.2,74.1,813.0,20.69,10.16,-0.5,30.35
43440,3.56,35.82,84.78,4.99,124.0,3.5,799.5,19.81,1.14,-0.12,30.39
43460,3.72,22.08,86.39,12.6,162.6,-139.0,740.7,21.18,-4.62,-3.53,30.72
43480,3.06,13.86,89.21,23.82,-5.4,-93.3,816.9,18.64,-13.97,-3.67,30.3
43500,0,7.65,76.02,34.63,107.4,-86.8,875.4,10.4,-15.48,-3.52,30.5
43520,1.22,0.32,54.41,44.8,-4.2,-92.2,881.6,14.71,-16.83,-3.77,31.47
43540,0,0,37.31,61.72,101.3,-103.4,944.7,5.79,-13.13,-6.36,31.04
43560,1.4,0,26.71,66.86,21.5,-126.4,1017.3,4.92,-26.17,1.05,30.82
43580,0,0.79,14.05,62.79,-14.6,-38.5,1007.9,-5.06,-29.35,0.78,30.89
43600,0,0,11.57,53.71,9.3,-144.3,1004.6,-7.93,-17.69,2.81,31.1
43620,3.33,0,3.68,35.61,-50.7,-147.2,1025.6,-12.35,-20.82,4.08,30.89
43640,0,0,6.5,31.01,-114.8,-91.5,920.7,-21.22,-14.04,8.48,30.73
43660,0.81,0,0.73,14.19,-93.3,-166.8,1051.1,-17.31,-8.04,3.03,30.43
43680,0.28,0,0.71,9.42,-71.1,-49.3,981.9,-25.97,-4.04,5.01,30.44
43700,5.98,0,0,0.63,-41.0,1.5,1021.3,-23.44,0.82,-1.51,30.06
43720,0.65,0.06,3.75,0,-113.3,89.9,1016.2,-15.99,-0.01,-4.09,29.89
43740,0,0.82,1.69,1.42,-109.2,43.5,965.2,-18.92,0.98,-5.46,29.84
43760,0,0.47,4.78,0,7.5,149.4,994.4,-13.56,11.89,-1.5,28.68
43780,0,0,0,3.67,-37.7,106.1,992.6,-10.5,12.49,-5.07,28.58
43800,1.13,0.71,1.98,0.36,-42.0,107.8,923.6,-0.64,21.33,-0.12,28.13
43820,0,4.59,1.65,2.46,-75.5,94.4,971.6,-2.47,24.88,2.54,28.32
43840,73.81,27.73,7.44,5.94,-51.2,129.1,1002.5,0.16,13.8,1.26,28.17
43860,59.43,44.37,14.12,4.98,48.9,180.8,967.1,3.31,23.91,2.54,28.65
43880,35.43,49.49,29.17,0,5.6,125.3,852.8,8.45,15.89,1.29,29.08
43900,21.26,61.54,41.71,0,84.7,62.2,829.1,15.96,17.1,8.11,29.35
43920,4.73,55.54,54.82,0,120.3,100.8,770.9,15.88,9.53,3.54,29.62
43940,2.43,43.6,69.63,3.96,109.4,-47.8,806.1,17.23,13.05,2.99,29.68
43960,4.8,35.53,77.7,4.68,84.9,-4.2,798.9,19.53,-4.43,-5.74,30.17
43980,0,17.15,90.87,10.23,111.0,-95.3,799.3,18.99,-20.28,-6.26,30.53
44000,2.53,12.54,82.74,19.47,125.4,-16.0,848.5,20.54,-1.51,-5.27,30.53
44020,4.9,0,72.39,35.98,91.9,-139.6,893.7,13.0,-19.29,-6.43,31.14
44040,0,0,53.64,45.58,36.4,-108.2,908.5,8.34,-21.5,-7.35,30.85
44060,0,4.22,43.29,57.26,8.1,-155.1,971.1,6.0,-24.44,-4.25,31.39
44080,0,0,28.91,66.37,11.3,-103.7,1003.6,-0.98,-18.94,1.54,31.28
44100,4.8,3.53,17.92,68.43,-5.1,-168.7,984.9,-1.27,-16.43,2.17,31.08
44120,3.22,0,13.39,52.75,-34.9,-120.7,1029.6,-9.78,-19.61,3.3,31.1
44140,0,1.75,1.49,42.67,-45.8,-120.4,995.1,-12.17,-17.78,8.13,30.63
44160,0,3.36,0,24.71,-98.4,-120.8,1072.0,-13.19,-18.62,7.05,30.58
44180,2.6,3.3,3.07,15.23,-83.6,-70.3,1036.1,-16.35,-6.29,6.32,30.6
44200,1.4,0,0.88,4.69,-151.4,-41.7,1016.5,-19.98,-2.66,2.32,30.27
44220,1.39,0.16,0,2.25,-101.6,-38.0,959.0,-16.59,3.57,-1.74,29.7
44240,1.57,0,0,0,-15.2,38.5,1032.2,-19.51,9.43,-1.8,29.78
44260,0,0.34,0,1.03,-108.1,121.1,985.1,-16.64,7.09,-8.08,29.7
44280,4.16,1.03,0,0,-122.2,132.8,992.4,-18.62,11.77,-5.66,29.57
44300,2.01,0,0,0,-10.5,110.6,1042.1,-12.01,13.76,-3.46,28.94
44320,0,1.32,0.37,2.76,-9.5,193.7,1064.4,-8.58,12.54,-0.87,28.49
44340,0.97,0,0,1.68,-93.8,163.1,1022.3,-5.38,31.29,0.56,28.15
44360,71.32,28.83,8.81,4.01,-73.9,161.1,955.3,1.63,26.99,1.4,28.3
44380,62.18,41.52,15.29,0,77.7,180.6,980.9,5.86,30.04,6.5,28.5
44400,38.6,55.42,29.93,0,-30.4,135.1,841.5,12.39,18.09,2.23,29.0
44420,19.96,60.48,45.01,0,127.5,90.2,841.2,18.01,14.32,5.31,29.39
44440,8.62,59.86,59.04,0.38,93.7,43.4,759.8,16.88,11.94,6.94,29.38
44460,3.87,45.82,73.87,10.46,40.3,59.3,743.8,17.35,7.51,2.04,29.95
44480,0,39.67,77.89,7.32,59.8,72.6,807.0,21.37,-6.45,1.36,30.0
44500,0.55,27.72,79.66,11.27,118.1,-37.2,807.4,21.85,-1.13,-2.17,30.35
44520,3.11,12.97,79.6,23.25,65.5,-131.9,857.1,13.95,1.42,-6.99,30.7
44540,0.99,8.57,71.48,36.96,106.1,-188.5,832.7,14.31,-23.32,-6.19,30.75
44560,0,6.27,58.05,45.61,11.3,-108.1,884.0,16.36,-19.29,-5.47,30.72
44580,0.29,0,48.02,61.99,30.6,-103.0,962.8,2.19,-16.45,-6.52,30.75
44600,3.14,0,31.5,65.19,-14.7,-135.6,941.9,-1.3,-27.68,-1.49,30.79
44620,3.7,0,18.85,66.86,4.7,-119.8,1016.5,-0.04,-18.41,0.8,30.97
44640,1.14,0,8.5,56.76,-126.8,-139.1,1029.6,-11.91,-25.81,3.97,30.7
44660,3.17,0,3.89,40.37,-31.0,-110.5,1027.6,-3.78,-15.09,2.25,30.95
44680,3.99,0,4.27,24.46,-73.8,-183.2,1029.3,-14.18,-13.05,8.82,30.98
44700,0,0,6.27,16.3,-99.4,-91.4,1033.4,-20.26,-3.43,4.59,30.65
44720,4.33,1.16,6.43,8.23,-78.7,-140.8,997.6,-23.96,-2.37,2.26,30.31
44740,3.9,0,0,3.71,-42.9,-42.2,985.7,-19.31,-2.14,-2.55,30.25
44760,0.61,3.21,0,0,-48.6,104.0,1009.9,-17.17,14.03,-3.63,29.98
44780,0,0,0,2.93,-89.9,78.0,1003.5,-15.68,7.87,-3.3,29.41
44800,3.51,0,0.46,1.86,8.1,47.2,960.9,-14.18,12.17,-3.18,29.26
44820,1.16,0,3.38,0,-158.0,128.3,955.9,-8.64,13.18,-4.82,29.04
44840,0,0,0,8.2,18.6,161.3,994.2,-8.63,22.34,-8.75,28.85
44860,0,3.96,0,0,-22.7,143.8,1007.3,-3.08,28.31,1.6,28.25
44880,72.27,21.04,12.84,0,41.9,134.7,926.2,5.72,22.26,3.79,28.28
44900,60.91,40.11,13.46,0.88,-10.8,155.1,965.2,4.21,12.26,2.06,28.71
44920,41.86,53.27,21.33,0,4.8,134.3,879.4,12.15,24.28,2.73,28.72
44940,20.43,60.58,37.48,0,98.0,82.5,866.6,17.34,14.24,5.77,29.27
44960,14.9,55.51,55.89,3.2,98.2,81.4,913.0,14.32,16.09,4.18,29.69
44980,0.74,53.01,63.3,2.76,69.1,31.4,806.5,19.48,-1.53,1.93,29.83
45000,8.88,37.64,76.9,4.13,144.8,-37.2,824.3,20.05,-1.69,-1.73,30.2
45020,0,27.42,89.34,10.17,90.9,-6.5,794.8,19.84,-8.86,-5.09,30.11
45040,0,12.48,83.68,19.97,41.1,-97.2,805.8,17.92,-2.1,-4.41,30.52
45060,2.3,4.6,79.13,32.74,68.6,-97.8,902.3,14.26,-13.58,-6.44,30.75
45080,2.03,2.63,63.73,42.81,61.7,-122.9,851.1,10.35,-9.08,-3.36,30.67
45100,0,2.45,43.98,60.9,22.0,-134.0,934.6,6.28,-25.66,-1.0,30.8
45120,1.36,0.43,30.28,64.35,10.7,-84.0,989.5,-1.78,-19.06,1.05,31.05
45140,0.33,0.27,18.17,68.43,42.8,-171.3,970.6,-4.11,-16.05,1.93,31.11
45160,1.75,0,10.44,60.35,-26.7,-99.6,953.3,-7.07,-21.3,1.82,30.81
45180,0,2.11,11.16,44.7,-28.9,-129.1,947.2,-10.78,-17.26,5.26,30.66
45200,0,0,0,30.87,-12.1,-185.4,964.1,-19.11,-8.28,5.93,30.65
45220,4.18,4.94,4.04,22.55,-74.0,76.8,1010.2,-17.75,-9.07,6.18,30.49
45240,0,0,3.58,13.56,-10.5,10.4,1013.3,-17.34,-9.88,3.87,30.7
45260,0,0,6.94,0.41,-37.2,-91.5,980.7,-18.26,-8.72,0.81,29.81
45280,3.16,0,0,1.72,-201.8,42.1,963.2,-21.95,3.0,-4.07,30.05
45300,0,0,0,0.15,-97.9,19.3,985.8,-21.17,1.34,0.76,29.59
45320,1.53,0,2.1,3.01,-32.8,46.8,1019.8,-15.5,18.0,-5.97,29.52
45340,0,0,0,0.83,-2.4,147.5,984.0,-13.98,12.47,-2.41,29.2
45360,2.79,1.19,0,1.64,-76.8,116.8,993.8,-8.96,15.71,-3.43,28.49
45380,1.48,0,3.07,1.42,-18.1,153.3,1007.8,-2.89,17.72,-1.24,28.29
45400,76.54,27.57,8.0,0,-57.0,148.3,1008.7,3.25,12.18,-1.94,27.81
45420,63.25,39.89,11.71,0,16.7,164.2,949.2,1.36,26.05,3.89,28.72
45440,48.52,51.65,21.24,0.49,131.4,95.2,895.8,11.83,23.43,7.14,28.74
45460,20.79,51.27,34.36,0,97.9,145.6,873.4,12.42,19.14,9.04,29.05
45480,16.64,58.27,53.31,0,62.8,5.3,850.1,21.53,8.35,1.82,29.43
45500,5.89,54.56,65.72,0,54.6,107.9,787.7,22.81,7.49,5.1,29.84
45520,0.92,37.21,80.67,8.12,126.4,-3.3,769.4,18.48,1.96,-0.86,30.25
45540,0,29.47,88.15,13.5,153.3,-24.5,818.7,19.74,2.3,1.59,30.3
45560,0,19.35,84.38,13.4,61.2,-70.1,818.5,17.16,-5.97,-1.05,30.61
45580,0,5.75,78.14,30.35,117.6,-77.6,868.4,15.63,-17.35,-9.8,30.73
45600,3.75,0.79,66.07,40.23,103.7,-150.3,841.6,11.6,-20.86,-3.68,31.04
45620,0,0.26,47.39,60.06,-25.8,-162.5,946.9,9.07,-24.18,-3.55,30.68
45640,0,0,30.13,62.9,-5.2,-160.9,914.0,0.45,-20.0,-3.51,30.83
45660,2.27,0,22.89,70.83,-2.2,-182.3,1014.0,1.14,-16.29,0.26,30.86
45680,0,0,10.76,61.65,41.0,-89.4,997.6,-6.02,-18.72,4.85,31.12
45700,0,0,3.67,47.66,-110.2,-44.6,1004.1,-15.02,-19.72,2.4,30.96
45720,0,4.33,2.03,31.42,-40.0,-171.2,1009.4,-16.11,-5.24,7.29,30.84
45740,2.64,0.74,0,20.79,-121.8,-64.6,991.0,-15.39,-8.73,0.83,30.87
45760,1.75,2.99,4.06,6.83,-142.8,-1.8,1004.9,-20.88,-7.29,2.32,30.38
45780,0.06,0,4.16,5.93,-147.6,-3.1,997.7,-18.98,6.29,3.55,30.12
45800,0,1.43,4.65,2.82,-42.6,-12.0,999.6,-22.93,2.03,-0.77,30.02
45820,1.12,0.54,6.75,0,-116.9,102.0,983.5,-16.08,2.92,-5.69,29.73
45840,1.7,5.25,0,0.27,-90.3,31.4,1058.7,-17.64,11.93,-5.52,29.09
45860,0,0,0,0.59,-32.5,112.9,957.2,-11.92,10.06,-3.71,28.63
45880,0,0,3.7,0,-30.5,115.1,983.9,-10.69,20.76,-3.54,28.62
45900,0.03,0.61,2.3,0,57.4,107.7,1014.2,-3.35,10.11,-5.92,28.27
45920,73.08,22.09,6.96,0.95,-10.1,153.1,971.3,-2.96,25.02,3.6,28.06
45940,61.08,37.31,14.31,0,-106.7,225.6,972.9,4.03,17.41,3.64,28.3
45960,43.08,50.53,20.63,0,-10.4,51.8,902.7,15.98,10.61,0.18,28.76
45980,26.73,55.8,36.21,0.44,75.8,206.3,833.1,10.87,21.69,3.75,28.89
46000,11.48,59.51,48.53,0,123.1,74.2,834.5,20.7,2.48,2.27,29.53
46020,6.92,46.33,61.78,0,204.2,133.7,812.2,18.33,4.87,1.32,29.71
46040,0.68,33.26,84.17,4.67,71.6,35.9,767.1,21.32,0.46,1.63,30.1
46060,3.17,29.34,81.84,4.71,88.3,-49.6,810.6,19.2,-0.93,0.17,30.09
46080,0,16.84,84.82,21.53,62.4,-87.0,888.7,15.36,-5.45,-4.47,30.54
46100,2.72,6.91,80.18,24.69,132.6,-113.4,896.0,14.65,-23.52,-5.1,30.59
46120,4.69,1.44,61.94,41.83,157.5,-149.7,859.0,8.93,-16.54,-8.88,31.37
46140,0,1.11,55.81,53.18,74.8,-131.8,872.7,8.92,-14.68,-4.71,31.05
46160,0,0,32.38,59.25,55.9,-41.0,970.3,4.2,-20.36,-3.97,31.39
46180,0,0,24.15,69.6,-83.5,-179.4,985.3,-2.03,-19.9,-5.31,30.7
46200,0,0,14.64,61.09,94.9,-65.7,1029.8,-0.34,-15.14,0.67,30.79
46220,0.11,0,8.94,45.17,-38.0,-115.8,992.0,-4.3,-9.89,7.56,30.72
46240,0,0,2.58,32.52,4.3,-53.4,1004.0,-11.62,-15.48,3.55,30.53
46260,0,7.82,2.47,23.95,-29.7,-48.7,1003.2,-17.13,-8.21,3.16,30.65
46280,3.77,0,4.34,8.36,-5.2,-80.5,1013.2,-19.13,-0.75,-0.04,30.25
46300,0,0.27,0,3.51,-107.6,-9.3,1032.9,-20.12,-0.63,2.15,29.95
46320,0,2.62,0,1.15,-136.6,38.4,949.9,-14.63,-2.07,-0.21,30.13
46340,0,0,1.84,0,-149.5,135.1,1032.4,-17.05,12.96,-3.28,29.93
46360,3.36,0.72,1.43,1.59,-102.4,99.6,1000.1,-13.13,13.27,-3.82,29.24
46380,0,0,1.15,0.44,-35.7,220.2,999.6,-8.42,14.81,-5.68,29.26
46400,1.11,0.79,0.26,0,-10.9,140.1,1053.1,-12.04,11.98,-2.92,28.42
46420,0,5.28,0,2.78,-77.0,132.8,955.8,-1.08,19.19,1.53,28.22
46440,80.36,28.21,7.28,3.59,34.8,136.8,976.2,0.43,19.19,0.67,28.14
46460,63.83,37.48,12.66,0,37.7,109.4,974.1,4.99,20.03,4.04,28.35
46480,45.86,52.79,17.32,0,-8.4,97.6,890.4,6.66,14.72,8.12,28.75
46500,23.83,56.56,33.81,3.39,117.8,57.9,868.2,11.78,6.46,5.74,29.22
46520,8.88,59.9,51.77,0,181.4,54.7,795.8,23.28,3.65,-0.31,29.23
46540,8.24,56.19,61.91,1.55,105.8,-26.2,835.1,17.03,8.08,6.24,29.82
46560,2.0,37.08,76.11,0,133.6,-29.6,726.7,18.07,-3.63,1.58,30.05
46580,3.17,32.72,86.41,5.07,55.5,1.5,873.6,19.54,-8.74,-0.69,29.87
46600,0,21.39,82.41,17.03,76.6,-106.1,816.9,17.09,-11.24,-2.34,30.32
46620,2.42,6.81,81.85,30.5,83.4,-139.2,856.7,15.99,-9.78,-3.85,30.89
46640,0,3.17,67.71,35.17,61.4,-85.7,843.2,10.62,-13.55,-8.77,30.79
46660,0,0,55.36,54.33,-28.6,-197.6,929.1,5.56,-14.58,-3.19,30.92
46680,0,0,37.67,69.72,-31.4,-157.6,903.0,0.83,-23.79,-0.94,30.51
46700,1.35,0.97,22.01,66.69,-4.6,-175.2,999.9,-0.26,-24.72,-2.1,30.31
46720,1.2,0,13.81,63.32,-80.6,-193.9,1038.0,-1.54,-22.4,6.85,31.07
46740,0,3.9,10.25,45.16,37.5,-169.0,960.4,-7.11,-12.95,4.57,31.03
46760,0,0,7.25,34.58,-25.2,-88.1,1044.7,-16.8,-14.82,7.01,30.66
46780,0,3.81,0,18.89,-82.5,-44.6,1003.5,-19.99,-12.27,3.13,30.85
46800,4.72,4.42,0,9.89,-96.6,41.5,1038.3,-21.28,-8.06,2.65,30.69
46820,2.41,0,3.06,7.58,-121.9,-89.7,1018.2,-20.4,-4.52,2.47,30.32
46840,5.04,6.58,3.88,1.73,-8.9,-53.3,1049.0,-23.13,-0.88,-3.3,29.5
46860,2.95,2.06,0,6.86,-74.0,97.2,1035.9,-23.46,-2.23,-4.92,29.68
46880,0,0,0.06,0,15.2,52.4,1012.8,-14.43,15.99,-1.21,29.51
46900,3.09,0,0,1.03,-48.6,143.8,977.1,-13.43,18.87,-7.59,29.29
46920,1.08,0.32,3.73,0,-58.3,112.9,1006.5,-11.48,21.35,-7.63,28.85
46940,0,3.29,0,3.98,25.9,217.6,955.2,-7.39,18.11,-3.35,28.57
46960,81.44,25.99,0.61,1.15,6.3,135.2,956.1,3.31,15.72,-1.39,28.08
46980,68.41,40.74,9.48,0.84,-12.7,148.8,983.0,6.95,23.61,3.38,28.17
47000,43.68,46.82,23.83,1.44,132.6,26.7,877.8,9.86,15.14,2.16,28.59
47020,26.73,56.38,30.81,0,0.0,139.7,803.6,12.07,16.54,4.42,29.29
47040,18.35,60.09,47.88,0.04,120.7,128.1,830.1,15.62,12.44,0.55,29.67
47060,10.94,55.62,63.59,0,65.3,93.8,760.5,18.63,9.62,7.51,29.8
47080,1.51,40.83,77.98,3.7,81.8,-21.4,797.2,19.93,3.19,1.76,30.31
47100,2.27,28.95,85.73,0.55,141.9,-15.4,798.0,17.99,-0.98,3.84,30.02
47120,0,17.73,88.84,16.81,62.0,29.0,854.4,21.36,-3.88,-3.8,30.65
47140,0,13.74,76.21,23.61,95.0,-84.8,895.5,18.44,-8.93,-5.56,30.63
47160,0,3.34,71.3,43.42,91.0,-155.6,841.7,14.07,-14.42,-6.92,30.39
47180,4.49,1.87,52.55,53.77,16.1,-65.2,955.3,-0.8,-20.77,-4.69,30.9
47200,0.59,1.05,34.46,60.82,39.9,-193.3,941.0,2.23,-24.9,0.98,31.12
47220,0,0,20.78,66.71,42.4,-181.9,959.8,0.86,-25.59,0.48,31.15
47240,3.21,4.57,13.72,66.3,-99.9,-218.5,994.6,-6.07,-18.76,-0.23,31.17
47260,3.89,0,4.24,49.91,-51.0,-77.0,983.0,-8.76,-24.09,4.26,31.03
47280,0,0.2,5.11,32.47,-25.1,-132.7,1014.6,-14.85,-14.0,6.96,30.56
47300,1.2,0,3.04,16.4,-100.5,-61.3,1021.1,-18.69,-12.19,4.77,30.63
47320,0,0.87,0,12.77,-232.0,-22.5,1059.2,-19.59,-10.52,5.81,30.71
47340,0,0,0,3.41,-30.3,21.6,975.4,-23.17,-4.61,-1.91,30.43
47360,0,0,0,1.09,-165.5,58.4,993.3,-18.99,3.33,-5.83,29.92
47380,0.64,0,0,0.99,-99.2,58.5,1004.0,-18.78,5.31,1.16,29.86
47400,0,0,0,3.68,28.8,60.3,1017.7,-15.88,14.59,-5.87,29.08
47420,0,2.58,0,0,-101.6,97.2,1014.5,-12.75,18.97,-2.8,29.04
47440,0,0.39,0,1.95,-35.6,149.9,920.2,-11.01,11.98,-2.79,28.4
47460,0.36,0,4.42,0,10.6,83.2,969.1,-7.46,18.72,-1.2,28.08
47480,78.9,18.77,6.55,3.13,19.6,187.7,1000.9,0.26,21.09,-1.45,27.62
47500,67.0,34.53,9.96,0,43.8,97.4,955.1,4.89,21.75,0.28,28.06
47520,49.96,47.67,24.19,3.73,-6.1,-10.7,957.1,8.1,20.46,7.6,28.62
47540,31.18,52.37,28.71,0,35.2,69.6,819.6,11.83,13.62,4.66,29.22
47560,10.14,60.19,43.43,4.4,121.4,136.9,820.9,13.92,12.33,2.79,29.39
47580,6.95,55.05,69.71,1.48,172.2,48.0,858.1,17.37,5.09,2.38,29.65
47600,0,36.67,80.2,5.45,48.3,-0.6,801.4,17.2,5.16,1.59,30.14
47620,2.52,36.23,82.65,4.23,1.2,-83.4,831.6,20.78,-13.28,-0.33,30.25
47640,0.53,23.69,91.37,12.69,204.8,-38.9,793.0,14.86,-16.25,-2.51,30.51
47660,0,11.6,80.74,23.75,143.2,-71.7,890.0,13.85,-4.75,-4.0,30.36
47680,0,0,65.32,37.87,53.1,-87.5,933.0,12.95,-9.11,-3.93,31.1
47700,0,3.45,51.76,48.6,18.9,-43.5,901.6,13.66,-12.52,-6.27,30.94
47720,0,0,40.36,65.26,39.9,-169.3,982.0,2.71,-26.06,-3.04,31.11
47740,0,3.52,20.79,65.56,87.6,-139.5,1007.2,0.77,-10.68,-0.37,30.73
47760,3.54,0.81,15.35,57.8,-26.2,-174.4,979.6,-9.35,-17.53,1.48,30.81
47780,3.1,0,5.86,55.14,-55.3,-143.9,998.2,-10.04,-25.79,3.69,31.21
47800,3.89,0,5.11,32.09,5.4,-56.8,984.6,-11.51,-4.83,5.49,30.62
47820,2.71,0,0.92,21.17,-142.7,-217.3,983.8,-19.36,-12.09,3.85,30.82
47840,3.23,0,0,14.79,-113.8,-29.1,1020.1,-17.14,-0.28,6.23,30.0
47860,0,0,0.23,0.12,-22.3,71.3,1024.5,-18.97,-1.74,-0.94,30.3
47880,1.53,1.91,4.57,0,-47.7,52.4,998.0,-21.37,6.58,-7.27,30.07
47900,0,0,2.21,0,-67.3,-5.9,1004.6,-18.91,4.83,-2.04,29.66
47920,2.71,2.47,0,0.42,-56.2,142.7,1026.6,-21.43,10.22,-5.5,29.34
47940,0,0.66,0,1.2,-35.5,143.4,1039.6,-14.07,13.79,-5.78,29.08
47960,3.31,0,0,0.73,-33.0,41.2,961.0,-9.53,18.95,-6.44,28.8
47980,0,0,0,0,100.4,178.4,1008.4,-13.8,8.79,1.73,28.33
48000,74.44,19.21,1.22,0.4,20.6,173.7,1005.9,-0.78,20.36,4.42,27.83
48020,67.21,28.24,8.99,0.97,-34.1,219.7,937.8,4.69,23.13,1.2,28.25
48040,51.22,43.93,17.85,6.04,53.3,103.1,927.5,4.52,23.4,4.23,28.62
48060,30.52,53.28,32.36,0,31.4,126.3,904.7,14.5,14.51,2.95,29.17
48080,18.43,56.02,42.53,0,156.9,70.0,848.1,18.42,2.2,5.39,28.95
48100,8.61,55.14,56.14,1.17,98.9,111.1,775.2,15.76,4.86,3.94,29.59
48120,0,39.42,77.51,1.0,78.5,-13.3,827.2,22.56,2.01,2.24,29.92
48140,0,28.43,82.59,6.44,74.5,-20.9,781.2,25.92,-5.95,0.53,30.39
48160,1.58,17.05,89.89,13.84,146.3,-120.2,747.4,21.59,-7.76,-2.24,30.38
48180,0,8.7,82.49,24.26,116.1,-23.5,820.5,16.22,-0.12,-7.3,30.47
48200,0,10.56,68.47,41.36,76.5,-16.3,846.0,13.87,-19.62,-2.47,30.67
48220,0,0,51.74,46.15,112.1,-74.7,903.1,10.32,-15.89,-6.38,30.94
48240,0,0,42.39,62.31,-23.8,-135.5,1005.0,4.62,-31.67,-5.07,31.34
48260,2.87,0.35,19.99,66.55,42.0,-53.5,1015.7,1.71,-27.53,-1.93,30.96
48280,0,1.4,17.8,56.42,12.4,-218.1,1016.6,-8.84,-22.08,1.86,30.95
48300,0,1.67,5.27,53.72,-122.4,-124.1,968.7,-11.94,-26.36,5.3,30.82
48320,0.92,0,5.77,41.06,-43.9,-136.7,983.5,-15.56,-12.87,1.94,30.39
48340,0.76,0,3.79,23.63,-19.3,-119.2,1029.8,-22.89,-10.42,5.83,30.88
48360,0,1.88,4.67,11.1,-69.9,-144.3,1015.9,-17.66,-2.0,5.3,30.78
48380,2.53,0,0,0.73,-116.0,24.7,1022.1,-20.17,1.94,0.67,30.12
48400,0,0,2.2,5.24,-0.9,11.0,1026.8,-22.18,10.02,-3.2,30.18
48420,3.37,1.43,0.04,0,-54.9,108.6,1032.5,-23.48,13.38,-8.3,29.97
48440,4.76,2.68,1.72,0,-131.3,83.3,1016.2,-18.54,18.13,-5.66,29.35
48460,4.76,2.84,2.65,0.62,-112.6,109.1,1005.3,-18.81,17.11,-6.07,29.23
48480,0,0,0,0,59.7,182.3,1067.9,-8.33,15.1,-0.54,28.93
48500,0,0.97,0,0.22,-74.7,146.2,984.5,-1.68,21.18,0.08,28.67
48520,0,0,0,2.12,-57.6,188.8,1040.1,-2.22,22.7,0.37,27.87
48540,73.57,33.06,11.46,1.21,50.3,246.3,970.6,7.69,21.57,2.43,28.52
48560,54.88,43.67,16.35,0,94.4,257.0,945.4,12.26,22.27,1.42,28.67
48580,36.21,52.13,31.62,1.89,28.0,99.4,837.2,7.6,6.09,3.1,29.18
48600,16.18,56.8,44.56,3.04,125.4,76.5,872.8,19.05,9.35,2.95,29.41
48620,4.37,51.62,57.32,3.24,54.6,48.9,849.8,19.89,7.12,1.77,29.66
48640,0,44.87,76.19,6.32,124.9,3.8,797.7,19.92,-1.33,0.38,29.92
48660,5.87,28.55,80.99,9.99,37.8,24.5,807.4,19.47,-2.22,-1.02,30.19
48680,6.0,20.27,89.39,14.2,103.8,57.2,813.9,14.13,-6.4,-1.16,30.18
48700,0.2,17.69,79.37,27.45,163.3,-124.6,784.2,18.43,-12.83,-6.85,30.52
48720,5.41,5.44,73.08,37.19,124.6,-178.0,842.5,13.71,-16.54,-7.04,30.57
48740,0,3.42,53.99,56.02,10.5,-65.5,917.5,8.96,-16.43,-1.72,30.61
48760,2.1,3.78,42.12,58.73,-52.2,-46.2,961.0,9.97,-20.83,-3.56,30.93
48780,0,1.5,22.15,63.72,41.8,-175.1,994.8,-3.73,-17.9,-3.38,31.09
48800,3.02,0,14.68,62.15,-115.8,-47.3,1046.3,-3.97,-10.91,0.18,31.0
48820,0,3.58,10.3,50.72,-122.3,-200.6,1003.8,-5.0,-22.38,4.59,31.15
48840,0,0.42,5.25,41.66,-90.5,-100.4,1035.6,-12.13,-11.22,3.93,31.07
48860,0.3,0,0,23.65,-168.8,-97.0,1049.1,-9.93,-13.59,3.58,30.38
48880,0,0,0,11.68,-104.9,13.3,1054.5,-20.29,-10.8,3.46,30.7
48900,3.84,5.3,1.1,6.34,-98.4,16.7,971.9,-19.38,4.02,0.1,30.38
48920,0,0,0.16,9.72,-127.4,-59.2,990.4,-18.35,0.61,0.73,29.89
48940,0,0.67,3.3,5.41,-110.0,90.9,994.2,-18.05,6.17,-1.31,30.03
48960,2.62,0,0,0.17,-100.3,190.6,1019.9,-15.79,12.74,-5.53,29.59
48980,0,0,3.31,1.95,-111.4,156.5,949.6,-11.06,12.07,-6.61,29.26
49000,1.31,4.95,0,0,-143.6,66.9,1043.1,-9.62,26.98,-3.04,29.06
49020,0,3.38,1.86,0.3,-72.5,173.6,998.9,-2.99,12.37,-2.21,28.46
49040,1.77,1.89,3.48,2.56,-24.8,250.6,1007.5,2.63,21.8,0.62,28.31
49060,72.02,33.17,14.95,0,-25.0,105.7,943.9,-3.81,22.9,1.8,28.44
49080,61.78,47.31,18.46,0,17.2,82.6,934.6,12.75,15.81,4.41,28.77
49100,36.01,58.38,28.33,1.61,84.2,186.6,867.6,16.93,22.11,7.78,29.22
49120,23.91,54.85,39.95,2.83,49.4,59.2,823.3,18.99,25.27,3.96,29.26
49140,4.96,51.66,54.98,1.06,93.8,-15.7,883.8,17.01,0.94,1.35,29.72
49160,0,52.76,68.86,2.01,104.8,15.7,807.5,19.58,13.3,-0.91,30.04
49180,2.4,30.1,85.16,7.8,100.4,39.8,788.4,18.37,-13.84,-0.65,30.39
49200,0,16.72,86.0,13.58,52.1,-35.5,740.4,19.5,-7.32,-0.99,30.37
49220,0.72,19.63,82.26,16.33,47.4,-92.6,838.5,14.14,-8.83,-1.0,30.52
49240,5.19,6.11,68.61,37.93,181.8,-116.6,881.0,13.13,-17.22,-7.17,30.62
49260,2.46,0,53.96,48.93,41.7,-88.2,878.8,8.21,-9.42,-3.46,30.87
49280,0,1.21,42.45,64.38,41.1,-142.5,883.2,9.94,-16.25,-2.11,31.03
49300,0,6.09,30.26,66.98,11.1,-162.1,946.2,4.21,-16.76,-1.25,31.33
49320,6.36,0.93,15.71,66.17,110.7,-188.3,1009.2,1.04,-16.47,2.37,30.84
49340,0,0,5.54,55.93,-98.7,-111.3,985.7,-4.94,-17.88,2.01,31.06
49360,0,2.4,2.43,34.84,-50.6,-113.7,1015.5,-15.35,-16.35,6.03,30.91
49380,2.15,0,4.26,28.44,-59.6,-80.7,959.2,-17.8,-17.17,2.13,30.46
49400,0,0,2.2,13.57,-8.9,51.1,1027.1,-14.37,1.8,4.11,30.48
49420,0,0.43,1.89,12.39,-116.1,-11.2,945.6,-15.48,-7.25,6.06,30.42
49440,0,0,0,7.03,-119.3,-10.9,985.5,-22.45,8.15,0.56,30.06
49460,0,1.43,0,1.46,-49.4,75.4,967.6,-14.81,10.26,-2.51,29.56
49480,0,0,0,4.63,-72.8,-53.9,983.3,-12.37,4.47,-4.99,29.47
49500,5.92,0,5.29,0,-53.3,126.7,1023.9,-18.51,17.68,-3.13,29.07
49520,2.74,0,0,4.79,18.3,12.8,1000.6,-11.01,13.92,-3.95,28.94
49540,0,0,3.13,0,-25.9,123.2,965.2,-10.39,21.77,-2.32,28.45
49560,4.61,0,0,6.51,-44.7,181.1,939.1,-4.22,27.97,0.33,28.0
49580,71.76,28.57,12.34,0,-9.7,177.3,977.7,6.75,16.77,2.41,28.15
49600,60.38,47.34,21.72,0,3.7,144.9,926.1,6.73,28.72,4.78,28.59
49620,34.58,55.19,26.03,3.08,-13.0,168.9,836.5,10.86,9.31,2.96,29.1
49640,20.61,60.5,37.17,0,50.3,90.2,846.4,15.23,20.8,7.9,29.25
49660,8.15,55.24,53.01,0,127.4,29.8,847.8,16.81,9.36,5.52,29.5
49680,4.83,43.92,72.29,1.84,126.6,51.6,822.7,17.21,6.1,-1.58,29.72
49700,0,35.81,82.33,5.09,134.5,-17.1,834.7,20.47,8.72,0.74,30.1
49720,0,22.17,84.44,15.7,67.9,34.2,801.0,20.66,-2.75,-1.13,30.73
49740,2.3,10.56,87.69,19.7,70.5,-65.1,821.9,20.21,-9.05,-1.17,30.69
49760,0,9.56,72.17,36.42,38.1,-56.8,843.9,16.75,-8.69,-6.83,30.35
49780,6.7,0.56,57.83,47.47,76.9,-151.9,912.4,11.38,-19.38,-3.16,31.03
49800,0.47,0,46.14,57.12,2.4,-121.0,933.6,-0.37,-19.39,-6.59,31.2
49820,1.57,0.59,25.69,66.52,13.6,-193.6,977.9,-4.67,-18.21,5.45,30.88
49840,2.41,6.71,17.42,62.86,-95.8,-194.3,1067.3,2.21,-21.71,4.89,30.85
49860,3.56,1.85,10.81,56.08,23.4,-90.5,953.3,-7.44,-27.03,2.56,30.87
49880,3.04,0.37,5.04,41.81,2.5,-207.7,971.8,-9.81,-19.5,3.01,31.05
49900,1.32,0,0,25.88,-132.1,-160.5,1015.9,-15.92,-19.42,8.71,30.94
49920,3.33,2.14,0.55,16.55,-111.9,1.0,1019.1,-12.85,-12.05,3.17,31.01
49940,0,0,2.45,8.7,-93.7,-109.5,987.2,-19.56,-11.24,2.39,30.05
49960,0,0,0,3.77,-94.7,41.4,1003.1,-21.98,-1.59,-2.22,30.36
49980,0,0,1.47,3.99,-73.0,64.6,1001.3,-22.98,9.03,-0.24,29.59
50000,1.7,0,1.24,0.56,-10.7,44.8,966.1,-17.38,16.55,0.66,29.65
50020,1.6,1.57,0,3.69,-85.4,22.8,1016.8,-21.0,9.54,-6.3,29.1
50040,5.02,0,0,1.94,-151.8,57.5,1039.0,-10.75,16.01,-5.67,28.78
50060,0,10.91,2.88,1.24,-16.3,120.7,1019.3,-9.8,23.61,-0.14,28.76
50080,2.49,0,0,5.72,-104.2,181.7,1006.3,0.17,14.72,1.71,27.85
50100,76.22,28.67,8.57,0,-3.8,159.2,934.1,-0.85,18.66,1.48,28.34
50120,57.43,38.81,19.54,6.92,56.8,121.9,954.0,7.86,22.67,4.48,28.93
50140,37.9,54.18,23.15,0,6.6,57.7,893.7,14.49,9.18,6.18,28.97
50160,19.34,61.19,39.31,0.92,157.7,94.7,818.7,15.92,15.41,7.57,29.4
50180,13.59,54.83,52.52,1.45,44.2,48.7,812.1,18.89,5.35,1.66,29.44
50200,4.04,44.67,68.04,7.27,83.7,43.7,813.7,21.63,7.15,0.17,30.32
50220,0,36.4,83.52,5.95,104.3,61.9,772.6,21.76,-1.88,0.38,29.99
50240,0.8,24.66,88.55,7.57,-0.8,-61.2,796.7,20.41,-9.77,-5.21,30.39
50260,0,14.39,86.41,20.87,95.4,-84.1,854.4,17.08,-19.5,-2.42,30.57
50280,0,16.8,82.29,31.49,139.2,-66.0,812.8,14.3,-17.05,-3.09,30.99
50300,0,3.88,57.22,44.65,125.6,-158.5,876.8,11.97,-17.12,-3.68,30.74
50320,0.62,0,45.77,60.44,7.7,-180.9,966.0,8.72,-21.97,-3.15,31.04
50340,0,4.89,30.58,67.25,-25.8,-192.1,979.8,-1.56,-21.62,-0.12,31.24
50360,0,5.96,22.16,68.04,11.2,-256.6,992.2,-6.17,-18.05,3.15,31.01
50380,0,1.35,10.21,60.62,22.9,-170.6,996.9,-11.0,-14.64,4.2,31.37
50400,0,2.96,5.55,48.24,-84.1,-133.0,1028.5,-15.74,-19.67,4.36,30.6
50420,0,0,2.26,29.4,-84.8,-162.0,979.8,-14.52,-6.14,5.76,30.56
50440,0,0,0.85,15.24,-84.6,4.1,1003.0,-19.63,-11.9,7.96,30.56
50460,0,2.43,2.63,11.31,-87.8,25.6,1013.0,-19.77,-4.07,1.8,30.38
50480,0,0,0,4.57,-134.4,72.9,977.8,-14.03,-1.96,0.71,30.0
50500,0.56,0,0.36,1.17,-71.6,49.8,1015.9,-22.02,7.82,-3.47,29.72
50520,9.64,0,3.46,0,-107.5,135.0,1014.2,-16.55,14.99,-5.28,29.54
50540,0,0,4.45,3.0,-53.8,127.2,1056.6,-11.39,8.87,-8.3,29.19
50560,0,8.1,4.67,1.55,-130.8,84.3,960.8,-9.83,12.04,-6.08,28.51
50580,3.04,2.85,4.33,3.68,-156.4,101.0,998.8,-3.18,8.08,-2.95,28.63
50600,0,0,0,6.4,45.4,155.2,967.8,0.07,21.54,-2.63,28.38
50620,71.07,26.78,12.42,0,61.6,155.3,984.5,-1.58,17.71,1.62,28.28
50640,61.24,36.07,15.84,0.66,-14.8,217.0,914.9,4.28,20.73,6.54,28.38
50660,46.97,59.29,22.42,0,15.1,87.0,891.2,14.2,12.41,3.46,28.96
50680,20.62,53.7,39.77,0,91.1,84.6,786.7,16.86,11.42,4.76,28.96
50700,12.77,56.58,55.7,0,52.9,84.7,863.6,17.26,7.86,4.82,29.91
50720,5.05,49.02,65.17,0,99.0,-23.1,820.4,17.64,3.94,2.64,29.74
50740,0,32.91,80.66,0,42.1,-9.5,827.9,17.66,1.49,1.42,30.48
50760,0,22.42,83.41,1.72,174.7,2.9,820.4,18.14,7.54,-0.72,30.41
50780,0,15.78,84.18,22.02,97.8,-136.6,832.6,23.14,-9.61,-1.65,30.45
50800,3.32,7.15,78.1,34.58,82.5,-119.4,843.5,15.74,-16.63,-6.18,30.68
50820,0,2.49,64.88,42.04,54.2,-116.6,876.0,12.05,-33.1,-6.27,30.76
50840,0,0.11,48.94,60.12,57.9,-150.8,948.4,8.18,-22.16,-2.19,30.78
50860,0,0,30.86,68.05,6.9,-188.4,953.5,-1.02,-17.84,-0.24,31.11
50880,0,5.36,15.18,72.12,42.8,-134.0,1033.2,4.27,-18.34,3.75,31.15
50900,0,0,13.38,59.14,-74.7,-101.8,967.4,-3.03,-20.18,1.83,30.74
50920,0,0,0,47.57,-136.1,-139.6,1022.9,-21.01,-12.43,5.57,30.54
50940,0.51,0,0,25.35,-50.8,-61.9,1037.3,-13.34,-12.53,5.29,30.53
50960,0,0,3.48,17.21,-46.8,-140.9,1013.9,-20.8,-9.96,3.14,30.41
50980,4.68,2.79,0.45,7.81,-95.1,-22.4,961.8,-17.33,-5.9,2.34,30.2
51000,0,0,0,0,-108.4,-36.8,985.8,-24.76,1.73,-2.57,29.82
51020,3.94,6.21,2.29,0,-205.0,-57.5,995.7,-19.75,1.35,-2.46,29.82
51040,0.86,4.12,0,0.81,-87.9,97.9,999.0,-19.15,7.15,-5.56,29.18
51060,0.09,4.18,4.03,0,-99.1,108.2,1016.6,-14.59,12.72,-3.36,29.23
51080,0,5.21,6.79,1.85,-46.9,108.2,974.4,-6.86,10.69,-2.63,28.9
51100,0,1.92,2.98,2.58,-113.7,161.3,1022.4,-8.2,20.39,-4.51,28.79
51120,0,1.67,0,3.22,47.0,227.8,1031.1,0.64,17.68,-1.91,27.97
51140,76.11,30.54,9.16,3.76,13.6,176.3,962.3,0.91,19.81,2.89,28.08
51160,64.95,42.31,15.56,0,-58.6,154.7,877.1,7.01,21.83,3.03,28.53
51180,37.9,51.66,20.96,0,-37.2,149.3,853.5,11.51,20.35,5.41,28.91
51200,21.85,52.03,37.54,0,21.6,107.8,867.3,15.13,23.11,6.47,29.4
51220,11.18,60.38,56.8,0,102.8,190.8,870.1,16.71,4.48,6.98,29.66
51240,4.46,51.26,69.76,0,194.1,-21.8,829.4,14.27,9.34,3.34,29.78
51260,0.16,38.95,86.83,6.74,114.5,-21.1,811.5,23.66,-2.93,-2.65,30.01
51280,0,26.72,85.1,4.94,156.5,-72.6,801.5,22.65,-8.91,1.13,30.05
51300,5.96,8.96,83.71,15.8,21.2,-37.7,849.2,14.52,-14.02,-3.42,30.68
51320,0.39,5.75,76.69,29.26,71.9,-45.0,846.4,15.8,-21.68,-3.11,30.56
51340,0,0,63.45,45.24,89.9,-112.7,857.5,15.04,-19.15,-1.3,30.8
51360,1.06,7.32,47.48,54.47,80.8,-70.5,914.4,8.18,-16.1,-6.67,30.93
51380,0.8,0,30.91,65.36,17.1,-124.4,998.1,3.63,-22.57,-1.56,31.2
51400,2.37,3.13,24.84,67.52,-3.8,-227.6,990.2,-3.08,-25.74,3.2,31.07
51420,0,0,10.05,55.04,26.4,-190.0,991.4,-6.3,-20.69,4.53,30.8
51440,0,3.88,9.65,42.93,-143.7,-188.9,1062.9,-13.08,-16.16,3.11,30.74
51460,0,0,5.53,31.62,-101.6,-147.4,1004.3,-13.69,-18.32,5.47,30.63
51480,1.06,4.81,3.42,25.29,-153.0,-51.0,990.5,-17.52,-5.04,7.05,30.29
51500,1.35,0,0,8.97,-87.8,-133.8,994.5,-17.54,-5.71,4.79,30.09
51520,1.12,2.33,2.87,5.5,-139.7,7.2,963.1,-20.95,2.16,0.76,30.25
51540,3.51,0.63,0,5.73,-139.5,51.1,977.7,-22.9,10.21,-2.96,30.12
51560,1.04,0,0,4.1,-55.6,9.2,996.3,-20.38,5.1,-4.98,29.78
51580,0.62,0,0,0,-115.4,131.6,1055.2,-15.58,10.75,-9.2,29.33
51600,2.69,2.3,0.84,0,57.1,96.2,1010.2,-16.79,21.73,-7.83,28.89
51620,1.78,1.94,1.61,4.76,-46.3,146.6,1057.7,-4.19,10.9,-5.63,28.55
51640,0,0,0,0,35.9,113.1,997.4,1.2,17.85,-2.38,28.43
51660,77.32,25.19,5.55,0,-28.3,214.2,1019.0,1.06,22.6,0.44,28.24
51680,63.54,41.83,11.56,0,13.2,118.4,920.2,6.43,9.99,0.67,28.53
51700,47.5,50.35,22.87,0,27.7,153.5,913.5,12.64,23.01,7.29,29.26
51720,24.33,56.54,38.02,0,3.1,154.4,892.4,13.46,11.0,5.37,29.48
51740,14.56,51.87,48.92,0.65,91.6,146.6,775.2,15.88,11.74,3.74,29.71
51760,0.95,51.33,63.59,0,108.5,104.9,791.3,19.78,6.08,1.59,29.69
51780,2.86,39.99,77.71,4.38,28.4,78.9,809.8,14.89,4.57,1.42,30.14
51800,3.91,26.44,90.16,2.67,183.2,32.0,855.5,20.14,3.23,-4.38,30.41
51820,3.41,16.67,86.56,18.47,27.8,-9.9,845.3,12.17,5.36,-3.02,30.41
51840,0,5.07,74.73,31.33,92.7,-57.8,888.7,15.25,-18.41,-7.61,30.82
51860,7.33,0.63,60.09,39.76,33.9,-140.0,862.6,10.1,-14.57,-4.71,30.48
51880,0,4.88,46.91,60.77,33.6,-88.9,947.0,7.61,-16.52,-5.48,31.04
51900,0,0.13,30.88,65.27,16.0,-177.3,1024.9,3.46,-25.19,-2.16,30.93
51920,1.27,0.85,27.96,61.46,-18.2,-198.3,986.0,-2.15,-18.96,4.05,31.12
51940,0.99,0,9.45,62.66,-49.7,-199.6,1038.3,-5.55,-14.14,3.54,30.77
51960,0,0,6.35,45.22,-7.0,-224.6,969.5,-14.53,-24.15,5.85,30.65
51980,2.33,2.74,7.81,34.78,-104.0,-108.3,1044.2,-15.81,-16.64,7.36,30.77
52000,1.1,2.69,2.15,21.93,-134.0,-62.8,1036.6,-18.57,-12.72,2.42,30.57
52020,3.52,5.03,6.28,11.42,-91.5,-92.2,987.4,-25.48,-7.31,2.11,30.44
52040,0,0,1.25,4.28,-159.8,-27.1,1020.1,-26.7,1.19,0.61,30.22
52060,1.88,1.7,0.19,0.73,-86.0,64.8,1048.4,-16.82,9.91,-1.12,29.79
52080,0.15,0,0,1.47,-68.8,68.1,996.5,-22.97,6.94,-4.7,29.49
52100,0,0.29,0,1.19,-122.1,125.5,1025.6,-14.22,16.17,-2.38,29.01
52120,0,4.35,6.67,4.43,-37.0,128.6,1004.3,-10.02,17.66,-6.7,29.07
52140,3.67,0,2.87,0,1.6,192.7,1009.4,-6.49,18.23,-4.65,28.87
52160,2.45,3.58,0,3.63,3.5,131.7,990.8,-0.4,18.43,1.04,28.32
52180,77.87,22.88,4.02,0,-38.6,120.8,985.8,-1.04,9.05,0.73,28.38
52200,61.64,33.71,17.03,1.06,45.0,85.8,986.5,2.11,25.27,1.47,28.27
52220,49.28,53.98,27.14,0,47.7,119.5,930.6,13.57,4.38,5.07,29.1
52240,27.94,55.92,35.86,0,-7.1,31.3,844.1,17.54,17.66,2.88,29.17
52260,5.84,57.99,46.98,2.1,86.2,-2.7,861.0,19.3,7.19,7.26,29.57
52280,2.81,52.97,58.94,0,136.6,56.8,842.8,19.88,14.12,1.9,29.75
52300,0,41.78,84.52,0,200.5,34.2,816.0,16.93,-13.61,0.33,29.73
52320,0,23.71,85.57,0.5,40.8,-43.9,835.1,23.37,-6.48,-2.92,30.3
52340,0.24,10.85,85.13,9.82,61.8,56.6,819.9,16.01,-12.95,-5.4,30.7
52360,3.27,9.07,78.33,23.37,44.3,-122.8,801.3,14.88,-18.98,-5.68,30.54
52380,5.44,7.42,66.95,40.59,9.3,-179.3,890.9,13.36,-12.51,-7.76,31.0
52400,0,5.4,56.51,56.35,108.2,-151.2,943.9,5.67,-20.18,-3.34,30.75
52420,0,1.93,37.76,64.55,51.3,-125.4,974.2,1.0,-14.39,-2.97,30.79
52440,0,0,20.52,71.16,-38.4,-132.4,985.4,2.42,-22.11,-0.0,30.68
52460,0,0,12.85,58.76,-33.4,-200.4,990.2,-10.81,-17.13,3.1,30.89
52480,0.73,0,4.65,47.91,-3.0,-137.1,997.3,-6.86,-10.74,8.14,30.96
52500,0,0,0,37.39,-92.1,-0.1,990.5,-15.62,-13.37,7.23,30.51
52520,4.51,2.05,3.47,18.15,-98.5,7.7,1023.6,-16.63,-8.35,5.77,30.89
52540,0,0,0,12.7,-123.5,-10.4,1022.0,-16.23,-8.87,4.8,30.67
52560,2.37,0,0,1.71,-134.0,42.0,946.0,-20.42,-1.58,2.76,29.94
52580,2.54,0.36,4.26,0,-113.6,61.1,1024.9,-25.5,2.98,-3.72,30.04
52600,1.97,0,0,2.91,-58.0,54.8,1041.2,-14.46,4.51,-3.97,29.7
52620,0,0,0,0,-133.5,65.7,1011.1,-13.56,18.16,-5.34,29.37
52640,0,0,0,0,-60.0,140.7,1018.5,-15.16,10.74,-6.1,28.95
52660,0,0,0,0,-11.8,82.8,1007.6,-6.79,8.85,-5.85,28.67
52680,2.25,2.84,4.95,0,-10.0,215.2,946.1,-6.84,19.01,-6.17,28.24
52700,73.94,22.31,8.71,0,18.8,96.8,963.7,-1.69,17.83,3.87,28.49
52720,65.73,32.11,11.75,0,30.4,97.8,995.0,3.6,20.41,4.59,28.74
52740,49.35,46.8,16.71,0,146.4,152.1,893.5,8.73,15.01,4.38,29.13
52760,29.24,54.58,30.47,4.02,81.8,108.3,835.4,7.03,11.55,4.18,29.11
52780,6.08,58.99,45.96,0,60.5,101.4,819.9,21.32,7.3,6.92,29.31
52800,3.13,55.85,66.35,2.4,81.4,-32.0,838.5,14.2,14.66,1.65,29.33
52820,1.2,34.89,76.27,0,82.7,21.4,786.6,22.3,3.6,-0.87,30.1
52840,0,27.13,88.66,11.64,156.9,-50.2,799.4,14.61,-11.04,-1.32,29.98
52860,0,16.34,88.13,13.43,69.5,-21.3,832.4,17.17,-3.19,-2.72,30.69
52880,1.34,7.59,78.6,28.2,-49.5,-135.4,836.7,13.15,-10.05,-4.74,30.63
52900,1.79,4.11,62.76,35.86,14.9,-172.7,897.6,12.33,-18.51,-3.74,30.65
52920,0,0,54.17,46.25,12.4,-60.8,876.4,11.84,-24.03,-4.44,30.8
52940,5.32,0,32.79,63.69,19.0,-190.8,994.7,11.17,-15.29,3.07,30.98
52960,0,0,24.33,68.17,57.8,-180.0,1009.7,-2.64,-17.41,0.19,31.36
52980,8.66,2.58,9.86,62.51,-87.6,-256.6,1025.7,-0.53,-19.97,5.43,30.82
53000,0,3.51,3.64,49.06,-98.4,-189.2,997.8,-13.03,-10.9,6.5,30.86
53020,1.8,0,1.93,32.72,-60.5,-37.4,997.8,-14.04,-17.67,4.39,30.8
53040,0,0,6.59,24.45,-111.5,-120.0,987.5,-12.55,-7.77,7.8,30.31
53060,1.59,0,2.05,14.86,-23.5,-47.2,1030.6,-18.37,-9.45,0.9,30.31
53080,0,4.72,5.81,6.03,-191.5,-31.7,971.6,-17.17,3.79,2.34,30.38
53100,2.4,3.93,7.27,0,-99.0,65.8,1039.2,-16.11,8.12,-1.62,30.06
53120,1.58,0,0.86,0,-153.4,43.4,977.6,-19.06,25.79,-3.63,29.82
53140,0,0.85,0,0.14,-127.4,200.7,1003.4,-18.77,9.38,-2.7,29.13
53160,1.37,0,0.69,0,-46.2,228.6,1036.5,-12.69,17.5,-4.88,28.65
53180,0,0,0.09,1.51,-44.6,117.7,983.0,-12.36,18.45,-3.97,28.26
53200,0,0.61,1.19,4.89,38.7,167.7,1003.5,-0.26,20.87,0.08,28.48
53220,74.69,19.6,3.93,0,88.2,271.2,991.5,4.17,14.12,5.37,27.98
53240,70.1,35.62,12.22,0,-53.3,118.2,958.5,6.75,22.48,3.42,28.53
53260,49.49,48.65,20.06,4.56,14.2,80.7,886.1,13.42,24.9,4.51,28.76
53280,32.03,54.82,31.94,2.93,65.8,179.3,860.2,12.89,10.57,1.99,29.07
53300,10.54,57.96,48.06,1.76,177.1,83.8,835.5,19.25,12.15,2.68,29.24
53320,3.91,51.34,61.23,0.09,99.6,98.1,786.9,18.25,1.4,0.93,29.66
53340,0.52,43.5,76.39,0.56,130.8,-41.2,825.9,23.97,6.22,2.54,30.01
53360,0,27.58,88.37,6.2,152.6,8.3,799.6,18.1,1.62,-2.27,30.5
53380,3.27,18.9,84.55,15.88,115.0,-52.9,821.4,19.68,-7.78,-1.88,30.33
53400,0,9.95,76.26,27.14,179.6,-84.8,808.9,10.99,-8.17,-4.63,30.75
53420,0,3.7,67.87,39.79,77.0,-147.9,844.4,13.82,-17.8,-1.79,30.61
53440,0,7.26,57.79,54.71,62.6,-91.6,931.4,12.4,-20.99,-7.32,31.12
53460,2.4,0,38.45,66.51,-74.8,-121.4,938.8,2.78,-17.34,-1.26,30.96
53480,2.74,0,18.17,63.8,4.9,-157.5,994.8,2.02,-20.21,3.07,31.29
53500,2.42,1.37,18.82,61.67,-20.0,-172.7,1018.8,0.26,-15.01,3.73,30.7
53520,1.95,0,6.07,49.05,-25.8,-127.3,948.5,-8.5,-23.54,3.78,30.87
53540,0,2.91,13.88,34.13,-58.2,-31.8,1016.5,-15.55,-15.32,5.09,30.79
53560,1.76,0,2.04,20.22,-79.8,-132.6,1006.4,-20.08,-12.38,-0.97,30.77
53580,0,0,2.84,16.67,-64.9,-110.6,1050.5,-18.17,-2.18,2.04,30.67
53600,0.26,0,0,9.29,-165.9,-59.8,990.2,-19.61,-1.73,3.31,30.23
53620,2.74,3.44,1.61,4.73,-36.5,3.8,947.7,-24.79,6.87,-0.42,29.97
53640,3.54,0,0,6.82,-99.6,-36.6,1001.5,-17.4,8.5,-7.63,29.58
53660,0,2.58,0,1.8,-152.5,90.1,1010.5,-14.54,10.92,-3.87,29.46
53680,1.94,0,0,0,16.3,117.7,1007.9,-17.25,14.22,-5.09,28.9
53700,0,0,0.27,0.8,1.4,144.8,994.3,-8.58,13.28,-2.83,28.57
53720,1.76,4.59,0,0,-29.9,119.7,1056.2,-6.98,21.46,-0.6,28.32
53740,80.33,19.76,5.86,2.34,35.3,291.2,1025.3,-3.6,13.06,0.06,28.22
53760,69.04,33.17,8.8,2.7,59.4,147.9,957.7,3.3,19.59,3.42,28.4
53780,46.98,47.82,14.74,0,-51.8,155.7,946.9,10.92,20.92,4.65,28.0
53800,32.46,55.03,27.24,0,103.5,86.4,887.7,14.74,9.96,5.77,28.96
53820,16.91,60.34,50.09,6.97,134.7,143.8,816.7,20.45,9.14,3.78,29.61
53840,5.76,52.92,56.99,2.42,163.5,-0.7,793.5,17.98,3.2,6.75,29.42
53860,2.94,43.93,74.11,2.43,174.9,-11.9,814.4,18.35,11.04,2.04,30.07
53880,2.26,33.42,82.22,5.13,80.7,-66.0,786.5,14.3,-3.45,1.22,30.64
53900,0.68,21.69,88.95,9.77,14.1,4.9,790.0,14.71,3.65,-1.94,30.37
53920,3.44,16.58,78.49,21.68,-8.0,-47.6,807.5,17.64,-12.67,-3.08,30.87
53940,4.13,3.1,68.29,35.7,76.6,-4.1,842.8,14.91,-25.34,-5.78,31.12
53960,0.75,0,54.13,51.26,-16.1,-123.9,893.1,10.89,-17.81,-3.11,31.2
53980,0,0,41.29,64.26,23.4,-151.4,935.9,5.46,-31.36,-2.83,31.11
54000,0,1.04,21.31,65.27,75.1,-60.8,985.0,2.67,-22.5,0.13,30.97
54020,1.18,1.54,11.75,67.61,5.5,-120.9,977.9,-3.13,-29.83,3.7,30.98
54040,0,2.87,8.43,51.42,-51.3,-182.2,939.0,-9.13,-24.13,3.54,30.98
54060,0,3.99,2.88,39.19,-73.9,-58.9,990.4,-8.39,-8.29,6.7,30.67
54080,4.7,0,0,21.32,-125.2,-19.8,960.4,-16.33,-11.52,5.1,30.52
54100,0.05,0,1.63,11.36,-39.0,-29.1,988.3,-19.22,-2.29,2.62,30.58
54120,0,1.1,0.89,5.39,-82.7,28.1,1030.9,-19.15,-6.98,0.06,30.17
54140,1.42,0.82,0,0,-152.0,65.2,971.4,-15.03,-7.49,0.63,29.96
54160,0,0,3.23,1.73,-93.4,77.5,1009.9,-20.76,2.86,-7.08,29.59
54180,0,0,0,0,-165.3,38.9,1004.5,-15.56,13.21,-3.18,29.21
54200,0,3.4,0,0,-126.3,102.9,1005.9,-8.88,15.95,-6.54,28.79
54220,0.67,0.74,3.39,0,-76.8,38.8,969.0,-6.22,14.85,-4.41,28.46
54240,2.62,0,0,3.82,-10.6,151.3,1000.1,-2.49,26.75,-3.34,28.7
54260,7.8,3.34,2.6,1.89,43.1,216.4,957.1,-2.97,11.87,0.61,28.02
54280,74.59,34.6,13.19,0,11.7,102.1,948.1,3.74,25.7,3.62,28.36
54300,53.02,49.91,16.35,3.54,115.0,198.1,894.1,8.25,23.94,4.49,28.79
54320,38.17,58.03,26.09,6.63,11.3,151.1,896.5,21.88,12.71,4.3,28.96
54340,18.45,59.69,44.29,0.29,38.9,135.8,804.7,13.71,11.96,7.56,29.43
54360,7.68,57.58,59.81,0,-1.2,-15.8,749.6,16.09,12.02,0.01,29.47
54380,1.49,49.05,66.87,5.11,43.5,65.7,793.1,17.44,-0.77,2.46,29.97
54400,0.49,34.46,82.81,2.01,151.0,-47.5,781.5,23.35,2.22,-3.42,30.37
54420,3.73,22.17,83.16,11.59,104.4,-55.6,815.8,18.43,-9.3,-2.19,30.19
54440,0,10.71,76.95,22.92,83.1,-66.6,811.6,16.9,-8.63,-5.18,30.33
54460,0,3.7,69.46,35.92,110.9,-149.3,832.4,9.79,-14.0,-10.93,30.9
54480,0,0,54.54,53.17,105.8,-28.2,861.9,5.2,-13.68,-7.27,30.87
54500,0,3.17,40.39,60.21,61.4,-160.7,918.7,11.18,-25.34,-3.05,31.07
54520,0,0,29.22,65.9,21.1,-182.9,989.6,3.89,-24.78,1.57,31.04
54540,6.55,0,14.91,62.64,82.9,-88.8,949.4,-0.88,-20.86,2.82,30.86
54560,0.15,0,3.3,55.33,-38.1,-171.4,984.4,-8.27,-23.23,6.49,30.84
54580,2.12,0,7.81,40.94,-50.1,-153.4,992.9,-10.91,-12.39,7.9,30.53
54600,4.44,0,6.17,21.96,-179.9,-64.6,1007.3,-18.42,-11.11,4.61,31.0
54620,6.48,0,0,15.97,10.3,-60.2,999.7,-17.91,-6.78,4.07,30.36
54640,2.98,0,0.25,7.24,-117.2,9.0,989.3,-21.92,10.7,0.25,30.29
54660,3.65,0,0,5.41,-104.9,1.3,1028.0,-19.36,4.88,0.03,29.94
54680,0,0,1.77,0.21,-52.2,50.5,955.1,-21.13,1.91,1.12,30.03
54700,0,3.94,6.81,2.01,-55.2,163.2,982.4,-16.94,11.5,0.33,29.23
54720,4.01,0,0.18,0,-68.9,81.6,968.0,-13.32,14.32,-7.81,29.05
54740,1.01,2.45,1.81,0.88,-40.0,107.8,988.7,-10.18,25.19,-0.45,28.62
54760,0.7,0,4.08,0,28.4,50.8,949.1,-2.74,20.86,-0.48,28.38
54780,0,0,3.19,0,32.7,140.0,954.6,-1.79,24.15,1.77,27.67
54800,70.7,29.92,13.42,0,27.8,84.5,1003.3,7.33,22.18,3.83,28.16
54820,53.19,48.6,18.55,3.61,-64.7,180.4,902.8,5.84,18.0,6.81,28.99
54840,40.44,56.57,29.01,3.72,-3.1,122.7,854.4,9.61,8.27,6.73,28.91
54860,12.96,59.04,40.5,0,102.7,166.4,850.5,10.31,12.33,4.95,29.34
54880,8.36,55.44,63.14,0,42.4,63.1,821.3,19.87,-3.04,3.29,29.73
54900,6.09,42.22,77.27,2.01,80.1,18.5,817.7,22.65,2.44,4.2,29.95
54920,5.2,38.23,85.85,3.9,75.2,-18.7,845.0,20.02,7.47,-2.0,30.17
54940,1.96,22.27,89.62,9.22,163.7,-68.6,836.0,21.39,-5.24,-3.49,30.38
54960,0,10.29,85.94,18.19,19.5,-97.4,856.6,18.15,-10.19,-2.61,31.02
54980,2.51,6.2,78.06,34.81,75.8,-221.2,885.3,15.1,-13.04,-5.49,30.64
55000,0,4.1,57.51,49.65,42.2,-31.8,913.3,7.25,-16.88,-4.15,30.94
55020,0,2.4,40.64,60.72,39.2,-131.4,1006.6,6.08,-18.97,-0.82,30.87
55040,0,1.17,26.35,69.43,79.6,-181.1,1002.3,2.62,-21.56,-0.67,30.94
55060,5.43,2.94,14.32,60.44,-63.7,-178.9,978.2,-2.63,-21.68,0.31,30.82
55080,0,0,7.95,50.93,-14.7,-193.1,990.6,-6.2,-18.16,1.22,30.73
55100,2.55,0,4.66,39.25,4.2,-111.6,994.0,-12.93,-13.43,2.74,30.43
55120,5.81,2.97,4.69,25.89,-43.8,-119.1,1033.6,-20.58,-6.7,5.52,30.74
55140,0,0.79,0.83,11.81,-82.7,-46.5,992.5,-20.65,-13.24,4.55,30.8
55160,0,5.59,0,12.59,-74.5,19.1,1074.4,-17.91,-6.07,-1.03,30.45
55180,1.78,2.05,3.05,8.73,-116.3,8.0,973.3,-21.97,-4.06,-2.25,30.17
55200,0,0,2.84,0,-82.9,57.2,990.0,-24.43,5.06,-3.29,29.62
55220,1.21,0,0,0.4,-70.4,41.8,996.0,-11.71,12.29,-6.06,29.59
55240,1.21,2.51,4.57,0,-49.0,103.6,1005.4,-15.58,11.33,-9.98,29.31
55260,3.21,0,4.38,2.25,-47.6,110.3,1022.7,-7.96,21.29,-3.89,28.95
55280,0,0,0,1.1,-19.5,242.9,929.2,-4.77,24.2,-7.53,28.35
55300,3.58,0,3.29,0,0.6,106.7,1036.6,1.35,20.45,0.55,27.91
55320,78.04,29.76,4.48,0,23.3,149.6,929.9,6.6,18.93,1.39,28.42
55340,55.65,51.25,18.1,0.75,17.1,128.0,917.7,5.62,17.23,3.34,28.52
55360,35.15,53.56,19.82,1.79,96.8,79.6,828.3,16.29,9.71,6.8,28.86
55380,21.35,53.85,37.44,1.5,47.9,112.2,791.5,19.05,11.93,2.79,29.09
55400,9.17,53.35,54.54,0.37,3.3,41.8,813.5,14.75,10.41,6.08,30.02
55420,0,48.13,70.46,0,60.3,127.4,821.1,19.85,7.76,3.67,29.68
55440,0.28,35.85,81.14,1.06,74.4,35.0,836.2,19.28,-4.07,-0.69,30.46
55460,0,21.96,91.46,12.73,159.2,-45.8,799.0,21.69,-8.51,-1.43,30.15
55480,0.74,17.11,84.37,16.2,50.6,-89.2,879.7,23.15,-7.78,-4.53,30.36
55500,0,4.56,73.89,26.43,144.4,-57.9,923.5,14.35,-16.49,-4.71,30.8
55520,2.21,0.22,63.61,41.98,51.3,-76.4,922.1,12.75,-16.38,-3.97,30.91
55540,3.71,2.23,43.77,60.15,85.1,-156.1,967.3,5.3,-18.79,-5.12,31.0
55560,3.87,0.54,29.87,69.63,-49.6,-103.2,950.9,4.92,-6.79,-4.36,30.91
55580,0,0,15.38,66.56,75.8,-106.4,1023.4,0.85,-14.32,1.74,31.17
55600,2.28,3.37,10.15,55.57,-51.3,-32.0,983.4,-10.35,-15.23,-0.88,30.4
55620,0,0,9.59,42.01,-33.6,-158.4,1024.2,-13.03,-16.16,6.08,30.5
55640,6.13,5.09,1.87,28.46,-32.0,-150.8,997.5,-13.94,-5.38,3.57,30.63
55660,0,1.76,1.13,14.07,-5.9,4.3,1024.3,-15.98,-3.29,4.0,30.5
55680,3.06,0,4.54,9.93,-10.8,-34.5,947.2,-14.75,-4.16,6.41,30.54
55700,3.53,0,0,0.27,-56.2,28.3,1015.7,-17.13,-4.53,-5.88,30.01
55720,0,0,0,4.41,-131.5,113.5,963.1,-19.91,5.53,-3.4,29.71
55740,5.91,1.41,2.08,0,-85.6,87.1,1051.0,-16.79,14.8,-7.32,28.93
55760,1.15,0,0,4.15,-13.8,177.7,992.4,-21.38,16.09,-4.81,29.09
55780,0,0,0,0,-85.4,221.5,1007.9,-9.43,17.81,-9.18,28.67
55800,4.26,1.36,2.58,1.28,-5.2,30.9,1053.8,-8.32,22.75,-1.9,28.33
55820,0.14,3.45,0,2.14,31.8,101.0,1043.1,-7.77,18.9,-1.51,28.27
55840,75.54,22.05,4.86,1.31,83.5,126.6,956.3,3.52,15.11,-0.94,28.26
55860,54.08,41.71,16.03,0.54,60.9,84.1,901.4,10.79,8.61,1.61,28.83
55880,42.0,53.42,28.66,0,77.8,192.1,921.9,18.4,4.03,7.34,29.17
55900,15.61,60.71,41.21,1.25,24.5,35.8,806.6,14.92,13.49,4.35,29.56
55920,5.14,55.17,56.1,0,102.2,32.7,816.9,16.02,10.17,4.41,29.43
55940,0,48.07,71.05,1.59,83.8,16.8,793.4,13.99,2.91,-0.25,29.94
55960,3.72,41.01,79.09,10.92,-0.9,41.3,794.4,24.03,2.97,-0.08,29.88
55980,0,22.67,84.59,11.96,35.7,-68.8,769.4,21.76,-7.85,-2.53,30.29
56000,3.17,13.01,82.22,19.35,76.3,6.4,823.2,15.24,-19.16,-3.51,30.64
56020,5.03,2.46,74.36,33.06,24.1,-118.2,855.7,11.42,-9.17,-1.28,30.89
56040,1.34,0,58.58,43.76,111.7,-128.3,934.6,9.66,-21.9,-5.25,30.76
56060,0,0,39.85,57.61,12.6,-236.7,889.1,4.23,-15.29,-5.73,31.08
56080,0,1.46,29.17,72.41,-7.5,-158.3,948.0,3.9,-21.2,-0.34,30.77
56100,2.28,1.44,11.9,68.56,-29.1,-239.8,1002.2,-4.21,-18.61,-0.83,30.75
56120,2.12,0,2.88,59.66,-42.2,-190.2,982.0,-8.34,-20.97,4.76,30.76
56140,0,1.06,2.83,42.91,-57.2,-147.0,978.9,-11.0,-17.5,5.08,30.74
56160,1.04,0,1.39,32.73,-82.2,-126.6,970.0,-12.52,-15.43,6.36,30.48
56180,0,0,0.03,18.71,-34.9,-46.3,1009.6,-16.22,-6.16,4.78,30.56
56200,1.09,1.77,0,3.18,-131.1,-64.6,1038.3,-20.39,-12.27,2.76,30.04
56220,0.82,0,0,2.47,-121.0,63.1,976.6,-16.27,-5.51,0.44,29.89
56240,1.22,1.19,0,4.05,-124.2,61.4,990.8,-22.59,8.08,-2.29,30.08
56260,0,0.19,0,3.58,-28.5,73.5,989.7,-16.12,5.11,-4.0,29.12
56280,0.67,0,0,0,-71.6,106.0,1036.9,-16.77,10.49,-8.06,29.2
56300,0,0,0,0,-60.2,102.7,973.5,-13.91,9.78,-2.45,28.9
56320,0.81,0,2.4,4.75,-12.6,227.5,1007.9,-6.33,18.99,3.03,28.11
56340,1.59,0,0,0,45.5,135.9,990.7,6.13,20.95,-2.52,28.27
56360,71.94,27.42,8.01,0,150.2,185.3,996.6,6.91,23.41,2.65,28.25
56380,58.46,42.63,19.97,0,48.2,87.2,948.9,6.97,13.14,2.37,28.46
56400,40.42,56.52,29.68,1.96,-50.9,99.8,879.5,11.83,17.67,1.35,28.77
56420,20.49,61.6,37.6,0,53.7,117.6,824.9,11.6,16.51,5.3,29.47
56440,8.21,52.67,57.11,1.01,96.7,67.8,810.3,10.25,1.54,0.68,29.2
56460,7.88,45.16,65.82,0.26,72.0,82.3,796.3,23.4,-1.62,2.72,30.02
56480,6.79,35.93,82.9,4.25,-7.6,-16.7,790.3,18.87,0.84,0.5,30.25
56500,2.88,23.67,83.55,10.84,25.8,-82.5,779.3,19.76,-9.69,-3.1,30.52
56520,3.18,13.99,81.34,19.65,144.9,12.9,790.1,15.51,-5.16,-1.97,30.47
56540,0,1.23,74.58,31.87,38.0,-194.8,854.4,12.13,-4.89,-5.17,30.73
56560,0,0,62.26,41.57,124.3,-122.5,898.8,9.86,-14.76,-1.84,31.16
56580,0.81,0,45.25,60.87,-8.6,-167.6,957.6,9.67,-20.38,-2.52,30.95
56600,0,0,28.77,62.0,-40.6,-226.9,963.1,3.12,-24.6,-3.9,30.95
56620,0,0.92,24.85,68.17,-9.0,-178.5,960.6,-6.34,-18.82,-0.6,31.1
56640,2.98,0,9.8,57.9,-109.2,-186.3,1052.7,-8.3,-18.45,6.76,30.62
56660,0,2.0,9.79,45.97,-98.6,-45.8,982.7,-10.71,-14.55,5.05,30.37
56680,0,1.19,5.06,30.01,-60.6,-99.9,1019.5,-17.48,-15.85,1.96,30.81
56700,0.73,6.49,0,15.75,-77.2,3.5,1034.7,-14.18,-2.73,6.64,30.53
56720,0,0,0,6.69,-86.2,-60.7,974.5,-27.08,-6.44,0.86,30.08
56740,0,0,0,7.14,-50.9,-64.5,1062.4,-19.43,0.75,-0.6,29.99
56760,5.0,0.28,4.56,0,-76.2,48.0,916.7,-23.55,5.44,-2.16,29.57
56780,2.33,0,2.02,1.47,-9.5,51.7,998.5,-17.12,-0.31,-3.04,29.23
56800,0.58,0.14,1.51,0,-110.6,85.9,1060.4,-18.52,13.77,-5.14,29.13
56820,0,0.65,3.68,2.41,-47.3,108.0,943.6,-10.12,20.71,-2.66,28.74
56840,0,0,0,1.66,-129.7,149.2,993.1,-4.73,25.22,-0.8,28.71
56860,2.93,1.11,0,0,-9.3,193.5,977.0,-3.42,16.27,-2.23,28.16
56880,73.41,31.03,3.46,1.34,-6.6,71.3,1011.5,0.15,20.91,-0.28,28.24
56900,58.01,41.6,9.72,6.99,24.7,138.2,925.9,13.64,20.96,2.6,28.73
56920,39.46,54.44,18.84,0,92.7,132.4,926.3,3.42,18.1,3.05,28.82
56940,25.58,53.39,38.35,3.64,104.4,33.4,897.7,21.32,16.27,6.45,29.41
56960,7.47,56.99,51.79,0.65,82.1,73.4,810.0,17.32,6.06,3.56,29.68
56980,9.94,46.59,70.55,6.6,129.2,23.0,811.2,20.76,3.52,2.71,29.68
57000,1.98,34.78,77.76,7.56,112.4,-47.5,837.5,22.91,0.38,2.33,30.11
57020,5.65,24.1,81.89,2.36,98.7,-76.7,787.0,19.5,-2.46,-3.03,30.59
57040,0,9.34,84.04,16.65,146.4,-134.9,818.0,24.17,-14.89,-4.15,30.58
57060,2.35,16.06,76.28,29.68,43.9,-64.5,839.4,14.89,-14.18,-4.07,30.6
57080,0.77,0,64.08,45.0,61.5,-25.4,904.2,13.58,-17.13,-5.09,30.97
57100,2.9,4.57,48.3,56.48,193.8,-84.8,967.1,6.91,-24.22,-4.95,30.88
57120,0,0,35.43,66.45,-77.9,-227.4,1000.9,-2.69,-13.82,0.43,30.84
57140,0,0,21.51,67.66,70.0,-192.6,1022.9,1.56,-17.75,0.33,31.28
57160,0,0.44,12.35,53.99,-145.7,-165.4,1015.9,-11.47,-25.17,4.03,31.02
57180,1.24,0.07,7.05,46.39,-77.8,-87.7,1016.8,-5.65,-20.24,5.81,30.86
57200,0,0,0,30.15,22.8,-52.6,961.2,-15.6,-17.77,0.98,30.82
57220,1.35,6.44,0,15.23,-124.8,-130.3,954.0,-15.91,2.03,5.13,30.48
57240,2.99,2.01,0,8.61,-167.6,-4.0,1025.2,-21.79,-11.58,1.23,29.89
57260,0,0,0,1.06,-156.9,-7.7,966.4,-12.69,-1.63,2.46,29.98
57280,0.41,0,0,0.98,-58.1,-1.4,984.3,-20.67,-0.19,-0.32,29.95
57300,2.89,0,0,2.27,-107.2,92.1,1040.0,-21.36,10.95,-5.34,29.14
57320,0,0,0,0,-61.6,133.8,981.5,-11.58,13.87,-3.37,29.33
57340,0,1.6,0,0,-25.4,67.7,1029.4,-16.12,24.84,-6.39,28.93
57360,0,1.41,0.14,0,1.2,104.4,1012.5,-7.11,22.27,-5.64,28.77
57380,0,1.22,4.3,3.64,-79.3,162.8,990.3,-1.81,22.29,-0.6,28.59
57400,75.75,24.92,5.55,3.51,-61.7,170.6,982.8,2.66,17.04,0.89,28.3
57420,63.85,37.35,12.14,0,13.5,174.3,929.8,7.85,24.7,3.64,28.2
57440,44.85,48.26,24.21,1.57,104.5,190.1,912.0,15.1,16.31,3.59,28.58
57460,23.93,53.46,35.11,0,118.3,36.9,896.4,16.72,5.72,6.0,29.28
57480,9.99,54.47,48.73,2.47,134.0,59.4,826.0,14.4,-5.54,1.48,29.48
57500,6.65,49.18,64.68,0,100.7,42.3,881.2,19.45,0.82,3.12,30.11
57520,0.53,38.96,74.92,0.72,95.5,-34.6,828.0,13.6,-4.75,0.86,30.14
57540,0,26.1,86.67,8.01,48.4,-58.5,778.4,17.25,-15.7,-3.85,30.63
57560,0.6,15.17,89.48,16.97,97.5,-95.2,875.0,21.46,0.33,-2.96,30.52
57580,0,7.89,80.58,29.09,123.3,-137.5,867.2,14.11,-10.07,-2.88,30.87
57600,1.87,3.45,62.59,45.31,88.7,-164.8,870.0,12.57,-6.96,-4.1,30.71
57620,0,0.44,45.56,53.21,112.7,-125.1,923.4,4.14,-18.88,0.12,31.18
57640,1.39,1.15,35.84,66.58,33.3,-164.8,959.5,-0.61,-19.03,-2.72,30.41
57660,0,1.63,22.67,62.21,-18.9,-218.5,992.3,-2.5,-15.36,2.84,30.62
57680,2.44,0.18,13.94,59.27,-52.5,-145.0,1054.5,-3.59,-20.82,2.31,31.25
57700,0.81,4.91,4.04,42.34,-96.8,-154.6,997.2,-17.0,-14.56,4.63,30.75
57720,0,0,0,29.89,-90.0,-50.2,1025.5,-16.94,-16.37,6.33,30.8
57740,0.91,3.54,9.76,24.75,-48.5,-51.3,972.0,-18.45,-10.33,5.93,30.18
57760,0,0.63,0.24,12.55,-142.3,-35.1,1015.3,-21.19,-6.24,3.97,30.37
57780,2.81,0,0,10.13,-147.7,6.3,970.8,-18.41,-5.28,4.61,30.31
57800,0,0,0,5.29,-92.2,50.4,1034.1,-19.02,12.76,-1.61,30.1
57820,0,5.01,5.27,0,-158.0,100.9,998.8,-14.95,12.96,-0.4,29.43
57840,0,0,1.47,0,-68.3,159.5,984.0,-18.55,15.52,-4.43,29.03
57860,4.64,0,1.86,0,56.5,113.8,1045.3,-10.55,19.68,-4.95,28.9
57880,3.94,1.19,0,0,-34.0,121.3,980.7,-7.91,14.77,-4.42,28.76
57900,5.67,0,4.69,0,-72.8,148.3,1024.1,-0.32,19.19,-0.49,28.18
57920,79.25,26.79,7.27,0,33.8,151.2,977.0,3.5,25.8,0.68,28.17
57940,61.0,37.01,10.54,0,63.5,158.3,919.3,4.85,21.69,4.48,28.37
57960,49.75,48.42,20.17,0,18.2,23.1,926.2,11.26,14.65,2.82,28.86
57980,25.41,54.27,38.16,0,81.8,88.2,813.5,12.28,21.91,4.31,28.94
58000,19.0,55.22,52.57,0.48,68.0,66.4,842.6,15.99,11.19,0.99,29.31
58020,2.71,55.41,69.03,0,146.3,-9.4,814.4,25.62,16.56,1.22,29.8
58040,0,38.03,79.51,7.59,178.4,-16.8,832.2,22.29,-1.23,2.83,29.66
58060,0.2,30.07,81.25,10.95,78.8,-44.2,803.7,17.45,-4.72,-0.37,30.46
58080,0,10.14,89.52,13.63,110.8,-71.9,814.6,15.85,-7.55,-4.3,30.42
58100,0,9.92,71.4,28.65,66.9,-102.0,799.1,16.27,-15.28,-6.99,30.61
58120,0,0.62,67.72,37.28,136.9,-147.6,854.6,8.09,-14.71,-4.75,30.92
58140,0,2.61,46.36,57.48,30.5,-163.8,866.1,9.91,-18.5,-5.15,30.74
58160,1.64,3.23,32.81,71.86,-48.4,-74.1,1001.0,1.57,-23.84,0.22,30.84
58180,3.19,1.94,20.75,65.98,44.7,-186.5,1090.1,-1.11,-16.96,0.01,31.08
58200,1.86,0.64,12.4,64.73,6.5,-143.0,1006.1,-5.27,-22.3,1.21,30.98
58220,2.98,0.99,7.2,47.28,-73.7,-151.4,1022.7,-4.96,-15.97,3.22,30.46
58240,2.88,0,2.1,32.58,-23.3,-80.8,1019.4,-14.05,-20.9,0.27,30.84
58260,0.84,0,0,15.15,-66.6,48.1,971.5,-19.87,-15.19,1.77,31.1
58280,3.01,2.23,0,12.94,-64.7,-61.6,995.4,-17.05,1.17,2.63,30.4
58300,4.89,3.75,4.51,7.75,-120.6,-9.5,1013.8,-20.75,-3.26,2.06,30.04
58320,0,0.94,3.34,3.24,-103.3,92.7,996.7,-16.46,7.95,-2.47,29.81
58340,0.88,2.58,3.46,1.75,-142.3,41.3,994.9,-17.26,5.35,-3.21,29.55
58360,0,0,4.42,3.05,-36.8,176.2,998.9,-15.37,6.29,-3.95,29.16
58380,1.13,0,0,3.47,-51.6,139.5,1004.1,-8.32,21.09,-2.85,28.85
58400,0,3.26,0,1.37,36.8,120.0,1035.8,-3.32,16.78,0.33,28.7
58420,3.16,1.26,2.55,0.91,29.0,85.1,1011.3,-3.84,24.43,-1.8,28.11
58440,78.12,28.98,6.06,0,25.6,66.0,1049.1,-1.22,19.78,1.7,27.92
58460,64.56,38.38,14.46,0,-16.2,203.9,907.0,4.94,19.87,3.51,28.66
58480,44.45,50.4,21.19,1.65,170.1,149.7,879.4,12.41,24.37,0.56,28.89
58500,28.52,60.81,35.43,1.2,38.5,113.0,864.0,9.18,19.26,5.32,29.35
58520,8.97,61.9,49.48,0,86.3,-37.4,832.9,16.62,8.72,5.73,29.3
58540,0,52.7,63.31,2.14,33.3,45.8,842.7,15.46,4.42,1.23,29.55
58560,4.21,38.51,73.03,1.71,68.4,14.1,784.9,19.95,-0.2,-2.0,29.8
58580,1.66,22.34,84.74,3.13,123.5,11.7,767.2,20.36,-2.9,-1.33,30.48
58600,4.78,14.47,81.1,11.75,147.8,-47.1,807.7,14.52,-5.54,-0.06,30.57
58620,0,9.37,77.88,29.27,134.4,-170.2,745.4,13.79,-14.46,-6.87,30.9
58640,0,6.24,65.61,40.87,61.9,-142.6,916.2,10.36,-7.86,-6.89,30.84
58660,0,0,51.1,53.86,46.7,-150.3,931.0,9.48,-16.18,-3.19,30.85
58680,0,5.68,35.83,63.94,122.9,-220.1,924.5,1.94,-30.08,-1.48,30.83
58700,0.63,0.15,21.73,69.56,8.6,-134.8,997.7,-2.18,-16.42,0.98,30.56
58720,0,0.05,14.57,61.69,-6.4,-162.1,1011.9,-1.11,-27.37,-1.31,30.85
58740,1.32,0,6.99,47.69,-21.1,-44.4,982.4,-12.74,-14.37,6.35,30.56
58760,3.49,0,2.2,34.45,-95.4,-124.2,994.4,-8.32,-12.84,4.55,30.71
58780,3.42,0,1.64,21.06,-109.2,-140.4,1000.1,-12.97,-15.92,2.1,30.37
58800,0.63,2.6,0.29,9.64,-38.0,-25.0,1000.9,-16.19,2.33,0.31,30.85
58820,0,3.57,0,8.44,-179.5,31.6,958.0,-21.78,-1.42,1.12,30.33
58840,0.33,0.9,0.22,2.68,-120.6,-18.4,975.7,-24.2,-6.3,0.23,30.11
58860,0,5.17,1.75,1.77,-77.6,57.4,998.5,-19.1,17.03,-5.16,29.68
58880,0,0.38,0,3.52,-48.4,35.4,987.0,-19.33,24.12,-4.54,29.34
58900,0.71,0,3.26,1.76,-99.2,31.4,990.5,-13.98,17.93,-3.56,28.93
58920,0.05,2.43,0.94,0,-55.9,147.0,1005.8,-4.84,9.78,-0.47,28.38
58940,0,0,1.26,0,-96.9,160.0,1030.9,-6.83,19.43,-6.53,28.3
58960,73.34,19.58,5.58,0.43,-51.5,81.9,956.9,4.1,20.88,1.17,28.32
58980,67.15,37.38,14.34,2.7,45.9,140.3,928.8,7.37,18.81,5.85,28.2
59000,53.44,45.39,22.4,0,-14.0,118.3,896.4,7.6,15.59,0.2,28.62
59020,27.99,55.93,33.57,0,66.9,119.9,858.2,18.88,20.78,1.64,29.08
59040,13.79,58.55,53.4,0,155.7,107.6,877.3,14.13,8.23,6.87,29.26
59060,4.77,52.61,61.17,1.49,11.7,5.6,811.3,21.5,14.37,4.55,29.81
59080,0,39.97,78.31,1.83,15.1,-78.9,787.2,22.45,4.95,-2.17,29.91
59100,2.55,30.68,83.47,11.26,127.3,57.4,826.0,17.19,1.21,-2.11,30.07
59120,3.29,19.3,84.03,16.89,48.0,-47.3,833.3,20.13,-13.08,-3.68,30.6
59140,0,6.71,76.12,23.03,67.6,-57.6,808.9,15.81,-8.72,-6.38,30.72
59160,4.01,2.94,68.52,39.77,24.2,-72.9,817.6,11.52,-9.91,-5.64,30.66
59180,0,2.31,53.88,56.49,-5.2,-176.9,924.6,10.77,-16.3,-6.89,30.95
59200,0.44,2.24,38.05,60.59,-39.1,-108.2,1009.5,5.72,-21.91,1.63,31.02
59220,2.31,0.61,21.33,67.61,13.5,-175.8,961.5,2.13,-16.27,-2.78,31.23
59240,0,6.41,11.01,62.33,29.8,-246.1,1006.6,-0.34,-27.01,1.92,31.09
59260,0.78,0,8.55,45.41,-144.6,-121.4,960.3,-10.1,-5.06,5.83,30.94
59280,0.29,6.02,2.09,34.2,-117.0,-84.9,962.9,-13.32,-11.33,6.73,30.68
59300,0,3.57,3.82,23.57,-85.0,-105.1,1063.1,-16.52,-13.13,2.34,30.88
59320,0,1.26,4.59,7.98,-102.7,-120.8,1021.5,-15.55,-10.82,3.59,30.46
59340,2.76,0,0,2.35,-131.7,29.4,1004.4,-16.55,-2.21,1.86,30.36
59360,3.43,0,3.46,3.05,-144.3,127.4,981.8,-18.68,4.23,-4.59,30.1
59380,0,0,2.02,0,-111.2,-12.6,971.2,-21.91,3.15,-5.61,29.9
59400,1.01,1.77,3.45,0,-41.5,131.6,988.4,-15.28,10.31,-7.13,29.37
59420,0,0,0,0.67,-142.5,205.4,987.3,-11.81,14.25,-2.69,28.95
59440,2.64,0.23,0,0,-71.6,81.8,1001.4,-10.48,16.83,-3.43,28.82
59460,1.72,0.74,1.63,0,74.1,151.5,968.0,-5.8,19.54,-2.33,28.24
59480,77.59,19.41,7.78,0,-109.9,130.6,985.9,1.73,23.16,-3.97,28.14
59500,74.52,30.49,11.77,0,-20.2,121.8,942.0,2.04,23.79,1.23,28.54
59520,50.08,52.86,23.07,0,37.4,65.7,852.0,13.08,16.4,7.52,28.79
59540,30.59,59.83,34.07,0,59.1,86.0,859.2,12.74,21.65,3.45,29.11
59560,10.04,55.92,48.24,0,33.4,133.0,886.7,20.03,11.1,5.51,29.67
59580,3.68,51.69,60.34,0,188.9,-23.1,803.6,17.64,5.72,3.16,30.02
59600,2.24,37.59,81.44,3.59,170.7,-49.6,767.9,16.99,5.25,-0.36,29.92
59620,4.65,31.57,87.15,3.5,88.4,-60.3,763.3,21.71,-9.27,-1.57,30.1
59640,0,11.04,86.3,13.83,117.1,-196.9,806.5,16.36,-3.5,-3.97,30.53
59660,0,8.32,83.16,28.78,90.1,-80.4,834.2,16.7,-9.0,-8.33,30.61
59680,0,2.71,68.33,38.33,84.6,-172.5,885.7,17.5,-15.85,-4.08,30.71
59700,3.01,2.84,52.5,53.04,17.2,-61.4,946.0,10.69,-15.99,-5.03,30.67
59720,0,2.76,39.46,62.89,44.1,-177.3,975.7,6.71,-16.8,-0.2,31.06
59740,0,2.42,21.43,65.52,-64.8,-222.4,1012.1,-2.78,-18.47,0.36,31.4
59760,0,0.12,16.29,65.09,54.8,-132.8,1020.9,-6.61,-19.08,3.93,30.93
59780,3.71,0,11.47,51.8,-123.1,-183.5,974.8,-5.8,-7.28,5.55,30.98
59800,3.17,0,7.53,32.93,-109.1,-62.1,968.4,-12.54,-15.83,5.26,30.88
59820,1.64,0,2.87,24.53,-84.1,-120.3,1016.6,-22.46,-9.54,7.82,30.68
59840,4.5,0,0.61,16.21,-47.9,-101.3,1033.0,-26.7,-4.37,4.72,30.37
59860,3.81,8.57,0.56,7.28,-88.0,62.5,961.4,-23.26,-4.59,2.23,30.26
59880,0,0,2.01,0.98,-39.3,42.3,946.9,-15.95,-2.75,-3.93,30.21
59900,1.61,0.84,2.21,1.93,-110.4,17.5,944.7,-19.34,7.79,-5.13,29.26
59920,6.07,0,0,0.48,-131.6,78.7,968.8,-15.53,10.58,-6.74,29.59
59940,0,0,0,0,-67.7,127.4,1002.9,-19.89,17.58,-3.68,29.41
59960,0,0.01,0,3.44,-52.0,123.2,958.1,-12.94,17.5,-1.91,28.73
59980,0,0,0.91,0,-43.9,189.5,960.5,-6.7,25.27,-6.28,28.11
60000,80.1,17.56,8.13,0,-13.6,201.0,989.7,-0.19,20.07,-1.25,28.15
60020,71.15,37.64,9.75,0.62,-27.7,174.5,981.3,6.74,26.25,2.7,28.25
60040,52.69,44.66,19.81,4.65,19.5,149.2,904.8,13.18,22.73,4.01,28.64
60060,38.35,55.14,28.47,0.46,90.6,40.4,865.1,18.68,17.5,0.93,28.91
60080,16.95,58.08,44.37,2.16,77.8,20.5,834.5,22.23,7.39,0.3,29.37
60100,7.61,54.26,63.76,0,24.6,91.1,766.6,19.53,12.32,3.84,29.99
60120,0.55,41.97,74.13,0,120.1,10.8,817.9,17.7,1.34,-1.36,30.01
60140,0,25.23,80.38,3.55,83.3,-49.1,782.9,16.52,6.66,1.12,30.19
60160,3.53,17.29,83.46,9.8,63.8,-134.9,892.0,15.46,-13.02,-3.26,30.21
60180,2.26,8.44,81.33,22.05,52.2,-17.9,814.4,17.97,-0.84,-2.26,30.6
60200,3.07,7.29,75.55,37.67,64.8,-145.2,859.9,13.41,-13.61,-4.62,30.72
60220,0,3.05,57.54,50.8,95.5,-140.2,926.2,12.24,-10.8,-5.37,31.0
60240,0,0,41.24,61.99,81.9,-122.6,957.4,7.1,-22.62,-7.73,31.1
60260,3.31,2.34,23.53,67.78,83.3,-121.6,975.2,3.25,-21.88,2.45,31.25
60280,0,3.17,18.25,64.06,-49.8,-192.9,1003.4,-5.26,-14.17,3.67,31.04
60300,0,0,9.54,51.28,-30.5,-140.8,996.2,-6.32,-19.65,3.38,30.92
60320,0.08,1.04,0,32.86,-19.1,-55.0,1018.9,-11.61,-13.29,3.78,30.85
60340,0,0,3.44,22.04,-68.5,-18.9,1025.7,-15.51,-16.78,1.36,30.71
60360,0,0,0,12.32,-37.1,-160.4,1020.2,-15.38,-9.92,2.68,30.42
60380,0,0,1.7,7.88,-143.5,-64.0,1059.2,-19.79,-8.12,2.11,30.33
60400,0,0.39,0,6.64,-63.2,53.2,995.4,-19.21,-2.74,-0.18,30.26
60420,0,0,0,2.57,-133.5,87.7,982.4,-16.1,9.04,-1.52,29.81
60440,0,0.27,0,0,-100.2,117.3,990.5,-15.8,14.2,-4.94,29.19
60460,2.93,0,0,2.86,-207.4,76.6,1004.9,-11.11,8.3,-2.69,28.96
60480,0.85,2.47,4.73,1.05,-11.3,129.7,1001.8,-12.88,12.98,-5.86,28.78
60500,1.96,4.71,2.25,0,8.1,200.0,962.7,-7.05,21.53,-3.32,28.3
60520,0,2.97,0,3.45,-11.1,170.8,1029.5,4.54,23.04,-1.95,28.06
60540,72.36,30.9,11.37,0,7.5,154.7,907.5,4.7,19.12,-0.61,28.24
60560,51.25,45.7,13.27,1.61,55.6,91.7,904.3,8.16,17.88,3.01,28.7
60580,30.78,52.99,25.51,0,58.5,64.2,831.2,17.2,15.66,3.61,29.07
60600,11.51,54.89,44.98,1.55,22.7,109.3,839.7,19.34,8.75,3.63,29.48
60620,6.36,54.25,59.66,0,63.4,144.1,795.6,20.81,17.56,8.08,29.43
60640,6.26,42.91,75.9,0,161.7,-1.7,791.5,22.06,-4.52,0.12,29.97
60660,3.97,31.6,79.33,8.56,29.7,-26.7,787.9,17.71,-4.54,-1.63,29.89
60680,3.47,24.77,85.83,7.43,126.6,6.0,772.3,18.88,-7.1,-7.24,30.22
60700,4.14,8.61,80.47,24.0,99.9,-40.2,817.6,17.58,-7.93,-5.54,30.11
60720,0,2.19,68.85,35.16,12.7,-119.3,887.3,16.68,-15.42,-5.16,30.62
60740,3.69,3.02,55.19,52.17,75.7,-149.8,927.1,4.41,-18.49,-3.18,30.81
60760,1.39,0,41.52,61.91,27.7,-139.4,956.2,9.5,-28.83,-4.04,30.64
60780,2.28,2.51,27.34,62.53,20.7,-165.7,1045.7,0.63,-23.62,-1.97,30.74
60800,0,0,9.85,58.03,-80.3,-100.6,1016.6,-5.22,-31.38,4.08,31.3
60820,0,0,7.63,51.5,-38.3,-135.2,972.0,-11.71,-19.42,4.37,31.06
60840,0,1.36,1.7,41.18,-56.6,-150.8,964.9,-13.66,-13.87,7.39,30.53
60860,0,1.36,2.85,28.59,-97.2,-120.8,954.5,-9.62,-9.42,2.6,30.94
60880,0,5.72,0.41,16.52,-76.0,-122.5,995.3,-20.32,-6.31,1.41,30.38
60900,0,0,0,2.35,-112.8,-11.3,992.2,-23.76,-4.27,2.37,30.23
60920,6.09,0.8,0,4.64,-123.7,9.8,998.7,-19.81,0.55,1.51,29.79
60940,1.46,0,2.44,1.69,-119.6,31.0,1047.8,-19.77,12.7,-4.19,29.62
60960,1.03,0,2.15,0.56,-107.8,110.3,1016.4,-13.05,2.91,-7.99,29.15
60980,0,0,0,1.65,-6.4,115.0,1074.8,-7.44,5.52,-4.13,29.34
61000,0,1.18,0,0,-81.4,34.2,1022.6,-14.88,19.29,-4.05,28.67
61020,0,2.13,1.3,1.19,29.2,109.3,1027.1,-7.2,17.44,-3.08,28.35
61040,6.27,0,1.8,1.46,39.6,118.5,973.3,0.91,11.93,-2.38,28.13
61060,80.15,29.92,13.09,0,31.4,60.1,888.9,4.94,20.22,1.04,28.18
61080,60.4,43.95,18.75,0,80.3,182.6,923.6,7.42,19.4,3.63,29.09
61100,30.72,56.88,21.39,3.54,91.1,95.2,874.8,19.45,18.87,5.07,29.33
61120,17.27,55.07,39.88,4.92,50.2,-22.7,847.2,17.61,17.97,3.68,29.44
61140,12.1,55.81,54.36,0,98.7,82.4,857.9,18.31,8.62,2.84,29.46
61160,2.52,44.01,73.69,1.83,67.2,32.0,830.9,17.31,-0.42,1.73,30.01
61180,0,35.75,81.6,1.79,149.5,-55.2,818.1,22.52,-11.65,2.75,30.39
61200,4.96,18.66,88.53,12.31,194.8,-87.3,794.7,13.84,-2.96,-4.7,30.27
61220,0,12.1,83.39,20.41,-27.7,-126.7,892.9,21.95,-16.01,-2.48,30.71
61240,1.81,3.62,74.5,30.59,10.9,-148.5,864.6,11.25,-22.46,-4.14,30.85
61260,0,2.91,57.52,44.58,45.2,-97.0,879.5,7.38,-15.14,-4.54,31.12
61280,4.71,0.43,38.64,59.11,24.5,-94.0,942.8,7.7,-21.6,-3.13,30.87
61300,0,6.24,24.42,67.66,37.9,-136.0,1016.5,4.94,-8.8,0.49,30.96
61320,0,4.01,15.16,65.53,-12.7,-242.9,948.2,-1.13,-22.28,4.0,31.07
61340,0.12,0,10.37,50.71,-21.0,-114.8,1020.6,-7.83,-19.51,5.65,30.7
61360,0,0,2.89,33.36,-81.2,-61.9,999.5,-15.31,-16.5,6.25,30.86
61380,0.11,0,0.58,25.63,-81.4,-61.4,950.9,-13.47,-11.81,5.96,30.64
61400,0,0,1.42,15.59,-62.9,-91.5,970.3,-18.5,-2.2,1.98,30.61
61420,0,0,1.45,6.71,-1.0,25.6,1031.2,-21.96,-6.32,1.48,30.36
61440,2.28,0.84,0,0,-44.9,9.8,1017.8,-18.96,0.37,-2.59,30.36
61460,0,3.39,0,0,-165.3,44.5,1000.9,-17.07,3.59,-2.95,29.93
61480,0,1.64,0.9,0,-49.5,163.9,966.8,-18.81,18.18,-1.28,30.04
61500,0.31,0,3.67,6.53,-116.9,25.2,1010.5,-14.58,17.48,-4.15,28.93
61520,0,0,0,1.16,-33.1,115.8,977.6,-9.69,21.2,-4.11,28.79
61540,0,0,3.22,0.38,-24.5,179.1,937.2,-2.54,15.02,-3.47,28.11
61560,0,0.17,0,1.62,-51.2,154.8,997.5,2.22,23.85,-1.75,28.32
61580,73.21,31.55,12.43,3.45,85.5,148.1,935.8,6.44,23.78,3.21,28.18
61600,53.23,46.44,19.36,4.18,11.9,140.8,932.8,10.15,12.42,6.47,28.64
61620,36.82,52.82,27.1,0.65,47.4,78.9,887.7,13.72,6.44,9.27,28.97
61640,19.9,55.55,43.36,0,123.0,65.2,879.5,13.42,16.58,2.11,29.19
61660,14.15,53.17,52.37,4.99,158.0,60.6,836.5,24.53,8.02,5.77,30.1
61680,9.19,48.87,65.15,7.51,133.1,15.6,781.4,18.76,3.66,2.85,29.93
61700,5.01,33.25,81.45,2.35,88.5,67.2,813.7,20.48,12.43,1.99,30.2
61720,0.6,17.53,89.7,9.73,149.6,-62.9,805.8,13.85,-2.24,1.68,30.5
61740,0,15.44,86.88,19.82,85.8,-71.1,779.7,21.93,-15.62,-3.56,30.29
61760,0,6.59,75.48,35.47,85.3,-149.6,840.1,12.98,-11.32,-5.3,31.03
61780,0,0,54.49,46.15,75.8,-144.8,903.3,11.49,-24.08,-7.02,30.77
61800,2.82,2.49,44.23,54.33,0.9,-149.3,940.1,9.91,-15.35,-0.94,30.99
61820,1.8,0,22.52,62.87,-36.7,-136.5,1016.3,5.57,-15.26,4.07,31.23
61840,4.83,0,17.53,65.73,88.2,-109.3,1045.4,-6.03,-22.09,2.15,31.05
61860,7.19,3.49,8.4,55.49,-6.0,-138.0,977.8,-14.98,-22.65,3.2,30.83
61880,2.66,0.6,4.87,38.3,-58.2,-162.9,1007.1,-15.14,-17.67,7.73,30.71
61900,2.02,6.17,3.05,29.44,-72.8,-188.1,986.2,-15.26,-14.3,5.31,30.77
61920,0,3.16,1.27,14.29,-60.6,-126.5,1017.8,-16.48,-9.41,4.55,30.63
61940,2.55,4.0,0.41,8.55,-63.1,-53.6,1051.1,-16.04,-4.16,2.85,30.18
61960,0.71,0,0,5.78,-107.1,59.1,1010.3,-20.09,-4.59,-0.18,29.72
61980,4.79,0,0,3.17,-106.0,16.3,1023.2,-15.43,7.39,-0.92,29.82
62000,1.46,0.69,1.96,8.58,-105.1,35.2,973.3,-23.76,13.18,-2.24,29.56
62020,0.57,4.54,3.0,4.63,-66.3,131.8,1044.0,-11.33,15.49,-4.81,29.09
62040,0,3.31,0,0.72,-145.1,74.0,963.8,-13.26,13.62,-2.63,28.91
62060,0,0.72,5.12,0,-34.2,177.7,996.0,-8.04,17.08,-7.56,28.33
62080,0,1.21,0,1.49,-40.3,162.1,997.9,-3.15,22.47,-0.93,28.29
62100,71.22,27.58,8.85,0,-12.6,161.5,962.4,1.46,11.57,0.14,28.3
62120,59.36,43.52,14.14,0,7.1,180.5,909.7,3.71,10.41,1.06,28.75
62140,39.16,59.57,32.11,2.31,134.9,190.3,926.0,8.48,12.48,3.33,29.24
62160,18.13,59.02,34.22,0.43,148.8,121.1,797.5,14.83,15.9,5.93,29.23
62180,9.08,59.79,58.63,0,84.1,102.2,801.3,19.76,15.68,3.96,29.82
62200,2.35,51.16,68.57,4.51,49.7,16.8,888.3,15.13,0.52,1.76,29.76
62220,3.64,32.31,82.47,0.25,132.2,-7.0,835.8,15.47,0.78,-3.23,29.72
62240,0.52,23.7,83.86,10.88,44.8,-50.8,811.7,17.1,-8.85,-3.24,30.39
62260,0,12.58,83.44,24.13,110.4,-33.3,819.6,18.18,-16.91,-6.6,30.71
62280,5.4,10.18,72.16,32.02,122.8,-53.0,852.1,19.4,-17.13,-7.64,30.78
62300,0,5.34,64.01,50.3,42.9,-192.0,912.2,8.84,-19.31,-2.25,30.8
62320,1.04,2.11,48.08,53.16,48.4,-145.0,963.5,5.38,-11.83,-0.48,31.09
62340,0,0.66,29.39,66.73,90.6,-161.8,986.1,-4.11,-25.1,-1.81,30.88
62360,0,1.68,21.2,69.08,-41.6,-217.3,1026.0,-8.0,-19.23,3.98,30.84
62380,2.79,0,9.29,54.28,70.7,-52.1,1028.6,-8.91,-18.35,5.55,30.76
62400,0.28,3.92,3.48,41.91,-21.8,-185.8,1092.6,-12.83,-18.27,7.99,31.21
62420,1.89,0,1.13,26.54,-14.7,13.1,1006.2,-15.48,-17.17,1.59,30.63
62440,3.89,0,6.78,13.25,-32.0,-72.3,984.8,-21.9,-3.34,0.36,30.61
62460,5.91,1.13,0.23,12.18,-50.8,-82.4,972.1,-20.5,10.73,1.3,30.08
62480,4.04,0,0.3,4.76,-53.9,10.7,982.9,-18.97,-10.12,-3.05,30.1
62500,0,0,3.61,0.03,-49.9,-8.4,978.0,-18.86,6.46,-2.56,29.33
62520,3.9,1.16,0,3.02,-27.2,95.8,980.7,-16.9,13.11,-2.26,29.74
62540,0,3.14,2.14,0,-45.2,99.2,967.1,-12.69,17.5,-4.22,29.28
62560,0,0,2.16,0.38,-53.4,231.8,1049.6,-9.82,12.3,-7.46,28.73
62580,0,2.88,0,0,-31.7,234.0,960.5,-8.8,16.85,-3.76,28.89
62600,0,0,0.87,5.71,85.2,103.8,960.4,-6.34,29.78,-0.8,28.1
62620,81.4,28.87,6.66,3.26,63.9,161.9,979.2,2.35,23.0,1.55,28.11
62640,63.79,43.56,18.11,0,-1.0,146.6,915.5,11.24,16.0,2.63,28.26
62660,41.42,49.78,21.15,0,56.2,94.5,933.8,12.72,8.96,4.2,28.61
62680,21.26,50.56,38.82,0.31,98.0,121.8,838.8,20.09,16.34,3.25,29.53
62700,3.37,59.78,52.16,4.93,36.1,134.4,873.1,20.66,6.85,3.26,29.45
62720,0.14,47.8,70.81,3.36,137.4,-50.0,772.7,17.07,13.36,2.59,29.53
62740,0,33.5,77.47,4.31,66.5,-31.8,801.4,19.86,1.97,-0.93,30.18
62760,0,20.06,87.14,12.78,163.6,-54.2,814.4,15.5,-3.59,-0.87,30.54
62780,2.16,12.32,90.76,12.66,98.0,59.8,811.0,14.86,-11.39,-6.87,30.78
62800,1.77,5.05,77.33,30.58,57.4,-82.3,899.5,15.24,-5.78,-6.75,30.5
62820,0.99,7.28,60.45,49.15,166.6,-141.7,842.2,10.61,-8.2,-5.82,30.99
62840,2.54,1.06,44.17,61.25,2.6,-127.5,945.7,5.72,-20.82,-3.65,30.96
62860,0,0,26.63,65.01,117.3,-202.5,943.8,1.91,-29.33,-1.44,30.9
62880,0,0,23.91,71.71,-48.0,-130.1,973.3,-2.13,-13.9,2.01,31.1
62900,0,0,12.69,52.23,16.9,-122.9,976.6,-8.01,-21.24,3.66,31.12
62920,0,0,6.85,43.81,-63.8,-93.8,962.2,-12.81,-19.06,5.25,31.0
62940,0,0,4.32,26.12,-12.1,-92.8,940.0,-15.84,-7.09,3.24,30.7
62960,0.63,0,0,19.36,-168.3,-58.4,994.6,-23.16,-4.64,1.18,30.55
62980,3.52,2.82,0,8.89,-14.3,-16.4,1007.2,-18.51,-7.12,1.45,30.73
63000,0,0.81,4.48,5.63,-107.9,-59.0,967.4,-21.55,5.41,1.67,30.36
63020,3.53,0.72,0,0,-95.2,17.0,995.7,-22.63,0.65,0.48,29.71
63040,1.27,0,0,2.99,14.9,58.8,990.0,-15.17,6.05,-2.68,29.61
63060,5.98,0,1.99,0,-22.6,131.0,1003.4,-12.56,14.17,-2.61,29.56
63080,2.44,4.28,3.52,1.08,-83.4,201.4,1055.9,-12.23,13.75,-2.23,28.81
63100,0.9,0.6,0,0,-79.2,227.7,1036.1,-8.07,20.83,-3.23,28.49
63120,0,0.37,2.57,7.78,18.1,239.6,1008.9,-4.75,26.2,-3.64,27.93
63140,73.98,33.49,11.02,0,-0.3,192.6,969.2,0.19,24.0,3.89,28.13
63160,64.43,32.55,16.78,0.27,63.9,175.9,909.3,11.66,14.35,5.85,28.71
63180,42.21,47.44,20.47,0.86,33.5,247.5,850.8,14.56,23.15,1.83,29.19
63200,17.81,53.84,35.2,0,50.4,151.6,827.9,22.81,11.68,5.96,29.29
63220,7.26,51.6,55.41,0,94.6,128.0,827.1,12.64,19.32,2.88,29.47
63240,3.77,52.46,63.85,0,1.4,0.6,827.1,18.81,0.85,4.16,29.82
63260,0,39.29,78.12,0,101.6,38.5,833.2,21.94,-5.36,-0.03,30.38
63280,1.3,29.62,87.13,11.0,145.4,-130.2,791.4,23.04,1.8,-0.94,30.1
63300,0.47,14.98,88.11,19.65,85.6,-58.0,840.6,19.6,-14.8,-4.0,30.8
63320,0,9.58,77.15,24.12,45.2,-82.1,833.7,12.21,-8.01,-2.94,30.36
63340,0,5.18,65.68,42.44,69.6,-69.8,879.4,13.13,-18.09,-7.79,30.85
63360,0,1.09,49.35,51.09,-29.5,-67.6,993.3,5.08,-16.21,-2.89,31.21
63380,0,4.91,29.33,66.83,29.0,-134.7,884.4,4.12,-22.08,-1.2,30.76
63400,0.87,0.32,21.88,67.45,-39.5,-171.7,996.5,-4.64,-21.15,1.4,31.15
63420,4.63,0.21,11.42,58.88,43.6,-192.7,944.7,-8.0,-22.57,4.09,30.59
63440,1.53,0.58,8.54,47.78,-137.0,-150.4,1014.9,-12.7,-23.16,6.2,30.89
63460,2.39,1.19,5.22,30.65,-48.9,-189.9,940.3,-13.73,-7.83,7.82,30.68
63480,0.09,0,0,17.88,-148.1,-80.1,1033.3,-24.84,-14.83,2.91,30.88
63500,1.4,0,4.5,6.82,-166.0,-13.4,973.3,-15.88,-4.56,0.18,30.43
63520,3.9,0,1.53,7.74,-79.5,-16.2,969.2,-20.26,3.0,-0.63,30.2
63540,0.01,0,0,5.28,-75.5,58.5,1013.9,-20.37,8.62,2.78,30.18
63560,0,1.8,2.3,0,-94.6,137.0,1016.6,-18.05,9.21,-5.31,29.81
63580,0,0,0,0,-58.6,101.6,969.2,-14.51,17.79,-7.75,29.27
63600,0,0.68,0.64,3.13,-120.6,150.7,1006.4,-12.75,12.39,-4.18,29.2
63620,0,4.51,0,4.85,6.1,90.3,986.8,-1.11,22.27,-3.92,28.56
63640,0,5.87,0,0.37,47.7,101.8,1010.7,-1.14,18.02,-4.44,27.8
63660,74.21,29.17,11.2,2.05,145.1,198.4,967.3,2.16,18.85,-1.41,28.07
63680,62.39,34.27,16.01,0,17.7,115.1,907.6,10.98,19.81,2.5,28.96
63700,49.4,48.51,21.06,5.72,95.9,130.3,911.2,6.86,16.1,6.06,28.94
63720,22.73,59.98,39.6,0.38,51.0,131.9,890.1,14.32,20.78,5.34,29.42
63740,12.19,57.66,50.67,0,63.6,79.9,836.8,19.41,11.29,6.76,29.48
63760,2.47,54.54,66.07,0,56.2,1.7,796.6,19.7,9.01,0.6,29.79
63780,0.94,38.05,79.83,2.66,88.0,-36.4,799.4,17.75,1.48,-0.74,30.26
63800,0,27.03,87.35,10.81,75.6,-14.4,814.8,12.98,4.15,0.62,30.3
63820,5.56,16.83,90.74,13.49,47.1,-117.6,777.4,18.44,-7.82,-2.92,30.93
63840,0,7.2,73.88,30.59,56.1,-126.0,837.6,11.84,-0.57,-0.69,30.7
63860,3.31,5.26,63.12,42.2,24.2,-90.2,908.0,16.49,-23.01,-3.3,30.63
63880,0,3.96,46.16,62.54,132.5,-97.9,907.7,8.62,-25.4,-1.81,31.18
63900,0,0,33.82,67.69,-38.8,-108.4,976.3,3.04,-15.65,-5.07,30.66
63920,0,2.49,14.51,66.4,-41.6,-183.3,1006.2,-0.89,-20.07,0.15,30.85
63940,0,1.47,10.9,59.26,-30.4,-98.7,1050.8,-7.48,-18.67,4.11,31.14
63960,0,0,3.16,46.84,-33.6,-71.0,1017.7,-10.22,-8.35,3.82,30.75
63980,2.15,2.6,8.52,34.89,-19.5,-137.2,978.3,-18.46,-14.9,2.01,30.89
64000,0,0,0.43,16.21,-35.4,-102.6,967.4,-14.94,-5.68,7.33,30.38
64019,1.52,0.08,0,8.32,-1.4,-90.4,993.2,-20.15,3.21,1.85,30.08
64040,0.66,3.53,4.35,0,-131.5,71.5,992.7,-20.11,-4.15,-0.4,30.37
64060,0,0,1.23,4.15,-129.2,-56.4,1027.0,-22.97,9.15,2.55,29.8
64080,0,2.18,2.38,2.5,-86.1,114.2,1032.2,-18.02,7.91,-3.65,29.46
64099,0.02,0,0,0.15,-12.2,121.3,969.6,-15.89,1.71,-6.79,29.35
64120,0,0,0,0,-109.7,157.1,1005.4,-9.32,15.71,-1.22,28.59
64140,3.61,0,0.53,0,-52.1,15.8,1032.9,-8.85,27.53,-2.6,28.63
64160,2.49,0,1.74,0,-36.5,161.6,1014.6,-6.04,11.58,1.2,28.34
64180,77.42,31.89,12.21,3.75,-15.6,71.0,1019.0,-0.51,18.92,-1.36,28.5
64200,62.18,35.73,12.5,1.66,47.5,100.3,918.0,9.61,22.52,0.42,28.85
64220,42.55,46.82,20.83,2.47,84.6,117.4,900.1,16.34,20.54,2.8,28.46
64239,22.57,60.3,33.11,0,103.9,132.6,848.8,12.45,12.26,9.22,29.26
64260,15.81,58.28,50.73,0,52.3,127.4,789.3,20.64,13.11,4.6,29.33
64280,4.71,50.36,65.87,7.58,58.6,114.9,765.9,15.2,4.46,2.26,29.87
64300,0,42.69,78.54,1.36,147.1,-8.9,805.3,13.87,2.93,-0.03,30.25
64319,0,25.54,84.45,3.09,106.8,-41.7,834.7,23.03,-5.75,-2.28,30.47
64340,9.33,13.62,85.85,14.89,167.7,-10.2,816.9,16.84,-6.5,1.04,30.64
64360,0,9.72,79.77,26.17,145.8,-169.0,889.0,10.63,-22.3,-5.41,30.94
64379,0.05,0.56,68.98,44.31,23.0,-75.9,864.3,14.28,-14.05,-4.49,30.94
64400,0,0,46.29,56.13,35.7,-60.1,941.6,10.11,-14.66,-3.03,31.26
64420,0,0.27,31.7,67.39,67.0,-215.4,946.4,1.21,-17.1,-5.6,30.92
64440,0,0.52,17.31,64.82,6.4,-143.8,1038.8,1.91,-21.66,5.48,30.98
64459,0,3.05,14.3,63.3,-91.9,-139.1,970.0,-11.84,-19.41,3.4,30.98
64480,0.49,1.11,10.57,49.71,-25.0,-110.8,1001.9,-10.9,-12.69,7.13,30.78
64500,2.31,0,3.22,32.82,-149.6,-170.3,996.9,-12.3,-11.9,2.56,30.56
64519,0,0,2.48,21.48,-95.0,17.6,971.5,-13.86,-21.8,3.92,30.32
64540,0,0,3.17,6.92,-148.0,-50.2,970.8,-18.18,3.15,-1.95,30.15
64560,0.7,1.5,0,4.41,-159.2,-110.7,977.1,-24.02,-5.19,1.53,30.1
64580,0,0,0,0.4,-118.8,17.5,1008.4,-20.0,3.45,-2.17,29.89
64599,0,1.09,5.6,0.06,-141.3,137.6,986.6,-18.54,8.44,-2.36,29.6
64620,6.35,5.74,3.55,0.03,-76.0,126.8,1023.4,-16.38,9.94,-5.37,29.3
64640,1.79,1.59,0.39,3.39,-90.6,84.3,1037.6,-16.01,10.22,-2.09,28.99
64660,0,2.33,0,0,-22.0,235.5,974.5,-12.7,16.36,-4.19,28.12
64680,0,5.04,0,6.93,-47.1,82.4,1017.9,-8.89,20.46,-1.3,28.42
64700,78.57,23.92,5.69,0,-21.1,174.1,979.9,-0.98,24.18,0.99,28.19
64720,62.15,36.08,8.9,0,32.9,94.0,920.7,0.57,24.72,1.33,28.29
64739,44.37,48.48,20.73,4.86,52.2,233.8,884.0,12.46,20.5,2.58,29.03
64760,28.87,52.78,29.63,0,30.6,101.9,869.1,10.46,11.73,5.0,29.1
64780,13.48,57.88,52.85,4.96,37.6,47.8,844.4,19.36,6.15,0.45,29.38
64800,8.41,54.62,64.45,2.18,-34.2,71.2,775.4,18.9,11.42,0.72,29.82
64819,1.69,37.89,81.81,2.74,105.7,-19.8,757.0,20.08,-4.16,-0.01,29.85
64840,0,32.09,82.77,5.14,46.5,-38.1,801.5,20.31,-2.39,-2.31,30.85
64860,0,22.12,87.0,14.88,128.3,-107.1,735.0,18.87,3.37,-4.34,30.38
64879,0,17.32,80.66,28.64,16.4,-47.6,891.8,12.64,-14.37,-3.36,30.94
64900,0,6.37,69.49,39.06,84.5,-135.0,907.1,10.69,-10.42,-8.03,30.83
64920,3.96,4.43,52.02,53.5,68.3,-162.4,903.7,5.5,-26.84,-2.01,31.1
64940,6.04,0.89,35.16,63.87,-0.7,-137.6,918.1,-0.12,-24.09,-1.16,30.87
64959,0,0,21.42,65.46,-65.1,-214.5,1026.9,-0.15,-9.65,-0.44,31.28
64980,0,0,9.92,63.22,-2.0,-149.3,980.0,-11.78,-20.24,5.9,31.27
65000,2.1,0,5.88,45.26,-11.6,-43.3,987.9,-12.52,-15.56,2.67,30.7
65019,0,7.04,3.33,39.03,-82.6,-106.0,1020.1,-16.68,-2.48,2.61,30.81
65040,0,0,3.96,25.46,-56.5,-25.9,964.7,-14.24,-9.19,3.89,30.92
65060,4.56,0,0,14.15,-48.5,-51.6,1038.0,-20.58,-6.25,3.37,30.26
65080,0,3.17,0,3.66,-79.8,-0.7,998.6,-20.75,-7.28,3.03,30.16
65099,4.35,0,0,5.36,-40.8,22.5,1000.7,-20.62,5.11,-1.51,30.01
65120,3.21,0,0.42,0,-112.5,97.0,1025.3,-23.3,4.65,-3.66,29.6
65140,0,0,0,0.71,-70.8,121.0,1004.1,-13.58,6.38,-4.35,29.64
65160,3.45,0,0,0,-117.3,179.9,940.0,-14.5,20.46,-6.04,29.0
65180,3.9,3.19,5.89,2.44,-88.4,122.9,1021.0,-8.5,11.13,-6.82,28.53
65200,1.78,0.77,0,0,-7.1,161.6,995.1,-8.69,24.03,-0.2,27.95
65220,77.77,15.72,1.49,0,103.2,288.9,1010.8,-3.73,20.73,-3.12,28.06
65239,63.34,31.27,8.97,2.35,45.0,137.0,951.6,8.46,27.53,1.56,28.22
65260,45.97,45.84,17.51,1.26,91.3,104.2,927.9,12.57,17.45,4.3,28.77
65280,31.9,60.12,34.44,7.52,50.1,112.4,844.1,14.8,6.69,6.91,29.26
65300,13.16,62.14,49.25,0,119.8,-25.1,850.2,22.03,9.53,4.48,29.04
65319,6.26,55.63,66.9,0,41.7,27.9,808.8,11.28,9.77,6.23,29.51
65340,5.95,36.45,74.49,4.19,101.6,83.1,789.4,15.33,4.47,-1.51,29.75
65360,0,25.56,86.45,7.86,51.2,-85.3,823.4,20.42,-1.58,-0.86,30.3
65379,0,17.63,89.98,18.16,99.6,-44.8,800.6,19.56,-17.08,-2.43,30.44
65400,0.62,7.86,82.94,26.87,60.2,-29.1,834.5,17.09,-13.6,-4.03,30.58
65420,0,0.2,68.26,43.86,106.0,-45.8,846.2,17.56,-15.52,-8.62,30.89
65440,0,0.86,53.83,49.12,2.8,-91.6,930.0,12.73,-21.38,-8.07,30.81
65459,0,4.0,37.0,62.1,30.1,-122.1,931.2,6.5,-16.08,-5.62,30.86
65480,0,7.51,22.25,72.16,-13.0,-233.1,1009.0,0.67,-34.48,0.43,30.9
65500,0,0,12.29,61.5,-69.7,-100.1,955.6,-5.93,-9.24,3.85,31.03
65519,0,0,5.07,53.77,-103.4,-197.5,1004.5,-8.42,-13.7,10.2,31.14
65540,0.08,0.94,3.28,35.38,5.0,-200.6,1020.1,-19.09,-8.41,5.03,31.12
65560,3.33,0,3.36,26.38,-149.6,-115.1,993.0,-17.48,-3.0,3.19,30.99
65580,0.51,4.19,0,13.53,-205.4,45.9,1015.6,-24.2,-8.07,1.03,30.57
65600,0,3.83,0,3.98,-51.7,-13.7,982.9,-22.94,4.81,2.41,30.61
65620,0.13,3.16,2.27,2.53,-164.2,-49.2,1032.7,-14.07,10.47,-1.5,30.28
65640,0,3.97,0,0,-138.2,117.2,1056.6,-10.81,-1.12,-4.22,29.78
65660,0.18,0,0.49,0,-99.6,53.0,946.8,-14.8,21.73,-6.03,29.68
65680,4.8,3.48,0,0.59,-51.6,171.4,1052.8,-17.07,22.47,-2.97,29.19
65700,0,1.23,0,0,33.6,71.4,978.0,-5.23,14.31,-2.53,28.54
65720,0,4.88,0,0,-76.9,226.0,1032.4,-3.86,13.86,1.2,28.33
65740,75.96,23.43,6.44,0,-9.1,86.2,1032.8,-2.28,19.23,-2.23,27.96
65760,69.23,39.64,8.33,0,-64.1,122.6,930.8,7.47,25.09,2.58,28.06
65780,47.17,44.22,18.0,4.73,13.0,123.3,870.7,9.05,11.27,3.18,28.79
65800,33.06,53.97,33.32,4.35,8.0,125.2,865.3,17.63,8.35,5.31,28.78
65820,9.86,54.57,52.23,0.92,176.4,159.7,836.1,17.58,7.05,7.52,29.05
65840,1.17,51.25,64.38,5.84,50.7,78.6,788.7,21.74,10.26,1.56,29.66
65860,0.55,44.1,77.07,4.37,-33.3,64.9,787.1,21.19,-5.81,-0.55,29.9
65880,0.19,35.32,85.75,11.76,66.0,28.5,777.1,23.41,-5.92,-0.58,30.29
65900,0,22.27,87.12,11.98,76.9,-34.4,759.4,20.37,-5.18,-1.99,30.33
65920,1.75,6.47,83.1,26.28,107.3,-129.4,866.5,14.13,-14.85,-5.22,30.72
65940,1.18,2.77,70.51,33.37,64.8,-14.5,827.8,17.1,-16.46,-6.07,30.98
65960,0,1.09,59.16,49.47,91.7,-136.6,924.0,9.51,-25.19,-5.03,30.85
65980,1.2,0,34.09,62.77,24.1,-65.7,915.3,0.57,-23.87,2.23,31.17
66000,0.46,0.83,20.21,64.89,18.7,-148.9,946.2,-1.26,-26.98,3.53,30.66
66020,3.55,2.14,17.16,63.1,-66.6,-91.2,1012.1,-5.64,-19.07,5.6,30.66
66040,0.59,0,7.35,46.22,-46.9,-196.9,937.2,-10.5,-17.44,4.92,30.79
66060,1.22,0,7.9,32.49,-93.0,-42.6,988.8,-11.69,-18.18,2.26,31.14
66080,7.81,0,4.05,23.05,-161.7,-62.7,1006.0,-15.61,-5.17,4.13,30.25
66100,3.72,0,3.21,16.48,-116.9,-63.4,994.1,-18.17,-11.6,5.91,30.41
66120,0,2.08,0.51,3.93,-108.1,-87.3,991.3,-17.45,-1.58,1.45,30.24
66140,0.24,1.45,0,0,-13.9,51.6,944.0,-25.56,9.6,-0.65,29.97
66160,0.26,0.05,1.19,4.6,-110.3,125.3,963.1,-18.11,9.42,-4.71,29.26
66180,0,1.9,0,3.67,-50.8,53.5,1014.2,-16.31,7.74,-3.69,29.29
66200,0.17,1.36,0,3.14,-98.4,73.3,973.3,-11.98,9.61,-7.97,28.92
66220,0,3.47,5.66,0,-28.5,130.9,964.0,-11.27,17.04,-0.09,28.81
66240,6.45,0,0,0,-54.1,157.5,1006.2,-3.66,16.9,-3.81,28.39
66260,0,0,6.52,0,-49.8,103.4,971.9,6.26,22.51,1.21,28.05
66280,75.55,33.32,8.54,0,128.3,71.6,978.2,-0.2,12.86,4.22,28.39
66300,49.22,43.27,17.75,2.06,41.0,181.1,891.1,9.25,21.32,5.92,28.48
66320,28.89,52.35,30.54,1.13,-8.0,120.2,877.4,12.68,16.26,3.99,29.23
66340,18.3,54.78,47.36,0,136.4,105.8,848.9,14.07,6.8,4.94,29.4
66360,5.08,59.58,55.97,0,54.7,-63.9,853.0,18.77,2.64,3.42,29.72
66380,1.71,45.27,72.54,3.85,130.8,-37.1,768.7,19.02,11.49,-1.58,30.23
66400,1.83,34.53,85.12,9.59,80.9,21.3,785.5,22.19,-1.74,-1.82,30.45
66420,1.29,21.49,88.49,8.97,144.8,41.3,822.5,19.25,-7.04,-3.52,30.62
66440,0,8.5,79.91,24.15,53.0,-120.4,803.4,23.34,-5.21,-3.97,30.84
66460,0,0.26,72.32,38.68,85.5,-110.7,864.8,10.31,-15.53,-8.33,30.61
66480,2.25,0.11,54.22,47.29,48.7,-183.1,916.2,9.91,-16.57,-3.39,30.76
66500,1.79,1.04,36.35,58.73,-54.9,-121.9,897.9,8.01,-23.18,-3.1,30.8
66520,0,3.0,31.33,74.65,-81.5,-93.6,1012.4,7.1,-20.06,2.17,30.92
66540,2.09,2.55,14.24,60.19,-21.2,-215.9,982.1,-2.37,-18.19,0.15,30.88
66560,0,0,6.64,48.19,-20.6,-49.4,1036.5,-4.95,-13.56,8.88,30.89
66580,0,3.0,3.7,37.11,-37.7,-52.4,988.2,-12.79,-22.16,4.91,30.67
66600,1.45,0,2.63,27.07,-21.4,19.0,944.5,-17.43,-9.79,6.26,30.71
66620,0,1.41,0,14.97,-89.8,-36.1,1009.1,-20.68,-11.84,2.1,30.56
66640,0,0,0.66,10.81,0.0,-41.6,997.8,-19.56,-7.67,1.45,30.35
66660,0,0,0.91,0.36,-73.7,-68.4,1046.7,-21.26,12.51,-3.14,29.84
66680,4.52,0,3.58,4.62,-136.2,166.1,948.2,-20.16,5.98,-2.76,29.69
66700,2.92,0,3.27,0,-117.4,96.8,1030.0,-14.91,6.63,-2.66,29.37
66720,0,1.19,1.69,5.64,38.5,164.6,947.5,-13.5,13.97,-6.08,29.46
66740,0,0,4.71,0,-36.9,169.8,1020.1,-13.75,17.64,-1.51,28.56
66760,1.27,2.19,0,0,28.7,167.4,960.2,-5.25,20.83,-2.71,28.55
66780,0,0,0,3.79,-12.9,141.2,1023.4,-2.68,18.66,-3.63,28.29
66800,75.37,41.72,9.95,6.43,5.5,196.7,949.2,5.19,14.1,0.96,28.49
66820,56.21,41.76,13.17,0,154.2,91.4,906.0,8.41,19.69,4.8,28.48
66840,32.19,51.37,34.24,0,26.2,82.2,876.0,13.64,8.5,5.32,29.44
66860,18.33,56.0,43.5,5.54,100.8,133.0,798.8,16.74,10.27,4.76,29.28
66880,6.72,58.8,59.35,1.02,65.3,135.9,764.1,20.27,6.36,1.81,29.52
66900,4.33,39.01,71.14,2.46,181.6,38.9,831.7,22.17,9.38,3.56,29.8
66920,0,40.56,76.97,6.35,96.9,-5.3,823.2,16.43,-2.02,1.42,30.14
66940,2.76,19.89,91.07,11.58,86.1,-27.9,804.9,17.68,-9.22,-3.44,30.4
66960,0.53,8.88,82.16,19.76,142.2,-72.9,762.4,12.57,-5.84,-8.09,30.97
66980,0.61,3.14,66.76,32.01,77.7,-40.4,854.8,4.4,-20.93,-6.42,30.71
67000,0,1.0,59.57,52.22,157.6,-164.1,914.5,9.2,-21.82,-3.7,30.96
67020,1.59,1.49,45.24,60.92,46.7,-129.8,965.4,3.83,-24.38,-3.41,31.11
67040,0,0,30.65,68.7,65.1,-62.9,984.3,2.52,-25.55,-2.91,30.82
67060,1.39,2.82,16.53,58.96,55.2,-106.0,1023.6,-3.44,-28.37,4.69,31.05
67080,0,2.65,12.0,60.11,-8.4,-192.1,955.7,-10.1,-16.68,-0.36,30.58
67100,0,2.76,8.89,37.36,-115.7,-90.5,996.2,-13.69,-16.8,5.15,30.71
67120,2.44,0.25,0.79,23.32,25.0,-84.8,1028.9,-20.12,-18.15,6.13,30.47
67140,1.47,0,3.45,11.32,-152.6,-70.6,980.6,-18.99,-13.43,5.69,30.81
67160,0,0,3.09,9.18,-52.2,4.0,1024.0,-22.69,-7.16,-2.77,30.6
67180,0,2.58,7.47,0,-91.6,101.3,986.9,-16.0,6.92,-3.78,29.79
67200,4.53,1.25,1.6,1.5,-109.0,93.0,1022.0,-20.2,5.79,-5.7,29.65
67220,0,0,0,1.5,-73.1,82.8,1025.9,-16.84,4.26,-3.76,29.44
67240,0,4.54,0,3.76,-36.3,39.6,973.0,-18.75,26.88,-10.34,29.44
67260,0,5.77,2.99,0,-106.6,111.2,965.7,-12.57,18.8,-3.46,28.9
67280,1.85,0,0,2.19,-48.7,109.1,949.9,-6.71,20.05,-1.84,28.58
67300,0,0,0,0.43,-59.7,135.4,1027.0,2.53,28.19,-1.89,28.21
67320,69.82,29.88,11.59,0,-12.0,119.6,908.4,4.05,15.93,1.12,28.01
67340,53.14,37.78,15.03,0,135.0,168.3,941.9,5.24,25.58,3.48,28.59
67360,33.74,51.57,31.34,1.28,56.9,127.3,889.1,14.08,15.87,8.08,29.31
67380,9.19,57.88,42.76,1.86,30.1,101.6,825.1,16.77,8.69,2.67,29.08
67400,5.15,58.15,62.97,2.61,57.5,115.7,836.2,24.5,16.8,-1.44,29.33
67420,0,46.07,75.11,0.91,76.9,-51.5,819.6,18.43,1.95,-0.51,29.93
67440,0.91,32.77,86.11,2.35,44.2,-2.0,810.3,21.11,-1.53,-2.06,30.31
67460,4.89,20.1,89.1,11.38,42.4,-130.4,770.0,15.97,-6.56,-3.78,30.41
67480,1.19,14.82,84.02,18.1,157.3,-168.0,826.8,17.94,-8.15,-0.05,30.8
67500,3.16,6.41,73.52,31.3,77.6,-54.6,845.5,19.5,-13.98,-4.94,30.61
67520,0.93,0,52.44,48.21,-0.4,-154.2,844.5,10.63,-16.6,-2.23,31.29
67540,0,1.67,44.14,61.89,-35.2,-77.9,944.1,6.59,-17.28,-6.58,31.0
67560,4.55,3.67,31.16,62.81,-57.0,-122.5,974.6,1.26,-14.23,-1.97,31.04
67580,2.49,2.58,15.16,67.85,-14.0,-141.5,1047.2,2.49,-10.94,-0.55,30.81
67600,2.19,2.34,5.36,54.08,30.9,-57.2,992.1,-7.58,-25.77,4.5,31.0
67620,0,0,3.95,38.23,-44.4,-95.7,977.7,-9.93,-20.16,7.89,31.06
67640,0,0,0,20.52,-97.4,-135.8,1050.8,-15.28,-8.7,5.13,30.93
67660,0,0,0,10.18,-64.5,-85.1,1039.3,-12.97,-8.91,-1.05,30.7
67680,2.36,0,0,1.4,-156.9,51.8,1032.3,-14.32,-15.85,0.95,30.6
67700,2.12,0,0.54,5.95,-7.3,35.9,989.2,-21.25,2.23,-2.94,30.31
67720,2.42,4.71,0.32,1.52,-84.5,68.5,961.9,-17.73,11.78,-5.71,29.69
67740,5.82,3.19,0.66,0.77,-101.1,68.5,1032.5,-18.17,6.99,-4.22,29.44
67760,0,2.48,1.24,1.77,-83.7,82.3,985.2,-14.3,9.06,-4.58,29.06
67780,0,0,0,3.25,-43.0,146.5,1033.8,-10.03,14.83,-3.92,29.17
67800,0,0,0,0,-44.2,177.2,1015.6,-9.62,26.29,0.67,28.39
67820,0.31,0.41,0,0,14.3,116.2,1052.7,2.32,24.43,-2.69,28.25
67840,71.83,32.75,7.55,0.38,52.6,116.7,1032.8,5.26,15.74,2.57,28.6
67860,59.93,44.35,18.26,0,84.3,118.3,930.8,8.86,6.61,4.87,28.75
67880,42.43,52.44,26.43,6.54,103.9,152.2,878.7,12.21,16.15,6.73,29.04
67900,14.0,58.74,43.07,6.66,80.0,-41.8,904.0,18.23,13.61,5.7,29.05
67920,6.87,55.56,51.03,0,57.6,63.2,797.1,23.42,12.54,2.01,29.56
67940,2.94,49.67,72.52,2.47,14.4,17.1,827.2,13.4,11.06,4.3,29.41
67960,2.72,40.11,85.45,2.18,95.8,33.3,769.4,20.12,-1.61,-3.08,30.2
67980,2.01,23.99,84.92,9.72,40.9,-77.9,816.1,15.41,-4.56,-1.1,30.62
68000,0,12.37,85.24,19.7,42.7,-78.2,839.3,14.58,-7.78,-2.7,30.66
68020,0.5,5.64,72.98,30.22,-12.4,-111.8,820.0,12.79,-11.98,-6.21,30.54
68040,0.58,5.83,57.32,47.67,96.9,-36.3,911.1,12.25,-18.63,-6.45,31.03
68060,0.79,1.21,42.05,60.91,-67.4,-149.8,893.2,5.68,-13.91,-3.06,30.98
68080,0,3.56,27.3,64.91,-7.4,-154.9,967.4,4.32,-14.54,-1.54,31.36
68100,2.17,0.79,12.32,62.95,-60.5,-79.0,949.8,-7.29,-16.65,-2.12,31.2
68120,3.29,4.41,9.67,56.65,-41.8,-121.1,907.5,-3.55,-16.36,3.54,30.9
68140,0,1.07,4.16,41.76,-61.0,-105.8,985.5,-11.65,-18.11,4.11,30.77
68160,2.2,2.61,9.65,30.91,-121.3,-197.9,1011.9,-14.54,-17.63,6.54,30.55
68180,0.97,1.19,0.41,15.0,-21.9,-52.6,1012.5,-16.82,-7.25,3.7,30.4
68200,2.39,1.0,3.07,9.84,-144.9,-7.8,1012.9,-14.72,-0.43,0.76,30.3
68220,0,0,0,6.67,-47.3,5.3,980.6,-21.25,-0.84,0.78,29.92
68240,0.56,0,1.46,2.5,-116.9,-0.2,1041.8,-15.51,8.03,-2.93,30.14
68260,0,0,2.84,1.72,-98.6,145.6,984.7,-14.66,16.75,-4.88,29.82
68280,0.43,1.01,0,5.92,-94.9,90.4,980.0,-17.51,10.62,-6.1,28.89
68300,4.44,1.06,0.03,0,-124.0,126.6,984.8,-16.2,10.17,-4.55,29.15
68320,4.8,3.72,0,0,-48.1,147.8,949.1,-8.91,21.73,-1.89,28.6
68340,0,0,2.1,0,-9.0,132.3,960.5,-4.09,16.85,0.03,28.3
68360,78.41,27.28,10.86,7.04,10.1,131.6,962.8,-1.81,17.57,-0.99,28.46
68380,65.39,44.26,14.48,0,52.6,150.7,965.4,6.74,15.53,3.44,28.61
68400,46.38,51.87,25.83,0,-16.0,200.0,941.9,9.27,19.66,4.62,29.27
68420,20.13,62.09,42.97,3.07,121.3,176.3,820.4,17.18,16.78,8.39,29.14
68440,7.01,56.03,54.2,0,102.6,79.7,805.4,18.81,11.73,3.39,29.59
68460,6.94,46.83,68.88,7.22,141.4,31.1,769.5,25.42,5.21,2.45,29.6
68480,7.24,38.21,82.3,7.39,205.7,15.9,762.1,17.94,-1.11,-2.08,30.34
68500,3.34,25.45,84.38,8.6,58.0,38.1,748.7,18.75,1.59,1.6,30.35
68520,4.29,15.1,87.86,19.54,37.9,-28.0,838.0,15.21,0.9,-3.31,31.08
68540,0,8.12,75.86,29.87,89.8,-83.8,852.6,12.38,-20.43,-6.06,30.69
68560,0,0.16,64.53,46.27,151.2,-29.6,902.0,9.8,-28.45,-2.03,30.77
68580,4.27,4.15,43.63,67.54,-21.6,-103.9,914.3,8.3,-15.32,-5.84,30.83
68600,1.89,2.2,28.16,65.45,46.0,-107.6,955.2,3.53,-19.19,-2.34,31.28
68620,0,0,19.17,69.1,55.3,-149.6,1020.0,0.5,-25.07,2.48,31.48
68640,4.3,1.31,9.38,59.54,43.0,-89.4,989.1,-14.43,-24.9,3.59,31.2
68660,0,2.4,1.44,42.3,-74.8,-112.6,998.8,-16.56,-16.75,4.46,30.92
68680,0.12,0,0,31.29,-150.1,-116.1,992.6,-12.06,-17.27,5.43,30.73
68700,1.82,0,4.05,16.94,-136.9,-98.6,1034.9,-12.27,-6.39,4.66,30.61
68720,4.19,2.68,0.91,7.65,-52.0,-115.4,991.6,-23.06,-8.04,-1.2,30.35
68740,0,0,2.25,8.6,-63.6,5.3,996.0,-22.18,2.83,1.26,30.03
68760,3.41,4.72,4.88,5.78,-132.3,58.1,1004.6,-24.88,8.55,0.55,29.55
68780,0,0.8,0,0,-133.6,-17.7,1012.1,-16.03,8.21,-1.82,29.76
68800,0,2.99,0.07,0,-61.8,30.2,1044.6,-16.13,2.85,-5.65,29.28
68820,1.17,4.54,0,0,56.2,213.9,1025.1,-11.88,13.23,-4.29,29.04
68840,2.72,0,10.55,0,10.0,62.9,992.7,-7.51,23.88,-4.95,28.33
68860,0.53,2.33,0,0,41.1,101.2,1016.5,-6.94,19.25,-2.39,28.01
68880,76.64,34.31,5.75,0,-34.6,145.2,923.9,1.79,12.66,3.98,28.17
68900,57.96,43.07,13.33,0,46.4,212.1,953.4,7.13,25.69,-4.2,28.79
68920,40.17,53.74,21.89,0.69,68.6,154.7,842.8,10.32,24.46,0.56,28.69
68940,28.47,59.45,31.51,3.36,81.1,118.0,845.7,11.93,14.37,-0.35,29.11
68960,8.19,57.93,55.66,0,104.6,38.2,875.9,16.29,2.42,3.97,29.54
68980,2.02,51.93,66.5,0.19,155.5,71.8,797.7,24.83,5.39,3.71,29.9
69000,2.56,37.36,83.44,6.26,159.4,19.9,754.7,19.39,10.25,1.83,30.24
69020,0,28.09,91.73,3.87,105.9,-133.3,742.8,19.1,-2.44,2.27,30.8
69040,5.88,12.94,84.98,19.49,144.7,-6.3,813.3,20.6,-2.37,-3.79,30.31
69060,0.57,6.61,82.25,36.89,96.4,-144.6,835.0,13.96,-18.14,-2.1,30.5
69080,0,1.07,62.33,45.47,-3.8,-105.9,817.4,8.6,-14.26,-2.97,30.81
69100,1.37,1.41,48.28,54.93,63.4,-163.0,884.7,5.86,-21.31,-2.82,30.9
69120,0.55,4.25,33.98,64.8,82.7,-109.9,994.8,0.95,-12.09,-1.72,31.19
69140,0.91,1.39,19.26,67.7,-87.1,-175.9,997.1,-8.84,-22.98,1.3,31.05
69160,1.67,0,11.77,61.45,-114.8,-241.0,977.7,-9.43,-17.54,1.84,31.29
69180,0,0.06,12.31,40.91,-43.8,-96.1,971.8,-13.01,-16.38,3.21,30.81
69200,0,0.71,7.34,27.0,-94.8,-150.6,1005.9,-18.28,-14.7,4.4,30.87
69220,1.25,1.04,2.1,20.48,-140.3,-196.3,991.6,-21.48,-8.38,4.34,30.57
69240,0,2.8,0,14.19,28.5,-92.6,1007.4,-18.98,-4.1,1.05,30.07
69260,3.32,1.12,2.14,0.83,-109.8,28.6,968.1,-22.06,6.75,2.2,30.0
69280,0,0,0.78,0,-152.1,-3.5,992.7,-21.34,12.68,-2.27,29.88
69300,0,0,0,1.21,-75.7,89.7,977.9,-19.9,3.29,-1.67,29.56
69320,0.19,0,0,0,-78.5,108.7,984.4,-15.06,15.05,-7.99,29.19
69340,2.28,1.7,0,0,-103.7,76.7,1010.0,-15.7,10.24,-7.61,28.78
69360,0,3.14,0.67,0.83,-77.0,115.0,963.2,-7.38,12.66,-3.05,28.61
69380,1.1,6.42,2.1,5.01,2.4,132.2,977.6,-1.12,18.56,-1.82,28.21
69400,78.04,25.2,9.19,0.83,11.2,127.8,943.6,4.86,12.97,-1.8,28.35
69420,60.44,40.13,12.91,1.33,-15.5,95.4,897.5,5.33,16.86,1.39,28.64
69440,42.59,53.34,16.26,0,7.3,90.0,899.8,15.1,10.47,5.5,28.78
69460,21.52,51.04,37.53,1.91,28.8,51.3,850.3,18.06,12.97,5.11,29.05
69480,10.13,56.21,54.55,0,147.6,180.2,875.0,16.68,10.67,3.51,29.64
69500,0.37,44.03,66.8,4.44,12.3,59.5,821.0,19.99,9.91,2.41,29.78
69520,6.12,39.19,81.25,2.74,56.5,-5.9,867.2,15.55,-1.94,-1.58,30.16
69540,0,24.06,86.01,5.79,76.9,-118.9,809.6,16.89,-2.0,-2.8,30.65
69560,1.07,17.79,90.13,19.6,97.2,-120.5,865.5,23.9,-15.19,-4.86,30.49
69580,0,6.17,71.89,30.29,4.9,-111.5,889.9,10.8,-15.76,-6.7,30.61
69600,0,2.16,62.15,36.49,88.1,-243.0,906.8,7.61,-17.26,-4.78,31.07
69620,0,0.23,45.64,52.21,-53.0,-163.5,897.1,5.25,-19.77,-6.94,31.24
69640,0,0,27.93,63.89,16.4,-215.7,968.7,4.72,-15.61,-0.31,31.08
69660,0,0.24,18.46,64.18,44.3,-121.7,1010.6,0.7,-23.45,-1.69,31.34
69680,0,0,10.79,56.82,-76.7,-46.8,1023.3,-9.29,-14.65,0.75,30.84
69700,0.38,0.5,6.28,48.95,-44.4,-150.2,1020.2,-11.93,-16.2,3.66,30.42
69720,0,0.03,0,30.94,-121.6,-97.5,986.2,-16.31,-10.03,0.55,30.99
69740,3.67,0,7.78,23.81,-87.6,-67.7,981.4,-19.38,-11.78,3.42,30.47
69760,2.84,3.48,0,10.81,-55.4,-109.1,1016.0,-17.05,-8.22,2.14,30.48
69780,0,6.37,3.71,13.68,-140.4,-103.9,1015.1,-23.97,-4.21,-0.89,29.99
69800,0.97,0,3.94,0,-218.6,9.5,974.0,-17.12,-0.15,-3.49,29.8
69820,3.38,0.71,2.81,0,-70.3,149.6,1034.0,-18.98,4.27,-6.86,29.45
69840,1.1,3.08,5.6,0,-127.8,124.7,1017.0,-15.61,16.18,-7.21,29.34
69860,0,0,0,0.2,-148.5,83.9,1017.0,-8.87,7.8,-7.69,29.24
69880,0,1.09,0,0,-86.4,190.8,995.1,-7.75,18.96,-3.3,28.72
69900,0,3.31,1.09,2.01,-18.7,123.4,1034.7,-5.73,19.58,-6.91,28.53
69920,78.51,25.8,3.86,0,77.1,207.3,990.8,-3.67,20.24,-2.32,28.3
69940,66.26,42.57,13.58,5.34,11.8,185.0,965.1,7.85,30.24,3.33,28.42
69960,41.88,46.5,21.55,0,-15.0,147.2,905.2,12.71,17.28,5.12,28.63
69980,21.3,54.61,37.27,0,83.8,197.7,856.3,20.04,14.01,5.74,29.33
70000,12.16,55.33,49.48,3.92,9.6,90.2,866.6,17.76,8.59,3.31,29.34
70020,0.4,53.82,63.31,2.58,159.8,23.8,861.5,16.48,13.73,6.26,29.65
70040,1.26,32.53,81.51,10.95,113.7,-81.1,813.3,24.89,-4.16,1.03,30.07
70060,0,27.2,83.36,5.29,161.7,-86.4,762.9,18.54,-8.58,-5.42,30.45
70080,0,19.6,86.7,13.04,79.1,3.7,837.4,16.95,-11.03,-1.13,30.44
70100,1.91,9.82,79.21,28.3,62.9,-116.3,868.0,7.52,-2.11,-3.68,31.04
70120,1.78,3.77,65.77,37.2,61.5,-93.0,896.2,12.02,-16.86,-6.05,31.36
70140,2.24,5.42,51.27,56.92,64.0,-242.1,913.2,15.21,-26.03,-1.02,31.27
70160,0,0,34.41,60.54,26.4,-133.9,1025.4,4.31,-19.77,-1.7,30.96
70180,2.24,0,17.26,67.79,-35.9,-150.9,1037.1,-4.21,-17.59,-1.75,31.1
70200,0,0,10.79,61.4,-116.1,-133.8,991.0,-4.05,-15.68,4.61,30.83
70220,6.3,0,9.48,48.3,-8.4,-184.7,992.1,-10.53,-20.48,4.32,30.64
70240,0,0,7.64,29.31,-44.2,-104.3,1024.8,-11.01,-7.72,4.09,30.57
70260,6.97,0,0,17.05,-34.5,-192.2,1044.3,-17.05,-18.03,3.73,30.38
70280,0.44,5.73,0,12.49,-221.0,-24.0,992.9,-17.5,-8.91,3.65,30.62
70300,0,0,0,5.27,-77.9,32.9,978.9,-22.9,-1.89,-1.27,30.03
70320,6.49,0,0,1.36,-71.3,90.9,965.2,-18.88,6.05,0.79,29.49
70340,0,5.08,0,0,-151.6,86.3,981.9,-15.89,7.45,-4.83,29.67
70360,0.49,0,0,0,-17.1,155.8,977.9,-10.03,11.55,-1.51,29.37
70380,0,0,0.32,0.08,-36.2,93.6,928.1,-9.17,20.57,-4.5,29.09
70400,0,0,0.77,0,-26.9,212.3,1020.0,-8.6,25.88,-1.52,28.48
70420,0,0,0,0.09,-29.3,197.8,995.8,-8.99,17.97,-0.8,28.35
70440,76.76,24.23,9.49,0,40.5,206.3,925.2,-1.86,21.15,0.83,28.06
70460,71.46,34.78,11.97,0,114.1,214.0,934.6,8.77,15.84,3.87,28.54
70480,44.12,47.18,21.13,2.17,33.8,121.5,929.7,12.48,17.59,3.08,28.81
70500,21.7,59.85,36.08,1.52,85.1,151.1,756.8,12.01,14.19,0.59,28.83
70520,10.77,55.47,47.9,0.13,87.7,57.7,853.1,16.07,4.34,6.63,29.47
70540,0,50.95,62.93,0,164.1,-46.4,799.9,16.86,9.25,2.89,29.65
70560,0,40.22,76.59,0.61,88.6,61.0,745.4,20.68,2.13,0.43,30.23
70580,1.47,29.81,87.33,5.13,44.7,47.4,808.3,15.57,-8.53,-1.61,30.26
70600,0.59,10.31,81.59,16.34,126.1,-32.3,789.7,20.74,-0.49,-2.62,30.37
70620,0,11.92,74.97,19.03,73.2,-132.2,844.8,17.49,-7.95,-5.37,30.62
70640,0,8.44,72.87,41.23,88.4,-94.3,915.2,5.7,-28.5,-5.98,30.77
70660,0.92,0,51.15,49.83,34.8,-171.1,887.2,7.71,-25.39,-2.44,31.0
70680,2.84,3.52,39.87,69.71,-68.2,-149.0,969.0,5.58,-27.3,-0.35,31.0
70700,0,0,27.01,64.78,-2.4,-141.9,969.2,1.31,-20.77,-0.67,30.63
70720,5.34,0,10.46,58.74,-19.1,-68.5,974.7,-9.12,-5.54,1.72,31.02
70740,1.0,3.87,11.4,46.32,-132.6,-60.2,1015.1,-9.06,-20.29,5.45,31.32
70760,0.09,1.43,10.68,35.72,-27.0,-158.4,977.6,-14.21,-7.76,5.49,30.75
70780,0,0,2.63,15.93,25.0,-164.9,1003.6,-13.96,-10.64,3.28,30.22
70800,0,3.05,0,9.51,-130.5,-117.0,1003.3,-19.31,-3.29,5.51,30.29
70820,1.86,0.74,0,0.8,-123.4,-67.9,1006.0,-18.75,-14.55,0.43,30.17
70840,3.06,0,2.06,1.45,-119.6,64.7,1027.3,-20.34,6.31,1.85,30.17
70860,0,0,0,4.31,-92.3,85.3,977.0,-13.86,6.44,-3.96,29.88
70880,0,0,0,2.07,-100.7,127.9,1077.2,-18.13,7.19,-5.74,29.32
70900,2.02,2.47,0,0,-6.7,75.5,1000.0,-12.54,15.58,-4.23,28.79
70920,0.27,0.71,0,0.39,-18.8,105.5,984.5,-10.0,11.8,-0.69,28.87
70940,0,0,1.68,4.37,-9.9,190.6,1007.1,0.39,22.66,1.06,28.53
70960,81.66,22.59,7.89,4.09,15.8,104.2,968.9,3.66,18.82,-0.08,27.83
70980,68.2,32.49,13.25,3.78,-21.6,40.5,938.8,6.3,16.4,3.48,28.28
71000,45.44,50.65,15.58,0,83.5,217.3,863.7,8.98,24.17,2.49,28.83
71020,26.31,55.72,35.44,0,47.8,113.3,833.2,16.22,12.97,2.82,28.69
71040,14.32,63.22,46.65,7.75,73.0,67.1,828.8,20.78,9.54,2.59,29.57
71060,6.09,53.63,59.37,4.91,139.4,39.2,775.4,17.17,9.29,0.07,29.95
71080,0,41.66,72.5,4.19,120.4,24.1,785.0,23.69,1.08,5.46,30.25
71100,0.44,39.88,85.59,6.29,84.9,99.1,803.4,19.86,2.62,-2.46,30.44
71120,0,17.32,80.37,8.17,173.6,-10.1,845.2,23.21,-9.49,-3.7,30.79
71140,0.01,8.74,76.4,24.16,87.4,-96.8,803.7,16.23,-17.85,-2.88,30.94
71160,0.13,2.49,65.21,42.28,100.7,-143.5,855.6,14.36,-12.66,-6.79,30.98
71180,0,1.99,50.44,49.65,83.3,-151.0,896.7,11.41,-8.18,-5.1,30.8
71200,1.97,0,36.39,59.61,7.0,-76.0,955.3,0.34,-15.37,-0.9,30.88
71220,0,0.88,21.86,66.66,8.9,-102.0,1031.8,-4.81,-15.44,1.69,31.14
71240,0.16,0,13.88,60.8,-82.8,-169.1,1051.8,-6.86,-17.63,5.13,30.78
71260,3.32,0,3.24,46.78,-102.0,-196.4,1065.3,-10.44,-15.77,4.52,30.77
71280,0,3.54,3.96,35.35,-90.3,-73.9,937.0,-19.14,-20.12,5.65,30.72
71300,2.07,0,0,21.77,-46.4,-70.6,950.0,-15.46,-8.2,4.68,30.39
71320,0,0.71,2.3,12.74,-130.9,-97.1,993.7,-23.1,-9.31,2.74,30.37
71340,1.15,0,0,0,-123.8,-23.0,1016.6,-26.62,-0.88,4.78,30.18
71360,0,0,1.41,2.93,-99.9,11.4,1007.1,-19.45,-4.04,-1.13,30.49
71380,10.32,1.46,1.99,0,-101.0,111.3,971.8,-14.27,9.22,-4.03,29.57
71400,0,2.64,0,0,-94.0,153.8,994.6,-15.03,10.18,-6.49,29.1
71420,3.24,0.42,0,3.37,-45.2,139.5,1018.3,-13.88,13.93,-3.99,29.02
71440,0,4.25,5.3,0.95,-26.9,149.3,1015.3,-16.03,18.44,0.43,28.74
71460,0,2.47,0,2.67,-0.1,192.7,998.5,-4.02,18.29,3.67,28.32
71480,77.79,22.42,2.99,0,59.5,164.7,1022.3,2.56,18.18,0.24,28.14
71500,71.18,31.54,7.41,0.56,101.4,235.1,907.3,8.95,36.33,6.82,28.46
71520,48.53,45.83,21.32,6.99,34.8,86.4,922.6,7.91,16.93,6.22,28.67
71540,31.11,57.52,31.06,0,99.5,69.1,884.8,14.23,20.54,5.75,29.2
71560,12.05,58.79,40.54,0,76.5,140.2,823.1,17.8,7.34,3.0,29.52
71580,3.97,46.85,63.78,5.89,130.8,0.3,782.1,23.5,3.07,6.42,29.65
71600,0,43.51,75.38,9.81,88.0,25.1,805.4,22.79,1.3,4.1,30.13
71620,9.08,32.64,89.6,10.92,138.4,-67.2,824.9,22.21,-2.71,1.02,30.45
71640,0,18.59,81.53,13.94,132.8,-17.5,853.9,18.03,-3.39,-4.9,30.7
71660,4.25,4.91,79.88,23.8,88.2,-67.5,847.1,22.14,-16.26,-6.48,30.42
71680,0,7.28,68.08,39.59,122.9,-35.4,882.3,16.96,-11.12,-6.79,30.94
71700,4.56,5.17,56.92,54.37,14.3,-118.2,945.1,5.84,-14.8,-6.4,30.67
71720,0,0.09,35.85,64.94,-5.1,-156.3,958.7,1.72,-26.83,-0.83,30.93
71740,0,0,22.03,68.38,-59.1,-93.5,1023.7,-5.86,-22.35,1.99,31.14
71760,0.45,0.59,15.67,58.99,-86.0,-78.4,983.0,-3.53,-18.49,0.55,31.09
71780,0,0.63,6.88,49.12,-91.6,-122.0,971.5,-11.89,-30.1,5.49,30.74
71800,0.95,0,7.73,40.46,-1.5,-80.9,982.7,-8.86,-6.8,2.95,30.6
71820,5.72,0,2.39,20.41,23.5,22.4,937.0,-20.51,-13.87,3.99,30.72
71840,1.45,1.98,2.9,13.26,-113.8,-72.3,977.1,-16.25,-9.59,2.82,30.58
71860,1.77,0,2.85,7.72,-133.4,69.8,1034.3,-16.4,-1.88,-2.06,30.82
71880,0,3.13,0,0,34.5,-36.1,1016.3,-23.73,6.22,2.35,29.62
71900,0.2,0,0.15,2.15,-15.0,80.2,986.2,-17.11,13.88,-4.33,29.59
71920,0,0,0,5.26,-112.2,132.8,1072.6,-10.97,13.04,-1.02,29.27
71940,0,0.92,0.13,4.47,-10.8,147.8,1049.4,-12.21,13.04,-9.08,29.47
71960,0,4.09,0,0,-11.8,93.5,1047.7,-8.6,24.25,-5.94,28.93
71980,0,0.63,0.58,0.53,92.5,82.3,1012.6,-2.25,20.0,-5.57,28.29
72000,78.62,18.6,2.69,1.98,35.7,190.7,989.9,5.79,24.9,-1.07,27.82
72020,71.21,35.18,8.75,0.73,30.4,158.1,919.5,2.54,18.62,-0.7,28.19
72040,54.42,46.2,20.88,0,8.0,65.2,880.1,1.43,26.43,2.7,28.73
72060,33.12,55.63,26.62,2.89,183.4,147.9,853.9,8.06,19.66,5.24,28.89
72080,12.95,57.24,48.61,1.69,11.9,36.1,815.6,17.83,14.63,6.34,29.46
72100,5.55,54.82,65.16,0,12.2,133.3,845.3,13.64,0.15,1.45,29.35
72120,0,42.58,72.94,0.86,105.5,-5.1,817.5,22.63,3.77,-2.76,29.9
72140,0,28.9,78.33,4.78,71.1,-65.6,813.7,19.11,1.74,-1.94,30.4
72160,0,22.24,94.44,12.68,53.4,-6.9,775.0,18.89,-17.49,-5.47,30.19
72180,3.15,14.8,81.75,22.59,96.0,-86.7,833.9,15.74,-19.85,-3.33,30.31
72200,2.08,5.35,73.11,31.63,97.6,-103.3,874.0,12.0,-20.68,-7.1,30.59
72220,0,3.94,59.29,48.07,110.3,-210.2,916.6,15.77,-26.46,-1.1,30.9
72240,1.06,1.24,40.72,64.66,79.7,-202.6,969.2,3.02,-18.36,-1.62,30.94
72260,1.39,0.66,31.84,65.44,-30.2,-262.9,1012.4,4.78,-19.45,2.13,30.87
72280,0,3.97,15.63,67.72,-54.8,-249.1,966.7,2.44,-15.8,5.46,31.0
72300,0,0,10.06,49.75,8.8,-89.6,995.4,-7.73,-15.04,2.04,31.03
72320,0,0,3.0,39.67,-80.0,-36.9,989.2,-7.2,-15.29,3.12,30.95
72340,0,0.01,3.97,28.01,-125.9,-112.9,1010.5,-12.88,-10.57,4.95,30.61
72360,0,0,0,16.24,-165.6,-52.6,960.3,-22.99,-13.87,3.7,30.39
72380,0,0,2.89,4.71,-109.3,-121.7,1012.0,-16.18,1.2,1.55,29.98
72400,0,0.63,4.65,2.69,-123.5,3.1,994.9,-23.4,0.44,-1.22,30.21
72420,2.35,0,3.95,1.43,-103.0,135.2,1000.5,-18.04,9.79,-4.84,29.5
72440,6.92,1.9,0,0,-42.3,72.6,964.7,-18.01,12.47,-7.07,29.55
72460,0,0.35,0,0,-147.7,68.3,994.4,-13.23,20.12,-5.26,28.92
72480,0,0,0.26,0.77,-27.3,121.2,987.9,-16.56,21.76,-5.91,28.68
72500,6.4,4.14,0.64,0.35,-60.3,49.4,1032.6,-7.36,15.79,-1.78,28.42
72520,0,0.4,5.04,1.71,-43.8,20.6,1017.6,0.91,24.28,0.18,27.94
72540,70.92,35.35,8.49,0.06,30.0,62.5,994.3,4.92,28.38,-0.44,28.06
72560,50.75,44.87,18.51,0.66,-1.4,171.5,907.9,12.04,28.19,4.24,28.51
72580,27.9,51.12,25.13,5.32,126.5,124.9,886.3,9.79,15.61,0.33,29.28
72600,13.63,58.71,42.82,0,90.1,63.6,817.5,17.81,17.83,6.3,29.34
72620,5.19,56.31,60.94,0,67.1,6.0,749.9,15.66,5.06,7.63,29.78
72640,9.34,40.5,77.2,2.96,60.4,32.4,845.2,18.46,13.73,1.75,30.09
72660,2.36,26.76,83.11,2.52,139.2,-53.7,786.4,21.83,9.97,-1.05,30.48
72680,0.49,18.52,88.58,11.19,91.7,-42.9,810.6,16.11,-8.44,-3.63,30.63
72700,0,11.78,82.56,23.91,-0.6,-26.2,858.6,16.81,-7.76,-3.27,30.16
72720,0,6.88,72.75,40.13,115.6,-83.1,874.2,7.77,-7.16,-3.58,30.76
72740,0,0.03,59.53,45.73,58.5,-105.1,909.2,7.93,-29.49,-1.64,30.62
72760,0.28,1.01,47.25,59.72,132.0,-134.7,938.3,4.21,-10.95,-3.01,30.87
72780,5.25,0.55,25.03,64.69,70.6,-211.7,1046.8,5.19,-16.89,3.84,31.29
72800,0,0,18.53,62.68,34.8,-190.1,996.8,-1.22,-16.91,0.44,30.85
72820,0,1.38,13.45,58.04,-33.9,-148.7,937.9,-9.47,-17.68,7.04,30.64
72840,2.64,0.46,2.67,38.23,-98.6,-119.0,1046.7,-11.4,-20.37,4.4,30.94
72860,3.03,2.0,3.36,23.81,-122.5,0.3,1009.2,-18.53,-14.7,4.04,30.77
72880,0,1.75,0,12.09,-119.1,-97.8,995.1,-19.47,-2.16,4.2,30.33
72900,5.19,3.14,0,10.33,-93.5,-80.0,986.2,-20.49,-6.52,5.83,30.2
72920,0,0,0,3.0,-115.2,25.5,991.5,-22.62,4.96,1.87,30.0
72940,0,0.43,0,1.89,-65.8,73.7,1003.3,-19.86,2.39,-5.34,29.96
72960,1.89,0,0,0.21,-189.2,91.1,936.8,-10.84,14.66,-6.53,29.41
72980,1.38,1.74,3.9,2.74,-68.9,60.2,1009.0,-9.15,8.93,-4.03,28.89
73000,1.0,0,1.05,1.05,-95.2,90.3,1028.0,-8.48,19.37,-2.97,28.58
73020,4.1,5.04,4.17,3.93,-103.1,109.7,1013.8,-10.14,14.94,-1.48,28.4
73040,0.44,5.96,0,0,-11.4,159.3,1004.4,2.86,21.88,-2.54,28.34
73060,75.41,31.71,6.33,0,52.8,135.5,958.9,7.95,21.92,0.21,28.24
73080,52.65,43.84,14.24,0,32.6,174.6,898.8,11.27,17.69,5.4,28.67
73100,34.94,56.31,27.84,2.16,-5.9,236.6,897.3,13.07,13.95,3.88,28.98
73120,18.4,56.9,40.47,4.68,97.4,46.7,795.4,21.54,9.66,5.02,29.32
73140,10.56,54.95,56.06,2.19,79.5,37.2,802.8,21.39,22.67,5.08,29.62
73160,3.12,47.89,75.27,0,90.9,-28.6,840.9,18.0,1.61,2.28,30.05
73180,0,31.62,83.03,0.84,40.4,-31.6,835.4,24.55,-7.25,-1.6,30.15
73200,2.11,22.14,84.86,13.79,-1.5,5.2,798.6,19.25,-10.06,-6.09,30.55
73220,2.12,11.89,83.25,22.89,-7.9,-22.2,808.3,15.3,-18.52,-5.86,30.4
73240,0.02,4.77,69.06,39.2,58.7,-148.0,893.7,8.13,-10.68,-1.22,30.42
73260,0,2.46,63.42,45.44,27.2,-258.4,897.2,12.54,-18.87,-6.47,30.7
73280,0.92,2.58,43.22,60.9,18.0,-89.2,946.2,4.36,-17.83,-0.34,30.81
73300,0,0.44,31.34,66.78,-62.1,-221.0,983.6,0.41,-22.3,-1.17,31.21
73320,0,0,14.99,63.93,-126.6,-146.3,1011.5,-5.41,-21.47,9.6,30.88
73340,6.09,0,6.34,53.82,-14.0,-92.7,1011.0,-3.45,-22.24,7.87,30.86
73360,2.5,2.64,4.13,36.29,-21.5,-101.5,1021.0,-10.29,-13.38,3.03,30.94
73380,0,1.04,0.22,23.57,-237.7,-138.9,969.9,-13.53,-12.85,9.42,30.46
73400,0,0,0,18.06,-28.9,-123.7,986.7,-21.31,-1.05,6.12,31.02
73420,6.29,0,0,5.66,-108.8,-63.1,1044.1,-18.79,-4.67,-1.56,30.56
73440,0.05,0.58,0.5,4.7,-105.6,66.5,1050.2,-21.84,-1.49,-0.38,30.22
73460,5.15,2.05,0,0,-145.4,105.2,1029.8,-15.17,0.07,-1.69,29.76
73480,0.2,0,0,3.65,-148.4,90.4,977.1,-11.72,8.29,-3.41,29.39
73500,0.49,0,2.47,0,-127.5,32.7,1001.9,-11.87,20.48,-2.39,29.16
73520,7.54,0.71,0,0,-48.9,19.0,923.1,-13.5,17.07,-1.55,28.92
73540,0,4.71,0,1.58,36.4,192.3,1038.7,-5.01,12.72,0.07,28.33
73560,3.98,0,2.39,0,-91.5,201.7,1041.0,-1.13,16.21,0.03,28.11
73580,75.46,26.94,10.05,0,-1.6,194.7,985.3,8.06,18.47,5.0,28.43
73600,63.3,42.37,14.05,0,25.0,132.5,899.3,9.64,18.93,2.15,28.69
73620,34.66,53.27,25.83,0,131.1,155.5,903.1,14.32,22.78,7.01,28.99
73640,14.84,59.55,43.04,0,21.7,76.2,837.1,15.85,11.2,3.93,29.11
73660,6.53,55.09,53.0,0,130.5,19.0,837.7,18.89,8.36,7.08,29.58
73680,5.43,41.64,72.41,2.35,96.5,-13.8,831.9,19.4,4.4,0.7,29.5
73700,0,39.4,80.49,10.94,127.5,21.1,818.9,23.03,-3.59,-2.02,30.17
73720,0,25.12,90.47,9.83,51.1,-59.1,799.2,17.74,-13.08,-4.02,30.07
73740,5.6,8.01,82.18,18.81,20.0,-155.3,795.3,15.08,-16.65,-6.81,30.38
73760,0,4.26,71.68,34.9,126.9,-97.9,840.4,15.82,-17.74,-4.09,30.67
73780,0.26,0,54.96,48.05,15.2,-158.1,915.7,10.67,-16.49,-5.62,30.64
73800,0,6.12,41.39,67.99,-19.4,-118.9,989.9,12.69,-20.43,-2.9,30.86
73820,0,1.43,26.69,67.25,13.6,-121.8,988.5,0.86,-27.28,1.37,31.0
73840,0,1.58,16.9,62.74,-63.7,-112.1,956.7,-0.06,-12.65,-1.26,31.1
73860,1.0,0,9.62,49.46,-112.5,-141.5,938.4,-14.45,-20.49,2.87,30.84
73880,0.21,0,3.73,40.68,-7.8,-110.8,998.1,-14.14,-6.7,2.31,30.78
73900,0,0,5.44,20.39,-88.7,-20.1,1020.1,-14.32,-10.31,1.54,31.05
73920,1.44,2.08,2.41,18.75,-92.8,-133.2,979.1,-12.6,-2.81,0.92,30.41
73940,0,0.51,0,1.81,-37.3,26.2,995.9,-17.38,4.29,1.82,30.42
73960,3.36,0.76,0,0,-92.2,-37.7,964.9,-19.54,-0.49,3.63,29.82
73980,0,0,0,0,-89.2,82.7,1004.4,-18.25,4.96,0.65,30.46
74000,0,0,0,0,-124.4,47.8,1007.2,-12.93,7.63,-6.37,29.37
74020,4.13,1.07,0,2.09,39.2,71.5,991.7,-14.74,9.57,-4.67,29.23
74040,0.13,2.84,0,0.14,-39.9,95.1,968.0,-6.78,14.4,-3.64,28.68
74060,0,0,4.09,3.67,-108.0,148.9,1028.8,-7.39,9.07,-1.21,28.62
74080,0,1.19,0,0,61.2,95.4,947.2,2.92,20.63,1.92,27.88
74100,73.01,28.23,5.77,4.7,-44.5,124.5,1006.5,4.16,22.63,5.19,28.18
74120,55.08,43.76,14.83,1.38,26.7,278.9,925.0,8.83,13.15,3.06,28.46
74140,38.51,56.02,21.98,3.46,84.8,74.1,885.8,9.72,21.27,4.28,29.04
74160,22.38,56.01,37.58,3.88,52.8,155.7,877.0,15.47,10.22,-0.02,29.45
74180,11.53,52.39,52.8,0,218.4,65.6,834.2,17.15,10.22,7.14,29.94
74200,6.07,50.43,69.26,2.51,133.2,46.2,794.4,16.07,-3.61,0.42,29.47
74220,2.59,34.87,86.87,4.93,27.1,121.2,817.3,19.98,-11.17,0.31,30.06
74240,0,22.79,82.15,14.87,81.0,12.8,833.5,16.35,-4.88,-3.15,30.64
74260,0.35,13.84,81.22,20.24,17.7,-55.0,852.2,18.06,-4.44,-6.21,30.43
74280,5.03,3.82,71.53,29.03,181.4,-67.7,885.9,15.32,-19.13,-4.08,31.08
74300,0.49,3.52,61.93,42.4,30.6,-167.2,902.7,9.29,-16.14,-4.36,31.11
74320,5.68,5.86,49.47,58.51,49.2,-236.8,945.3,12.25,-17.7,-5.67,31.05
74340,0,0,29.48,62.56,-18.2,-73.0,986.5,0.13,-19.84,1.53,30.93
74360,0,1.05,21.18,64.26,19.7,-97.4,1021.2,-6.65,-28.65,2.88,31.07
74380,2.86,0,3.91,55.32,-44.6,-88.0,982.1,-6.23,-17.68,3.34,31.05
74400,0.01,3.06,2.64,45.49,-174.1,-44.8,1004.9,-7.77,-11.71,1.13,30.81
74420,4.23,0,2.53,32.72,-43.1,-95.0,1025.7,-22.23,-6.86,2.93,30.64
74440,6.65,0.08,0,16.7,-42.9,-66.8,959.9,-13.39,-0.75,1.41,30.61
74460,0,0,2.59,5.85,-148.3,-52.3,973.6,-16.61,-1.35,0.18,30.65
74480,2.85,0,0.16,4.4,-141.4,123.1,987.1,-16.54,10.69,-1.04,30.01
74500,0,0,3.76,1.24,-177.0,42.2,992.0,-14.79,2.3,-3.49,29.98
74520,0.08,0,0,0,-115.3,142.8,995.9,-14.09,1.13,-4.49,29.39
74540,6.78,0,1.36,0,-57.8,63.8,945.7,-12.14,14.36,-5.67,29.35
74560,4.67,7.59,6.11,0,-63.2,135.5,952.0,-9.38,16.73,-2.39,28.8
74580,0,2.85,0,0,-18.2,114.9,946.8,-8.25,13.15,-4.51,28.51
74600,0,0,0,0,-38.8,48.1,986.5,4.76,21.7,1.85,28.22
74620,77.86,27.07,12.68,0,-16.4,91.3,973.8,3.06,19.62,-1.66,27.94
74640,62.79,44.16,13.9,0.58,83.4,88.6,912.9,7.91,14.47,2.05,28.48
74660,41.46,49.45,22.22,0,87.2,-24.2,912.7,10.46,15.81,6.89,28.93
74680,21.14,61.8,35.26,0,42.4,164.2,822.3,10.67,18.07,3.94,29.62
74700,7.69,54.32,50.19,3.3,63.1,60.9,855.6,18.81,4.12,3.17,29.75
74720,1.84,51.03,67.52,6.0,129.6,63.3,834.9,17.22,3.01,4.46,29.99
74740,0.36,34.15,81.08,6.66,191.8,124.5,773.7,19.93,-2.92,-1.23,29.95
74760,2.88,22.26,90.15,4.42,95.4,-44.8,797.2,21.42,-4.13,-4.21,30.08
74780,2.79,10.58,81.35,22.32,81.0,-101.9,785.0,20.66,-18.37,-4.18,30.73
74800,1.01,7.82,73.55,30.22,25.5,-179.7,790.5,12.71,-19.43,-5.59,30.83
74820,0,8.03,65.06,44.15,-22.1,-79.6,878.0,5.87,-19.62,-7.93,30.94
74840,5.18,0.62,45.01,57.97,-12.6,-233.8,896.6,7.31,-18.06,-4.43,30.63
74860,0,6.88,28.89,71.25,12.9,-198.4,960.7,-1.14,-14.15,-4.37,30.87
74880,0,3.55,14.79,66.77,-143.8,-132.3,1043.6,-3.82,-16.1,2.36,30.73
74900,4.45,1.72,12.01,58.62,-12.0,-168.4,1019.2,-4.72,-21.06,2.57,31.09
74920,2.96,0,6.81,40.47,-146.8,-67.9,997.1,-13.89,-9.74,7.33,30.62
74940,2.21,0,3.12,29.75,-136.9,-57.9,1030.9,-17.88,-12.27,1.76,30.92
74960,2.47,0.45,4.83,20.44,-179.3,-48.8,993.9,-17.83,-5.92,3.21,30.62
74980,0,0,5.68,6.67,-128.9,-31.7,988.1,-17.47,-7.14,1.52,30.32
75000,0.53,5.39,0,6.32,-109.6,75.9,1034.5,-18.31,5.03,-3.41,30.16
75020,0,0,0,0,-27.3,81.6,1032.5,-22.35,2.96,-1.62,29.6
75040,0,0,0,0,-130.5,20.6,993.1,-20.48,11.76,-3.04,29.46
75060,0,0,4.53,7.75,-104.7,43.6,977.3,-20.09,13.45,-2.97,29.27
75080,0,0,0,0,-32.7,95.8,1021.3,-16.98,19.76,-3.62,28.66
75100,0,0,0,4.2,-30.5,163.5,977.5,-3.68,6.72,-1.5,28.54
75120,0,3.09,4.11,0,-36.8,173.6,1013.1,-0.59,23.26,1.49,28.4
75140,76.28,23.91,9.5,1.29,11.3,149.0,996.7,3.47,27.85,1.63,28.05
75160,68.71,42.74,14.47,4.02,15.2,124.4,929.2,3.79,13.82,1.18,28.36
75180,39.05,45.69,22.52,1.51,55.5,85.7,934.8,13.63,21.19,2.78,28.99
75200,24.21,58.02,34.68,0,68.6,40.9,846.0,15.04,21.89,6.02,29.14
75220,14.93,57.26,50.73,0,40.8,-16.2,840.3,20.07,8.36,4.14,29.71
75240,0,51.98,66.89,3.88,133.4,71.8,773.7,21.22,13.54,1.89,30.02
75260,0,34.96,81.38,7.0,111.4,-43.6,755.9,27.5,1.13,1.18,30.06
75280,2.98,25.04,89.89,4.82,76.1,-57.2,810.0,15.38,0.35,-1.27,30.19
75300,5.93,14.73,84.99,23.79,55.7,-143.3,765.5,20.04,-0.27,-3.88,30.34
75320,0,8.32,76.98,19.21,88.2,-112.7,848.8,16.2,-24.59,-3.28,30.81
75340,0,8.92,59.72,44.27,74.7,-86.9,881.8,8.76,-14.59,-3.71,30.95
75360,1.8,0.97,49.52,60.63,16.9,-143.8,915.5,9.82,-15.36,-3.11,31.11
75380,0,0,33.03,66.99,-19.8,-187.5,1009.7,-0.04,-12.25,-1.83,30.95
75400,0,0.11,23.81,63.54,78.7,-77.0,966.8,1.0,-22.96,-2.02,31.02
75420,0.57,1.36,7.79,56.63,14.3,-128.5,986.7,-7.1,-23.02,1.66,30.79
75440,2.73,1.39,4.65,43.83,-56.3,-56.9,985.6,-15.47,-6.96,6.99,30.57
75460,0,0,2.99,28.42,-98.5,-68.4,973.9,-18.13,-9.37,5.3,30.66
75480,2.08,0,0,24.11,-67.5,-30.2,970.2,-16.86,-11.2,6.82,30.57
75500,0,1.71,0,13.42,-3.7,-1.6,1021.8,-22.26,5.87,1.32,30.16
75520,0.88,1.62,0,10.74,-147.4,-11.4,996.8,-25.25,-1.56,3.57,30.3
75540,1.31,0.12,0,3.47,-124.1,22.6,1035.1,-15.72,1.23,-0.61,29.61
75560,0,0,0,0,-91.2,-11.9,911.0,-19.37,17.78,-6.26,29.72
75580,1.36,0,0.04,3.93,-135.2,68.4,996.3,-15.63,8.03,-6.95,29.23
75600,0.71,0,5.74,4.17,-142.5,131.3,1053.9,-15.21,11.8,-5.95,28.54
75620,0,0,0,5.39,-111.2,99.4,965.1,-6.2,21.47,-2.78,28.85
75640,3.06,0,0,0,27.0,187.6,965.4,-0.89,17.61,-0.28,28.34
75660,75.01,28.98,5.5,2.36,-18.7,149.2,927.2,5.15,15.27,0.71,27.97
75680,69.92,43.88,14.17,0,29.6,163.9,953.0,13.28,14.6,5.47,28.46
75700,42.51,54.84,25.53,2.91,3.3,91.3,873.3,9.12,18.0,3.43,28.73
75720,24.47,58.26,36.72,0,18.2,-2.7,885.9,11.55,13.65,4.96,28.94
75740,9.15,54.75,48.04,0,33.7,142.1,846.7,13.17,5.56,2.15,29.54
75760,10.3,48.91,69.86,3.89,87.0,-6.5,830.6,18.18,8.99,4.85,30.02
75780,0,39.55,79.75,2.85,117.2,37.0,796.1,19.32,1.36,-2.21,30.25
75800,8.07,29.26,84.61,10.45,-60.9,3.2,853.2,20.09,-5.33,-4.24,30.26
75820,3.77,15.76,85.46,20.9,96.5,-144.1,760.7,15.05,-8.5,-7.42,30.55
75840,5.27,8.24,73.92,27.27,79.8,-131.6,886.1,17.57,-12.72,-4.5,30.7
75860,0,1.19,60.0,43.1,76.6,-193.0,872.3,15.11,-13.17,-1.66,30.92
75880,0,1.71,48.74,57.55,53.5,-87.4,927.5,10.54,-15.78,-1.85,31.09
75900,0.71,0,30.21,63.47,-35.5,-161.1,997.0,2.54,-25.08,-2.2,31.22
75920,3.38,2.7,25.97,65.35,-27.7,-173.4,1009.0,2.57,-30.64,-0.3,30.96
75940,2.78,0,9.72,61.97,7.2,-73.9,998.2,-5.11,-14.31,0.14,31.08
75960,2.66,0,3.42,43.2,-84.7,-194.5,963.2,-10.43,-19.56,0.43,30.96
75980,0,0,3.8,31.94,-19.8,-147.6,1003.5,-13.24,-15.16,8.58,30.68
76000,1.55,5.51,0,21.57,-145.3,-57.8,994.3,-16.91,-15.75,4.73,30.61
76020,0,3.38,2.01,9.6,-109.4,-90.6,1036.5,-17.65,-9.32,5.98,30.29
76040,0.2,0,0,7.61,-85.8,5.7,1010.2,-16.46,-1.53,1.87,29.92
76060,1.43,1.5,0,4.29,-111.5,43.7,1072.1,-21.78,0.13,-7.14,30.24
76080,1.84,3.16,3.04,0,-140.9,123.7,985.3,-19.98,14.24,-2.03,29.79
76100,0,1.16,0.9,3.46,-107.8,104.7,989.7,-12.86,-0.01,-8.6,29.09
76120,2.63,0,0,1.53,-21.3,119.8,1020.6,-9.77,19.87,-6.49,28.92
76140,3.97,3.38,0,0,-14.4,153.3,962.6,-0.33,13.39,-1.08,28.54
76160,0.27,4.48,0,0,39.4,76.6,1015.6,-4.91,17.76,1.91,28.56
76180,80.09,23.92,8.99,0,24.9,83.5,986.5,-4.0,27.67,1.02,27.81
76200,62.74,38.53,10.81,2.49,-4.4,138.8,958.2,5.93,23.39,1.12,28.65
76220,43.84,51.01,24.83,5.67,-13.9,153.7,905.5,12.67,25.98,6.83,28.97
76240,26.15,57.14,30.55,0,92.0,91.3,877.3,14.52,12.48,5.32,29.22
76260,12.87,63.54,47.97,1.53,135.0,101.8,878.3,18.67,17.34,2.43,29.61
76280,8.69,49.71,63.62,0.84,65.7,-42.5,788.0,17.64,3.58,1.16,29.81
76300,0,43.16,75.8,2.3,118.6,55.2,825.8,18.39,2.28,3.66,29.9
76320,0.91,27.93,83.89,10.24,116.1,-38.4,822.5,19.41,-8.53,-2.95,30.15
76340,0.35,15.46,87.9,17.88,23.8,-52.7,872.0,19.06,-13.47,-6.11,30.84
76360,0,9.66,72.33,21.62,74.9,-80.4,855.7,16.15,-11.22,-6.36,30.74
76380,0,5.79,67.55,42.67,168.3,-190.2,858.8,12.13,-15.73,-5.43,30.64
76400,0,0.2,51.68,57.51,31.0,-179.5,937.3,8.37,-21.22,-6.76,30.87
76420,0,0,37.28,59.24,35.0,-63.0,985.0,1.48,-30.58,-4.59,30.81
76440,1.57,0,17.16,67.71,58.3,-96.7,990.1,-0.37,-18.9,-0.09,30.87
76460,6.03,0.49,11.38,61.6,-23.3,-228.3,983.1,-1.33,-20.11,3.75,30.83
76480,2.72,0.13,1.09,45.42,15.3,-113.4,1018.6,-8.54,-25.56,2.22,31.15
76500,0.99,1.56,5.9,32.56,-126.0,-65.6,949.4,-16.43,-16.77,2.68,30.68
76520,0,4.51,0,25.48,-70.4,-88.0,995.9,-15.12,-8.76,4.97,30.48
76540,0,0.26,0,10.32,8.2,-0.5,1017.1,-13.13,-3.16,2.64,30.15
76560,3.63,3.57,0,2.97,-39.3,-4.9,988.8,-17.62,-11.03,1.28,30.03
76580,0,0,0.95,2.07,-177.2,71.6,1031.4,-23.43,-0.51,-3.27,29.76
76600,0,0,2.91,0,-180.2,143.4,968.2,-21.79,7.78,-5.4,29.66
76620,3.59,4.15,0.08,0,-53.2,9.8,1006.2,-13.48,15.47,-7.15,29.36
76640,2.95,1.57,5.59,0,-53.9,144.5,1008.8,-14.39,18.45,-6.82,29.25
76660,0.24,0.53,1.86,0.27,-82.6,174.2,956.3,-7.27,13.74,-4.85,28.51
76680,3.92,0.3,2.11,2.88,-12.9,179.8,1032.7,-1.5,18.25,-2.9,28.71
76700,74.02,23.98,0,2.31,-4.1,119.0,987.7,-1.8,30.39,0.54,28.22
76720,65.47,38.01,13.75,1.12,116.8,92.6,921.7,7.07,19.89,0.19,28.3
76740,46.61,48.64,20.35,0,77.1,128.1,958.2,12.99,16.57,0.63,28.53
76760,30.74,57.26,41.23,1.71,198.5,83.4,874.4,11.91,10.95,3.69,29.07
76780,9.27,59.37,42.52,0.43,41.5,-14.4,821.4,23.52,13.37,3.32,29.31
76800,2.03,52.48,64.3,0.85,32.1,19.2,779.3,20.82,7.21,0.65,29.86
76820,1.34,39.05,75.43,7.2,90.4,43.2,768.3,23.28,0.74,4.19,29.84
76840,0,24.19,87.6,8.12,54.9,-50.6,781.7,20.15,5.87,-1.15,30.13
76860,0,14.22,82.33,15.33,74.6,16.7,801.0,20.88,-10.22,-5.34,30.8
76880,3.1,9.33,77.82,28.74,73.6,-162.6,880.0,10.81,-15.02,-1.63,30.6
76900,0.54,3.37,68.1,41.92,27.3,-120.4,892.7,11.6,-13.92,-2.9,30.83
76920,2.31,0,52.81,55.41,17.0,-170.2,919.4,9.85,-11.84,-8.77,30.84
76940,2.59,0,31.78,70.17,32.9,-155.0,986.4,4.32,-17.72,-0.2,31.29
76960,0.75,0.02,21.86,64.52,42.9,-89.2,1013.8,-2.39,-18.5,4.17,31.09
76980,1.22,0,14.0,61.01,-45.6,-65.5,1064.8,-5.13,-31.01,-1.35,31.44
77000,1.18,0.29,10.06,53.22,-45.3,-81.0,974.2,-6.1,-20.56,3.32,30.92
77020,0.88,0,4.24,36.06,45.4,-50.5,972.1,-16.65,-4.87,2.54,30.71
77040,0,2.89,0.63,22.62,56.4,-67.1,1008.4,-11.69,-14.18,4.16,30.76
77060,0,0.45,0.57,3.99,-122.5,-57.2,1022.3,-17.58,1.23,3.74,30.59
77080,0.74,7.75,0.29,2.4,-101.1,-48.6,1038.4,-17.43,7.21,0.46,30.23
77100,1.25,0,0,2.78,-90.4,87.2,947.8,-15.27,-0.03,-3.77,29.86
77120,0,1.05,1.08,0.22,-121.1,139.8,1006.1,-21.82,6.49,-5.83,29.67
77140,3.5,0,0,0.97,2.2,42.1,1016.2,-16.88,11.88,-3.17,29.22
77160,0,2.5,2.03,0,-77.3,145.8,933.2,-9.68,15.25,-5.86,29.09
77180,0,0.79,0,0.77,-113.9,157.5,966.8,-8.58,26.12,-2.11,28.61
77200,0,1.15,0,0,19.3,62.2,969.9,1.07,20.29,-2.01,28.74
77220,83.31,18.53,6.39,0.53,-54.9,134.8,1014.9,0.3,17.72,-0.6,27.88
77240,68.14,40.23,16.36,1.31,45.4,164.7,948.9,0.66,10.86,4.36,28.36
77260,50.47,45.71,18.73,2.25,88.5,72.2,908.8,9.4,21.05,3.27,28.72
77280,32.06,50.9,27.85,0,45.9,102.5,814.3,11.5,15.51,4.75,29.24
77300,11.51,58.25,43.52,5.17,70.5,38.4,792.9,18.88,5.3,3.28,29.42
77320,12.05,46.62,66.1,0,64.5,79.8,819.3,17.84,11.14,2.77,29.68
77340,3.32,40.76,76.56,0,49.0,29.2,758.0,18.78,-6.75,3.02,30.25
77360,4.04,25.19,84.71,3.73,150.8,-65.2,836.2,19.99,-1.61,-2.19,30.07
77380,0,23.82,88.44,14.08,51.1,-89.2,819.4,18.38,-6.32,-3.78,30.44
77400,0,9.47,78.74,23.37,172.0,-39.5,848.1,14.19,-15.07,-5.02,30.5
77420,0,5.06,68.58,36.68,74.8,-86.5,932.3,8.65,-17.04,-3.34,31.24
77440,1.58,1.36,50.14,48.66,134.4,-69.2,931.6,9.19,-14.32,-3.96,30.89
77460,0,0,37.95,63.1,65.1,-217.4,943.5,3.79,-24.89,-2.16,31.16
77480,0,0,24.95,66.01,45.6,-73.6,979.9,-3.3,-18.61,5.52,30.98
77500,0.19,0.4,17.71,64.06,-8.2,-165.2,1023.4,-6.68,-26.54,4.65,31.16
77520,1.43,0,6.21,50.25,-8.4,-235.0,974.3,-11.02,-9.35,5.86,30.95
77540,0,0,4.49,33.32,-84.9,-166.4,978.9,-18.38,-9.44,6.68,30.76
77560,0,0.61,4.35,25.28,-21.2,-37.1,992.1,-18.51,-5.64,3.38,30.95
77580,0,0,5.19,12.5,-4.1,-70.6,936.1,-17.14,-5.21,4.27,30.77
77600,0,2.78,3.42,3.68,17.2,79.7,994.1,-18.65,-4.08,1.13,30.21
77620,4.12,0,0,0,-30.4,-45.1,991.0,-21.97,4.66,-2.44,29.72
77640,2.59,0,2.62,2.49,-114.3,76.2,946.3,-23.97,0.69,-7.0,29.77
77660,0.47,3.77,0,3.69,-109.2,138.9,1019.4,-17.14,7.11,-7.73,29.01
77680,0.1,1.56,0.15,0.78,-100.7,101.8,1024.7,-5.24,19.4,-2.27,29.13
77700,0,0,2.54,0,-80.6,137.5,949.0,-11.7,25.45,-1.89,28.35
77720,3.15,0,0,4.36,-36.2,72.0,965.9,-5.8,18.65,-0.71,28.09
77740,76.11,22.38,4.85,0,15.2,65.1,1015.5,3.28,15.23,-0.29,28.08
77760,66.92,30.15,13.19,0.7,68.4,115.4,956.4,5.55,18.13,2.16,28.47
77780,53.13,45.7,20.6,0,38.8,170.0,878.7,9.44,11.43,5.38,28.92
77800,29.11,59.94,35.9,6.03,27.9,65.3,822.1,12.23,10.67,5.14,29.03
77820,14.93,53.52,39.21,2.2,119.9,38.7,844.8,15.03,12.18,4.8,29.49
77840,2.08,51.49,58.85,0,105.7,37.5,838.9,18.88,7.96,4.17,29.84
77860,0,43.78,75.31,4.23,153.5,-12.6,756.2,25.08,-6.04,0.74,30.23
77880,6.2,32.25,86.67,5.7,102.4,-9.5,789.5,19.85,-1.38,1.24,30.15
77900,0.53,14.13,84.07,15.37,129.2,-55.8,790.9,21.09,-11.68,-1.59,30.66
77920,1.78,8.65,73.67,19.63,176.0,-129.7,857.1,17.51,-17.17,-5.14,30.82
77940,3.29,8.07,69.93,42.85,113.5,-160.5,889.0,18.69,-17.99,-10.32,30.58
77960,1.35,7.81,54.82,53.43,-18.1,-105.0,849.7,12.23,-16.63,-3.3,30.71
77980,0,0,34.45,68.3,-111.6,-128.0,949.8,2.55,-12.83,-1.07,31.24
78000,0,1.42,26.97,69.53,-9.4,-143.3,1022.8,0.26,-18.12,-0.77,31.12
78020,0.32,4.07,16.45,62.36,-88.8,-113.3,986.4,-10.12,-20.17,0.62,31.31
78040,0,0,3.65,53.08,-4.1,-100.6,1003.4,-12.34,-24.23,1.01,31.12
78060,1.88,0,4.09,35.12,-28.2,-90.1,1049.3,-12.32,-9.76,3.81,30.78
78080,1.02,3.16,0.46,20.33,-102.4,-183.9,994.5,-13.99,-11.43,2.15,30.72
78100,0,0,4.61,14.44,-126.1,-138.8,1006.8,-14.54,-6.2,4.28,30.26
78120,4.78,3.69,0,2.8,-106.8,-77.4,1010.5,-21.27,0.2,1.92,30.05
78140,0,2.95,0,2.04,-139.2,19.8,956.3,-26.09,3.62,0.95,29.66
78160,0,6.01,0,0,-69.5,11.0,991.3,-13.85,15.47,-2.39,29.77
78180,0,0,0.07,3.42,-76.5,53.3,984.3,-12.68,1.02,-1.14,29.51
78200,0,3.38,0,0,-52.6,57.1,991.7,-17.89,16.1,-6.67,28.98
78220,0,2.64,0,0.25,-54.0,113.8,1012.5,-10.63,13.58,-1.4,28.93
78240,1.43,0,0,0,8.3,201.7,1040.5,-9.9,26.67,-1.37,28.56
78260,0,1.69,0,0,25.9,120.0,1017.5,-1.26,26.88,-0.25,28.09
78280,66.22,33.97,15.89,0.45,-21.8,190.8,990.5,3.62,17.29,0.1,27.95
78300,54.67,49.1,19.62,0,85.7,228.1,914.7,7.94,7.2,7.93,28.52
78320,33.77,52.29,33.18,0,77.8,137.1,880.2,5.77,13.15,6.53,29.0
78340,17.45,56.07,41.47,0,151.1,53.3,856.9,20.49,18.21,5.57,29.28
78360,3.67,60.33,61.31,0.5,81.4,12.4,824.9,14.53,7.92,4.8,29.91
78380,5.59,46.77,71.97,3.77,34.2,79.6,752.9,16.46,-0.11,2.26,30.19
78400,0.32,33.12,86.44,8.45,107.4,-77.6,804.7,24.97,-1.41,-1.47,30.51
78420,0,23.76,91.72,12.08,6.4,-97.6,823.6,13.97,-11.95,-4.57,30.07
78440,0.34,4.7,82.21,22.66,127.0,-116.8,846.6,15.04,-14.67,-0.32,30.84
78460,0,7.95,65.24,34.32,75.5,-197.0,830.0,11.27,-12.33,-3.46,30.71
78480,0,5.89,53.93,49.32,62.2,1.2,872.0,12.08,-15.58,-2.34,31.23
78500,1.34,0,36.9,60.66,23.0,-271.7,945.5,4.23,-10.39,-2.81,31.16
78520,2.43,0,19.58,66.52,-30.2,-84.1,965.1,-2.78,-23.08,-1.21,30.91
78540,5.83,0,14.32,66.09,-51.9,-143.6,1019.3,-9.01,-32.74,-2.16,30.81
78560,1.5,3.94,7.9,54.31,-66.2,-122.5,986.7,-10.48,-20.89,6.92,30.87
78580,0,0,3.71,41.55,-102.9,-140.1,985.7,-11.51,-11.58,1.61,30.28
78600,0,3.33,7.03,23.25,-119.8,-113.0,951.4,-14.92,-8.13,5.29,30.44
78620,0,0,2.3,18.04,-92.5,-12.1,1004.2,-23.37,-18.23,1.83,30.72
78640,0.42,0,0,5.03,-43.7,-32.8,1023.0,-25.21,-3.42,2.87,30.39
78660,0,0,1.59,5.04,-92.6,14.5,1033.9,-17.47,11.64,-2.06,29.84
78680,2.21,1.32,5.07,4.11,-160.3,62.4,1041.2,-19.03,-0.25,-4.9,29.46
78700,3.51,4.52,5.61,0.77,-77.9,41.2,993.5,-15.94,12.48,-3.66,29.64
78720,1.46,2.23,2.22,1.17,-167.9,112.7,1004.5,-13.54,15.2,-5.13,29.23
78740,2.79,0.68,0.71,0.54,-32.8,169.2,1008.8,-7.86,12.75,-2.94,28.83
78760,3.34,0,0,0,-73.9,238.5,990.4,0.71,26.51,-4.65,28.6
78780,3.55,7.02,0,0,103.5,93.1,1007.6,-1.49,14.95,0.01,27.73
78800,72.92,32.69,9.7,0.32,42.1,143.8,910.8,7.4,11.82,2.46,28.52
78820,55.62,47.86,13.32,0.82,-60.3,200.7,904.6,11.52,13.67,2.82,28.52
78840,33.57,51.14,33.0,0.9,18.9,172.7,888.9,10.71,13.67,2.4,29.38
78860,17.81,61.59,44.82,0,69.3,25.7,780.5,17.85,10.3,5.66,29.49
78880,3.58,58.49,61.02,1.01,146.9,40.8,825.5,19.78,2.84,5.52,29.54
78900,1.8,46.07,68.14,6.41,46.5,45.7,781.4,16.34,14.67,1.87,29.99
78920,0.31,33.07,81.67,7.66,136.7,4.0,794.2,17.02,3.02,-1.3,29.79
78940,0,18.06,80.94,16.65,132.0,-52.8,823.5,22.96,-4.73,-4.21,30.54
78960,1.59,12.72,83.12,19.26,64.2,-29.2,800.6,16.0,-2.71,-0.66,30.36
78980,0,8.05,70.89,28.96,63.0,-100.5,887.8,10.66,-22.24,-7.97,30.79
79000,1.23,4.38,54.62,44.41,50.5,-129.9,882.3,8.06,-12.11,-3.99,31.01
79020,0,3.75,40.05,57.9,50.6,-65.6,904.6,10.25,-17.79,-5.58,30.71
79040,0.15,0,21.35,66.62,20.4,-134.3,991.4,2.49,-15.43,1.57,31.37
79060,0,5.88,18.37,65.47,-19.8,-157.3,924.3,0.43,-28.5,2.97,30.91
79080,1.62,1.56,13.67,57.76,-16.2,-92.8,993.8,-5.64,-18.1,4.06,31.24
79100,3.09,4.72,4.69,42.4,-34.2,-170.1,967.7,-6.44,-11.32,3.42,30.85
79120,6.81,6.51,5.13,29.53,-62.0,-29.2,991.1,-16.63,-10.85,5.08,30.47
79140,0,0,0,14.36,-72.2,-61.1,950.9,-18.83,-8.1,5.17,30.66
79160,1.84,0,1.72,9.97,-97.3,45.0,1020.8,-23.22,-5.73,2.59,30.16
79180,0,0,1.56,8.16,-91.9,72.6,1009.2,-19.44,-0.57,-0.18,30.07
79200,0,0,0,4.21,-100.3,56.4,1003.5,-17.85,7.53,-4.52,29.68
79220,0,2.39,2.14,0,-141.6,158.8,965.5,-16.73,19.82,-4.52,29.33
79240,4.38,0,0,0,-119.8,83.4,1038.4,-16.51,18.22,-3.89,29.57
79260,0,0,0,0,-168.3,103.5,1016.9,-8.61,11.61,-4.08,28.43
79280,0,6.81,3.1,2.0,-42.3,102.8,1006.9,0.32,24.75,-1.96,28.27
79300,0,0,1.95,3.87,53.0,89.1,1002.7,-3.01,28.46,-0.69,28.1
79320,66.06,35.13,5.74,0,27.4,6.7,980.3,5.66,15.91,2.99,28.05
79340,55.33,48.58,15.15,1.93,79.5,104.8,933.0,14.16,21.48,8.49,29.18
79360,33.93,54.87,25.32,4.14,93.5,62.4,908.8,13.51,11.59,5.25,29.32
79380,17.46,56.09,42.23,1.24,26.6,45.5,837.3,16.76,14.98,6.76,29.36
79400,8.15,53.69,54.32,1.01,89.8,-19.0,794.5,12.4,16.02,7.26,29.6
79420,5.44,42.96,73.65,4.04,44.8,86.7,724.7,20.6,-10.09,-1.88,29.98
79440,0,32.43,79.17,4.65,122.9,-61.3,800.0,23.75,-5.42,-3.4,30.28
79460,0,20.11,91.88,12.29,125.3,-117.5,798.1,15.33,-0.85,-5.0,30.45
79480,1.21,14.72,81.12,22.07,92.0,-126.8,826.4,19.5,-13.91,-8.92,30.37
79500,0,6.62,70.51,29.65,60.2,-161.9,877.8,18.34,-8.21,-4.76,30.9
79520,0,3.65,56.86,52.32,77.3,-141.5,836.9,10.67,-13.33,-3.69,30.6
79540,0,2.99,41.69,57.8,-20.4,-78.8,955.1,3.18,-13.3,-1.03,31.08
79560,0.67,0,31.52,67.98,24.8,-210.2,983.6,-3.69,-21.73,-2.03,30.88
79580,0,0,19.79,68.81,-35.5,-77.2,989.8,-3.94,-16.93,1.5,31.38
79600,0,5.01,8.47,49.84,42.9,-206.5,954.0,-7.67,-12.02,4.93,30.47
79620,0,0,1.63,44.12,-134.3,-66.9,975.0,-19.38,-17.98,5.26,30.9
79640,0,0,1.75,25.46,-22.6,-85.9,1015.0,-14.78,-13.08,6.72,30.7
79660,0,3.0,0,14.61,-80.5,-124.6,966.6,-15.34,-5.65,4.41,30.77
79680,3.14,6.02,0,10.35,-81.0,-59.9,1025.0,-17.56,-7.9,3.0,30.18
79700,0,3.82,0,0,-102.2,-93.9,1016.0,-16.45,0.67,-6.05,29.91
79720,0,0,0,0.52,-129.4,25.4,954.5,-22.69,6.99,-0.68,29.55
79740,0,2.75,0,0,-62.9,55.2,1031.1,-19.1,7.27,-2.91,29.55
79760,0,3.57,0,0,29.8,62.1,994.4,-10.98,11.69,-5.9,29.1
79780,0,0,0,4.06,-47.7,121.3,1055.9,-12.97,15.22,-7.48,28.73
79800,0,2.96,0.36,3.4,-37.6,70.3,965.0,-8.56,15.76,0.86,28.38
79820,0,0,0,0,20.4,134.4,979.9,0.71,24.32,0.6,27.99
79840,74.51,29.51,9.28,3.94,55.3,89.2,1018.6,3.51,19.59,-2.53,28.26
79860,61.47,45.07,15.28,0,85.5,132.0,901.3,8.29,20.59,-1.3,29.09
79880,36.39,50.14,23.65,1.42,71.3,141.6,827.3,5.88,21.18,8.75,28.7
79900,18.86,60.41,37.55,0,69.8,91.1,867.0,20.14,10.04,3.74,29.43
79920,5.41,54.81,55.76,3.3,46.0,122.8,797.4,15.96,13.33,5.78,29.71
79940,5.11,49.06,74.28,0.32,122.5,45.9,792.0,16.09,-0.69,1.75,30.3
79960,1.52,37.24,83.24,4.89,75.8,-100.8,781.6,13.55,-6.18,-0.94,30.32
79980,2.14,22.39,80.0,8.32,47.0,-70.3,800.1,22.22,-15.34,2.49,30.45
80000,0.39,13.22,80.11,20.61,128.7,2.5,868.5,14.49,-6.51,-3.82,30.61
80020,0,7.7,70.52,35.3,81.1,-189.5,866.0,11.71,-15.3,-5.49,30.58
80040,0,1.05,60.41,46.75,38.8,-226.0,877.8,13.31,-19.08,-4.78,30.98
80060,4.62,2.59,39.47,57.5,37.2,-14.8,955.2,12.52,-22.34,-2.39,31.4
80080,0,5.26,28.23,63.83,65.8,-215.9,985.7,-1.33,-19.73,-1.87,31.41
80100,0.49,7.5,21.67,66.94,-7.3,-119.8,1019.2,-5.01,-21.84,-0.62,31.09
80120,0,4.74,12.66,58.74,-127.5,-203.4,948.8,-4.69,-15.43,0.71,31.0
80140,1.88,0,0.81,48.05,-63.5,-161.5,1036.7,-9.55,-17.09,4.7,30.76
80160,1.35,1.81,3.12,26.77,-1.1,-175.0,1010.1,-16.19,-3.33,0.03,30.72
80180,0,0,3.78,16.71,-139.8,-73.1,995.5,-17.18,-11.52,5.72,30.48
80200,0,0,2.95,11.27,-66.0,53.8,1000.3,-16.79,2.86,3.22,30.02
80220,0,0,0.69,4.96,-83.0,35.7,1033.8,-24.11,4.24,3.34,30.47
80240,1.6,0,2.06,0,-42.3,97.4,980.3,-18.28,7.48,-1.99,29.53
80260,1.57,1.04,0,3.28,-74.8,38.1,994.7,-15.09,6.84,-4.09,29.48
80280,0.38,1.93,0,3.79,-34.7,113.4,971.6,-12.84,15.9,-11.62,29.26
80300,0,0,0,3.63,-90.1,128.7,943.1,-10.18,16.55,-5.98,28.77
80320,0,0.18,0,1.93,-80.2,70.9,1034.1,-11.01,20.46,-1.54,28.37
80340,0,1.63,2.75,0,-97.5,120.6,957.1,-5.02,16.67,1.08,28.61
80360,73.45,27.39,13.03,0,57.6,125.7,922.7,1.88,20.69,4.02,27.68
80380,56.92,42.65,17.39,0,56.4,107.9,917.7,3.73,17.08,1.42,28.74
80400,37.09,51.38,23.73,0.92,25.1,150.6,847.2,9.9,10.47,8.14,29.15
80420,22.92,57.7,42.27,0,82.8,113.3,903.9,12.85,8.52,8.75,29.35
80440,12.9,58.59,55.14,0,42.4,52.7,786.4,21.24,11.22,0.95,29.35
80460,3.95,53.2,74.61,0,84.2,-115.8,746.7,14.98,9.3,2.62,29.93
80480,2.58,37.53,75.64,0,117.0,-16.2,805.3,24.85,0.74,1.79,30.22
80500,3.1,17.88,85.46,4.58,31.7,-25.1,811.4,25.91,-10.43,-0.8,30.4
80520,2.22,15.91,82.79,22.87,100.8,-39.2,798.7,19.33,-11.17,-2.97,30.4
80540,0,6.8,73.35,32.57,83.5,-90.5,863.3,14.44,-18.3,-0.99,30.86
80560,0,0,59.73,46.0,61.5,-130.5,914.2,8.65,-13.9,-3.23,30.84
80580,3.25,0,45.47,57.28,100.1,-151.7,964.5,8.47,-23.6,-1.86,31.06
80600,0,0,34.87,65.0,44.2,-186.5,967.8,1.26,-9.65,0.61,30.93
80620,0,0,17.38,65.83,-14.3,-69.4,1039.3,-7.48,-20.45,0.38,30.62
80640,0,1.71,11.48,53.05,67.5,-151.6,958.1,-5.79,-30.07,4.35,30.97
80660,2.19,0.31,4.46,47.73,-17.8,-18.5,999.8,-10.73,-17.2,4.28,30.95
80680,0,0,4.29,29.15,-169.7,-111.6,999.0,-18.11,-10.05,9.56,30.54
80700,0,0.47,0,13.86,-135.2,-40.3,986.4,-21.23,-7.52,2.35,30.16
80720,0,0.19,0,6.27,-41.4,20.1,957.4,-19.15,1.24,1.61,30.61
80740,2.41,0.96,6.09,0,-56.3,-11.1,983.8,-20.92,-0.03,-2.54,29.55
80760,0,3.69,0,4.24,-74.9,18.6,1045.5,-18.47,7.29,-1.17,29.89
80780,0,0,0,0,-105.1,51.7,1004.0,-20.5,15.86,-3.22,29.69
80800,0,0,0,2.28,-150.0,69.5,984.7,-14.4,12.06,-4.58,29.44
80820,0,2.16,0,3.78,-60.1,78.2,1026.0,-10.99,24.75,-4.73,28.86
80840,4.02,0,0,0,-63.0,197.5,990.0,-10.16,23.82,-1.54,28.48
80860,2.44,0,0,1.1,7.7,236.5,1019.3,3.3,24.87,0.84,28.22
80880,77.44,29.86,6.08,0,-42.7,124.8,1007.1,3.13,16.88,3.83,28.12
80900,65.51,46.72,13.35,0,2.8,55.8,957.2,5.6,17.09,3.49,28.5
80920,38.21,52.91,19.97,0,106.2,147.9,840.0,8.29,11.61,4.65,28.93
80940,27.54,60.12,37.85,4.06,36.9,66.4,864.9,11.22,14.95,5.03,28.95
80960,8.6,56.11,52.28,7.87,82.2,45.3,841.8,14.98,6.65,3.13,29.34
80980,1.08,49.79,67.51,2.87,122.4,22.0,812.7,19.56,6.22,2.86,29.9
81000,6.03,31.07,81.18,7.5,-5.5,-119.9,805.3,18.37,1.42,-0.93,30.22
81020,2.84,29.4,89.39,8.86,80.9,50.4,852.2,17.97,-3.7,-1.1,30.63
81040,4.09,19.78,82.68,10.5,66.9,-96.2,732.9,18.51,-10.49,-0.72,30.65
81060,0.44,4.47,77.67,29.92,85.4,-95.6,869.0,13.29,-12.12,-4.27,30.89
81080,6.52,5.79,62.71,46.54,-14.3,-192.1,913.4,8.9,-16.36,-3.75,30.84
81100,1.81,1.3,46.26,63.22,34.9,-80.2,897.5,7.86,-9.89,-6.04,31.11
81120,0.39,0.12,34.51,70.31,-16.5,-166.3,957.2,1.46,-17.64,1.81,31.19
81140,1.4,7.75,18.99,62.5,-39.2,-141.4,963.4,-3.07,-15.79,-0.37,30.94
81160,0.02,0,7.66,63.9,-48.8,-145.8,999.0,-14.65,-19.04,4.31,30.96
81180,0,2.56,3.97,47.74,-53.4,-207.1,1008.3,-15.28,-19.5,7.91,31.26
81200,1.81,0,3.57,34.08,-50.1,-161.0,1002.5,-15.79,-7.39,8.89,30.75
81220,0,2.48,4.3,14.91,-90.7,-19.2,974.3,-20.25,-18.38,3.5,30.64
81240,0.57,0.35,0.09,9.42,-104.4,-40.6,988.4,-19.29,-5.14,7.13,30.53
81260,0,0,3.42,3.55,-141.8,4.1,976.3,-26.2,-3.45,2.47,30.2
81280,0,0,0,4.62,-84.8,20.9,953.7,-15.96,8.08,-0.94,29.89
81300,0,0,0,5.05,-16.2,101.8,1002.7,-17.99,9.51,-2.8,29.93
81320,0,2.04,0,2.89,-12.1,111.1,1025.6,-15.19,8.11,-6.92,28.93
81340,0,2.6,0,0,-9.3,134.7,1001.8,-8.39,10.38,-1.73,28.83
81360,0.38,1.36,0,0,-29.8,61.4,998.8,-4.72,16.29,-2.75,28.39
81380,0,0.8,0,0,8.4,197.4,947.5,-0.6,14.8,-1.93,28.44
81400,78.37,20.5,6.23,2.73,-9.1,28.7,960.3,3.72,22.89,1.06,27.95
81420,57.85,44.65,15.75,0.9,68.5,114.1,962.6,1.94,11.46,2.37,28.6
81440,45.95,56.89,21.08,1.66,78.5,70.6,903.6,6.6,12.77,3.76,29.08
81460,21.53,51.01,32.23,0,57.2,150.5,857.4,15.97,11.47,3.9,29.33
81480,11.81,52.74,50.82,5.29,95.5,73.6,832.9,20.36,5.94,3.75,29.4
81500,4.24,49.71,68.63,2.4,147.6,33.9,798.0,24.65,13.2,6.08,29.65
81520,0,35.27,79.26,1.16,158.3,-91.4,762.8,20.51,-1.58,0.25,30.13
81540,0,28.71,88.41,12.4,177.8,-19.0,799.6,15.71,-3.18,-5.86,30.59
81560,0,15.6,90.64,15.3,77.4,-50.8,834.5,13.79,-13.83,-5.59,30.47
81580,2.01,2.95,81.2,36.37,45.6,-75.0,842.6,17.35,-13.59,-5.97,30.79
81600,3.12,5.37,61.76,39.87,65.0,-48.4,884.4,12.88,-17.73,-4.18,30.8
81620,0,1.82,49.91,58.57,33.8,-183.1,973.2,5.35,-15.15,-4.13,31.04
81640,7.92,1.18,32.29,64.68,1.4,-235.5,995.6,6.28,-20.71,-3.23,31.17
81660,0,0.79,23.57,60.22,27.3,-184.0,1027.6,-0.93,-11.8,2.18,30.77
81680,0,0,9.54,56.18,0.5,-186.6,1030.0,-8.88,-22.78,3.73,30.86
81700,0,0,0.25,48.58,4.5,-170.2,1041.7,-11.78,-17.37,2.56,30.89
81720,3.2,2.63,1.74,31.5,-120.3,-57.4,980.7,-19.83,-8.16,5.05,31.01
81740,0,1.48,0.7,21.98,-122.6,-138.6,994.1,-18.31,-10.53,6.45,30.69
81760,2.21,2.63,0.53,8.82,-90.7,-44.8,971.8,-18.17,-5.34,5.63,30.73
81780,0,2.93,0,2.83,-117.8,95.8,934.4,-19.1,-0.29,1.13,30.11
81800,0.38,0,0,5.39,-99.9,37.2,1015.2,-16.99,7.02,-5.25,30.07
81820,3.71,2.94,5.49,0,-112.7,63.6,977.5,-12.43,5.12,-3.03,29.74
81840,4.64,0,0,1.15,-149.8,53.0,1025.6,-16.56,12.7,-6.07,29.28
81860,0,0,4.74,1.27,-105.7,85.9,1016.7,-12.23,20.23,-7.2,29.31
81880,0.51,0.52,1.32,0,-136.6,181.6,1012.0,-0.42,18.68,-5.03,28.48
81900,5.03,1.67,0.61,1.11,-105.0,184.2,1034.2,-5.38,14.93,-1.01,28.49
81920,81.04,22.67,2.42,3.14,8.6,185.7,941.5,0.72,20.93,-2.81,28.28
81940,64.55,41.08,14.22,0,141.8,145.7,953.8,8.64,17.41,1.62,28.42
81960,49.76,52.47,23.94,0.16,28.6,152.0,859.8,8.88,6.84,2.56,28.58
81980,22.11,58.01,39.8,0,16.5,86.7,882.8,18.34,12.09,6.35,28.79
82000,10.25,56.15,48.84,2.74,92.7,65.8,822.9,10.94,11.23,4.86,29.9
82020,1.02,49.47,62.97,6.97,131.6,94.8,820.2,21.34,2.86,6.49,29.71
82040,0,38.34,78.12,2.38,93.3,-15.8,757.7,18.84,2.84,2.61,30.06
82060,0,27.39,88.94,8.9,140.2,-92.4,777.4,19.45,1.57,-2.01,30.28
82080,0,12.94,86.63,18.94,101.6,-82.8,814.5,22.22,-1.49,-4.72,30.6
82100,0,10.0,75.75,29.0,83.9,-84.4,863.7,16.16,-21.29,-7.32,30.71
82120,0,2.95,62.09,39.4,75.4,-132.9,894.3,13.18,-13.6,-5.19,31.06
82140,2.29,1.82,53.02,51.74,81.6,-108.2,894.1,9.87,-18.2,-3.63,30.73
82160,0.16,5.19,36.42,62.22,-11.6,-127.7,1017.6,6.21,-16.46,-3.31,31.02
82180,0,2.57,19.04,67.56,-24.9,-213.0,959.0,-3.5,-5.11,-1.89,30.8
82200,0.52,0,11.05,59.52,38.7,-64.8,982.5,-5.65,-19.71,2.68,31.01
82220,1.38,1.42,7.45,46.26,-27.6,-100.5,995.7,-8.37,-12.21,2.68,30.64
82240,0,1.54,2.32,35.15,-72.4,-102.7,1030.7,-13.96,-12.7,6.4,30.96
82260,0.03,1.08,0,24.89,-104.8,-151.6,1013.7,-18.76,-11.6,3.51,30.77
82280,1.01,4.2,4.21,14.45,-82.5,-36.2,1007.6,-15.54,-9.75,0.99,30.2
82300,0,0,1.47,4.28,-86.8,-30.6,997.0,-20.47,6.48,-1.41,30.0
82320,0,1.69,0,6.4,-65.0,-34.5,1009.2,-22.11,6.3,-0.73,29.78
82340,1.97,4.44,0,6.39,-26.0,-4.1,983.5,-23.4,15.18,0.1,29.79
82360,5.34,0,0,1.36,-115.1,119.8,1016.0,-15.28,21.01,-6.65,29.22
82380,0,0,5.18,0,-23.7,101.5,977.9,-15.38,17.4,-5.81,28.91
82400,0,0,2.84,1.4,-82.0,133.6,992.9,-6.59,20.46,-0.69,28.56
82420,0,1.6,4.96,0,15.2,178.8,1018.9,-1.92,17.73,-2.01,28.45
82440,77.98,24.41,0,0,54.1,36.9,952.0,-3.1,18.34,-0.4,28.26
82460,60.44,40.74,11.2,2.0,45.5,5.4,974.2,7.49,20.64,3.54,28.57
82480,49.09,47.13,23.07,0,-10.0,177.7,950.2,9.37,21.64,3.8,28.79
82500,27.85,59.45,34.55,0,130.4,118.3,816.7,17.39,11.19,1.16,29.46
82520,12.36,62.38,43.96,4.4,12.2,78.6,842.9,18.57,18.89,1.79,29.93
82540,0.37,51.73,63.7,5.18,149.2,124.4,810.5,14.88,6.0,1.86,29.96
82560,2.82,43.52,76.87,5.46,130.8,-22.1,797.9,19.94,-2.67,2.6,30.26
82580,1.31,26.11,84.66,11.94,90.6,-37.0,839.7,20.03,-0.18,-3.33,30.29
82600,2.43,16.45,87.29,15.95,162.7,-37.2,814.5,18.39,-10.3,-4.51,30.57
82620,3.06,5.94,76.75,27.02,10.6,-93.4,832.5,18.93,-7.03,-10.0,30.52
82640,0,2.2,61.23,36.33,49.7,-45.5,843.7,16.36,-17.31,-8.72,31.0
82660,1.33,6.71,51.25,54.6,-36.6,-288.4,966.3,6.55,-7.75,-1.51,30.63
82680,1.06,1.47,34.85,58.42,-32.3,-204.2,1000.3,7.07,-19.81,-0.33,31.15
82700,1.74,3.49,18.01,66.59,-13.9,-126.5,1047.5,-2.49,-16.92,0.92,30.93
82720,0,0,11.1,57.98,-107.0,-108.4,967.0,-8.45,-14.43,4.05,30.89
82740,0,0,8.61,50.47,-59.3,-155.9,1024.0,-11.7,-16.07,3.46,31.17
82760,0,0,8.48,30.6,-90.6,-135.7,1020.4,-16.02,-14.63,5.75,30.88
82780,3.44,0,2.11,23.92,-133.7,-39.9,983.1,-16.49,-0.71,4.03,30.39
82800,0,0,0,5.43,-134.6,8.0,1011.2,-18.24,-9.11,4.76,30.5
82820,3.06,0.03,0,1.06,-48.0,-47.9,988.6,-19.1,-4.48,1.56,30.05
82840,0.05,0.17,2.68,1.95,-98.6,28.2,967.1,-20.86,4.7,-3.95,29.93
82860,0,6.58,0.99,12.61,-132.5,97.4,1006.6,-23.32,7.12,-3.2,29.8
82880,0,1.09,2.08,4.25,-130.1,28.5,975.3,-12.48,5.83,-2.36,29.28
82900,0.53,3.9,1.76,0,-36.0,147.5,1010.5,-14.58,7.36,-2.53,28.92
82920,2.98,0,0,3.35,-121.9,146.3,1028.4,-7.08,24.58,-5.06,28.67
82940,0.9,4.02,0,0,-3.5,154.3,969.7,-5.41,27.64,-3.36,28.22
82960,73.59,21.74,0,3.3,-9.0,60.5,1030.8,-1.02,16.62,0.81,28.0
82980,65.32,32.14,11.9,1.28,53.3,202.7,903.3,6.98,21.47,3.14,28.08
83000,43.11,44.9,21.85,0,-1.6,138.7,911.9,10.56,19.9,-0.1,28.85
83020,31.72,53.61,33.48,0,85.1,119.7,858.2,10.44,1.96,4.9,28.95
83040,9.12,57.4,42.51,0,118.2,103.0,792.9,23.27,9.84,3.88,29.3
83060,10.97,53.75,67.96,0,128.0,50.4,829.4,16.6,4.06,1.49,29.47
83080,0,44.97,74.47,6.9,52.5,14.0,764.7,22.44,7.42,-0.94,30.08
83100,0,29.71,83.84,8.56,105.5,-17.2,831.2,26.13,-1.48,-2.7,29.91
83120,2.29,16.88,85.33,17.55,103.1,-49.4,864.9,16.63,-14.96,-3.37,30.26
83140,0,8.61,83.09,24.39,88.4,-123.1,808.1,17.35,-12.62,-6.71,30.8
83160,0,2.72,64.4,40.12,127.4,-170.2,865.4,15.78,-13.55,-3.14,31.15
83180,3.72,0,53.41,59.86,15.8,-173.8,897.3,9.88,-12.88,-3.21,30.82
83200,2.54,0.12,38.61,62.45,-10.1,-76.0,974.8,3.82,-29.53,0.18,30.98
83220,0,3.25,25.38,69.6,16.0,-147.9,964.9,-1.13,-27.81,-0.64,31.0
83240,0,0.48,12.55,62.4,45.9,-121.6,1005.9,-7.75,-17.93,1.15,30.92
83260,0,0,8.1,55.08,1.7,-106.2,996.5,-10.44,-13.99,3.53,30.66
83280,2.24,0,9.31,33.37,-47.1,-138.1,1028.4,-17.11,-11.66,4.5,30.95
83300,1.86,0,0,28.7,-58.9,-58.3,995.2,-18.8,-5.71,4.13,30.77
83320,5.01,3.14,6.68,10.5,-234.1,-27.7,984.9,-15.46,-4.37,1.11,30.19
83340,0,0,5.92,6.31,-181.2,-90.0,935.0,-21.65,-3.12,2.71,30.28
83360,0.92,0,0,0.29,-52.7,6.3,976.0,-19.85,-6.03,-0.34,29.92
83380,0,4.01,0,2.67,-43.9,46.4,989.9,-19.92,3.75,-2.73,29.73
83400,6.51,3.73,0,0,-82.8,52.6,1023.7,-15.2,16.32,-3.94,29.67
83420,4.15,0,0,0.28,-38.8,140.2,996.2,-11.06,6.01,-4.7,28.84
83440,0,0,0,1.93,-42.2,204.0,968.3,-15.03,22.99,-1.09,28.69
83460,0.48,3.7,0,0,-8.7,157.6,996.9,-3.11,23.61,-0.9,28.53
83480,75.44,22.6,0,0,11.6,93.8,973.6,-2.39,22.31,0.6,28.02
83500,71.59,36.43,11.47,0,30.5,138.7,930.6,8.99,9.87,3.03,28.74
83520,53.39,45.29,22.72,0,98.0,47.8,926.4,8.54,18.6,3.2,28.64
83540,27.83,53.75,27.33,0.54,-3.6,262.6,821.2,15.47,20.93,4.66,28.88
83560,19.02,60.29,45.01,0,133.6,68.6,859.4,18.12,3.29,5.33,29.35
83580,8.96,55.91,58.27,0,117.1,11.5,808.6,19.38,-5.58,1.38,29.85
83600,0.27,39.67,76.06,4.18,181.1,88.0,770.7,20.9,-1.35,4.44,29.88
83620,4.67,28.05,82.49,9.47,60.1,-6.8,789.2,13.42,-3.62,-3.86,30.47
83640,5.77,15.83,90.01,12.5,151.2,-41.9,832.1,18.53,-3.81,-4.89,30.88
83660,0,10.69,80.04,28.68,117.4,-74.5,867.1,17.46,-0.31,-3.37,30.93
83680,0,5.75,65.51,44.11,-17.4,-79.2,852.9,8.75,-25.62,-6.66,30.98
83700,0.08,0,55.9,52.58,-4.3,-52.6,853.1,9.69,-19.1,-3.71,31.04
83720,0,2.09,38.45,61.95,65.0,-119.9,964.2,5.82,-18.82,-0.54,31.0
83740,0,2.52,26.35,68.37,-9.7,-176.3,1015.0,2.18,-12.8,0.85,31.37
83760,2.8,0,8.08,64.36,-0.7,-70.5,963.7,-6.59,-18.12,0.91,30.89
83780,3.18,0,8.73,52.4,-64.1,-133.8,1005.7,-6.01,-23.62,1.76,31.09
83800,4.35,5.47,1.46,32.0,-60.7,-123.6,1025.5,-12.52,-18.5,5.29,30.73
83820,1.3,0.22,0.86,20.45,-92.7,-118.1,1008.1,-25.94,-14.77,6.71,30.73
83840,1.05,3.4,1.41,16.59,30.6,-75.1,1005.2,-21.05,-14.94,7.66,30.6
83860,3.51,0,2.48,1.0,-48.2,-50.1,1010.3,-21.05,10.1,5.65,30.35
83880,0,0,0.24,6.9,-108.5,2.0,998.4,-20.38,-8.33,-3.48,30.06
83900,0,0.57,1.57,0,-21.0,70.4,969.1,-20.93,10.99,-2.25,29.67
83920,0,0.9,4.31,0,-52.5,36.9,1051.5,-18.66,15.5,-4.05,29.27
83940,2.55,3.16,1.57,0,-10.4,152.3,1023.0,-12.33,12.2,-9.78,29.52
83960,2.11,0,0,2.05,-129.0,105.0,953.4,-3.77,17.69,-5.54,28.62
83980,0.9,3.18,1.11,2.46,-21.2,151.7,1012.5,-14.67,21.85,-1.81,28.39
84000,79.9,17.76,4.37,1.49,-9.4,162.5,959.4,1.87,18.61,0.03,28.11
84020,63.58,30.94,11.28,0,112.9,123.6,946.0,9.3,16.48,1.51,28.29
84040,56.88,46.76,15.75,0.12,0.1,199.7,865.2,4.26,18.77,5.61,29.05
84060,33.8,57.53,36.64,0,9.9,71.2,852.4,14.19,3.24,1.68,28.8
84080,15.74,60.37,41.66,1.09,61.3,103.1,895.8,12.76,10.83,4.49,29.28
84100,3.49,54.96,61.83,6.54,13.8,50.8,786.4,16.34,-1.39,5.58,29.88
84120,1.05,44.37,66.62,0,147.5,14.1,802.7,19.48,5.56,0.98,30.39
84140,3.88,33.56,83.26,4.65,108.9,-31.2,870.0,16.15,-10.31,-0.57,30.53
84160,2.7,16.93,84.51,11.28,127.5,-36.1,805.4,17.22,-16.03,-3.7,29.95
84180,2.18,7.89,84.73,24.42,99.6,-73.8,858.2,15.65,-9.51,-12.25,30.74
84200,2.97,6.01,69.99,38.83,38.6,-129.0,808.1,15.11,-25.13,-7.16,30.72
84220,2.17,3.04,56.9,51.69,41.3,-139.2,900.2,9.25,-13.62,-2.59,30.91
84240,0,2.64,35.13,63.31,-56.1,-183.0,1007.8,3.36,-24.7,-1.04,30.76
84260,0.12,6.38,31.37,69.2,-4.3,-154.8,922.6,-1.49,-24.23,2.91,30.65
84280,0,0,12.84,62.51,-31.8,-130.5,970.7,-4.07,-21.5,2.18,30.9
84300,0,0,11.47,53.06,-10.5,-165.8,1015.4,-5.78,-20.53,7.59,30.86
84320,1.83,0.32,6.37,38.96,-71.2,-133.1,991.6,-15.6,-21.53,6.38,30.92
84340,0,6.46,4.7,28.31,-65.9,-99.5,949.1,-21.52,-12.11,3.2,30.45
84360,0,0,4.88,14.92,-87.5,-68.4,970.9,-23.26,-11.19,3.55,30.53
84380,1.58,2.65,0,9.29,-38.7,-61.4,976.7,-17.4,-4.98,-2.55,30.34
84400,0,0,4.47,3.47,-134.0,-30.9,963.9,-23.78,3.79,-1.91,30.26
84420,1.62,1.88,0,0,-155.1,115.0,985.4,-20.39,9.42,-0.25,29.71
84440,0,0,0,0,-62.6,48.4,990.7,-16.72,6.04,-4.31,29.9
84460,1.6,0,0,0,-2.4,46.3,1013.6,-19.97,25.86,-4.64,29.14
84480,0,0.99,0.79,0.83,-13.7,179.2,977.7,-11.26,20.65,-3.12,28.67
84500,0,3.64,0,0,-130.6,150.7,1003.4,2.71,11.25,-2.27,28.83
84520,0,0.09,1.17,0.42,-70.0,140.2,999.6,0.46,18.27,0.06,27.97
84540,74.52,35.22,17.51,0,-75.1,138.8,968.1,4.6,15.63,3.29,28.46
84560,53.2,48.04,18.89,0,17.6,-27.7,947.5,5.34,24.85,5.2,28.75
84580,35.48,49.15,31.39,0,58.3,127.3,863.0,10.41,13.78,6.1,29.1
84600,16.75,60.18,45.3,0.6,21.8,101.3,847.1,17.16,13.22,3.3,29.49
84620,4.41,58.6,57.16,0,5.6,-8.9,805.0,16.58,0.94,6.42,29.89
84640,5.33,47.04,71.39,1.75,60.9,56.6,829.0,21.43,1.03,-2.23,30.07
84660,0,36.59,83.97,0.32,48.8,-8.8,747.4,22.97,-15.39,-2.4,30.18
84680,0,19.1,84.78,10.14,107.5,-10.6,790.3,23.79,-4.98,-3.31,30.38
84700,5.67,4.75,89.62,24.29,35.1,-146.6,856.8,12.39,-13.88,-2.94,30.36
84720,0,9.27,70.86,39.89,32.6,-163.8,782.6,15.19,-16.37,-5.69,30.67
84740,0.21,5.97,57.64,48.78,66.5,-91.6,874.2,10.8,-14.73,-6.66,30.57
84760,0,0.03,38.59,62.37,68.7,-190.5,978.4,12.57,-12.19,-5.48,30.9
84780,0,0,26.77,69.07,9.6,-137.7,985.4,-0.99,-16.03,-1.88,30.65
84800,0,0,19.64,66.81,-23.0,-94.7,959.0,-1.8,-15.99,0.93,31.26
84820,0.93,1.5,9.8,52.57,-20.3,-256.3,960.6,-10.68,-19.07,5.21,31.06
84840,0,0,3.74,41.25,-174.0,-238.0,1008.8,-20.91,-15.58,4.08,30.61
84860,1.25,2.6,1.6,26.22,-70.5,-129.9,1009.3,-13.23,-9.62,7.51,30.54
84880,0.13,1.65,0,10.51,-116.2,-39.1,987.3,-13.56,-10.79,5.82,30.29
84900,0.02,1.94,1.78,6.78,-141.8,-92.6,993.7,-22.05,1.81,2.26,30.6
84920,3.97,0,5.05,0,-94.2,41.7,1011.0,-16.56,1.05,1.91,30.03
84940,5.2,0,0.13,0,-177.4,-0.4,999.8,-18.56,4.06,-1.63,29.77
84960,3.68,0.49,0,0.88,-130.4,64.4,983.6,-15.55,5.26,-5.37,29.52
84980,0,0.54,0,0.74,-89.4,163.8,991.1,-12.1,10.15,-9.87,29.29
85000,0,0,1.71,6.01,40.1,121.7,1021.6,-8.26,13.45,-2.2,28.68
85020,0,4.7,3.6,0,-67.1,130.0,975.2,-2.25,13.41,-2.14,28.68
85040,0,0,0.68,2.27,23.3,-18.5,1050.7,0.03,20.75,-2.21,28.03
85060,77.47,26.65,6.45,0,87.8,120.7,993.4,2.52,8.85,1.56,28.6
85080,56.5,48.8,19.81,0,-30.5,153.5,870.7,11.15,11.61,5.11,28.76
85100,37.71,55.62,28.39,0,101.5,55.2,845.6,10.28,13.58,7.05,28.79
85120,15.26,61.22,41.91,0,47.0,167.2,850.5,15.91,6.84,1.64,29.3
85140,5.39,55.96,60.85,1.32,91.6,50.2,833.6,12.86,4.47,0.43,29.7
85160,0,42.75,69.07,2.34,188.7,130.3,836.8,18.19,1.24,2.05,29.88
85180,2.62,35.37,88.57,6.93,115.4,5.4,817.5,14.4,-6.81,-2.44,30.48
85200,0,23.34,85.79,14.24,81.7,5.3,881.5,15.46,-11.56,-6.98,30.58
85220,1.98,9.85,86.84,22.33,59.5,-60.2,833.8,22.02,-2.23,-5.03,30.39
85240,0,2.26,71.04,31.62,111.4,-100.8,861.7,11.84,-15.08,-9.26,30.97
85260,0,0.28,60.37,47.19,17.0,-136.8,873.8,2.82,-19.08,-6.24,30.51
85280,0,5.19,44.17,59.8,69.1,-198.3,870.4,1.57,-27.03,-2.96,31.07
85300,0,1.24,25.14,67.62,10.8,-97.0,1008.8,6.35,-19.5,3.07,31.07
85320,1.68,0,13.33,61.09,-28.2,-192.5,1004.7,0.83,-22.16,1.17,30.98
85340,0,0,12.22,54.09,4.3,-124.1,1008.7,-3.57,-12.02,8.7,31.04
85360,2.96,0,2.61,36.46,-67.7,-173.8,964.3,-13.54,-19.42,5.71,30.59
85380,0.77,0,4.61,23.4,-100.3,-62.9,1006.8,-23.23,-9.75,6.57,30.64
85400,0,0,1.59,13.17,-2.0,-28.7,942.7,-21.16,-1.58,2.92,30.65
85420,2.79,0,0,5.09,-65.3,-8.9,1034.4,-20.63,-15.13,-0.37,30.45
85440,0,1.34,0,3.61,-39.8,16.4,1042.7,-17.52,-3.28,1.85,29.83
85460,0.17,0,3.47,3.72,-92.7,72.0,1012.6,-22.21,1.91,-3.12,29.84
85480,1.69,2.14,0,0,-70.2,22.3,943.4,-18.9,9.34,-3.06,29.41
85500,0,0,0,2.33,-85.7,-32.5,1030.6,-14.12,17.57,-2.99,29.61
85520,2.31,1.63,0,0,-34.5,143.9,1001.8,-10.82,16.68,-5.91,28.96
85540,3.31,4.81,6.13,0,-17.1,60.5,965.7,-1.9,21.64,0.67,28.1
85560,0,0,5.01,0,46.6,106.6,958.2,-2.62,20.1,-1.41,27.52
85580,76.81,31.2,7.89,3.85,4.3,153.0,937.3,2.33,7.92,3.62,28.57
85600,57.34,42.93,16.55,0.7,45.1,154.6,971.5,5.19,14.76,0.91,28.7
85620,34.75,52.93,27.46,1.03,36.4,57.4,916.2,6.13,22.31,7.17,28.95
85640,22.88,57.46,44.43,1.85,82.4,111.9,825.3,15.3,18.61,3.3,29.35
85660,11.66,62.01,62.56,1.5,177.8,91.4,817.9,17.51,15.33,0.83,29.69
85680,0.71,47.42,70.76,6.95,71.8,5.4,801.0,17.59,6.24,5.32,29.69
85700,0,37.15,80.87,6.68,80.9,-77.9,816.0,15.56,-0.04,1.02,30.02
85720,5.03,18.92,91.99,15.28,-61.7,-25.6,799.9,18.23,-5.78,-1.9,30.25
85740,0.07,13.34,82.67,14.4,62.3,-132.6,819.0,18.55,-9.74,-9.0,30.49
85760,4.64,4.89,76.98,27.02,55.7,-92.5,846.1,15.97,-6.15,-5.19,30.5
85780,2.31,6.98,61.03,46.85,38.0,-93.1,930.4,13.46,-11.71,-4.22,30.94
85800,3.39,2.88,43.31,63.19,39.5,-110.1,960.1,2.35,-15.68,-1.13,31.06
85820,0,3.45,29.12,66.22,85.4,-90.4,1053.2,0.14,-16.84,-0.82,30.94
85840,2.52,0.59,17.15,56.97,4.4,-116.5,997.1,-4.09,-22.52,2.87,31.15
85860,0.21,1.57,12.51,53.98,-94.8,-181.2,1049.3,-8.8,-18.73,3.01,30.82
85880,0,0,8.05,41.38,-34.1,-138.6,982.2,-12.54,-6.27,1.75,31.07
85900,2.4,7.85,1.54,27.85,-25.3,-94.4,997.2,-16.49,-10.16,5.65,30.86
85920,0.38,0,2.15,16.08,-48.9,-65.9,990.3,-13.14,-6.17,4.68,30.64
85940,0,0,0,2.86,-109.5,-89.8,987.8,-23.12,-1.68,-0.71,30.23
85960,2.44,0,0,1.51,-125.0,-121.3,1054.5,-15.26,-1.3,0.45,30.04
85980,0,0,1.72,4.86,-49.7,68.5,984.3,-20.81,4.88,-4.92,29.69
86000,4.41,1.28,0,0,-115.0,67.8,1023.7,-12.44,2.07,-1.78,29.23
86020,1.05,0,2.18,0,-84.5,180.3,1001.8,-10.94,16.26,-4.26,29.09
86040,0,0,0.48,4.4,-86.9,40.0,1017.3,-8.98,14.82,-8.35,28.46
86060,1.46,0,0,0.69,-23.7,272.5,1013.3,-7.33,21.46,-4.65,28.38
86080,0.47,1.07,5.05,2.38,-24.4,204.3,1087.2,0.24,15.62,-1.52,28.16
86100,72.91,34.33,13.35,0,37.0,108.4,979.3,7.56,22.15,3.98,28.13
86120,57.91,42.98,11.02,0,-27.7,153.1,872.0,7.23,18.59,-0.18,28.79
86140,37.04,52.05,23.99,1.12,11.7,166.7,858.5,9.83,13.07,1.2,28.99
86160,20.65,62.77,36.93,0,149.6,86.0,891.2,16.9,11.4,7.03,29.33
86180,13.43,60.11,55.72,0,85.8,69.2,785.7,18.75,3.24,6.53,29.61
86200,0,41.87,66.91,4.72,79.9,115.9,796.3,18.53,5.78,0.89,30.16
86220,0,34.93,81.21,3.31,211.2,-68.3,796.2,16.4,8.72,-0.2,30.08
86240,0,19.84,84.37,9.8,52.5,93.6,811.1,21.33,-0.53,-0.52,30.51
86260,2.54,13.43,82.17,22.61,0.3,-116.8,854.4,16.14,-7.19,-4.7,30.69
86280,3.17,10.5,77.01,35.09,-33.6,-117.1,822.4,10.25,-6.88,-6.9,30.8
86300,0.88,3.82,59.84,49.77,67.9,-47.2,885.5,9.68,-5.98,-4.22,30.99
86320,0,0,43.55,61.18,122.1,-155.7,972.6,7.0,-15.39,-5.2,30.74
86340,8.01,10.05,27.95,65.29,23.2,-138.8,1027.6,0.84,-16.81,1.38,31.25
86360,0,0,20.83,70.23,27.4,-239.4,929.8,-5.15,-16.73,0.04,31.01
86380,0,1.73,9.32,55.68,-86.5,-69.5,971.4,-11.66,-21.48,3.33,30.98
86400,0,0,6.42,45.85,-79.6,-23.7,969.1,-13.43,-14.39,5.25,31.18
86420,2.21,2.26,1.72,29.0,-82.6,-133.8,1021.5,-14.5,-5.57,2.23,30.63
86440,0,1.18,4.47,20.28,-194.1,-28.6,1022.0,-21.77,-4.81,5.84,31.08
86460,0,0,3.8,1.55,-138.7,-20.8,951.6,-15.7,0.58,2.85,30.35
86480,2.99,0,0.44,4.33,-67.1,-33.4,1006.8,-20.11,0.67,1.92,30.19
86500,0,0,0,2.49,-148.7,-75.8,993.0,-20.29,8.01,-0.96,29.67
86520,0,0.3,1.69,2.11,-137.9,21.4,1007.0,-15.53,8.22,-6.39,29.81
86540,3.92,4.48,0,0,-29.2,123.7,1052.9,-14.24,8.55,-3.67,29.16
86560,0,1.39,2.74,0.93,-59.4,95.8,1017.1,-6.96,15.46,-9.92,28.67
86580,0.58,0.35,1.47,0.13,-0.2,136.4,992.5,-8.71,18.27,-0.22,28.35
86600,0,0,1.98,1.42,-73.8,99.9,999.9,-2.29,24.99,-1.12,28.2
86620,75.33,23.94,9.79,0,98.6,144.2,970.0,6.46,16.51,0.56,28.17
86640,61.37,37.53,13.09,0,-3.8,92.2,882.5,11.72,25.09,3.01,28.62
86660,38.74,52.52,31.15,1.33,80.2,147.3,903.7,12.56,8.59,6.39,29.15
86680,20.48,58.88,41.17,4.97,66.6,112.4,827.6,17.05,12.11,5.0,29.42
86700,9.24,53.28,56.1,0.13,50.6,-0.9,886.1,21.25,3.9,6.92,29.47
86720,4.28,50.29,72.38,4.7,149.4,108.6,763.4,17.59,3.15,-0.27,29.76
86740,3.42,29.78,78.29,3.25,21.4,-8.6,820.0,19.99,8.41,-2.15,30.11
86760,0,27.5,90.62,8.66,63.9,-30.5,771.5,18.77,-4.19,-3.25,30.42
86780,2.0,14.82,82.56,22.5,122.4,-82.1,846.6,15.38,-4.92,-3.07,30.51
86800,0,5.89,72.85,29.26,-10.3,-100.5,855.4,17.27,-13.94,-5.78,30.87
86820,0,2.92,63.18,41.98,133.3,-154.2,876.7,18.67,-8.44,-0.28,30.89
86840,0,2.6,45.0,55.29,121.8,-167.7,925.8,8.97,-18.01,-3.83,30.91
86860,0,0.48,29.13,67.12,57.2,-106.6,929.3,1.65,-13.6,-2.77,31.05
86880,1.58,1.23,21.67,64.76,-67.8,-115.0,961.4,-2.21,-22.2,5.55,30.75
86900,2.38,0,2.58,59.31,-60.5,-133.2,999.1,-10.76,-19.99,4.32,30.81
86920,3.43,1.88,2.49,41.19,-28.1,-234.0,1012.0,-11.7,-18.57,6.41,30.78
86940,0,3.11,1.78,28.84,-58.1,-121.5,972.0,-19.22,-11.01,4.64,30.35
86960,0,0,0.26,24.99,-130.8,-72.2,995.0,-18.86,-17.74,3.83,30.66
86980,0,1.24,0,10.92,-124.5,-58.6,987.2,-21.39,-6.92,2.96,30.1
87000,0,1.01,0,3.46,-143.6,-1.4,1002.3,-18.27,3.24,-0.51,29.91
87020,0,0,2.59,1.2,-23.6,65.4,1001.0,-22.63,1.87,-1.33,29.93
87040,0.73,3.15,0.37,1.09,-37.0,38.5,1035.4,-13.61,9.93,-5.94,29.73
87060,0,0,1.34,0.62,1.7,115.6,1021.2,-14.22,16.08,-4.78,29.29
87080,0,0,0,0,-43.7,56.3,1054.9,-9.5,16.83,-2.64,28.75
87100,2.31,1.5,0,5.21,-113.3,159.0,980.7,-5.57,14.65,-4.25,28.56
87120,0,1.17,0,0.17,-40.4,104.9,971.5,-1.7,21.34,-5.65,28.25
87140,74.01,24.93,2.77,0.89,-28.9,198.0,994.5,6.93,16.75,3.27,28.36
87160,65.72,40.24,13.09,0,89.4,152.9,919.5,0.52,20.55,3.48,28.17
87180,41.57,52.56,24.39,1.48,84.2,149.2,831.2,13.86,14.62,6.71,28.87
87200,18.93,58.95,39.94,7.58,4.3,176.2,805.7,18.9,13.13,3.15,29.33
87220,8.57,54.76,51.09,4.15,57.9,74.7,868.9,20.26,1.21,6.17,29.29
87240,3.13,53.11,63.58,2.22,88.0,55.9,801.7,16.08,3.99,3.08,29.81
87260,6.74,35.24,85.08,8.99,123.9,36.7,854.1,19.27,-5.86,0.43,29.96
87280,2.91,21.57,87.9,10.91,156.3,-31.1,825.1,17.94,1.77,-2.96,30.07
87300,1.31,12.39,81.27,15.55,124.8,-149.9,777.0,22.44,-9.09,-3.54,30.66
87320,0,1.42,78.38,34.65,133.8,-82.2,797.4,13.9,-13.7,-5.56,30.89
87340,0,6.27,61.42,47.35,2.7,-90.6,878.5,14.03,-15.03,-4.36,30.68
87360,0.57,2.77,48.36,57.57,121.8,-134.7,894.0,6.57,-26.03,-0.85,30.84
87380,3.71,2.99,33.35,69.05,-14.0,-213.0,991.3,6.27,-17.32,-1.98,30.92
87400,6.18,0.34,23.51,63.69,19.1,-140.7,981.3,-2.58,-15.85,3.79,31.34
87420,0.78,2.56,10.77,58.02,28.2,-175.9,1008.9,-6.7,-18.38,0.07,30.95
87440,0,1.35,11.44,47.78,-13.0,-100.8,991.9,-15.6,-26.02,7.84,30.93
87460,0,3.19,0,37.25,-151.9,-0.7,1003.8,-13.79,-13.31,2.24,30.62
87480,0,0.98,5.94,19.66,-145.0,-115.1,1009.9,-18.24,-8.26,8.28,30.8
87500,0.53,3.17,0,17.13,-113.5,18.8,951.5,-19.44,0.42,2.8,30.63
87520,0.19,2.85,0.76,1.32,-196.6,34.5,998.5,-20.47,0.79,2.02,29.96
87540,0,0,0,2.51,-87.4,36.3,1025.8,-15.48,5.42,-1.99,29.74
87560,0,0,0,1.43,-149.2,77.4,1010.1,-18.6,7.38,-3.6,29.62
87580,0,0,0,0,-75.4,66.5,1037.8,-14.05,10.58,-4.79,29.25
87600,0,0,0.44,5.07,-48.3,168.8,989.6,-6.99,15.2,-4.55,28.88
87620,1.84,0,0,0,-116.9,137.5,982.1,-9.13,19.96,-4.64,28.78
87640,0,0,0,3.25,-0.8,123.4,997.7,-5.99,15.61,-3.04,28.34
87660,76.48,32.45,7.29,0,54.3,134.6,918.5,-0.71,22.06,0.89,28.02
87680,62.51,39.25,11.89,2.0,-34.3,116.2,941.7,5.43,22.79,0.11,28.33
87700,43.71,45.4,28.44,0.8,71.3,71.4,886.7,17.02,16.33,0.92,28.74
87720,23.35,56.67,37.1,1.57,103.1,50.9,812.3,12.42,8.09,5.32,29.06
87740,9.55,60.27,48.7,0.03,179.7,105.3,798.9,19.74,16.4,3.13,29.59
87760,1.93,51.37,67.55,0,145.9,79.6,776.4,19.44,3.6,5.31,29.92
87780,0,37.95,84.99,3.21,135.4,48.3,816.3,24.56,-6.95,3.57,29.98
87800,1.65,24.34,83.36,5.88,54.3,13.8,786.2,16.34,4.9,-1.92,30.11
87820,7.88,13.95,84.23,17.43,48.3,-34.9,827.1,17.75,-14.05,-5.41,30.72
87840,2.03,8.95,70.35,30.58,83.9,-42.8,884.2,12.7,-10.38,-3.21,30.5
87860,2.06,0,64.59,44.58,94.4,-125.7,870.3,15.94,-2.51,-6.28,31.12
87880,5.28,0,52.66,61.59,17.5,-133.1,949.6,6.65,-22.51,-4.22,31.16
87900,2.4,0,27.53,61.35,45.9,-170.3,987.2,5.53,-28.94,-2.82,30.77
87920,1.07,0,16.64,62.86,-3.5,-191.5,976.0,-8.59,-23.08,1.49,30.91
87940,6.17,0,8.7,59.0,-54.7,-129.9,994.3,-8.58,-18.59,1.78,31.3
87960,2.14,0.66,4.0,48.07,-42.9,-83.4,1014.4,-11.79,-21.68,5.34,31.37
87980,3.39,2.25,2.64,36.59,-72.0,-144.0,1040.2,-18.76,-16.89,7.32,30.52
88000,0.66,1.45,0,22.65,-127.9,-113.9,1053.6,-20.67,-4.89,5.46,30.6
88020,0,2.46,8.09,8.9,-120.1,-7.0,1045.4,-20.31,-4.43,4.17,30.67
88040,3.03,0,0,6.75,-77.8,-78.8,1041.8,-18.21,-3.43,-1.77,30.46
88060,0,0,2.66,0,-18.8,89.1,918.6,-22.55,2.04,-2.99,29.78
88080,0,0,4.71,0,-130.3,121.6,1043.7,-14.18,12.53,-0.04,29.39
88100,1.69,0,3.22,0,-109.5,15.0,1003.5,-17.46,11.13,-3.28,29.32
88120,0,0,1.27,1.86,-32.8,111.6,980.0,-14.62,13.33,-4.97,28.7
88140,1.55,0,3.68,0,-54.7,189.6,983.3,-10.22,18.19,-2.24,28.19
88160,1.26,7.84,1.59,0,-36.8,149.8,979.0,-5.68,29.7,-3.14,28.39
88180,75.58,28.04,3.84,6.89,-109.5,234.8,923.6,0.2,23.5,1.35,27.91
88200,61.4,34.61,12.26,4.16,4.1,54.3,946.7,-0.78,21.42,2.17,28.69
88220,47.25,46.32,26.81,0,39.2,157.5,891.7,5.33,17.19,7.42,28.81
88240,28.66,56.18,40.19,0,131.2,93.9,869.4,15.13,16.28,1.53,28.9
88260,10.81,57.94,50.17,0,67.2,56.3,781.7,13.13,7.72,6.76,29.48
88280,3.22,53.87,65.52,6.23,39.3,37.4,851.6,22.22,3.34,1.14,29.94
88300,0.66,38.59,81.32,1.78,29.5,116.4,804.3,20.15,-9.69,1.76,30.18
88320,0.92,28.95,84.98,8.37,110.5,-28.6,831.0,26.39,-13.54,-4.67,30.19
88340,0,13.99,83.47,13.73,102.4,-109.8,816.5,20.41,-1.5,-6.97,30.71
88360,5.24,14.72,80.83,26.17,26.4,24.3,881.3,16.33,-8.35,-6.06,30.76
88380,0,8.92,64.11,37.14,32.2,-120.4,847.9,14.69,-21.56,-7.15,30.64
88400,0.67,3.86,54.2,54.73,-2.3,-192.8,908.9,7.23,-19.38,-8.14,30.69
88420,0,3.61,31.85,64.21,46.5,-202.0,955.5,6.04,-18.69,-4.27,30.98
88440,4.8,0,21.9,68.33,48.5,-130.0,961.1,-5.51,-23.59,-0.52,30.55
88460,0,3.41,17.35,62.22,19.0,-227.9,968.6,-7.65,-12.31,0.91,30.79
88480,0,0,3.98,47.78,-88.8,-178.0,970.0,-13.68,-17.39,7.24,30.62
88500,4.42,0,0,31.93,-73.1,-146.7,969.5,-7.95,-13.14,9.21,30.73
88520,1.04,0.3,0,16.45,-60.3,-85.0,956.4,-18.82,-11.69,6.14,30.38
88540,0.37,0,7.53,11.67,-155.6,-41.7,990.4,-17.67,-2.51,3.36,30.3
88560,0,0.91,2.87,11.18,-79.6,-106.0,999.9,-21.14,-3.12,3.81,30.37
88580,0,1.34,2.63,1.79,-134.1,-58.2,954.1,-21.24,-0.44,-1.95,30.08
88600,1.96,0,4.94,5.75,-133.9,12.3,1011.6,-23.32,1.5,-2.44,29.42
88620,5.88,0,0,5.02,-81.7,75.1,1030.3,-16.89,8.22,-6.28,29.02
88640,3.42,3.97,2.98,0,-134.2,70.0,978.7,-12.3,16.54,-5.79,29.26
88660,0,0.6,3.29,1.07,-84.1,68.3,1012.1,-6.76,18.87,-4.09,28.74
88680,3.64,4.13,5.16,0,-28.7,155.8,1051.4,-1.76,15.64,0.48,28.15
88700,76.3,25.41,2.41,0.99,-2.2,103.9,966.0,2.21,17.72,0.82,28.11
88720,67.93,40.5,10.92,0,121.7,168.4,949.7,7.62,21.4,-0.6,28.6
88740,48.21,52.72,22.87,0,70.9,186.6,861.4,8.79,15.04,4.31,29.12
88760,22.01,52.07,34.5,0,24.4,-12.5,849.4,18.03,12.96,6.68,29.16
88780,15.19,59.11,48.84,1.34,129.3,168.7,836.7,20.09,14.71,7.66,29.28
88800,8.17,57.65,64.38,1.31,85.0,50.7,749.8,17.68,5.15,2.55,29.84
88820,0,41.5,78.2,0,82.0,53.4,792.4,19.26,3.49,-0.36,29.97
88840,0.58,27.02,86.1,6.59,120.7,-34.4,832.2,22.02,1.64,-4.14,30.21
88860,0.9,20.64,87.43,13.82,120.5,-133.8,801.9,20.69,-6.89,-3.06,30.64
88880,0,10.12,74.12,22.76,60.2,-129.9,783.1,17.55,-7.46,-2.24,30.77
88900,2.29,5.22,69.67,41.96,38.8,-50.5,866.8,15.49,-10.81,-4.64,30.74
88920,0,6.67,47.2,55.07,10.5,-185.1,976.3,9.02,-16.64,-1.49,30.79
88940,0.36,4.97,38.31,63.21,55.6,-119.0,948.2,3.3,-18.56,1.08,31.09
88960,0,5.27,26.92,62.76,-112.2,-115.0,1057.3,8.72,-22.78,-3.73,31.03
88980,2.58,0,15.2,62.93,-43.6,-66.7,993.8,-7.01,-6.94,1.6,31.42
89000,0,0,4.46,51.43,-33.5,-130.6,1001.2,-2.92,-17.71,4.24,30.76
89020,1.53,0.18,1.9,33.66,-123.1,-71.8,1026.1,-12.24,-15.91,3.0,30.96
89040,0,0,4.97,25.76,-83.5,-31.4,1011.1,-15.62,-13.23,4.44,30.94
89060,2.84,0,1.13,6.75,-66.3,-33.9,976.0,-15.39,-17.42,0.68,30.51
89080,1.94,0,0,5.14,-51.3,-22.8,1065.9,-23.44,3.44,4.09,30.37
89100,0,0,0,0,-111.0,68.2,988.8,-15.75,5.24,-4.61,30.01
89120,2.68,0,0.24,0.96,-143.4,33.6,979.8,-17.96,9.78,-5.44,29.61
89140,4.85,6.1,0,0,-142.9,60.6,1024.6,-14.48,20.21,-4.92,29.55
89160,5.28,0,0.14,1.14,-82.0,74.6,982.9,-8.58,13.32,-5.93,29.03
89180,2.78,2.57,1.14,4.99,-14.6,127.8,1031.5,-13.23,18.95,-7.68,28.6
89200,0.13,0,0,1.29,-25.8,151.4,997.3,-3.07,15.17,-1.33,28.36
89220,79.1,21.02,6.83,0,-74.7,143.5,958.1,-0.09,17.39,-0.16,28.0
89240,69.25,32.0,10.95,0,-6.5,188.1,899.0,1.96,21.17,5.48,28.53
89260,49.77,46.87,20.44,1.69,-9.4,132.1,867.6,12.98,12.66,2.37,28.66
89280,25.7,55.97,29.99,0,57.4,114.3,894.4,11.66,14.48,2.17,29.28
89300,8.91,57.17,52.27,0,123.8,28.0,789.6,18.84,6.46,6.07,29.49
89320,6.79,56.08,63.73,7.31,181.7,59.0,873.0,16.45,-6.44,2.46,29.93
89340,0.03,45.88,77.54,4.82,86.9,47.6,776.4,21.0,5.37,0.75,30.11
89360,5.62,32.28,84.32,12.49,163.9,-62.1,757.7,19.12,-2.02,-0.92,29.98
89380,2.89,21.16,93.01,18.46,103.1,-116.2,800.2,21.12,-6.97,-1.4,30.39
89400,0,11.31,85.65,26.88,42.9,-31.7,890.6,16.77,-16.27,-8.27,30.39
89420,2.53,5.04,68.13,36.29,85.4,-170.1,889.8,10.65,-16.83,-6.08,30.93
89440,0,2.88,55.52,51.24,-87.8,-138.2,897.4,13.5,-12.33,-3.7,30.8
89460,0,4.34,40.26,65.84,84.5,-157.9,892.2,-4.43,-20.98,-2.62,31.25
89480,4.78,2.58,25.36,68.22,-32.7,-143.5,999.7,1.44,-29.74,-1.39,30.99
89500,0,1.61,16.59,61.99,-42.8,-194.1,1029.4,-9.29,-22.76,2.25,30.97
89520,2.17,8.37,5.43,56.6,-91.0,-173.1,1000.4,-6.66,-21.5,0.84,30.83
89540,0,0,6.66,38.88,-75.3,-167.9,967.0,-12.14,-9.97,6.7,31.02
89560,3.89,0,0.55,25.27,-53.8,-120.5,952.3,-10.52,-7.67,8.39,30.89
89580,1.07,0,0.84,17.01,-54.3,-9.2,923.7,-21.93,-5.33,1.63,30.44
89600,0.31,2.15,0,4.65,-112.8,-70.8,963.7,-18.27,1.82,-0.15,29.99
89620,3.01,0,0,0.77,-58.5,-86.3,955.4,-19.72,-1.63,-2.25,29.91
89640,0,2.28,7.5,2.08,10.7,39.6,1019.1,-21.62,6.58,-2.42,29.91
89660,3.61,1.48,0.64,0.58,-45.7,196.2,928.2,-15.81,11.5,-6.53,29.43
89680,0,2.93,2.32,0,-102.6,248.5,990.9,-13.82,18.43,-3.34,29.13
89700,1.67,1.05,0,1.17,-98.7,43.3,1001.1,-2.49,20.91,-3.9,28.65
89720,0,0,0.22,1.22,-16.6,156.4,990.4,-6.42,24.81,-1.43,27.87
89740,85.57,22.83,3.89,0.5,53.9,92.3,999.8,-2.03,17.61,3.82,27.87
89760,73.33,28.31,11.17,0.98,68.1,185.7,954.4,4.73,14.59,-1.03,28.23
89780,53.8,48.11,17.44,0,105.2,119.0,927.1,3.38,16.19,5.59,28.51
89800,23.63,57.94,30.45,0.99,78.9,71.1,862.7,17.67,17.25,4.13,28.99
89820,14.75,60.99,48.9,0,168.7,95.3,817.3,19.34,9.83,2.51,29.46
89840,5.77,54.49,57.91,0,174.8,27.3,815.7,22.28,5.47,5.36,29.8
89860,1.4,42.15,73.94,2.47,88.1,37.1,818.2,18.98,1.21,-0.1,30.26
89880,0,30.42,81.7,8.0,78.0,15.7,784.1,27.87,-1.01,-0.96,30.23
89900,0.44,17.05,85.59,9.43,130.5,-34.1,820.0,13.8,-6.6,-4.12,29.98
89920,3.91,8.76,78.78,25.47,45.9,-58.6,850.3,16.01,-15.27,-6.77,30.47
89940,0,9.33,67.57,34.62,-34.2,-118.2,904.5,13.18,-19.36,-4.13,31.06
89960,0,2.86,53.48,53.52,9.5,-175.5,901.4,10.89,-26.21,-7.86,31.0
89980,0,0,39.08,58.78,31.9,-23.9,953.7,5.78,-29.27,-1.66,31.03
90000,0,0,20.67,68.47,-5.8,-31.3,1003.8,0.31,-16.57,-3.41,30.92
90020,0.95,0,12.05,61.23,83.4,-136.9,1027.1,-5.84,-20.32,-3.18,30.89
90040,1.98,0,4.98,53.27,20.6,-140.4,985.7,-8.96,-14.78,0.24,30.89
90060,4.26,0,1.48,39.19,-62.7,-207.4,1037.7,-8.91,-8.2,2.03,30.61
90080,5.33,1.64,2.49,26.73,11.1,-141.0,930.9,-20.79,-8.92,6.14,30.68
90100,1.13,0,4.98,17.9,-117.3,15.0,969.9,-16.13,-9.95,3.64,30.5
90120,0,0,0,8.3,-59.9,27.0,1019.5,-18.63,-2.98,-1.14,30.14
90140,6.61,0,4.0,1.87,-110.2,60.8,992.0,-17.25,1.15,-1.28,29.8
90160,1.99,2.1,3.8,4.0,-107.5,-50.0,1014.3,-19.8,4.35,-4.78,30.01
90180,0,0.94,1.67,3.32,-184.5,37.7,1020.8,-18.26,6.4,-1.46,29.13
90200,0.16,0.35,0,4.3,-108.9,119.7,1019.7,-20.73,14.92,-2.45,29.15
90220,2.05,2.3,0,1.36,-55.9,123.8,995.5,-8.62,12.96,-6.56,28.97
90240,5.18,0.62,0,4.24,-32.2,188.0,1017.4,-5.08,20.79,-0.61,28.34
90260,0,2.4,5.39,1.13,5.8,79.6,1041.7,-1.5,23.62,2.57,28.1
90280,71.36,34.3,4.68,0.88,31.0,160.5,937.4,5.69,21.22,2.82,28.3
90300,53.32,48.18,19.4,0,89.5,206.1,933.5,9.45,13.12,3.85,28.82
90320,40.62,55.73,30.45,2.85,75.2,91.6,831.7,12.99,13.31,8.96,28.81
90340,13.16,53.5,47.28,0,8.1,85.8,781.4,14.45,13.59,6.24,29.48
90360,2.15,53.94,60.12,0,90.2,99.7,799.8,15.93,7.67,3.53,29.67
90380,3.54,50.79,80.51,10.57,143.7,15.0,799.5,20.74,3.98,5.86,30.03
90400,0.5,29.83,85.74,9.92,68.5,5.0,850.8,16.79,-3.74,-3.28,30.32
90420,3.33,19.33,88.28,12.35,225.4,-40.3,816.1,19.53,-12.08,-5.27,30.37
90440,2.8,12.09,81.62,25.31,178.3,-169.1,766.5,20.42,-12.67,-6.23,30.7
90460,3.12,10.11,73.81,29.27,42.6,-190.4,902.0,15.62,-25.18,-5.81,30.68
90480,0,2.62,56.61,49.63,-11.2,-130.0,905.0,8.02,-15.18,-3.55,30.79
90500,4.17,1.91,40.3,63.79,101.6,-124.9,932.0,3.26,-19.26,-1.38,31.14
90520,0,0.19,27.04,65.88,-19.3,-118.9,993.6,-3.87,-19.46,-2.6,31.41
90540,2.07,0,13.7,64.73,-27.6,-121.3,1025.5,-3.26,-18.25,4.36,30.51
90560,1.72,0,9.88,49.49,-111.8,-90.0,1020.9,-7.51,-13.1,2.53,30.99
90580,2.34,3.14,2.75,40.36,-86.2,-115.4,986.8,-21.63,-12.67,4.47,30.84
90600,4.28,0,4.37,20.11,-91.6,14.4,1038.6,-19.24,-11.73,0.87,30.96
90620,0,0,2.04,10.98,-100.6,-65.8,1009.8,-16.21,-9.49,4.85,30.29
90640,0,0,3.94,5.56,-32.3,-65.3,1006.9,-20.11,-3.02,0.31,30.49
90660,0,0,0.72,2.94,-124.3,53.3,963.8,-21.46,4.22,0.67,29.82
90680,0,2.03,0,0.1,-144.7,-49.9,981.0,-20.15,5.41,-3.39,29.92
90700,3.01,1.28,0,0,-92.8,26.5,1003.4,-16.7,12.24,-3.22,29.71
90720,2.96,1.01,4.93,0.04,8.4,57.4,950.7,-10.44,10.28,-6.24,28.91
90740,0,1.63,1.39,0,-48.2,144.3,1048.3,-7.42,10.47,-3.66,28.74
90760,0,0,2.78,0,-113.2,121.9,1006.8,-1.35,20.89,-0.88,28.34
90780,1.23,1.75,5.57,0,50.7,135.2,1003.9,-2.68,28.55,0.32,28.11
90800,68.51,32.71,9.49,0,1.9,27.8,1012.5,1.54,9.38,1.7,28.08
90820,53.0,44.88,18.3,0,-54.0,81.8,952.1,15.14,23.64,2.7,28.82
90840,33.74,50.69,30.26,2.55,2.4,144.6,879.7,15.45,14.07,5.62,28.76
90860,21.66,55.97,46.91,0.6,41.7,44.0,824.0,18.61,15.94,-0.87,29.59
90880,5.05,57.59,53.56,1.95,60.3,73.4,841.3,24.01,5.54,1.52,29.99
90900,9.95,40.15,71.12,1.88,133.2,78.8,804.3,25.42,7.04,1.57,30.12
90920,0,28.76,80.95,3.86,136.7,-20.7,767.3,19.53,-4.73,-2.25,30.33
90940,0,23.0,84.61,14.88,121.9,-11.9,818.5,20.78,-4.02,-0.65,30.4
90960,2.79,14.91,85.28,24.77,51.8,-37.9,833.6,18.12,-17.42,-1.92,30.81
90980,0.72,6.2,71.48,39.95,126.3,-49.1,860.3,16.14,-2.39,-4.84,30.74
91000,0,3.48,53.77,50.28,-18.0,-73.9,908.8,6.15,-23.45,-9.75,30.86
91020,0,4.07,44.04,61.36,-53.1,-175.3,928.7,5.51,-24.21,1.27,31.11
91040,0,0,28.19,71.33,-3.5,-113.1,1067.4,3.75,-17.64,3.29,31.21
91060,2.02,3.15,17.32,64.1,-4.3,-161.2,999.1,-2.88,-22.83,2.1,30.94
91080,0,0,1.94,54.09,-6.5,-142.8,989.7,-8.65,-21.08,0.44,31.13
91100,0,4.27,0,44.63,-83.0,-20.9,1050.4,-10.2,-9.38,4.86,30.73
91120,2.6,2.04,2.18,21.73,-24.7,-62.1,1048.2,-17.85,-9.08,3.43,30.61
91140,0,0,0,15.89,-142.5,-45.4,1026.7,-19.5,-5.41,2.76,30.51
91160,3.46,2.92,1.07,12.83,-133.0,-38.3,993.4,-21.76,-6.71,-1.51,30.03
91180,0.75,0,0,6.29,-140.9,21.3,969.1,-18.99,-9.73,-2.26,29.88
91200,0,5.58,2.49,0,-52.5,67.3,981.1,-23.82,0.07,-7.87,29.69
91220,5.02,1.94,2.78,0,-70.9,61.6,965.9,-22.01,0.76,-4.64,29.1
91240,0,0,0,0.18,-121.0,90.1,989.1,-16.79,18.0,-0.91,29.08
91260,0.6,0.07,1.43,0.79,48.9,106.3,1001.0,-8.44,17.91,-6.93,28.99
91280,0.51,0,0,0,-0.6,125.1,976.0,-8.41,25.71,-2.8,28.72
91300,1.91,0,0,5.59,-48.0,106.7,981.3,-2.05,27.92,-1.51,27.84
91320,68.25,32.26,3.64,0,18.6,186.8,946.7,5.99,14.26,3.28,28.3
91340,58.74,44.63,19.35,3.15,110.3,175.1,861.6,4.78,17.19,4.2,28.7
91360,36.31,52.64,28.08,0,126.8,69.6,820.4,9.38,8.01,4.55,28.89
91380,17.98,59.84,39.92,0,56.0,86.3,823.6,13.12,12.3,4.52,29.45
91400,10.69,58.07,55.89,1.16,87.7,-69.4,790.3,18.46,3.31,6.57,29.68
91420,0,44.96,72.45,0,112.9,25.1,758.5,15.69,0.97,-0.2,29.9
91440,1.37,38.13,85.54,7.42,106.4,-50.5,841.0,18.85,-7.52,3.55,30.13
91460,0,19.05,90.68,6.9,120.1,-49.4,799.4,16.3,-5.77,-4.78,30.23
91480,5.25,11.53,87.29,21.19,95.5,-96.3,771.6,16.37,-3.52,-1.42,30.65
91500,0.95,10.6,75.28,35.67,199.3,-75.6,844.9,12.3,-10.74,-3.85,30.8
91520,0,3.83,62.27,46.68,34.4,-180.5,861.5,11.91,-23.79,-10.31,30.89
91540,0,1.95,44.05,60.72,55.5,-141.7,899.9,5.49,-17.15,-3.8,31.14
91560,0,0.15,28.69,67.05,126.6,-190.2,969.0,0.7,-18.31,0.83,31.1
91580,0.36,0.81,20.31,64.57,-45.4,-139.4,980.1,-6.42,-17.65,-0.56,31.05
91600,0,0,11.77,55.31,-50.4,-232.5,1028.7,-8.85,-17.12,1.49,30.67
91620,0,0,3.58,42.79,-29.9,-238.9,1012.6,-16.94,-19.03,5.75,30.5
91640,1.34,1.42,1.94,25.73,-41.9,14.6,1001.6,-16.12,-9.79,4.86,30.81
91660,0.98,2.2,1.52,16.71,-128.2,-82.8,981.1,-14.58,-8.77,3.54,30.4
91680,1.89,0,0,12.46,-128.3,9.5,1020.2,-20.09,1.14,2.42,30.15
91700,0,0,4.55,1.17,-118.3,88.0,977.1,-25.91,2.87,-1.1,30.1
91720,1.96,0,0,0,-89.9,34.3,999.9,-19.66,6.34,-3.64,29.75
91740,0,3.11,0.72,0,-133.3,62.6,962.5,-18.62,16.32,-6.23,29.6
91760,2.26,0,0,0.68,-101.5,170.6,953.4,-17.29,12.31,-5.69,29.09
91780,2.47,3.42,0,0.33,-153.6,60.9,1020.8,-10.92,17.6,-2.56,29.0
91800,0,4.17,1.33,0,-33.9,177.6,1025.0,-6.01,28.88,-2.56,28.48
91820,3.26,0.41,6.87,0.46,-78.0,157.4,950.6,0.53,19.81,0.77,28.4
91840,73.78,28.83,11.05,0.61,121.7,161.5,958.7,3.5,8.07,0.58,28.09
91860,58.57,42.65,19.87,0,48.5,184.0,857.7,6.9,12.64,2.92,28.48
91880,38.0,55.2,27.79,3.64,100.1,121.6,876.7,13.81,19.09,4.75,28.88
91900,19.17,61.98,41.69,0,104.6,82.3,871.2,19.61,6.76,6.42,29.56
91920,4.49,54.46,51.88,0,127.7,64.1,779.1,13.43,5.18,3.29,29.53
91940,7.23,51.26,69.22,1.49,158.4,51.3,807.6,19.41,4.04,0.38,29.71
91960,3.68,29.18,85.42,2.52,87.2,58.4,773.4,18.23,4.17,0.92,29.97
91980,0.7,19.08,91.25,7.87,-1.3,55.6,829.0,18.15,-16.91,-2.19,30.76
92000,1.07,15.25,84.96,22.47,126.5,-180.9,822.2,17.52,-10.56,-4.97,30.69
92020,0,5.78,71.3,34.4,91.1,-117.0,850.9,13.34,-6.5,-6.99,30.54
92040,4.8,3.52,63.21,43.14,94.4,-141.5,913.8,9.5,-9.91,-5.26,30.51
92060,0,1.73,45.32,63.02,-10.2,-77.6,932.6,3.84,-23.64,-1.97,30.86
92080,0,0,28.26,64.64,-19.1,-163.3,983.7,-1.01,-19.96,2.85,31.16
92100,4.31,0,13.8,63.56,-29.3,-144.1,999.5,-7.58,-26.22,-1.82,30.79
92120,0,0.39,10.91,55.59,-34.6,-136.6,1015.7,-5.34,-26.76,3.82,30.76
92140,0,0,0,44.12,-19.6,-40.5,990.1,-12.9,-20.82,0.06,31.12
92160,5.0,0,3.55,28.94,3.0,-121.6,958.3,-19.73,-9.28,8.71,30.72
92180,2.2,0,0,22.03,-107.7,-61.3,934.3,-19.87,-7.69,0.89,30.48
92200,0,0,0,9.86,-67.1,23.1,1004.6,-16.09,-7.69,0.41,30.35
92220,0,0,2.94,1.11,-93.6,-82.1,989.8,-22.71,-0.97,2.97,29.92
92240,0,2.17,0,0,-204.0,57.9,1029.1,-19.8,17.89,-4.78,29.66
92260,0.02,0,6.32,0,-42.2,125.3,1063.0,-15.51,13.18,-4.32,29.54
92280,0.51,4.89,5.53,0,-45.0,79.5,983.1,-15.81,10.31,-5.4,29.41
92300,1.02,0,0,0.71,-57.9,216.1,1031.8,-5.46,13.03,-8.53,28.87
92320,4.37,4.36,0,0,27.8,186.2,975.9,-10.53,14.1,-0.65,28.36
92340,6.95,5.08,0,0,-69.1,165.5,1040.7,4.58,30.48,-0.0,27.85
92360,70.02,30.96,7.07,4.69,107.3,132.7,954.7,4.78,17.04,-0.32,28.47
92380,56.93,45.93,17.94,0,20.1,54.7,907.0,8.5,20.29,2.4,28.76
92400,41.3,57.67,29.41,2.25,37.0,111.9,881.8,11.31,16.22,3.24,28.97
92420,20.63,66.16,38.68,0,106.0,81.4,808.9,12.37,22.9,6.5,28.96
92440,5.15,55.7,58.76,0.2,62.4,50.4,850.4,17.44,9.04,1.73,29.78
92460,0.77,48.99,74.73,3.4,61.7,85.5,830.5,18.42,6.79,4.53,30.15
92480,0,39.18,82.6,5.16,90.4,-43.9,856.8,17.89,-2.59,-2.32,30.27
92500,1.83,23.08,84.87,11.45,88.5,-2.2,842.9,16.07,1.3,-4.02,30.29
92520,0,10.47,79.81,26.33,151.7,-76.7,827.7,22.01,-12.94,-4.03,30.56
92540,0,5.43,72.28,30.64,112.1,-158.3,845.8,18.22,-8.8,-1.85,30.61
92560,5.08,2.94,58.25,46.84,-7.5,-132.9,868.7,10.99,-15.48,-6.99,31.25
92580,1.42,0,45.05,58.45,98.9,-189.4,909.8,6.56,-24.95,-6.11,30.8
92600,0,0,32.62,68.54,-82.1,-66.8,964.5,-0.59,-16.24,2.28,30.64
92620,0.6,0,20.76,64.21,18.1,-72.4,999.8,-1.49,-18.37,1.59,30.95
92640,0,0.9,6.91,57.0,-80.8,-111.3,1059.9,-4.53,-10.05,4.62,30.86
92660,0,0.69,9.24,46.84,-38.6,-107.9,968.6,-12.7,-16.61,7.7,30.84
92680,0,0,0,32.0,-71.8,-92.8,972.2,-14.42,-8.61,1.75,30.6
92700,0,0.83,3.96,17.46,-30.2,-95.2,993.4,-22.43,-13.18,4.76,30.77
92720,1.49,0,2.68,7.97,-74.5,-29.6,1001.5,-16.91,-2.28,1.45,30.28
92740,2.67,0,0,6.4,-39.0,32.5,987.3,-23.98,5.98,-3.79,30.05
92760,0,0.89,0.25,0,-182.9,41.2,959.7,-24.68,11.58,-4.05,29.74
92780,0,4.99,3.52,0,-108.9,194.2,967.7,-15.73,12.16,-3.6,29.46
92800,0,1.77,10.03,0,-33.9,40.1,1020.1,-19.22,7.63,-3.33,29.08
92820,0,3.41,0,0,44.4,105.0,987.6,-8.31,14.27,-6.03,28.88
92840,0.86,0,0,1.15,-61.7,151.0,1013.8,-14.01,13.86,-4.91,28.32
92860,0,1.72,4.4,0.7,-44.2,144.7,965.8,-6.19,19.81,-0.3,28.07
92880,71.45,24.84,13.2,0,108.6,213.8,1000.5,2.92,20.07,-1.24,28.24
92900,58.52,36.69,13.06,0,29.5,134.4,927.4,8.95,14.23,2.67,28.64
92920,40.03,52.54,30.74,0.79,4.1,158.8,849.4,12.33,16.12,8.05,28.36
92940,20.57,56.73,37.46,0,59.1,42.2,832.7,15.03,17.8,7.68,29.03
92960,9.91,56.83,53.13,0.2,67.5,-108.7,813.4,22.07,3.32,4.66,30.04
92980,3.49,46.72,69.63,9.1,91.9,-30.1,827.7,17.49,-2.63,3.35,30.04
93000,0,41.46,83.36,3.94,75.3,-73.0,806.8,23.45,-5.96,0.3,29.87
93020,0,24.87,86.67,7.71,71.0,51.2,752.0,18.62,-4.51,-3.62,30.33
93040,1.7,11.93,87.92,17.75,123.7,-58.4,799.8,18.8,-7.33,-7.07,30.95
93060,0,8.98,76.05,35.81,119.7,-109.8,852.8,15.28,-14.21,-5.23,30.24
93080,4.34,8.11,59.03,42.69,-7.5,-31.5,900.0,10.23,-17.91,-7.79,30.89
93100,2.97,3.46,48.45,64.09,35.2,-218.3,962.2,6.62,-9.85,-0.53,30.81
93120,0.24,2.98,31.57,63.77,-7.6,-190.1,942.2,-1.46,-27.13,-0.48,31.03
93140,0,0,20.16,63.25,0.1,-200.6,988.4,-0.15,-14.68,3.75,30.84
93160,0.79,0,14.1,52.8,-76.0,-87.3,960.7,-9.38,-17.92,1.59,31.05
93180,3.49,0.51,7.59,38.2,-61.4,-12.9,1011.4,-10.83,-30.36,5.75,31.02
93200,1.44,5.37,0,26.93,-139.4,-202.1,971.1,-17.31,-15.62,5.67,30.72
93220,0,2.77,6.23,19.13,-75.0,-23.4,1016.8,-15.04,-12.61,3.45,30.64
93240,1.17,0.43,0.89,12.4,-126.5,-61.2,1004.6,-17.75,-1.68,2.64,30.18
93260,0,0,1.05,5.5,-140.0,34.4,1040.8,-20.74,-10.84,-2.07,30.19
93280,3.36,0,0,1.73,-104.9,-40.4,1002.9,-24.06,2.99,-6.74,29.65
93300,0,0.9,0,1.64,-3.6,33.2,1056.1,-16.01,-3.77,-4.78,29.73
93320,0,0,0,0,-108.2,128.9,1017.8,-16.6,19.86,-3.75,28.85
93340,2.93,0,0,0,-83.2,101.6,1001.4,-16.54,15.01,-4.2,28.91
93360,1.49,0,0,0,10.8,227.3,1024.2,-10.67,18.87,-2.8,28.46
93380,5.07,0,0,1.14,-74.1,97.6,1008.0,1.05,21.08,1.72,27.86
93400,76.91,27.77,13.0,0,122.1,114.6,957.6,2.38,13.5,0.76,28.13
93420,57.95,34.13,15.9,0,19.2,90.2,902.6,5.82,15.54,2.82,28.34
93440,35.13,51.98,19.15,0,99.2,132.2,872.3,11.96,16.0,1.91,28.62
93460,21.26,64.8,31.5,3.4,29.1,66.2,829.6,14.9,17.93,3.4,29.43
93480,5.64,57.6,49.42,2.92,120.4,90.5,746.2,21.14,19.04,6.32,29.53
93500,6.52,50.08,62.72,0,84.2,119.7,813.0,22.87,-1.87,2.89,29.81
93520,0.95,36.8,81.17,3.09,114.0,-47.0,765.1,23.12,-4.38,3.96,29.95
93540,0,23.4,93.84,11.48,46.8,-78.3,757.6,24.19,-3.94,-2.93,30.18
93560,4.6,16.91,85.56,19.74,164.8,-55.2,846.5,26.01,-5.21,-0.27,30.34
93580,3.86,10.3,77.85,24.68,38.0,31.7,855.7,16.23,-5.49,-4.02,30.93
93600,0,3.14,62.46,46.46,21.7,-137.3,855.6,11.01,-20.81,-7.78,30.78
93620,7.15,1.55,47.67,57.6,124.8,-152.8,941.5,6.05,-18.16,0.12,31.1
93640,1.14,4.33,39.62,68.72,-31.9,-199.5,948.8,0.3,-27.03,-5.97,31.09
93660,0,0,21.48,62.63,-77.3,-119.0,952.3,-5.88,-16.72,2.91,30.87
93680,0,1.47,10.77,61.36,-38.2,-201.5,1048.1,-8.07,-14.47,5.08,31.22
93700,0,0.26,6.32,43.65,-17.6,-123.3,993.9,-12.28,-18.25,1.53,30.57
93720,0,0.12,0,29.32,-29.9,-174.1,948.9,-13.05,-10.47,4.51,30.42
93740,0,0,2.0,19.31,-100.7,-88.5,961.4,-19.07,-15.21,5.98,30.78
93760,1.24,0.46,0,13.09,-164.4,-69.6,1005.5,-18.46,-10.13,3.11,30.48
93780,0,4.09,2.69,2.99,-65.6,-35.5,960.8,-20.2,1.28,0.6,30.13
93800,4.47,1.65,4.96,0.99,-80.1,24.6,932.0,-17.39,4.01,-4.04,29.94
93820,0.04,0,3.5,0.15,-58.6,90.8,971.1,-16.0,3.09,-2.3,29.62
93840,0.89,1.96,2.04,2.35,-59.0,42.6,1011.7,-11.56,15.51,-4.38,29.06
93860,0.09,2.23,0.87,1.29,-134.4,109.8,958.7,-14.65,19.65,-1.05,28.95
93880,0,2.55,0,0.04,-40.7,125.4,1001.5,-9.15,16.66,-3.45,28.7
93900,4.69,5.54,2.95,0,-11.2,193.4,988.6,-0.02,15.61,-4.09,28.3
93920,78.11,23.65,11.71,0,-19.8,97.3,973.6,7.71,21.12,-1.86,27.8
93940,68.08,34.58,13.16,1.5,-0.2,101.9,1028.0,5.93,24.58,0.99,27.94
93960,47.32,51.26,24.14,1.16,77.1,130.1,884.3,10.27,17.39,2.67,28.63
93980,24.04,59.89,35.84,3.72,82.9,78.0,916.5,16.18,9.46,1.99,28.88
94000,3.91,55.48,49.26,0.26,16.6,-5.0,858.0,15.77,9.69,5.03,29.26
94020,0.61,52.75,67.26,0,47.1,45.9,814.0,22.83,6.19,1.65,29.63
94040,0,34.64,80.43,3.68,-27.7,2.4,804.2,19.21,-4.1,0.26,29.97
94060,0,25.4,86.13,11.14,126.9,27.5,815.7,19.15,-0.61,-2.96,30.14
94080,0.27,13.38,91.2,19.62,114.6,-15.3,844.5,15.71,-14.98,-3.99,30.46
94100,2.82,9.61,79.5,32.04,119.7,-114.0,824.7,13.71,-7.29,-3.79,30.81
94120,0.32,5.04,62.87,41.85,1.5,-103.3,866.9,11.3,-19.83,-4.48,30.73
94140,0,6.01,49.73,61.35,21.2,-207.0,899.2,5.8,-14.7,-3.39,30.79
94160,0,8.0,31.01,62.74,-65.6,-116.0,998.2,0.4,-17.8,2.55,31.05
94180,0.5,0,21.79,67.63,15.9,-73.6,998.1,1.17,-18.42,-3.61,31.49
94200,0,0,11.71,58.91,-12.3,-207.8,971.0,-5.55,-24.53,5.34,31.06
94220,3.04,0,8.8,51.69,-96.9,-118.4,951.6,-12.93,-25.54,7.28,30.91
94240,0,0,4.58,31.92,-110.8,-150.0,932.0,-12.66,-9.84,2.67,30.66
94260,0.39,2.14,2.09,23.99,-94.4,-120.2,1025.4,-19.97,-12.22,4.78,30.8
94280,0,5.07,0,8.1,-119.0,-95.9,1038.5,-14.95,-8.08,3.05,30.09
94300,0,1.04,0,0,-87.6,8.9,994.0,-22.16,6.58,0.67,29.97
94320,2.1,2.52,1.19,4.39,-7.8,35.7,1019.5,-15.39,3.79,-3.9,29.75
94340,0,1.0,0,3.04,-32.7,95.5,942.1,-18.76,14.72,-1.6,29.52
94360,5.59,2.48,0,3.7,-72.6,78.6,1015.3,-13.41,10.25,-3.18,29.22
94380,0,0,3.07,0,-45.7,216.6,1038.9,-10.29,21.02,-6.43,29.09
94400,4.76,3.76,0,0,-72.1,69.4,986.6,-2.8,15.75,-1.82,28.8
94420,0,0,0,0,23.3,59.4,1004.9,-4.19,21.4,-1.38,27.96
94440,80.25,25.25,6.8,0,-26.0,139.0,989.0,8.13,25.41,-0.75,28.21
94460,64.64,42.7,14.45,2.82,5.5,161.2,957.5,9.48,20.89,5.01,28.26
94480,46.08,48.2,23.94,0,13.3,103.6,901.4,13.25,10.25,7.15,28.73
94500,30.37,53.41,32.28,0,108.0,85.4,822.8,19.58,14.3,5.38,29.39
94520,10.96,59.52,47.6,8.57,54.8,106.4,854.0,19.79,4.69,-1.13,29.31
94540,2.01,57.5,67.84,0,128.4,70.6,833.0,15.61,8.7,3.87,29.94
94560,2.25,35.01,75.67,3.74,122.7,-85.6,781.5,24.29,1.16,0.78,30.29
94580,0,26.13,83.36,14.67,-65.5,-94.2,790.2,22.21,-5.59,-3.75,30.6
94600,1.02,15.18,85.71,14.82,-2.7,38.2,825.3,16.37,-9.16,-4.33,30.38
94620,0,7.55,75.78,24.96,-4.4,-82.6,816.3,14.18,-21.29,-5.8,30.6
94640,1.22,3.24,67.3,34.19,45.9,-97.5,904.5,10.25,-12.91,-3.14,30.73
94660,0,0,55.19,54.85,148.9,-184.8,890.4,6.3,-18.05,-3.2,31.13
94680,0,0,38.9,63.17,1.2,-218.3,1009.0,1.33,-18.61,-5.13,31.12
94700,2.44,0,21.73,71.0,-16.5,-94.6,1007.9,4.04,-31.84,-0.59,30.92
94720,3.3,5.23,13.59,59.32,-80.3,-124.6,1006.1,-0.3,-14.34,3.1,30.54
94740,1.81,0,9.35,51.0,3.0,-107.3,1007.5,-8.45,-10.43,2.64,30.65
94760,0,0,6.91,34.46,-120.3,-130.7,987.4,-15.62,-12.59,2.61,30.8
94780,0,0,0,22.23,-116.5,-96.1,981.2,-13.88,-10.2,4.72,30.57
94800,0,1.39,1.61,10.38,-76.2,-24.3,980.6,-15.55,-3.74,1.45,30.24
94820,1.53,0,1.07,10.16,-126.9,-16.9,981.7,-15.22,-6.42,-1.07,30.34
94840,0.44,1.6,0,1.52,7.9,10.7,1005.8,-20.94,-0.64,-4.94,29.79
94860,3.69,1.07,3.43,0,-71.8,44.7,1033.3,-14.19,15.07,-4.99,29.62
94880,4.14,0,1.05,0.48,-92.9,120.3,1036.3,-11.97,5.78,-1.6,29.32
94900,3.94,0,0,0,-54.5,138.0,992.0,-10.1,22.34,-4.73,28.95
94920,0,0,0,0,-11.4,165.9,995.8,-9.1,18.94,-5.29,28.76
94940,0.85,3.97,0,0,-49.8,201.6,969.6,-4.98,25.89,-4.37,28.53
94960,74.8,20.76,5.7,0,40.4,124.9,953.4,-0.71,16.12,0.7,27.82
94980,68.53,42.7,11.63,0,60.8,128.2,880.3,4.69,16.35,2.64,28.65
95000,46.66,52.88,13.64,1.39,72.0,140.9,904.1,10.47,13.94,-0.5,28.62
95020,24.08,55.7,36.18,0,118.2,108.5,841.9,11.44,12.67,5.55,28.94
95040,17.04,57.6,46.37,3.97,50.2,75.4,824.6,19.06,8.98,3.21,29.54
95060,6.15,53.65,67.33,2.36,48.1,34.7,815.3,19.6,6.52,3.37,29.88
95080,0,41.14,75.4,6.46,188.6,9.7,767.5,19.73,-3.73,0.29,29.95
95100,0,33.28,84.08,6.83,142.3,24.6,787.7,23.54,-4.29,-1.48,30.51
95120,0,22.83,81.64,15.41,41.5,-23.1,811.5,20.14,-9.48,-2.74,30.43
95140,0,8.93,79.02,21.25,39.5,37.7,866.5,14.63,-7.26,-6.96,30.57
95160,0,2.94,68.74,40.43,75.3,-43.6,920.5,15.69,-18.42,-7.04,30.74
95180,3.63,0.86,49.52,50.43,51.0,-132.0,950.4,5.95,-13.27,-4.97,30.82
95200,1.52,0,35.38,67.85,-136.4,-136.5,986.4,3.19,-15.73,-0.73,30.9
95220,0,0.47,23.72,71.37,-40.7,-229.9,1026.9,-4.82,-36.2,1.37,30.84
95240,0,0,14.25,59.97,-68.8,-161.9,1059.2,3.02,-22.25,2.44,30.43
95260,0.48,0,5.35,51.49,41.3,-187.3,994.0,-9.66,-18.4,1.96,30.55
95280,0,3.35,4.41,37.29,-78.3,-64.6,1041.3,-14.09,-6.32,3.38,30.85
95300,0.57,1.54,0.12,21.03,-85.2,-58.3,1004.4,-19.23,-10.58,4.98,30.67
95320,3.29,0,0.15,10.07,-48.0,-70.2,1024.4,-18.17,-0.75,3.85,30.3
95340,4.87,0,0.47,1.29,-181.4,49.8,1027.7,-23.05,5.45,2.97,30.26
95360,0,0,1.23,6.41,-114.8,-25.4,1003.1,-25.17,6.28,-3.57,30.05
95380,0,1.44,4.25,0,-193.5,-9.6,1056.9,-15.35,16.77,-0.49,29.79
95400,2.74,5.56,0,0,-188.8,84.6,974.2,-24.15,14.86,-6.23,29.07
95420,1.38,0,0,1.26,-109.1,101.8,1045.5,-11.19,8.41,-4.88,29.06
95440,5.8,0,1.68,2.86,-86.0,129.8,1020.0,-4.53,16.6,-0.48,28.67
95460,2.15,2.12,1.09,0,-57.8,158.2,965.4,-6.7,19.08,0.76,28.14
95480,81.68,29.25,7.93,0.78,20.0,215.4,1024.1,-0.3,31.61,0.14,28.21
95500,67.07,35.95,13.7,0,25.3,166.1,903.8,12.91,13.89,2.1,28.36
95520,43.08,49.34,21.11,0,107.4,101.0,922.3,10.06,14.13,1.39,28.9
95540,26.47,57.92,23.95,0,78.5,77.9,896.1,15.9,5.11,4.15,29.36
95560,12.77,60.41,50.34,3.32,81.3,111.5,852.4,14.95,11.18,4.18,29.43
95580,0.55,52.65,61.64,8.18,34.7,44.0,832.2,10.79,9.27,6.12,29.67
95600,10.83,42.72,80.3,0,40.9,57.1,794.7,15.2,3.89,3.0,29.79
95620,1.19,33.63,84.57,7.28,80.1,-41.2,858.7,26.55,-11.61,-5.16,30.33
95640,0,20.42,82.98,13.83,65.3,-63.7,844.5,13.77,-14.68,0.98,30.52
95660,0,10.78,80.5,19.73,89.3,-138.6,865.8,15.17,-8.2,-5.46,30.55
95680,0,4.19,70.27,39.23,49.8,-95.5,851.9,12.86,-25.19,-4.6,31.04
95700,0,0.33,54.23,56.99,90.8,-159.9,883.1,11.06,-15.28,-4.51,30.92
95720,0.53,0,34.1,60.81,36.9,-167.9,970.7,6.71,-31.67,-4.49,31.27
95740,0,4.84,23.64,67.91,-51.6,-215.6,978.5,2.74,-25.13,-1.24,31.03
95760,1.79,0,18.91,55.71,-49.7,-111.0,1032.9,-2.29,-11.07,0.75,31.05
95780,0.79,0,9.2,55.99,-57.2,-63.7,975.4,-2.81,-15.59,4.04,30.81
95800,0,0,8.99,42.82,-87.0,-107.8,978.1,-9.87,-12.04,6.62,31.16
95820,0.34,2.98,2.2,21.14,-65.8,-64.3,946.2,-15.1,-9.33,5.75,30.77
95840,0.39,1.8,0,13.69,-30.5,22.6,970.8,-22.21,-7.53,0.76,30.51
95860,4.76,0,0.82,7.17,-215.2,14.6,1032.7,-18.01,-4.93,2.39,30.25
95880,0,0,2.3,1.09,-68.5,-46.1,984.5,-19.59,-1.19,-0.53,29.96
95900,0.1,0.46,5.51,2.59,-139.4,70.1,1011.5,-14.69,6.77,-2.08,29.65
95920,0.01,0,0,3.14,-65.8,121.9,984.9,-17.76,10.51,-9.14,29.34
95940,0.14,0,0,0,-73.9,49.0,1008.2,-11.75,10.14,-5.78,29.65
95960,6.95,0.69,5.84,0.56,-88.9,208.3,1005.7,-10.74,22.94,-8.59,28.89
95980,3.39,4.59,0,0.97,-56.0,104.0,995.4,-1.35,19.38,2.63,28.7
96000,73.66,18.29,4.98,2.73,-59.1,202.1,1012.3,-2.03,15.71,-2.6,28.11
96020,67.99,31.79,10.68,0.31,11.6,145.6,950.3,5.12,27.92,1.45,28.6
96040,48.04,46.52,15.18,0,73.3,107.9,923.0,4.65,22.51,6.19,28.59
96060,32.15,53.65,23.53,0,47.8,188.5,795.3,8.44,11.43,4.75,29.4
96080,16.95,54.4,45.29,0.41,43.1,18.8,891.8,16.33,6.54,3.09,29.55
96100,11.59,53.14,63.17,1.89,161.8,70.7,808.2,18.14,8.95,2.45,29.85
96120,0,38.35,72.91,5.03,55.8,19.4,825.3,13.09,-0.42,3.23,29.86
96140,0,37.16,86.65,6.94,44.3,-82.8,795.7,21.6,-8.58,-2.5,30.22
96160,0,23.96,85.31,10.36,63.2,-26.8,847.0,22.29,-2.97,-2.6,30.63
96180,0,11.92,84.85,24.81,157.5,-78.2,872.1,11.29,-10.96,-4.1,30.49
96200,2.05,2.35,72.52,35.86,22.6,-45.7,910.6,8.64,-14.58,-4.74,31.0
96220,0,5.11,58.18,52.7,55.1,-169.9,883.7,7.17,-17.27,-4.21,30.93
96240,0.64,0,35.73,60.82,27.1,-44.7,985.1,7.96,-21.22,-2.64,30.96
96260,0,0.8,22.29,65.41,-9.1,-169.5,958.1,0.62,-19.83,-1.61,30.93
96280,1.99,0,19.64,62.92,-43.1,-154.2,1007.5,-3.34,-19.36,1.75,31.13
96300,1.28,0,7.46,51.69,-15.2,-81.9,980.4,-10.53,-20.51,-0.28,31.05
96320,3.41,0,0,36.48,-95.9,-7.1,1081.2,-11.43,-17.36,1.28,30.59
96340,0,0,2.24,22.91,-101.7,-85.7,991.3,-20.95,-7.25,3.52,30.52
96360,0,3.9,1.68,19.22,-58.5,-40.5,1036.3,-18.9,-1.46,5.2,30.61
96380,0,0.97,0,3.98,-110.9,-78.9,1010.9,-21.21,-9.2,-1.41,30.02
96400,0.9,0,0,0,-105.8,13.1,1003.6,-22.15,-3.58,-3.94,30.3
96420,0,0,0.07,0,-56.6,108.3,971.7,-20.9,2.48,-6.15,29.63
96440,1.74,1.25,1.49,0,-85.0,95.5,1061.0,-15.02,13.44,-1.99,29.8
96460,0,0,1.14,4.92,-69.3,142.2,1030.4,-16.95,9.02,-2.96,29.08
96480,0,0,0,0,35.1,93.9,1025.7,-9.61,19.42,-4.35,28.7
96500,1.3,5.06,3.32,0,-14.4,133.5,978.3,-0.71,12.61,-5.64,28.32
96520,3.62,0,0,0,-29.8,206.9,1008.8,2.04,18.77,-1.71,28.2
96540,76.66,27.16,9.04,1.12,139.0,157.3,994.9,5.52,12.68,1.37,28.05
96560,54.67,48.19,22.18,0,41.4,160.8,924.4,9.59,10.98,3.55,28.5
96580,31.66,56.28,29.5,0,97.2,113.4,877.5,13.54,15.09,5.5,29.04
96600,14.05,61.75,41.99,0,47.8,29.7,832.8,14.69,8.26,4.31,29.31
96620,9.9,51.64,58.91,3.21,51.5,-6.4,777.4,19.2,5.49,3.0,29.54
96640,0.97,45.19,70.11,6.37,63.5,26.1,804.9,20.54,6.66,-3.75,29.98
96660,0.04,31.39,87.89,2.41,153.2,25.2,761.8,19.28,-5.63,1.14,30.44
96680,4.16,17.31,89.22,11.7,69.7,37.0,804.9,15.29,-9.09,0.15,30.14
96700,2.24,12.9,81.19,20.22,143.8,-78.1,825.4,18.34,-12.03,-5.91,30.7
96720,0,2.82,71.21,35.3,110.4,-7.9,816.1,13.61,-17.64,-6.66,30.57
96740,0,0,47.36,45.61,-98.7,-99.4,881.2,16.95,-18.88,-0.53,31.06
96760,0.33,0,45.45,58.81,44.4,-109.5,979.7,4.36,-23.79,-2.93,30.8
96780,7.03,0,25.9,69.07,25.7,-177.0,970.0,-0.71,-13.06,1.17,31.18
96800,0.79,0,18.19,63.98,-7.9,-83.2,959.1,-4.27,-19.51,0.64,31.08
96820,1.95,0,6.12,53.06,57.1,-210.8,988.3,-3.84,-14.4,2.69,30.95
96840,6.32,0.7,0,38.51,-91.3,-165.2,999.0,-9.03,-24.08,2.19,30.6
96860,3.08,0,0,23.61,-121.4,-50.1,1012.4,-18.3,-6.64,1.76,31.07
96880,0.19,8.53,4.48,10.77,-183.5,3.1,1070.2,-18.16,-8.01,7.36,30.5
96900,0,0,3.59,5.96,-141.2,-53.8,1001.2,-24.12,-5.7,0.04,30.28
96920,3.44,1.27,2.1,0,-126.9,3.6,1009.7,-19.49,-6.18,3.65,29.83
96940,2.43,0.57,0,0,-51.6,28.2,1033.0,-20.72,-0.64,-3.97,29.95
96960,0,4.25,3.33,0,-44.0,95.0,991.2,-12.52,7.13,-1.37,29.38
96980,0,0,0,0,-57.7,104.9,975.3,-9.18,1.14,-6.45,28.93
97000,0,0,0,3.77,3.8,91.6,1049.3,-4.22,15.34,-3.96,28.8
97020,4.33,0,4.52,1.18,18.8,111.1,1020.2,-3.67,8.84,-3.02,28.42
97040,0.55,0,0,0.44,-4.0,111.3,1007.2,-5.28,16.85,0.41,28.01
97060,74.37,34.88,9.6,0,-26.2,60.0,976.0,8.11,22.78,7.89,28.34
97080,54.65,43.48,18.4,1.3,-1.2,112.8,919.3,13.12,24.13,5.67,28.35
97100,34.93,49.04,25.84,0,-20.5,97.6,876.1,11.68,19.72,5.13,28.71
97120,14.53,60.61,38.24,0,116.1,-12.7,830.2,10.74,6.67,7.52,29.38
97140,7.64,59.57,56.64,0,64.5,58.2,765.9,16.98,23.65,0.74,29.45
97160,0,42.61,71.49,2.36,43.7,59.8,780.6,18.0,2.99,3.43,30.07
97180,4.3,32.36,82.81,9.94,150.6,-11.8,817.1,26.3,3.04,1.34,30.54
97200,5.61,20.15,88.96,10.15,155.7,-12.6,813.4,21.55,-11.75,-2.13,30.47
97220,0,13.21,82.16,17.08,111.3,-53.6,785.3,16.16,-10.89,-4.0,31.06
97240,1.45,0,75.31,34.74,28.4,-125.5,821.4,17.72,-8.38,-1.34,30.89
97260,0,3.26,60.35,50.86,84.1,-59.4,863.2,8.71,-11.36,-5.81,30.87
97280,2.02,0,42.54,61.05,9.8,-202.6,981.3,6.87,-10.42,-1.7,30.86
97300,0.55,0,26.3,63.77,-97.7,-224.5,1019.1,6.04,-25.88,1.4,30.78
97320,1.2,1.03,18.4,63.57,-33.4,-172.9,1040.7,1.13,-19.1,5.61,30.83
97340,1.0,3.16,14.7,52.25,-9.3,-256.4,1033.0,-0.97,-10.59,4.1,30.75
97360,0.61,0,2.47,43.11,-72.5,-109.6,1010.1,-11.5,-15.7,4.89,30.64
97380,2.04,0,2.44,26.22,-34.3,-102.0,1043.9,-20.6,-9.21,4.47,30.66
97400,0,0,0,18.78,-145.6,-50.2,976.9,-19.15,-9.05,3.75,30.79
97420,4.93,0,0.13,9.0,-108.0,-94.7,936.3,-16.87,-4.34,1.3,29.85
97440,1.92,3.76,0,0,-30.2,-33.4,1008.5,-19.46,5.4,0.56,30.01
97460,0,3.41,1.1,0,-96.4,44.5,1005.1,-20.72,3.82,-2.59,29.93
97480,1.73,0,3.01,2.68,-57.4,86.9,994.0,-17.73,11.26,-3.41,29.54
97500,0.54,3.42,0.21,5.83,-135.2,137.9,971.3,-10.97,15.24,-5.51,28.93
97520,0,1.99,0,2.36,-8.4,220.6,970.3,-14.81,17.86,-3.95,28.85
97540,2.71,2.23,0.04,0,16.0,196.0,950.8,2.44,16.99,-3.38,28.4
97560,0,0.15,0,1.32,-25.7,137.5,949.8,-1.79,21.67,-2.72,28.24
97580,72.0,31.34,3.64,0.01,10.9,164.4,931.3,3.12,16.57,1.04,28.2
97600,57.92,40.45,16.57,0,16.5,151.9,897.0,10.06,13.62,2.35,28.82
97620,34.91,54.21,30.3,0,66.6,80.0,879.7,13.67,10.14,4.53,28.72
97640,19.21,58.61,38.79,0,2.6,46.0,793.0,13.4,19.19,5.25,29.18
97660,11.49,60.9,55.84,0.47,79.3,73.1,842.3,21.49,7.21,2.44,29.36
97680,2.76,45.96,70.06,3.18,86.5,42.7,776.0,17.96,-4.0,0.88,29.96
97700,1.61,36.35,80.57,5.28,178.6,-23.0,775.6,20.44,1.6,0.54,29.95
97720,0,15.06,89.29,12.42,153.4,-48.3,867.3,19.17,-1.39,-2.44,30.55
97740,4.89,13.26,81.56,15.19,111.3,-71.8,820.9,14.94,-4.35,-2.3,30.89
97760,0,4.6,71.53,31.96,77.9,-85.7,918.8,9.33,-11.49,-3.7,30.7
97780,2.77,2.45,58.31,44.87,133.3,-43.5,930.4,7.74,-20.76,-1.52,30.94
97800,0,0,42.42,61.19,60.6,-88.6,929.9,12.13,-21.73,-4.4,31.27
97820,4.25,1.86,27.34,64.93,56.6,-131.6,966.0,2.74,-27.03,-0.17,30.93
97840,1.71,1.98,20.42,67.63,-76.7,-118.3,1043.3,-0.27,-24.28,1.99,31.24
97860,2.21,1.29,8.94,56.3,-21.7,-134.4,1002.2,-8.04,-21.31,1.93,30.84
97880,0,0.71,2.07,43.33,-86.1,-143.3,1012.1,-11.2,-15.14,4.83,31.01
97900,0.81,0,3.3,27.48,-107.9,-137.7,952.3,-14.19,-12.75,7.79,30.87
97920,0,1.8,2.56,18.8,-54.5,-36.8,931.0,-22.23,-16.81,4.26,30.44
97940,0,0,0,5.96,-151.1,-2.7,1054.2,-16.46,1.31,3.81,30.34
97960,0,4.28,1.82,0.36,-35.3,-16.1,956.3,-23.19,-0.58,-4.32,30.03
97980,0,2.6,2.62,0,-126.2,-18.7,995.7,-14.36,9.03,0.7,29.58
98000,6.27,0,1.14,0,-111.2,43.8,1030.9,-18.55,8.93,-7.74,29.27
98020,2.42,0,0,1.57,-55.5,105.1,1040.5,-17.92,11.23,-5.87,29.21
98040,1.28,0,0,3.91,-23.6,157.7,984.1,-12.16,12.53,-2.73,28.81
98060,0,3.57,3.31,3.05,15.1,155.4,1017.2,-7.73,14.88,-1.14,28.5
98080,1.51,0,0,0,-0.7,209.2,968.0,-1.67,23.1,-2.77,28.03
98100,73.06,26.7,10.94,3.31,-18.2,203.2,913.1,2.92,9.26,-0.63,28.5
98120,58.8,38.88,16.0,9.11,-14.1,163.0,946.1,11.18,17.27,1.56,28.48
98140,41.0,51.69,23.14,0,60.2,103.9,869.3,5.35,14.79,4.05,28.79
98160,22.73,59.56,34.22,0,49.3,75.9,865.5,19.73,15.11,-0.05,29.43
98180,12.49,56.58,50.3,0,41.3,107.5,800.2,18.73,11.56,5.73,29.42
98200,4.84,45.49,70.57,0,132.2,-65.2,789.8,19.32,4.07,2.28,30.43
98220,2.62,40.37,81.13,5.01,146.2,23.4,782.6,23.95,0.46,2.1,30.46
98240,0,23.94,88.6,10.98,53.0,-13.8,801.3,22.35,-2.59,-1.28,30.32
98260,4.79,14.43,86.79,19.99,96.5,-101.0,772.4,25.12,-11.33,-6.15,30.15
98280,1.67,4.13,76.16,29.0,130.7,-42.5,881.0,10.96,-7.66,-6.41,30.67
98300,3.35,1.76,58.84,46.7,9.5,-102.5,878.8,14.82,-19.99,-7.52,30.81
98320,0,3.06,38.83,60.24,19.5,-195.2,903.8,7.99,-22.85,-2.38,31.03
98340,0,2.59,30.92,69.56,-113.6,-195.4,910.3,-0.35,-11.58,-0.53,30.87
98360,0,0,22.05,64.52,-24.0,-170.3,961.9,-4.86,-26.53,2.39,31.4
98380,0,0,7.06,57.28,-26.3,-82.2,1007.2,-1.39,-23.92,6.26,31.12
98400,0,1.1,0,40.86,-6.0,-80.1,1038.7,-5.17,-6.47,6.58,30.84
98420,5.15,0,2.45,30.35,-107.9,-162.4,1012.6,-19.06,-15.68,5.27,30.86
98440,2.07,1.48,0,19.26,-30.5,-35.2,1002.6,-14.58,-10.98,2.58,30.57
98460,3.35,0.64,0,2.66,-103.3,-105.4,1005.3,-24.95,1.8,1.87,30.33
98480,0.78,0.99,2.99,5.16,-160.1,83.0,958.9,-21.54,1.96,-0.7,29.86
98500,2.11,0,4.51,0,-25.0,-21.0,1023.3,-19.37,10.75,-5.14,29.67
98520,0,0,0,3.65,-128.3,45.3,1050.2,-13.5,17.2,-3.89,29.62
98540,0.13,0,0,0,-2.5,139.3,964.7,-9.17,12.38,-5.96,29.61
98560,1.0,0,0,3.99,-20.9,142.6,963.9,-7.82,19.56,-3.38,28.9
98580,4.25,1.54,3.67,3.03,10.6,172.2,981.2,-2.95,15.07,-4.39,28.26
98600,2.01,2.14,0,0,-9.7,157.6,971.1,4.24,24.58,0.34,28.03
98620,76.53,30.55,9.24,0,41.2,64.0,937.6,3.45,21.95,3.02,28.53
98640,61.11,40.97,13.21,0.17,25.4,233.8,900.4,4.22,20.43,3.04,28.59
98660,32.35,54.78,29.06,0,100.1,43.3,924.8,11.5,13.93,6.35,28.46
98680,22.99,54.83,40.35,1.55,35.5,147.0,841.3,14.36,8.86,6.88,29.25
98700,11.68,51.93,53.33,4.17,91.0,57.3,845.6,20.46,6.62,2.16,29.44
98720,0,48.93,75.62,2.11,205.1,60.1,800.8,17.32,6.43,5.78,29.78
98740,0,37.5,82.65,3.66,157.8,74.4,822.6,18.54,-7.16,1.88,29.83
98760,6.12,24.22,84.04,10.27,85.7,-94.6,777.5,13.14,-5.71,-1.35,30.1
98780,2.1,13.08,82.55,21.21,-50.7,-73.0,813.2,19.39,-10.54,-2.37,30.6
98800,0,8.82,76.48,30.06,160.8,-94.3,879.2,19.7,-23.92,-8.07,30.97
98820,1.87,0.16,63.01,44.94,125.6,-181.2,883.0,9.65,-10.05,-5.24,30.83
98840,2.19,2.71,53.54,52.52,87.7,-76.3,973.1,3.15,-18.35,-5.36,30.97
98860,1.73,0.39,33.1,63.29,44.2,-205.7,990.6,3.3,-20.7,-0.75,30.9
98880,4.62,0,20.24,67.48,-62.9,-154.6,1028.9,1.48,-22.6,0.26,30.73
98900,0.84,0,10.32,56.23,-91.1,-158.5,954.1,-6.1,-13.76,0.65,30.99
98920,0,5.51,4.28,43.05,-70.3,-100.5,956.5,-11.64,-10.39,4.28,30.81
98940,0,2.98,3.28,31.28,-89.2,12.3,1018.4,-15.15,-11.59,5.07,30.81
98960,0,0,0,19.68,-32.5,-41.4,968.8,-12.71,-8.24,7.76,30.39
98980,0,0,3.91,4.03,-125.1,-88.4,1049.0,-17.23,-1.47,4.2,30.14
99000,0,1.5,0,7.15,-106.1,60.9,953.0,-26.07,-0.2,0.89,30.14
99020,2.27,1.65,0,10.74,-84.1,17.1,986.4,-17.17,-2.63,-1.48,29.69
99040,0,0,0,0,-35.7,-15.7,972.0,-19.04,6.18,-1.79,29.47
99060,2.22,1.08,0,0,5.1,95.4,960.7,-19.3,14.4,-6.24,29.02
99080,1.27,0,0,0,-79.8,121.3,942.7,-13.51,10.77,-5.43,28.77
99100,0,3.5,0,1.32,35.4,128.6,1017.9,-8.21,22.32,-4.71,28.63
99120,0,0.99,2.44,0,-87.9,88.1,1038.0,-6.46,17.1,-4.28,28.34
99140,75.31,27.56,9.03,1.17,83.5,179.8,989.2,0.27,19.45,0.5,28.71
99160,62.87,39.4,17.14,4.88,65.0,150.8,855.8,5.71,24.62,-0.36,28.27
99180,41.59,54.83,24.09,0,54.6,142.9,909.1,12.45,21.16,7.32,29.19
99200,19.8,54.99,36.88,5.39,184.0,86.4,783.5,16.91,15.22,5.6,28.89
99220,7.4,58.22,52.53,2.35,122.2,57.9,867.8,19.18,14.66,8.65,29.64
99240,3.57,47.15,69.5,2.69,125.3,16.6,827.8,20.93,15.72,5.09,30.05
99260,0,43.63,77.73,1.66,-43.8,-48.2,808.9,19.48,-11.57,1.24,30.19
99280,0,27.31,84.65,5.87,31.6,-24.1,766.0,17.84,-4.61,0.86,30.65
99300,0,16.54,88.77,16.87,125.4,-53.1,829.9,15.85,-5.05,-8.51,30.32
99320,0,10.85,74.08,27.95,81.1,-57.0,852.7,20.11,-16.81,-5.66,30.57
99340,2.49,0.03,57.98,47.76,101.4,-66.6,883.3,13.5,-17.98,-5.45,30.92
99360,0,2.13,51.17,54.11,49.9,-56.1,970.1,6.14,-18.74,-3.19,30.96
99380,0,0,23.85,66.53,84.8,-152.8,1003.3,2.26,-24.06,1.25,31.37
99400,0,0,19.04,69.27,-46.1,-98.3,1082.5,-7.16,-15.61,1.28,31.13
99420,0,0.66,12.03,56.7,-8.8,-168.9,1011.6,-5.22,-25.18,7.35,30.38
99440,0,0,6.78,42.11,-2.2,-95.3,1009.2,-7.91,-23.73,3.2,30.77
99460,0,0,4.74,29.45,-64.7,-8.3,1030.5,-13.97,-14.0,4.3,30.62
99480,2.8,0,1.58,15.85,-4.9,-32.3,972.6,-21.02,-1.49,3.94,30.6
99500,0,1.27,1.62,10.14,-101.9,-93.4,955.4,-23.03,-10.22,2.28,30.1
99520,0,0,0,6.37,-146.0,-57.4,1031.7,-18.0,-7.21,1.16,29.97
99540,0,0,0,1.81,-72.7,-0.2,1022.8,-23.08,9.18,-6.41,29.91
99560,2.08,3.01,0,0,-63.0,35.7,1064.8,-15.08,14.43,-5.44,29.35
99580,0,3.4,1.88,2.26,-137.2,93.3,1011.5,-13.2,15.82,-4.12,29.38
99600,0,0,0,2.71,-41.2,36.5,992.4,-10.28,21.36,-2.69,28.68
99620,1.35,4.8,0,0,-145.7,203.9,988.6,-4.65,17.13,-2.92,28.77
99640,0,0,0,0,-36.5,147.1,1006.8,-5.2,21.9,-2.29,28.57
99660,76.34,31.49,7.67,0,-34.8,113.7,950.2,4.39,8.77,1.67,28.17
99680,57.07,37.63,13.83,0,-112.7,106.7,977.8,10.21,26.64,0.66,28.99
99700,41.73,51.11,26.02,1.09,12.2,168.1,839.6,8.76,13.1,8.46,28.23
99720,24.6,57.3,35.79,0.42,74.4,86.9,883.9,8.21,16.97,4.26,29.39
99740,8.88,56.31,55.72,2.57,67.6,92.7,809.4,14.27,15.43,2.76,29.71
99760,6.43,47.31,65.86,0.92,100.5,23.1,861.1,20.21,7.27,-1.3,29.77
99780,2.76,38.62,80.97,4.1,77.8,-56.3,830.9,19.07,-4.87,1.56,29.81
99800,0,26.14,84.19,5.67,158.4,-34.4,777.4,15.46,0.42,-2.33,30.18
99820,4.74,16.41,85.78,18.69,175.3,-86.9,791.6,24.52,-10.49,-3.95,30.55
99840,0,13.87,79.21,30.84,107.5,-79.2,889.4,16.74,-12.09,-2.42,30.87
99860,2.77,4.37,61.18,44.58,107.0,-105.3,889.0,16.88,-20.62,-7.43,31.29
99880,0.79,0,46.08,53.33,31.4,-120.3,863.8,1.87,-21.22,-5.43,30.95
99900,0,0.88,34.92,65.68,17.3,-200.1,1015.4,5.8,-31.73,-1.67,31.52
99920,0,0,26.52,66.42,-16.9,-153.9,1003.8,-2.13,-15.98,-2.71,31.06
99940,0,0,12.19,58.7,-46.4,-190.1,1013.1,3.34,-11.92,4.76,30.82
99960,1.65,0,5.12,48.02,-54.7,-115.8,973.2,-10.62,-19.49,1.01,30.91
99980,0.8,0.71,0.26,34.82,-6.7,-97.9,1021.1,-17.55,-15.68,5.43,30.82
100000,1.44,0,5.89,19.87,-80.6,-41.6,985.0,-14.01,-16.09,2.97,30.31
100020,0,0,0,15.65,-72.2,-34.6,998.9,-20.22,-8.27,2.39,30.55
100040,6.09,0,0,0,-29.7,-60.8,1030.7,-20.31,2.94,0.93,30.54
100060,1.87,6.24,1.97,0,-66.0,129.6,1006.3,-23.13,12.97,-2.38,30.26
100080,0.19,0,0.84,2.37,-104.9,177.6,947.1,-13.53,8.25,-0.37,29.29
100100,0,0.02,0,7.27,-146.1,38.7,1040.8,-18.47,14.89,-6.17,29.15
100120,0,4.15,0.34,0,-136.4,154.8,980.6,-8.05,14.81,-3.64,28.8
100140,0,0,4.32,0,-104.9,96.6,1017.0,-6.94,19.47,-4.36,28.39
100160,2.02,0,0.39,5.08,60.6,232.8,988.4,-3.9,20.44,-3.75,28.19
100180,79.44,23.32,14.82,0,-28.4,180.3,989.6,4.92,15.66,3.17,28.23
100200,67.92,40.44,12.71,0,-37.9,85.4,907.2,4.37,12.1,2.87,28.41
100220,44.11,44.75,27.67,3.6,127.6,128.1,951.2,8.81,8.41,7.0,29.02
100240,27.33,55.07,38.77,1.66,-32.4,77.7,866.4,13.34,15.25,3.02,29.5
100260,13.57,60.8,53.07,5.12,41.5,130.6,818.5,16.4,17.39,3.12,29.78
100280,2.28,45.43,63.93,0,183.3,17.4,844.6,20.42,-0.15,5.37,29.63
100300,3.57,36.26,76.73,4.8,158.6,74.9,812.8,21.72,4.57,2.02,30.33
100320,0,28.98,81.01,4.81,103.9,-100.1,723.9,18.92,-5.49,-1.11,30.28
100340,0,16.71,89.71,11.84,59.1,-72.4,848.7,18.03,-14.94,-3.57,30.77
100360,0,13.57,79.15,26.52,66.4,-97.3,803.6,13.43,-10.05,-3.31,30.52
100380,0,1.44,69.85,44.57,28.3,-122.7,871.5,18.26,-23.72,-5.77,30.99
100400,0,0,47.17,56.77,-5.0,-151.3,927.5,16.32,-10.87,-3.3,30.37
100420,0,3.93,31.43,63.62,171.4,-149.8,904.9,4.68,-20.24,-1.3,30.93
100440,0,3.1,20.53,60.85,52.6,-158.3,948.7,-0.17,-21.46,-0.86,31.19
100460,0,0,10.7,59.99,-25.6,-62.0,976.9,-5.64,-14.22,2.59,30.98
100480,3.9,0.82,6.23,43.23,-96.4,-104.5,1029.1,-5.7,-13.51,5.57,30.57
100500,1.33,0.24,5.57,29.56,-155.4,-172.7,1016.1,-14.59,-8.31,6.26,30.67
100520,0,0.87,0,22.72,-111.0,-105.0,1027.5,-16.55,-13.08,4.04,30.73
100540,2.67,0,0.23,11.71,-115.3,-62.2,1014.3,-20.47,-11.64,0.51,30.3
100560,0,1.7,0,5.69,-26.5,17.2,1001.2,-21.36,-5.16,-0.44,30.29
100580,0,0,0,0.77,-57.3,34.7,1000.0,-21.8,1.67,-4.34,30.1
100600,0.99,4.82,0,1.96,-82.8,-6.7,1003.8,-19.84,6.38,-4.25,29.46
100620,5.18,0,0,1.99,-67.9,171.1,1069.2,-17.64,4.7,-7.54,29.44
100640,0,0.38,1.69,0,36.9,5.4,1011.4,-14.16,9.4,0.85,29.28
100660,8.65,0,0,0,41.1,149.8,1019.2,-8.86,18.16,-7.01,29.1
100680,6.29,0,5.63,0.42,47.1,153.6,924.8,-1.92,18.28,-1.51,27.92
100700,81.08,16.56,6.22,0,-41.6,170.6,952.0,0.97,21.08,0.66,28.1
100720,66.81,39.49,13.89,0,151.4,66.5,975.6,2.22,19.19,1.16,28.54
100740,48.54,47.12,19.64,0,56.9,87.7,866.6,10.04,13.39,6.58,28.89
100760,26.87,56.12,34.1,4.4,110.6,115.3,810.2,13.94,17.58,6.1,29.39
100780,11.1,53.96,44.69,3.68,162.6,105.2,805.5,18.13,10.89,5.66,29.72
100800,4.68,54.04,63.23,2.14,92.5,118.4,817.3,16.56,2.84,5.89,29.53
100820,2.76,42.32,78.68,13.0,123.7,-48.0,761.5,18.55,5.21,3.59,30.12
100840,3.85,29.7,81.75,4.32,52.5,-70.1,751.4,18.6,-2.33,0.82,30.23
100860,4.16,15.23,88.03,13.29,203.6,-53.0,808.5,22.49,-12.17,-6.07,30.67
100880,0,6.8,76.97,31.88,40.5,-138.6,861.9,14.08,-3.02,-6.2,30.72
100900,6.97,6.13,71.65,39.79,33.1,-101.8,895.4,11.05,-7.99,-4.03,30.91
100920,0,0,44.68,58.91,20.6,-145.1,932.6,9.86,-18.24,-1.91,30.63
100940,2.79,0,34.51,63.65,22.9,-192.5,922.6,5.27,-14.67,-2.09,30.95
100960,1.02,0,22.24,73.23,-128.3,-174.9,977.4,-4.57,-27.03,-0.58,30.99
100980,4.33,0,10.67,59.61,-38.0,-160.9,1002.9,-5.97,-17.19,-0.28,31.16
101000,3.64,5.47,10.47,47.0,-94.8,-54.8,1005.1,-13.9,-14.73,3.91,30.81
101020,0,0,2.91,38.56,-58.9,-91.2,998.6,-15.88,-14.93,2.8,30.5
101040,0,0,6.43,20.82,-29.5,-56.6,1002.9,-15.11,-15.47,7.04,30.22
101060,2.32,3.67,0,12.13,-160.3,-49.7,983.7,-20.03,-7.69,3.59,30.62
101080,2.06,0.51,0,4.96,-73.3,-76.8,1022.5,-21.51,-9.41,1.36,30.28
101100,0,0,1.04,3.99,-39.4,-41.3,1022.3,-17.51,-1.31,0.69,30.06
101120,0,4.68,0,0,-110.4,41.0,999.4,-16.7,7.26,-5.43,29.43
101140,0,2.68,0,0,-45.8,82.8,991.6,-15.39,3.1,-3.69,29.35
101160,0,0,0,7.36,-55.9,190.8,986.9,-13.44,12.86,-4.2,29.04
101180,4.95,0,0,5.17,-31.5,167.4,930.3,-9.78,26.59,-9.44,28.74
101200,0,0,0.61,0,-7.1,143.1,987.1,-13.16,16.8,-3.01,28.26
101220,82.15,26.93,5.28,4.6,-73.7,204.2,1004.3,-3.5,11.24,-0.26,27.97
101240,66.03,31.03,15.31,0,-30.7,235.3,940.9,4.54,21.67,2.93,28.16
101260,53.19,48.19,13.55,1.23,54.5,201.2,894.9,12.81,10.94,2.02,28.99
101280,32.51,57.68,30.02,1.09,-40.5,113.7,825.2,17.74,7.77,6.92,29.02
101300,16.76,56.75,52.28,2.34,56.3,114.9,835.0,17.82,-6.1,4.5,29.56
101320,4.03,53.83,60.72,0.72,106.3,26.1,825.0,22.03,7.56,1.61,29.62
101340,8.23,40.4,76.21,1.44,22.8,42.8,774.3,19.79,1.59,2.04,30.27
101360,0,31.04,86.92,9.25,152.2,-150.1,817.5,23.6,-1.91,-1.01,30.24
101380,0.17,13.79,89.69,16.51,95.9,-42.8,829.6,13.71,-8.42,-8.25,30.37
101400,0,11.67,78.64,22.15,162.3,-14.1,848.9,16.41,-11.53,-4.51,30.87
101420,0,2.46,66.15,39.5,21.0,-99.5,849.1,9.89,-16.37,-2.71,30.89
101440,0,2.11,52.7,51.89,151.5,-93.9,892.6,11.44,-17.34,-2.72,30.87
101460,5.56,1.2,35.78,67.53,-44.4,-116.6,977.7,5.38,-21.62,-2.89,30.72
101480,1.55,0,23.08,64.46,-22.9,-150.7,985.9,-1.96,-17.87,0.57,31.18
101500,1.47,0.28,14.26,58.51,8.9,-195.0,1043.5,-0.43,-13.92,4.56,30.93
101520,0,1.84,9.94,49.58,-27.4,-126.8,999.0,-3.41,-19.87,2.61,30.9
101540,1.45,3.05,5.48,34.27,-146.3,-96.8,969.8,-15.03,-16.52,4.94,30.87
101560,0,0,3.39,22.48,-87.6,-82.8,978.0,-20.06,-20.77,3.97,30.78
101580,0,0,0,8.68,-86.6,-96.8,980.2,-17.42,-10.23,0.3,30.55
101600,0,0,3.63,7.02,-108.9,-83.4,1002.8,-22.8,-1.31,0.5,30.12
101620,0,1.25,2.54,2.95,-33.9,-38.2,1028.5,-23.4,14.62,-4.59,29.79
101640,4.1,0.87,0,0,-145.3,89.2,964.8,-20.78,-0.48,-1.15,29.83
101660,0,0,6.66,1.42,-107.8,68.3,991.6,-13.28,6.7,-4.46,29.47
101680,0,0,0,0,-85.5,84.0,991.8,-12.32,12.42,-8.99,29.19
101700,0.18,1.91,0,2.53,-102.8,227.8,1036.1,-8.53,11.93,-3.51,28.81
101720,0,3.92,0.25,0,96.8,140.6,986.1,-4.21,15.78,-1.29,28.21
101740,77.43,23.54,4.52,0,-1.1,209.6,1020.2,0.05,26.57,-1.2,27.98
101760,67.56,36.61,8.46,0,6.0,114.5,920.8,4.37,21.34,2.86,28.68
101780,51.34,50.67,19.69,0,105.6,39.1,893.3,10.69,20.41,5.31,28.51
101800,28.08,58.66,28.19,0.4,-18.2,68.1,813.1,12.62,17.79,2.3,28.93
101820,14.1,58.32,44.29,0.84,38.3,68.1,865.3,15.03,2.83,2.76,29.55
101840,3.82,54.67,58.58,1.59,103.1,21.9,853.8,19.88,0.73,0.76,29.8
101860,3.66,39.0,76.49,2.38,57.1,-9.6,836.9,23.35,2.69,1.23,30.28
101880,0,27.87,80.87,4.24,44.7,7.2,802.4,21.37,-3.46,1.43,30.48
101900,0,17.49,89.22,15.09,105.5,-124.4,841.3,22.62,-6.51,-3.87,30.68
101920,0,11.93,78.1,24.24,38.9,-187.3,858.8,17.95,-12.34,-3.55,30.53
101940,3.35,0.25,65.56,41.62,69.7,-95.8,886.1,10.63,-9.13,-4.83,30.74
101960,0,6.69,52.3,52.3,77.4,-121.9,899.1,10.75,-17.74,-3.73,30.85
101980,4.6,1.5,40.49,60.23,30.0,-169.7,999.3,7.05,-15.79,-1.21,30.86
102000,0.37,1.35,28.8,69.04,8.7,-189.0,967.5,-5.4,-19.53,2.29,31.08
102020,0,3.86,14.99,60.11,-9.6,-101.3,1033.5,3.25,-11.91,-0.37,30.83
102040,3.45,0,9.1,49.89,-17.7,-239.1,986.3,-1.7,-8.65,3.98,31.0
102060,0,0,1.99,32.88,-128.6,-92.8,1036.8,-15.5,-18.21,4.78,30.84
102080,0,0,6.26,25.88,5.6,-72.5,1053.1,-8.85,-10.12,7.15,30.61
102100,0.33,1.7,0,15.33,-110.5,-105.0,963.0,-16.1,-10.61,2.14,30.28
102120,0.42,1.84,2.82,7.25,-100.9,69.2,997.8,-26.21,-5.11,2.69,30.31
102140,2.49,1.31,2.12,2.13,-170.4,32.8,1049.8,-22.41,-3.72,-1.13,29.84
102160,0,0,0,7.3,-31.2,34.9,977.6,-18.89,-1.54,-3.3,29.86
102180,0,0,0,0,35.2,88.1,976.1,-11.55,3.59,-1.37,29.14
102200,0.78,0,0.21,3.67,33.5,149.3,1013.9,-14.31,10.3,-6.32,28.77
102220,0,0,0,0,-15.7,173.4,950.2,-11.29,12.87,-4.83,29.27
102240,5.49,0,0,1.15,-6.2,232.4,1052.2,-6.69,16.53,0.31,28.06
102260,2.25,4.56,0,0,-56.0,135.8,992.4,-2.75,20.91,0.81,27.73
102280,69.22,31.79,15.54,3.53,33.1,199.6,990.5,10.96,20.87,6.43,28.69
102300,51.69,46.11,16.4,0,14.1,116.8,932.5,4.02,21.44,6.27,28.94
102320,34.49,53.28,26.41,2.8,68.5,211.7,847.1,13.41,18.21,8.44,29.04
102340,16.3,59.51,46.13,0.39,7.1,169.2,873.1,12.79,8.66,2.47,29.43
102360,9.92,54.36,53.86,0,49.1,107.3,819.0,15.6,7.77,0.82,29.49
102380,6.51,41.73,71.58,3.01,186.7,15.8,791.7,19.42,-0.34,3.8,30.17
102400,3.15,31.51,85.17,2.83,7.0,18.5,752.9,21.06,-8.91,-0.67,30.27
102420,3.65,18.35,88.56,6.5,154.2,-153.7,786.3,26.11,-8.36,-3.15,30.64
102440,3.97,8.81,84.26,20.8,43.8,-58.2,871.0,16.33,-19.02,-4.2,30.72
102460,0,5.98,70.71,36.89,67.9,-93.2,873.7,11.69,-17.0,-5.0,30.72
102480,1.13,2.74,54.5,55.27,-48.0,-167.4,950.6,7.01,-18.53,-1.39,30.97
102500,0,4.71,38.54,63.38,-2.6,-125.4,904.3,-0.82,-22.0,-2.78,30.97
102520,0,0.59,22.06,70.24,-79.5,-141.4,946.7,2.97,-18.84,1.86,30.86
102540,1.49,0,13.32,60.31,-71.0,-195.9,1001.1,-6.27,-21.09,0.39,30.63
102560,4.9,0,5.16,58.06,8.8,-57.2,976.9,-9.45,-4.93,3.4,31.11
102580,0.52,2.04,1.5,41.37,-169.1,-254.3,985.4,-12.45,-15.69,5.97,30.66
102600,0,0,0,25.1,-64.3,-119.4,1018.5,-17.53,-14.86,5.22,30.67
102620,1.45,0.82,0,13.29,-84.7,-44.1,917.5,-26.8,-6.88,-1.81,30.61
102640,2.65,0,0,11.69,-65.5,-25.7,979.3,-11.56,5.2,1.68,30.11
102660,0.35,3.95,0,2.69,-13.2,20.4,1061.3,-16.54,0.02,-2.65,30.16
102680,2.98,0,0,3.0,-107.8,111.9,993.9,-15.41,6.53,-6.22,29.68
102700,0.93,0,0,0,-174.8,62.6,991.4,-19.45,9.18,-1.99,29.51
102720,0,4.03,0,0,-87.7,146.4,979.6,-12.28,22.57,-4.0,29.0
102740,1.54,2.91,0.26,1.07,-94.8,40.4,953.1,-8.92,24.66,-3.03,28.71
102760,2.7,3.33,2.11,3.18,55.0,52.6,981.3,-6.94,8.33,-5.28,28.26
102780,1.69,0,0.4,0,17.0,187.4,1026.8,-1.91,28.26,-0.68,28.1
102800,72.51,26.98,11.53,0,55.6,150.1,1011.2,2.64,21.01,3.06,28.45
102820,57.39,50.78,18.69,0,185.1,144.3,894.5,6.06,12.72,4.48,28.52
102840,30.22,49.68,33.49,5.82,92.5,157.1,902.8,11.77,24.26,1.74,29.07
102860,22.5,55.49,44.04,0.57,129.6,88.8,849.8,15.15,16.17,5.25,29.67
102880,12.41,57.46,61.86,2.57,84.9,57.1,788.8,19.69,7.54,4.43,29.71
102900,0.61,45.42,76.45,0,182.3,90.6,757.3,15.5,-4.13,1.32,29.84
102920,3.3,27.39,79.43,0.6,104.1,-41.3,765.7,20.51,-2.71,2.66,30.26
102940,0,18.94,93.07,7.37,166.3,-68.2,818.9,15.7,-13.1,-2.65,30.46
102960,0,8.11,78.69,15.81,124.8,-72.4,900.1,16.1,-7.54,-2.37,30.82
102980,0,1.94,72.53,34.41,53.2,-223.3,851.2,17.88,-16.43,-5.78,30.54
103000,4.5,0,61.38,46.36,164.7,-150.7,919.2,13.85,-9.65,-7.69,31.02
103020,0.26,0,36.9,63.64,37.0,-80.2,923.4,3.87,-13.56,-5.36,30.93
103040,0,0,27.31,69.34,91.4,-199.9,1031.5,-0.75,-23.99,-2.16,30.73
103060,0,5.64,17.78,62.0,12.9,-228.4,961.4,0.95,-15.63,-0.16,30.57
103080,0,0,9.22,51.89,-86.2,-154.0,985.0,-4.54,-29.66,3.81,30.79
103100,0,0,6.77,37.18,-53.4,-150.8,1025.0,-11.61,-13.45,6.05,30.63
103120,0,0.8,4.93,32.3,-83.7,-83.7,1015.8,-17.3,-14.52,2.07,30.46
103140,0,0,2.51,11.88,-100.7,-65.5,951.5,-21.08,-19.82,3.92,30.29
103160,0,0.89,3.57,8.71,-159.8,16.8,1033.6,-21.22,-3.18,3.73,30.33
103180,0.71,0,4.48,0,-72.4,-10.7,966.5,-19.39,-6.57,0.52,30.03
103200,0,0,0,3.84,-64.8,16.2,954.6,-18.94,9.48,-3.62,29.4
103220,0.02,3.16,2.4,0,-156.1,116.8,997.2,-23.11,10.25,-4.81,29.6
103240,0,0,0.38,5.57,-13.3,77.2,976.8,-6.72,20.6,-8.81,29.33
103260,0.03,0,0,0,-100.0,160.2,997.5,-5.62,19.1,-4.64,29.15
103280,0,4.37,0.8,0,-35.1,219.4,991.0,-3.42,19.52,-4.1,28.5
103300,0,4.18,0,0,-88.2,163.2,1005.1,-4.07,19.82,-0.74,27.86
103320,72.26,26.2,10.24,0,76.7,189.2,956.9,4.67,24.97,3.09,28.39
103340,57.68,45.19,19.43,1.38,59.7,99.9,940.3,9.28,8.61,5.52,28.6
103360,39.67,54.95,20.54,3.58,83.8,163.4,831.1,10.34,17.02,1.78,28.99
103380,17.82,59.96,44.55,0,107.2,106.6,811.5,12.12,20.92,6.42,29.29
103400,7.11,55.15,53.09,0.33,91.0,-41.0,770.1,20.27,13.97,6.31,29.24
103420,2.48,40.64,71.57,0.65,155.2,56.6,810.5,22.09,9.65,0.14,29.83
103440,0,33.6,85.87,3.47,101.0,14.3,781.9,20.55,2.24,-5.39,30.18
103460,0.21,20.7,81.31,11.13,137.2,-30.3,818.6,18.63,3.91,-5.4,30.36
103480,0,12.57,84.75,17.18,106.1,-33.8,815.2,18.01,-6.91,-6.83,30.83
103500,0,9.92,69.59,34.99,138.4,-133.1,864.9,15.59,-24.23,-1.75,30.52
103520,0,1.79,59.19,47.32,40.0,-88.0,910.3,11.52,-7.7,-6.12,30.68
103540,5.34,0,44.99,63.52,-48.9,-276.1,930.7,9.09,-16.78,-3.57,31.02
103560,1.01,3.96,26.96,63.53,16.3,8.7,1002.4,0.57,-16.09,1.72,30.74
103580,0,4.94,18.46,61.02,84.6,-116.2,955.4,-7.16,-21.39,-0.67,30.82
103600,1.0,0,15.36,53.65,-55.4,-129.5,963.2,-7.56,-8.21,5.12,30.94
103620,0,2.01,7.37,40.83,-173.6,-123.8,979.7,-11.63,-12.56,3.44,30.76
103640,0,0,1.09,29.12,-93.5,-87.7,965.5,-17.01,-14.99,4.52,30.57
103660,0,0,0,11.73,-65.3,-66.3,1028.8,-20.69,-10.4,2.27,30.31
103680,0.1,0,0,5.95,-71.5,64.2,1054.4,-23.3,-7.63,-0.94,30.26
103700,4.18,0,0,6.17,-218.9,-60.3,1003.4,-20.89,9.11,0.56,30.27
103720,1.89,3.26,0,2.66,-69.9,82.5,986.3,-19.35,-1.58,-2.22,29.69
103740,0,0,0.72,0,-33.4,57.4,1021.3,-16.19,12.74,-4.24,29.39
103760,0.94,0.65,0,5.94,7.7,162.1,981.2,-11.28,17.27,-3.15,29.13
103780,0.96,0,0,0.44,-99.2,170.7,1012.5,-6.98,2.51,-2.66,28.86
103800,0,1.56,1.47,0,-134.4,156.3,1025.6,-3.85,21.61,0.08,28.73
103820,0,0,0,6.86,-28.5,184.0,1032.4,-4.81,21.99,0.02,28.49
103840,73.5,33.54,10.73,0,-72.3,128.4,946.8,1.72,17.1,2.32,28.21
103860,57.01,43.71,14.42,1.27,72.0,150.5,897.5,10.83,14.26,3.1,28.45
103880,36.46,56.22,29.43,2.41,23.4,142.0,883.5,17.99,6.86,7.06,29.04
103900,17.46,60.87,41.84,0,26.9,61.3,833.8,17.17,13.53,1.2,29.26
103920,8.98,55.98,52.22,2.23,86.7,17.1,801.3,17.23,8.42,3.16,30.21
103940,0,43.58,72.31,0,146.4,18.9,810.4,27.84,3.46,2.07,29.76
103960,0,32.66,81.39,1.63,156.9,-34.3,825.5,19.47,4.34,-2.21,30.16
103980,3.08,27.06,89.06,13.81,76.7,-199.6,778.2,16.97,-1.6,-3.51,30.4
104000,0,16.22,88.83,22.39,114.6,-123.8,817.7,19.38,-5.9,-5.09,30.37
104020,0,6.79,67.73,33.49,147.7,-70.5,853.2,17.23,-16.79,-6.36,30.95
104040,3.75,1.8,59.15,43.88,14.7,-138.2,918.2,6.91,-7.4,-2.91,31.12
104060,0,1.59,39.3,62.26,28.6,-158.8,988.4,1.32,-16.83,-4.29,30.58
104080,0,0.07,34.12,64.76,73.3,-132.3,991.9,2.82,-20.48,-2.76,30.85
104100,0,0.39,20.82,64.45,10.2,-204.7,1008.4,-1.16,-19.55,1.8,30.93
104120,0,6.56,3.47,53.86,-84.6,-79.1,973.7,-14.12,-20.72,3.92,30.67
104140,0.59,0,6.06,46.02,-50.6,-90.2,1010.6,-13.44,-5.85,3.94,30.75
104160,0,1.41,7.57,25.01,18.3,-59.6,1033.0,-19.43,-15.99,6.61,31.0
104180,0,0.64,6.8,18.5,-182.5,-62.5,958.2,-12.62,-18.73,2.15,30.08
104200,2.53,2.28,0,5.97,-108.8,-16.7,1018.6,-24.02,-7.43,-1.02,30.39
104220,0.22,2.62,4.15,8.06,-138.5,-8.2,1030.9,-22.99,-8.04,-1.02,29.8
104240,0,0,0.7,0,-50.2,54.2,985.8,-19.61,11.4,-5.47,29.67
104260,0,0,0,0,-31.3,140.6,988.5,-19.26,2.5,-2.65,29.4
104280,0,0,0,0.41,-63.0,59.8,960.9,-21.47,18.9,-0.11,29.3
104300,0,0,3.01,0,-94.6,113.0,1023.8,-9.34,15.76,-6.16,28.72
104320,0.89,0,0,0,-17.4,139.1,1032.4,-7.22,14.98,0.07,28.53
104340,0,2.55,3.97,0.39,-72.9,139.9,1003.0,-1.38,20.63,1.41,28.29
104360,76.45,31.12,7.22,0,35.0,211.5,1027.9,-1.27,19.86,-1.25,28.13
104380,56.54,38.55,17.81,0,72.3,152.2,899.7,8.25,30.41,1.93,28.7
104400,41.92,53.99,25.57,2.61,-16.9,104.1,877.9,9.5,20.27,5.01,28.96
104420,14.66,56.61,44.98,3.82,59.5,165.9,837.1,16.52,18.53,5.12,29.1
104440,9.49,56.46,52.45,0.65,52.2,62.1,774.3,19.9,10.89,4.54,29.81
104460,7.41,48.74,71.14,0.32,61.9,-11.8,815.6,19.78,4.9,3.25,29.86
104480,0,29.98,82.33,11.96,58.0,92.8,823.0,18.08,0.45,2.28,30.06
104500,0,25.88,88.46,14.43,135.4,-24.5,789.5,20.19,-5.18,0.35,30.34
104520,0,11.11,91.77,16.02,95.6,-55.5,813.7,17.02,-12.62,-6.86,30.34
104540,0,5.31,76.32,31.36,48.8,-149.2,862.6,15.1,-9.9,-7.61,30.47
104560,1.38,0.5,62.67,43.92,90.6,-189.7,895.8,14.93,-13.93,-5.03,31.13
104580,0,0.49,44.49,55.76,23.0,-140.6,931.7,3.95,-17.83,-3.29,31.2
104600,0,0,32.05,62.6,53.1,-134.9,991.8,2.8,-24.63,-1.82,30.58
104620,1.03,0,16.7,62.55,45.8,-161.8,976.3,-7.1,-20.77,1.48,30.79
104640,2.9,0,10.85,53.35,-54.2,-232.2,979.6,-5.35,-19.65,2.94,30.65
104660,0,0,5.72,44.44,-103.5,-98.2,988.2,-14.33,-15.01,2.91,30.6
104680,0,0.27,0.08,29.22,-65.9,-159.7,1045.7,-15.84,-17.42,1.46,30.92
104700,0,0,0.63,15.6,-105.1,0.1,1008.3,-15.68,-15.38,5.04,30.57
104720,0,0,0,12.12,-93.3,-35.6,958.0,-19.03,-5.06,0.94,30.33
104740,0,0,0,1.28,-76.1,-59.7,955.5,-17.87,3.47,1.72,29.57
104760,1.99,0,0,4.09,-106.2,126.6,1050.1,-19.59,-3.66,-3.82,29.76
104780,0,0.39,0,0,-97.3,124.7,964.3,-17.07,12.89,-7.47,29.46
104800,0.02,0,1.59,0.67,-204.3,228.4,964.5,-12.36,16.77,-5.74,29.18
104820,0,1.43,0,2.95,28.0,221.0,978.1,-9.43,20.52,-5.85,28.98
104840,0,3.69,0,0.9,-45.0,161.3,986.8,-5.42,20.07,-4.43,28.42
104860,0,5.18,1.7,0,0.7,142.9,1015.6,1.33,21.52,-0.95,28.08
104880,71.73,27.13,12.01,0,59.1,124.9,969.7,0.07,20.92,4.71,28.71
104900,61.8,46.98,10.95,0,-61.4,74.9,923.4,5.41,24.15,4.37,28.44
104920,45.03,44.08,27.09,1.74,-30.1,154.7,884.9,7.82,13.76,2.02,28.78
104940,19.21,58.58,40.07,0,78.8,116.2,937.0,14.49,15.17,2.84,28.99
104960,6.41,60.61,51.93,0,183.9,79.3,848.3,18.84,9.56,5.31,29.43
104980,7.21,49.44,68.74,2.46,90.3,36.3,752.3,16.03,5.97,5.33,29.66
105000,5.87,34.91,79.28,3.73,10.0,95.7,756.8,22.86,9.84,-1.51,29.68
105020,2.53,21.07,83.11,3.06,84.4,-50.9,783.9,17.85,-6.79,0.83,30.02
105040,5.34,19.2,83.84,18.78,83.6,-138.6,863.0,22.17,-7.03,-6.02,30.67
105060,2.64,8.49,77.39,26.17,49.0,-158.3,839.1,20.71,-11.22,-6.2,31.08
105080,2.3,5.7,67.53,45.62,55.7,-153.8,859.9,13.05,-19.92,-4.78,30.71
105100,3.09,0.19,42.86,57.12,-69.9,-221.3,936.5,3.4,-14.98,-8.04,31.17
105120,0,0,36.15,65.2,-13.7,-110.3,933.4,5.92,-4.61,-1.73,31.19
105140,4.99,2.02,14.28,63.13,-36.0,-235.9,1004.7,-2.9,-13.79,1.86,31.23
105160,0.31,0,10.89,58.58,-49.4,-194.3,1074.4,-1.87,-26.66,2.86,31.1
105180,0,9.38,5.41,48.61,-33.0,-38.7,1023.3,-10.95,-20.39,4.34,30.62
105200,5.5,0.09,0,29.33,-167.4,-69.6,963.2,-13.67,-9.83,3.67,30.46
105220,4.84,2.66,0,21.3,-146.2,-42.2,996.2,-16.46,2.45,7.28,30.33
105240,0,2.43,3.06,12.36,-131.5,-71.0,1028.3,-19.6,0.73,2.77,30.27
105260,0,0.8,0,8.0,-115.7,12.3,1016.4,-23.73,-5.38,4.15,30.33
105280,0,0,1.38,0,-152.4,108.0,956.8,-20.09,6.15,-1.27,29.64
105300,0.17,1.92,0,0,-74.8,29.6,991.7,-20.13,6.94,-8.08,29.56
105320,3.58,5.25,0,2.78,-63.2,124.7,1079.1,-13.44,21.55,-7.49,28.96
105340,3.97,4.69,0.79,1.32,-63.1,192.5,927.6,-6.4,12.8,-5.8,28.99
105360,0,0,0,2.45,-45.2,178.6,992.0,-4.18,14.74,-5.86,28.14
105380,0.7,0,0,0,-42.1,140.0,1041.5,-2.57,16.06,-3.72,28.14
105400,75.87,26.1,7.32,0,-8.8,124.7,1014.9,0.31,11.56,0.7,28.2
105420,62.59,37.92,13.0,2.01,18.0,140.8,928.5,4.25,16.54,5.92,28.43
105440,43.78,47.88,25.18,0.25,-20.2,121.6,822.6,12.31,17.14,5.54,28.94
105460,23.36,58.65,34.55,0,84.2,94.1,900.0,10.81,6.87,7.77,28.88
105480,8.78,62.22,57.07,0,134.9,14.7,859.9,17.03,11.75,0.74,30.1
105500,0,55.78,68.67,2.43,103.1,23.7,851.6,18.64,5.2,0.91,29.97
105520,1.29,34.04,77.49,7.06,103.5,21.7,791.3,22.52,2.39,2.04,30.11
105540,3.45,24.89,85.56,11.53,94.1,60.7,802.6,18.65,-12.79,-4.09,30.48
105560,0,18.87,86.99,18.73,134.6,73.0,816.3,16.76,-2.14,-4.76,30.85
105580,1.93,10.39,75.37,29.38,67.3,-98.5,853.5,14.81,-21.45,-1.78,30.97
105600,3.07,0.83,64.18,39.87,14.4,-104.5,898.9,11.21,-17.22,-2.7,30.87
105620,0,0.61,45.12,52.33,89.1,-131.5,953.3,7.5,-18.95,-2.24,30.92
105640,7.91,1.77,32.48,66.16,62.9,-181.9,985.3,-3.26,-19.3,-2.58,31.12
105660,1.14,0.94,19.09,69.38,93.0,-108.4,991.7,-3.37,-15.61,4.16,31.05
105680,2.59,0,9.17,63.16,-52.2,-135.2,949.2,-10.26,-14.55,6.76,30.55
105700,4.56,5.55,10.01,46.24,-2.7,-152.5,986.6,-16.15,-17.59,5.55,30.72
105720,3.83,2.81,6.18,30.4,-36.4,-106.1,1026.3,-15.55,-2.87,1.41,30.53
105740,2.01,6.67,0,17.15,-182.3,-130.4,1078.7,-18.31,-12.11,3.96,30.67
105760,0,1.87,0,14.47,4.5,12.3,1037.8,-20.15,-3.95,3.8,30.17
105780,0,0,4.08,5.56,-89.8,-38.8,1054.1,-15.26,0.04,-2.21,30.06
105800,0.3,0,1.18,0,-128.1,-51.1,985.2,-15.28,-3.1,-3.29,30.0
105820,8.41,0,0,4.59,-95.9,102.2,984.6,-13.22,3.34,-5.23,29.57
105840,0,0,0,6.29,-108.9,121.4,1019.3,-10.64,9.95,-5.51,29.56
105860,0,0,0,4.52,-114.5,128.0,1043.0,-7.66,20.26,-4.12,28.98
105880,1.63,0,0,3.29,-92.3,172.7,994.9,-8.38,20.79,0.6,28.57
105900,0,1.61,0,1.71,25.1,76.8,985.7,-8.69,15.13,-2.34,28.08
105920,75.9,28.41,9.59,2.19,-15.8,96.7,990.3,-0.45,35.09,1.84,28.21
105940,63.33,37.18,14.23,4.35,29.9,193.9,1001.8,7.77,17.18,1.86,28.51
105960,44.81,49.4,22.89,0,88.9,149.8,923.4,10.97,14.37,5.02,29.27
105980,28.18,55.99,32.5,0,91.2,65.3,862.1,16.49,16.68,7.17,28.98
106000,7.64,56.81,48.56,2.1,44.2,73.7,820.5,17.78,8.51,4.53,29.77
106020,1.23,53.09,62.56,0,57.3,53.9,858.0,17.74,4.27,1.35,29.75
106040,4.05,39.09,77.66,3.13,110.8,117.8,808.9,17.51,0.6,1.93,29.98
106060,0,26.43,82.7,10.91,202.4,-4.2,834.4,22.92,1.93,-2.8,30.25
106080,0,11.29,84.43,17.85,44.7,-159.3,832.6,20.96,-11.83,0.96,30.47
106100,1.9,5.92,80.75,25.56,121.1,-170.2,847.0,16.82,-13.01,-6.14,30.61
106120,3.14,2.86,60.1,40.83,26.5,-97.7,859.5,12.27,-13.14,-6.38,31.09
106140,0,0,51.98,57.88,126.2,-86.6,970.2,8.51,-15.34,-5.67,31.02
106160,0,0,34.47,63.29,34.9,-53.6,944.7,5.71,-23.66,-2.25,31.02
106180,2.01,0,19.83,63.01,-54.5,-90.5,995.8,-0.78,-24.49,-0.65,31.3
106200,2.36,2.46,13.37,57.89,-59.5,-205.9,956.6,-11.25,-22.97,4.29,30.85
106220,0.41,0,10.99,52.33,-114.4,-150.1,1021.2,-8.44,-22.61,6.59,30.81
106240,0,0.73,7.39,34.86,-67.7,-50.7,1066.2,-15.58,-5.11,3.67,30.91
106260,1.04,0,0,17.57,-105.4,10.2,1010.4,-17.61,-23.21,5.31,31.03
106280,0.15,0.04,0,9.69,-45.5,-18.0,1078.4,-16.79,-2.86,2.78,30.35
106300,1.16,0,3.21,1.84,-138.9,15.8,999.0,-24.42,-2.41,0.74,30.05
106320,0,7.17,0,0.98,-93.8,50.3,1060.4,-14.24,0.55,-2.68,29.57
106340,0,0,0,4.22,-144.3,19.1,1045.9,-19.71,5.52,-3.27,29.54
106360,1.71,6.14,2.38,4.01,-8.1,71.5,958.9,-15.61,8.47,-8.59,29.48
106380,0,0,1.4,0,-129.9,143.2,1021.4,-8.12,19.69,-9.75,29.19
106400,0,0.07,0,3.59,-118.2,155.6,1020.8,-14.26,16.1,-2.78,28.7
106420,2.69,0,1.67,0,-17.8,276.5,1052.5,-6.23,21.8,-2.81,28.1
106440,78.78,20.96,5.5,0,-48.6,197.7,960.1,4.32,18.99,4.32,27.99
106460,65.84,35.18,16.85,0,85.3,101.9,882.9,5.49,21.91,2.41,28.79
106480,50.97,49.52,22.12,0,101.4,219.6,911.2,11.91,5.65,3.77,28.8
106500,27.65,61.76,26.7,0,44.9,63.8,907.0,11.7,17.22,3.59,29.15
106520,9.34,57.41,49.0,0,95.5,49.4,836.4,15.66,6.68,3.41,29.58
106540,3.87,45.81,61.94,0.7,92.7,-1.8,794.2,15.57,4.01,3.3,29.62
106560,0,44.16,81.55,9.25,132.4,27.9,821.2,14.78,-5.49,2.08,29.9
106580,4.34,28.24,82.24,7.2,170.2,-5.2,757.1,22.08,-2.65,-2.35,30.36
106600,1.8,17.6,88.95,20.63,119.1,-85.0,813.6,22.16,-19.28,-4.08,30.43
106620,4.64,7.89,79.35,27.54,177.6,-28.2,878.4,18.47,-16.3,-7.04,30.82
106640,0,2.68,64.52,39.97,14.1,-86.1,870.3,4.48,-12.67,-3.52,31.04
106660,0,0,49.7,58.04,-78.3,-165.7,919.7,8.12,-10.36,0.32,31.01
106680,1.16,0,37.28,68.69,-46.3,-132.9,964.7,3.39,-25.1,-3.82,30.97
106700,3.08,0,22.09,65.71,19.0,-137.0,980.4,-2.88,-16.62,-1.93,31.06
106720,0,0.73,12.08,61.93,-67.4,-105.7,990.6,-1.14,-20.31,2.18,30.72
106740,0.32,0,2.5,49.96,-113.1,-193.1,1006.5,-11.63,-21.64,6.81,30.94
106760,0,1.38,9.45,31.16,-113.1,-19.7,1010.9,-15.76,-11.86,4.5,30.74
106780,0,3.77,4.32,24.73,-41.5,-0.9,978.8,-20.95,-12.84,2.57,30.41
106800,0,0,1.06,15.02,-55.8,-114.1,987.3,-17.91,0.99,2.92,30.44
106820,2.2,0,0,8.41,-112.5,-46.7,1009.6,-20.41,-9.66,3.61,30.31
106840,0,2.97,0,1.19,-109.7,47.5,963.8,-22.65,3.73,-2.91,29.93
106860,1.96,2.06,1.72,0,-138.7,7.8,1019.2,-14.8,8.87,-2.5,29.61
106880,1.37,1.53,1.55,2.73,-99.5,103.0,981.7,-15.62,1.59,-8.38,29.15
106900,0,0,3.25,0,-79.9,72.6,1013.7,-9.84,14.91,-2.99,29.14
106920,0,0.45,3.35,2.36,-21.1,179.4,988.7,-9.48,18.01,-6.24,28.82
106940,0,1.6,1.69,1.3,-31.9,197.4,978.1,-6.76,18.17,-1.1,28.17
106960,75.08,23.97,6.85,0,-20.8,152.6,1042.1,0.11,23.22,-1.73,27.67
106980,67.79,35.95,10.92,0,-5.9,132.2,951.1,3.92,23.18,4.5,28.19
107000,46.96,51.8,15.33,0,48.9,242.6,889.4,12.57,13.98,2.96,28.95
107020,27.56,53.29,32.14,0,118.7,102.5,840.0,16.27,19.64,8.01,29.07
107040,8.18,52.98,47.56,2.47,70.6,118.8,788.5,16.75,11.95,1.47,29.23
107060,12.3,49.38,66.58,0,88.6,19.0,801.0,17.64,16.36,4.49,29.87
107080,4.08,46.94,75.54,2.43,112.2,17.6,751.1,22.41,1.47,1.52,29.91
107100,4.83,29.25,89.27,3.77,155.3,21.5,798.4,15.57,-5.54,-3.98,30.46
107120,2.23,18.82,82.5,9.54,129.4,4.3,797.9,17.19,-5.6,-4.86,30.69
107140,0,10.92,76.23,25.55,-25.0,34.1,817.5,16.6,-14.0,-6.27,30.58
107160,0,8.56,71.27,35.14,9.8,-148.4,904.7,11.8,-11.85,-3.51,30.82
107180,0,1.36,44.65,55.77,67.4,-145.6,927.1,10.31,-15.33,-6.37,30.99
107200,0,0.55,39.64,62.56,-9.8,-71.3,924.8,6.37,-24.56,-0.23,30.72
107220,0,0,24.17,69.85,29.0,-122.5,1017.4,-1.79,-17.66,-0.35,30.85
107240,0,0,10.61,64.18,37.6,-157.8,985.8,-6.88,-14.36,6.32,31.04
107260,0.95,0,7.57,48.63,-13.9,-86.9,1060.8,-12.2,-15.63,4.3,31.0
107280,0.26,0.17,7.22,35.74,13.8,-50.7,977.4,-12.65,-10.37,1.27,30.91
107300,4.62,0,0,19.5,-70.0,-99.3,1021.5,-24.95,-10.57,6.75,30.47
107320,0.11,0.33,3.9,13.61,-226.1,-43.7,1003.1,-21.36,-13.31,6.15,30.67
107340,0.35,6.11,0,6.73,-151.1,-24.2,1023.9,-20.25,-5.36,2.06,30.31
107360,0,3.07,2.2,4.56,-166.2,-5.3,925.2,-21.16,2.2,-1.86,30.12
107380,0,0.34,0,0.54,-122.7,37.9,1020.0,-20.31,4.59,-1.59,29.27
107400,0,0,0,4.69,-90.9,30.3,962.9,-21.64,6.4,-5.12,29.46
107420,0,0,1.54,0.05,-103.2,120.1,979.8,-9.94,12.22,-5.41,29.08
107440,2.41,4.06,0.3,0,-77.1,176.6,982.9,-9.07,17.48,-4.19,28.49
107460,5.77,0,0,0.97,-10.4,53.2,975.9,-3.12,12.85,0.72,28.63
107480,82.35,21.2,4.53,0.79,70.7,141.5,985.0,0.82,19.84,1.62,27.87
107500,72.17,36.1,7.6,10.15,33.5,146.0,1025.5,8.8,22.16,-0.36,28.59
107520,53.76,44.58,17.15,2.26,52.2,225.1,884.8,4.93,17.51,2.82,28.76
107540,27.99,51.44,36.89,0,89.5,107.6,832.3,15.91,10.41,5.12,29.16
107560,10.15,60.01,44.18,2.5,41.8,155.9,835.3,17.06,12.57,6.11,29.34
107580,5.85,54.55,60.88,1.31,144.6,-36.2,793.1,17.9,7.32,1.36,29.86
107600,0.85,46.79,77.08,4.72,112.9,-0.7,814.3,20.73,7.39,1.09,29.68
107620,0,32.85,82.35,9.92,147.7,-68.6,745.3,21.75,-5.3,-1.06,30.05
107640,3.23,23.32,89.31,16.4,118.2,-75.4,747.1,13.12,-5.09,-3.23,30.39
107660,4.8,14.16,80.09,21.16,138.5,-102.0,816.4,15.27,-13.22,-1.29,30.33
107680,0,3.79,64.18,40.1,53.4,-77.4,864.9,12.13,-12.4,-7.17,30.48
107700,0,2.42,52.28,54.49,-0.1,-197.6,944.6,10.56,-18.32,-4.9,30.89
107720,0,0.11,40.99,65.19,-40.5,-150.0,968.4,11.3,-13.49,-0.9,31.21
107740,0.02,0.94,25.76,66.05,99.0,-178.5,995.0,-3.04,-20.39,-2.52,30.99
107760,0,0,12.2,57.13,-149.8,-182.4,982.9,-6.35,-20.6,-0.67,30.76
107780,0.2,0.44,9.28,48.42,-55.1,-137.6,1007.2,-8.42,-26.67,2.55,31.31
107800,0,1.88,3.74,37.1,-145.5,-226.5,990.4,-18.25,-15.36,4.99,30.91
107820,0,3.9,0,26.78,-50.7,-145.9,962.1,-19.1,-1.17,2.79,30.75
107840,0,1.57,1.47,13.91,-84.9,-30.7,977.0,-12.78,-5.0,2.08,30.71
107860,2.65,0.07,1.27,4.88,-42.7,-64.3,946.6,-22.73,0.14,0.9,30.03
107880,3.84,0,0,3.18,-141.3,21.1,1033.1,-20.96,4.79,-1.9,30.01
107900,0,0,2.25,0,-99.1,33.1,1022.9,-15.45,5.77,-5.51,29.94
107920,2.75,3.42,0.52,0,-44.5,136.7,1017.8,-14.43,3.06,-6.42,29.5
107940,0,0,0,0,-105.2,67.9,997.7,-14.88,9.81,-5.31,29.09
107960,4.17,0.55,0,0.91,8.6,161.4,970.8,-12.02,18.05,-4.72,28.77
107980,2.36,0.72,0,0,-26.5,159.7,986.8,-3.27,15.22,-2.3,28.21
108000,80.32,22.55,7.68,6.77,32.5,152.2,931.4,3.43,21.47,-0.38,27.71
108020,70.26,35.25,9.79,0,5.1,119.8,938.9,3.32,24.93,3.51,28.19
108040,49.76,42.79,18.44,0,33.2,159.9,954.9,5.94,21.45,1.92,28.26
108060,28.98,61.0,29.17,3.31,49.4,213.3,851.9,14.13,17.92,3.9,28.98
108080,17.08,59.45,44.9,0,22.3,87.6,859.4,18.74,24.16,5.13,29.56
108100,5.04,54.57,54.95,0.98,79.4,87.2,788.8,20.84,-2.41,3.75,29.96
108120,1.92,43.75,74.49,4.77,15.6,27.2,835.5,15.91,2.36,2.87,29.5
108140,0.36,29.97,84.6,8.28,143.5,0.4,809.4,15.78,0.68,-6.55,30.35
108160,0.69,19.36,87.12,10.59,141.4,-55.7,853.3,19.33,-5.08,-1.09,30.43
108180,0,10.83,84.72,23.67,122.5,-160.9,883.8,16.19,-6.87,-1.99,30.5
108200,0.22,0.95,71.04,44.39,157.4,-54.5,876.3,15.1,-18.8,-6.87,30.75
108220,4.7,2.39,52.51,52.57,55.5,9.3,910.2,9.85,-22.41,-4.01,30.92
108240,2.27,0,33.12,67.83,77.4,-114.0,941.2,7.25,-19.96,-1.38,31.04
108260,0,4.58,27.48,71.92,36.7,-200.1,981.0,-0.36,-19.67,-1.1,31.0
108280,0,0,22.33,62.77,-120.0,-153.3,1001.8,-4.29,-11.03,0.14,30.95
108300,1.72,0,6.8,56.36,-95.5,-204.0,1005.2,-9.69,-10.77,2.49,31.12
108320,0,0,3.79,38.97,-61.4,-46.3,1013.3,-15.66,-23.42,4.62,31.23
108340,2.46,0.18,2.83,27.51,-6.5,-35.8,1008.0,-16.45,-8.6,7.42,30.76
108360,1.28,0,0,14.02,-37.6,-3.4,992.1,-13.92,-7.64,0.27,30.18
108380,0,0,0,3.14,-92.5,44.1,985.6,-19.41,4.13,4.23,30.84
108400,0,0,0.01,3.85,-56.4,22.4,993.3,-18.44,-8.03,-2.14,30.18
108420,0,0,0,1.14,-151.3,-11.4,960.3,-22.45,2.56,-6.62,29.52
108440,0,2.33,0,0,-199.8,102.8,1090.4,-23.44,19.49,-3.45,29.63
108460,0,0,3.01,0,-88.8,47.5,1013.0,-13.34,14.44,-5.87,29.49
108480,0,0.89,1.14,0,-35.5,191.7,1022.6,-13.17,15.45,-1.81,28.75
108500,3.49,0,5.05,0,40.3,179.4,977.4,-4.09,23.6,-3.19,28.44
108520,2.02,4.61,0,4.47,-12.8,148.7,1023.4,-0.28,19.0,2.52,28.17
108540,68.23,25.65,10.57,3.59,35.2,204.0,932.9,12.02,23.05,2.34,28.17
108560,56.19,44.82,17.47,6.64,141.8,121.7,946.1,10.58,13.27,4.0,28.83
108580,32.49,54.09,26.39,0,150.3,119.8,864.1,13.3,8.0,6.55,29.18
108600,21.22,58.47,43.99,0,97.8,27.3,854.9,15.51,7.76,6.03,29.43
108620,8.44,58.3,56.84,1.32,41.2,45.6,832.1,17.94,6.87,6.29,29.72
108640,5.99,41.28,74.01,0,186.8,-6.8,758.2,17.97,-0.28,-0.4,29.92
108660,0.87,31.26,83.37,7.14,123.6,-50.3,827.7,25.6,0.97,-2.06,29.9
108680,0,20.64,88.96,13.6,72.8,-140.9,745.4,18.21,-7.08,-0.11,30.2
108700,0.97,15.23,80.12,22.69,181.6,-101.0,769.7,18.93,-11.77,-3.45,30.93
108720,1.2,9.34,70.25,37.76,69.3,-91.3,855.9,12.4,-9.94,-3.14,31.35
108740,0,5.41,61.59,49.58,-10.6,-128.5,899.4,7.52,-9.71,-5.07,30.71
108760,0,5.43,36.98,67.5,116.2,-186.1,927.3,3.57,-12.31,-2.78,30.8
108780,0,8.76,25.26,65.33,-21.4,-95.5,970.1,0.98,-19.43,2.31,31.07
108800,0,2.06,17.57,70.21,-14.4,-135.6,1010.5,-2.29,-19.96,3.09,31.15
108820,0,0,6.8,51.92,-49.2,-145.3,992.5,-8.83,-14.06,6.17,30.94
108840,0.45,0.37,6.53,36.25,-85.0,-141.1,995.3,-18.42,-15.29,4.03,30.43
108860,3.54,0,0,25.54,-123.7,-199.8,972.2,-15.92,-13.58,1.98,30.24
108880,4.35,0,3.45,16.19,-123.5,-38.7,1030.2,-13.99,-9.26,4.75,30.53
108900,1.08,4.84,3.63,4.45,-119.3,-36.9,987.1,-16.32,-0.28,3.12,30.94
108920,0.85,2.0,5.02,8.23,12.6,-11.7,1023.6,-17.35,10.24,1.62,29.92
108940,0,6.08,0,1.11,-34.2,16.2,1012.3,-28.74,7.26,-5.2,29.64
108960,4.29,1.77,0,0,-90.5,160.2,1023.3,-17.5,9.26,-6.3,29.51
108980,0,0.14,1.58,3.12,-120.0,81.9,1007.4,-12.24,14.57,-6.73,28.96
109000,4.88,3.13,0.73,3.6,14.3,93.5,969.9,-8.88,15.56,-5.63,28.87
109020,0,0,0,0,-43.5,186.7,995.0,-4.55,22.89,-5.07,28.3
109040,0,3.56,0,0,34.9,158.4,957.3,-5.92,17.76,-0.77,28.46
109060,69.19,30.25,12.72,2.1,11.2,174.3,946.2,8.19,31.38,2.5,27.93
109080,53.88,43.51,11.34,0,86.7,172.8,947.4,7.53,23.78,6.04,28.9
109100,37.33,50.65,26.74,5.22,111.3,162.0,848.8,8.07,18.33,8.95,28.93
109120,15.48,54.71,44.05,0.91,74.0,143.7,855.8,16.15,4.98,5.07,29.18
109140,6.48,56.98,62.99,0,155.6,166.9,795.2,20.35,11.45,3.11,29.51
109160,1.08,48.08,68.02,5.5,153.7,92.2,788.7,17.9,11.74,0.27,30.07
109180,1.3,35.64,82.16,7.55,119.0,-8.6,806.5,18.36,-10.16,0.93,30.14
109200,1.77,24.82,89.41,12.83,58.9,-58.7,801.5,23.0,-4.46,-1.69,30.38
109220,0,10.88,83.47,27.32,21.4,-43.9,813.6,19.72,-7.23,-6.1,30.57
109240,0,1.12,64.53,36.79,-5.1,-59.1,794.5,14.49,-16.26,-5.76,30.45
109260,0.6,3.29,61.58,43.52,130.7,-176.9,900.3,8.55,-17.06,-6.76,30.4
109280,0.55,2.13,34.68,59.94,42.7,-191.6,930.4,4.49,-14.38,-1.87,30.9
109300,1.39,0,31.56,68.79,-0.1,-209.4,954.6,1.58,-23.84,-0.67,30.9
109320,0,3.64,8.26,62.07,-46.2,-111.5,984.7,-2.84,-24.25,0.2,30.99
109340,4.28,4.81,15.37,57.05,-75.4,-127.0,971.4,-8.25,-8.16,5.66,30.78
109360,3.71,0,4.35,39.26,-130.7,-133.9,1014.6,-15.39,-18.76,9.1,31.17
109380,0,0.74,1.37,31.1,-105.7,-91.3,1010.3,-19.85,-16.55,5.8,30.5
109400,1.04,0,0.39,16.07,-53.9,-116.2,957.6,-21.92,-11.38,5.23,30.81
109420,0,0,0.49,6.55,-100.9,-50.1,1008.7,-20.38,0.38,0.28,30.58
109440,1.31,1.15,0.28,0,-126.5,-70.7,970.1,-22.8,9.97,2.55,29.96
109460,2.99,0,1.19,1.06,-93.9,35.7,1050.2,-20.17,3.76,-1.76,29.67
109480,0,1.78,0.38,3.2,-73.7,33.4,996.1,-13.15,10.23,-5.52,29.24
109500,6.19,0,0.95,2.88,-81.1,86.8,991.7,-17.48,15.82,-7.35,29.1
109520,0,0.87,0,3.65,-104.7,169.9,976.1,-10.76,13.93,-5.74,28.9
109540,5.84,0,0,0,-13.9,240.4,981.9,-3.24,13.41,-0.01,28.35
109560,0,4.08,4.91,2.81,82.6,144.0,1004.4,-1.37,20.33,0.07,28.16
109580,73.62,28.33,10.18,0,-13.7,90.4,978.4,7.1,22.61,3.92,28.35
109600,57.04,42.1,11.73,0.91,-17.9,190.6,952.5,12.25,13.14,3.86,28.71
109620,30.74,48.71,25.73,0,-19.5,169.9,898.7,8.06,13.34,5.73,29.12
109640,16.78,54.29,47.14,0,25.6,55.7,881.7,18.93,10.55,7.74,29.06
109660,7.95,56.98,56.55,0,60.9,-1.5,772.5,19.02,1.09,5.47,29.63
109680,2.47,46.83,73.11,0,64.5,59.0,805.2,23.18,-1.23,5.28,30.07
109700,6.38,34.86,85.5,5.23,5.7,5.0,794.1,17.57,-3.19,-0.89,30.55
109720,8.16,24.3,87.72,9.59,139.3,-65.7,784.9,15.8,-9.39,-2.76,30.44
109740,3.72,8.22,83.21,19.9,43.1,-66.3,810.7,15.05,-11.01,-1.99,30.42
109760,1.6,8.45,71.06,35.68,125.1,-118.6,835.6,14.23,-16.9,-4.01,30.53
109780,0,2.16,54.56,50.55,107.0,-129.1,926.6,2.19,-13.95,-4.08,30.98
109800,0,0.64,44.21,54.67,111.2,-105.3,1005.1,8.59,-9.91,-0.67,30.97
109820,0,0,27.17,64.16,55.3,-148.5,1021.3,3.89,-27.35,0.83,31.03
109840,0.12,0,19.27,67.89,-30.1,-134.6,998.8,1.93,-25.57,-1.53,30.79
109860,3.14,0,6.47,55.92,-105.2,-104.2,999.5,-2.98,-16.49,6.39,31.3
109880,0,0.6,5.76,47.5,-0.6,-185.2,1007.1,-9.66,-11.69,5.16,31.23
109900,0,3.94,4.97,25.57,-75.0,-85.4,1035.7,-15.76,-12.35,5.56,30.73
109920,0,0.51,5.15,22.17,-31.7,-87.8,944.8,-17.97,-0.39,2.2,30.38
109940,0,2.71,2.31,6.65,-164.0,-50.7,992.2,-21.79,-1.49,3.19,30.49
109960,0,0,0,3.31,-154.9,15.9,959.3,-21.97,-1.06,0.38,29.95
109980,0.93,0,0,1.19,-142.1,91.2,1015.6,-17.67,1.83,-1.83,30.19
110000,1.91,1.11,0,1.31,-58.7,83.4,1008.8,-15.38,6.66,-4.46,29.68
110020,0,0,3.34,0.54,-40.7,135.9,975.0,-14.27,19.81,-5.22,29.58
110040,2.08,0,5.42,0.1,-94.1,150.4,1017.8,-9.55,16.72,-5.15,28.6
110060,0.62,4.71,0,0.99,-129.0,74.6,972.6,-0.84,16.74,-4.34,28.51
110080,0.11,0,0,0,34.2,135.3,1012.2,5.86,10.84,-2.63,28.23
110100,73.28,30.58,4.4,4.42,108.6,52.8,969.5,-3.81,27.39,1.21,28.19
110120,56.67,42.71,15.82,0,-19.6,196.7,928.8,4.63,21.84,3.82,28.69
110140,36.08,56.3,23.78,0,56.1,130.4,875.7,9.58,11.97,3.96,29.1
110160,15.98,56.77,43.24,0,139.4,63.8,836.4,16.84,2.56,5.34,29.22
110180,15.32,54.07,56.74,0,63.7,45.9,820.4,15.21,8.65,6.28,29.65
110200,2.9,43.91,65.59,3.74,182.4,10.1,842.4,19.38,5.35,-0.01,29.91
110220,2.62,38.92,82.16,8.3,139.3,43.2,770.0,23.15,-0.52,0.52,30.13
110240,1.53,20.87,82.46,13.25,121.8,5.9,811.8,17.8,-5.91,-0.58,30.44
110260,3.07,7.92,81.9,17.89,29.5,-99.5,827.2,13.95,-8.83,-2.92,30.7
110280,0,9.45,70.75,36.07,113.9,-81.0,835.0,12.21,2.01,-6.48,31.02
110300,1.1,5.44,56.48,43.66,-3.9,-155.2,887.5,15.36,-16.3,-0.52,30.46
110320,5.83,0.54,46.93,60.14,52.2,-187.8,967.1,8.87,-19.93,-5.14,30.93
110340,3.78,1.62,29.32,67.18,-44.1,-84.2,1032.9,5.63,-22.47,-2.28,30.88
110360,0,2.07,18.23,65.28,-38.9,-212.9,1026.5,-8.03,-18.38,3.29,30.88
110380,0,0,9.07,56.14,6.2,-75.5,1003.7,-6.46,-16.02,4.71,31.21
110400,2.35,7.16,1.86,38.31,-13.8,-95.1,990.1,-12.84,-27.66,5.01,31.12
110420,1.08,0.03,2.79,32.17,-129.2,-69.6,980.8,-13.74,-18.29,5.15,30.69
110440,1.86,1.05,0,16.58,-32.0,-63.1,966.9,-18.7,-1.77,0.14,30.91
110460,3.71,1.23,0,4.72,-118.7,-32.6,1003.2,-22.86,-7.0,1.16,30.25
110480,0,0,2.84,3.18,-37.5,-82.0,951.7,-17.76,7.32,3.29,29.92
110500,0,0.31,0,0,-126.3,76.3,1030.0,-22.22,8.47,-0.46,29.75
110520,0,0,0,2.59,-93.7,89.3,1007.6,-15.3,5.5,-3.91,29.72
110540,0,0,0,1.62,-55.6,121.2,949.4,-19.52,16.46,-3.63,29.27
110560,0,1.05,0,0.48,-33.3,66.2,972.4,-16.24,18.97,-4.3,28.49
110580,1.26,2.13,0,0,-72.6,156.7,1008.2,-4.19,18.36,-3.42,28.32
110600,0,0,1.32,0,-10.0,306.3,960.3,1.6,19.09,-1.8,28.28
110620,80.49,31.06,14.65,0,19.4,133.9,966.2,0.25,22.08,1.94,28.05
110640,61.85,36.77,10.88,0,61.5,127.9,979.6,9.56,13.51,7.49,28.23
110660,41.28,55.62,25.0,0.76,30.4,142.2,863.1,14.78,19.27,5.23,29.49
110680,25.89,59.54,38.4,0,135.6,39.6,910.8,14.39,18.43,4.99,29.47
110700,13.34,54.02,50.32,0,121.5,82.5,809.3,18.08,10.28,6.08,29.43
110720,3.17,48.29,70.11,2.81,122.5,83.4,796.2,18.76,10.33,1.34,29.84
110740,2.89,36.2,79.99,4.04,176.5,107.4,778.7,20.45,4.97,-1.19,30.2
110760,0.96,19.06,90.95,10.62,109.6,2.8,837.9,18.15,-3.21,-4.61,30.41
110780,1.04,13.62,84.57,19.97,98.7,-78.2,857.4,20.42,-6.07,-2.5,30.53
110800,0,7.38,79.98,30.08,3.6,-8.3,844.2,15.77,-11.69,-3.82,30.71
110820,3.32,3.76,58.64,47.38,38.2,-168.1,921.5,7.65,-12.5,-5.53,30.66
110840,0,5.67,47.08,56.21,45.2,-184.1,918.9,4.22,-21.33,-2.24,30.77
110860,0,0.49,31.04,64.25,57.5,-98.1,1012.1,0.26,-25.23,0.47,30.99
110880,1.8,2.77,21.46,69.85,-27.3,-142.5,1041.3,-8.02,-23.65,0.02,31.17
110900,0,5.42,5.31,54.89,-36.0,-126.6,984.5,-2.93,-6.34,-0.23,30.67
110920,0,2.74,7.71,41.37,-142.4,-132.5,1027.5,-10.5,-9.72,6.14,30.89
110940,0,1.34,9.53,38.38,-68.2,-127.7,1013.6,-15.23,-16.03,4.46,30.9
110960,0.83,0,0.4,18.35,-52.5,-42.2,995.8,-14.17,-1.86,-0.05,30.63
110980,2.48,3.05,0,7.27,-156.9,-52.2,1000.4,-19.49,-0.47,-0.63,30.43
111000,5.85,0,1.81,4.62,-208.4,2.5,1049.0,-23.1,-3.23,-1.92,30.36
111020,0.88,0,5.46,1.9,-76.1,65.2,993.8,-19.9,2.18,-3.25,29.8
111040,3.37,3.45,0,0.41,-177.5,-8.7,997.4,-16.81,8.97,-2.98,30.04
111060,0,0,4.19,0.95,5.4,34.5,1015.3,-13.18,15.46,-3.9,28.88
111080,4.03,0,2.46,0,-79.5,201.5,1037.8,-13.38,20.47,-1.08,28.94
111100,0.74,0,0.01,0.88,-16.9,138.4,1005.2,-4.62,18.35,-0.49,28.64
111120,1.63,0,0,0,5.8,70.7,950.1,-0.82,16.95,-2.17,28.25
111140,76.41,34.02,8.34,0.04,-46.0,94.9,964.7,-0.41,16.62,-0.04,28.42
111160,62.8,38.82,10.64,2.31,173.5,126.3,892.5,7.13,15.72,5.51,28.39
111180,44.51,47.76,28.39,2.79,69.4,161.6,895.5,10.59,14.01,6.09,29.12
111200,24.8,57.94,37.24,1.7,120.4,153.8,908.8,12.75,11.48,3.81,29.17
111220,15.15,57.8,50.14,4.8,21.0,40.8,813.3,15.72,9.15,4.79,29.76
111240,1.97,50.24,68.26,0.73,218.3,46.7,833.0,14.68,5.81,0.5,29.49
111260,1.72,38.74,78.78,2.65,96.1,-41.5,771.0,16.27,3.88,1.55,30.09
111280,5.63,19.99,88.4,16.28,54.7,-42.1,774.1,19.38,5.05,-0.6,30.54
111300,0,12.93,83.5,23.7,-27.6,14.6,819.6,15.53,-13.9,-4.4,30.33
111320,0,4.94,76.32,29.43,109.5,-81.4,873.5,18.81,-17.06,-3.05,30.67
111340,0,5.55,64.48,42.43,74.5,-188.8,915.2,10.41,-19.19,-4.21,30.88
111360,0,0,44.94,55.54,15.5,-59.5,950.2,10.43,-21.88,-1.32,31.01
111380,0.23,2.6,26.49,65.99,39.1,-135.2,960.3,6.42,-23.19,-0.06,31.09
111400,1.7,2.74,17.96,68.39,-9.9,-114.8,989.6,-3.58,-25.83,2.82,30.9
111420,5.94,0,12.44,59.4,-35.7,-122.4,1008.4,-3.38,-22.69,1.25,30.66
111440,0.16,0.22,12.58,46.7,-78.0,-107.8,1044.5,-11.36,-18.75,5.9,30.76
111460,1.54,1.76,4.78,29.33,-110.1,-187.7,1004.0,-9.26,-16.47,5.04,30.67
111480,0.73,3.7,2.31,20.56,-60.4,-110.5,950.2,-15.17,-8.39,1.93,30.47
111500,2.91,0.78,0,11.24,-37.8,36.8,987.8,-21.25,3.67,0.36,30.27
111520,1.67,0,0,2.67,-122.0,-41.8,1005.4,-20.69,1.48,0.64,29.97
111540,0,2.07,1.76,4.42,-155.8,88.0,1021.0,-18.78,5.5,-2.71,29.72
111560,0,2.98,0,0,-44.9,163.5,964.1,-19.47,3.55,-5.51,29.49
111580,0.02,0,0.94,0,-66.3,101.6,953.6,-15.53,2.85,-6.02,29.15
111600,0,6.84,0,0.91,-12.0,117.7,966.7,-6.65,23.55,-8.52,28.9
111620,0,2.25,0,0,23.4,63.4,980.7,-13.65,17.5,-3.39,28.65
111640,0.91,0,0,0,-25.3,146.2,992.9,-2.62,20.2,-3.27,28.54
111660,77.37,24.29,7.87,0.87,-35.8,106.4,935.7,1.17,22.6,2.24,27.94
111680,66.96,43.86,16.98,0,1.3,166.4,985.3,3.09,27.95,4.81,28.32
111700,44.75,48.8,19.03,3.88,84.0,234.9,879.0,8.53,12.16,0.54,28.8
111720,24.91,60.42,35.26,0,75.8,149.9,827.3,11.41,11.2,3.6,29.46
111740,10.24,58.09,52.85,0.09,61.2,147.0,802.4,19.23,9.48,6.87,29.32
111760,0,49.17,70.09,5.71,67.8,45.9,806.2,21.87,7.68,-0.06,30.09
111780,2.29,35.29,79.24,5.03,108.1,80.6,780.0,20.65,-0.43,3.94,30.25
111800,5.84,21.12,83.88,8.52,42.3,-31.8,761.3,20.97,-8.24,-1.93,30.46
111820,3.82,16.65,86.81,15.7,100.1,-44.3,870.4,21.69,-7.07,-7.33,30.95
111840,4.53,7.93,73.97,27.05,82.3,-63.4,856.3,16.37,-7.22,-5.46,30.6
111860,1.5,5.1,60.87,44.93,55.5,-84.2,899.1,9.49,-14.84,-4.39,30.83
111880,0,2.38,51.72,54.29,69.8,-175.6,961.2,9.18,-20.82,-6.8,31.1
111900,0,2.05,27.91,66.96,51.0,-136.6,982.1,-1.79,-15.99,-2.25,31.0
111920,0,0.95,22.28,66.88,-14.2,-184.8,982.4,-3.94,-13.52,-2.0,30.87
111940,2.21,0,10.2,61.47,30.4,-114.9,1004.9,-7.93,-18.98,1.08,31.4
111960,3.63,0,3.59,44.98,-3.9,-52.0,1025.9,-8.28,-27.1,5.42,31.37
111980,2.04,0,2.06,33.83,6.6,-99.5,993.6,-11.35,-20.95,3.58,31.11
112000,3.85,1.2,4.61,17.79,-147.0,-72.4,918.0,-16.6,-12.04,2.87,30.61
112020,0,0,4.1,18.44,-5.2,-10.4,996.0,-20.91,-5.92,0.24,30.16
112040,0,2.71,2.43,3.31,-60.3,-19.3,1004.5,-19.16,-1.29,2.7,30.38
112060,0,0,0,0.87,-79.3,0.9,1004.5,-14.99,4.27,2.31,30.07
112080,0,2.19,0,0.62,-62.9,65.5,937.7,-16.71,10.41,-6.82,29.43
112100,2.54,0,0,0,-73.8,165.9,973.8,-14.9,10.91,-4.35,29.16
112120,4.13,6.57,0,0,-62.8,93.4,981.0,-12.82,17.15,-4.18,29.0
112140,0,0,0,0,22.7,73.4,1030.2,-10.7,22.16,-2.99,28.58
112160,0,0,5.5,0,23.8,111.1,933.1,-0.69,29.02,2.83,28.3
112180,81.15,22.82,2.54,1.92,38.7,142.7,961.1,1.2,18.23,-0.62,27.99
112200,58.66,38.5,16.95,0,-27.3,95.2,982.7,6.49,22.93,4.01,28.27
112220,50.59,50.04,20.28,0,87.2,90.6,890.9,10.29,19.29,5.2,29.24
112240,21.95,56.77,28.16,0.24,-1.5,132.7,887.1,13.98,6.25,3.03,28.96
112260,15.76,58.35,52.84,0,87.7,91.0,791.3,16.2,2.1,3.9,29.28
112280,6.32,55.11,65.45,2.7,96.1,42.3,838.8,12.9,1.7,2.79,29.93
112300,3.85,40.83,75.49,3.47,67.8,67.9,792.4,19.96,-1.44,-0.21,30.25
112320,0,25.63,85.75,9.93,103.5,-60.4,828.8,20.22,-14.15,0.09,30.66
112340,0,17.7,85.49,12.0,29.0,-53.4,838.5,23.44,-3.77,-3.45,30.51
112360,0,12.77,77.77,26.44,67.2,-137.9,843.3,15.01,-17.55,-4.08,30.54
112380,3.66,4.4,64.95,42.77,7.9,-159.2,864.0,12.93,-12.41,-6.51,30.6
112400,0,1.68,48.22,50.6,5.0,-163.4,952.1,8.0,-18.13,-6.3,31.15
112420,0.8,4.04,33.29,64.2,47.8,-197.1,985.2,-0.02,-22.86,-2.56,31.09
112440,0,0,26.13,65.89,-28.1,-144.9,992.6,0.31,-23.29,2.41,30.78
112460,0,0,13.17,65.68,-38.6,-179.7,1064.8,-3.47,-22.11,0.82,31.07
112480,0,0,8.1,49.61,-5.8,-72.7,926.6,-9.36,-13.87,6.18,31.19
112500,1.69,0,3.96,29.73,-127.1,-64.5,971.9,-13.85,-16.14,4.79,30.68
112520,0,0,0,26.22,-64.9,-19.3,929.5,-18.63,-18.64,5.4,30.29
112540,2.57,0,2.62,8.99,13.7,-69.0,1029.5,-20.01,-4.0,2.86,30.23
112560,0,3.77,7.21,2.16,-124.5,-29.6,1006.9,-18.49,2.94,-0.21,30.28
112580,4.6,0.87,4.96,8.88,-52.3,41.3,975.8,-13.34,10.68,-1.48,30.02
112600,2.67,2.65,0,2.15,-104.8,143.5,1037.2,-25.43,1.69,-4.2,29.69
112620,0.8,5.99,0,1.34,10.3,160.3,1011.8,-11.81,11.02,-7.97,29.05
112640,1.47,0,0,1.1,-15.0,165.7,935.0,-11.26,29.64,-12.57,28.82
112660,0,0,0,0,-101.8,173.0,995.6,-1.02,19.06,-6.35,28.88
112680,0,0,2.44,0,-12.7,195.6,1003.8,-9.9,21.77,-4.35,28.31
112700,78.94,22.61,8.66,0,-68.9,152.8,1029.6,1.21,13.81,0.27,27.78
112720,68.1,38.61,14.71,0,-34.3,120.6,936.2,0.77,17.62,6.56,28.22
112740,43.4,47.05,24.91,0,37.3,91.0,848.8,14.56,15.14,3.88,28.84
112760,28.3,54.27,36.51,0.14,161.6,25.0,895.4,14.43,16.09,7.59,29.31
112780,13.81,58.01,46.72,0.18,156.1,3.6,835.4,16.98,10.03,5.22,29.15
112800,5.09,54.81,58.24,2.27,135.5,22.2,827.7,18.54,-0.36,1.62,29.52
112820,0,39.62,77.32,0.33,78.1,24.1,826.0,21.46,7.89,1.17,29.93
112840,0.6,27.73,84.22,8.04,189.9,5.4,854.4,16.51,-3.71,0.28,30.32
112860,5.9,20.4,91.55,14.15,122.6,-87.2,793.7,14.63,-8.86,-0.52,30.62
112880,1.06,11.95,80.81,21.68,83.7,-82.9,796.0,16.15,-10.17,-4.24,30.22
112900,3.56,4.32,66.26,41.42,78.4,-118.1,904.6,16.76,-14.78,-4.38,30.66
112920,1.74,0,52.21,50.63,116.4,-56.9,907.3,9.62,-24.86,-5.56,30.95
112940,0,0,33.45,71.9,-17.0,-72.8,980.1,1.06,-28.89,-2.72,30.95
112960,0,1.45,23.08,71.69,28.4,-241.6,1019.9,0.86,-17.79,4.15,30.53
112980,0,2.65,16.16,62.23,-12.6,-197.0,1101.7,-7.16,-27.86,2.24,30.76
113000,0,0,8.22,52.26,-122.7,-164.3,963.6,-5.15,-19.12,8.17,30.93
113020,0,3.94,3.41,36.92,-141.0,-74.6,1000.4,-14.72,-5.07,7.11,30.73
113040,0.27,4.81,3.21,21.24,-88.4,-6.7,995.7,-16.51,-8.44,3.52,30.67
113060,6.3,0,2.4,7.04,-131.7,-134.8,985.1,-23.52,-11.46,-1.04,30.8
113080,0,0.92,0,7.32,-180.3,-42.5,1051.2,-17.21,0.43,0.82,30.42
113100,0,2.13,0,3.18,-49.3,28.6,1027.6,-19.69,-0.35,-0.42,29.89
113120,3.67,0,0,0,-124.8,13.3,1004.3,-17.83,9.61,-4.49,29.79
113140,0.31,0,0,0.94,-125.7,93.7,1034.8,-12.71,16.52,-6.53,29.6
113160,0,1.79,0,0,-92.9,65.3,995.7,-7.76,11.58,-4.37,28.99
113180,0,0,1.63,5.68,2.2,105.0,1056.4,-11.83,20.0,-2.4,28.8
113200,3.44,0,2.75,0,-124.7,68.4,985.9,-1.63,29.36,-0.8,28.07
113220,75.68,23.15,4.78,0.83,-71.7,88.1,977.6,0.78,20.99,1.92,28.19
113240,70.77,32.58,12.95,0.52,-6.7,67.2,895.7,6.83,21.3,-2.01,28.59
113260,47.02,49.96,16.64,1.06,-20.1,100.8,917.8,10.56,13.26,5.24,28.67
113280,26.59,55.26,31.88,2.01,77.1,39.5,880.9,12.66,20.46,7.45,29.11
113300,11.58,65.11,49.18,2.24,128.7,160.3,849.5,14.46,5.64,5.1,29.52
113320,2.67,53.06,66.32,0,170.1,-24.1,848.9,15.16,7.54,3.87,29.89
113340,4.23,38.51,84.01,0,103.3,4.5,831.6,15.34,7.24,1.77,30.27
113360,1.92,30.11,86.61,4.94,122.2,-80.9,773.6,15.72,-3.27,-0.88,30.27
113380,0,18.42,93.37,11.22,102.4,-81.7,795.3,15.99,-11.34,-1.52,30.93
113400,0,7.78,74.41,27.58,75.3,-76.8,840.8,9.97,-6.82,-4.39,30.5
113420,2.52,3.1,71.91,37.64,70.7,-61.7,860.9,9.08,-19.08,-1.57,30.37
113440,0,0,53.81,55.59,0.3,-124.4,895.1,9.88,-23.84,-5.12,30.89
113460,0.68,3.66,41.85,64.71,-37.1,-213.8,993.3,2.17,-20.44,-3.83,30.86
113480,2.01,1.46,26.74,70.9,-81.5,-178.8,1020.3,2.85,-16.57,0.18,31.01
113500,0.37,0,14.08,60.85,-8.6,-104.1,1015.7,-6.03,-24.28,-0.89,30.93
113520,0,0,11.4,47.97,-45.7,-158.6,964.4,-8.56,-7.51,5.23,30.71
113540,5.78,0,9.64,38.7,-47.9,-63.8,999.3,-15.4,-14.51,7.63,30.87
113560,2.26,0,1.42,22.72,-95.6,-63.1,1035.3,-12.44,-15.73,5.87,30.79
113580,0,0.38,0.65,10.0,-131.9,-165.2,965.4,-25.68,-10.91,5.72,30.25
113600,1.99,4.3,0,3.17,-104.9,-12.2,971.9,-17.53,1.07,-0.52,30.41
113620,0,0,0,5.16,-63.7,18.0,966.8,-17.49,9.65,-0.96,30.06
113640,0,0,2.76,2.65,-82.7,38.0,989.4,-20.26,7.89,-4.38,29.74
113660,0,0,3.44,4.6,-33.7,-75.6,997.5,-16.0,13.61,-6.09,29.42
113680,6.0,2.27,0,0,-69.5,63.8,983.0,-18.0,23.61,-4.6,29.04
113700,1.32,0,3.89,3.21,-15.6,122.8,982.1,-13.88,9.38,-4.63,28.72
113720,0.05,0,0,2.49,-74.7,161.2,1003.8,-1.97,18.64,-0.38,28.47
113740,79.16,22.1,6.42,0,101.7,135.1,988.2,2.28,22.52,-1.21,28.14
113760,70.54,28.21,21.17,2.05,57.7,157.0,965.3,7.86,16.4,5.76,28.37
113780,47.47,43.05,19.3,0,64.2,131.9,868.9,13.61,15.42,5.71,28.78
113800,27.29,55.18,23.33,0,131.6,83.9,876.5,10.69,15.91,3.08,28.98
113820,9.74,58.08,40.59,3.55,-34.4,70.8,822.9,18.47,11.79,5.14,29.91
113840,8.47,54.95,67.61,1.55,87.4,-6.6,781.0,12.87,20.48,4.07,30.07
113860,2.31,44.77,75.0,6.98,99.0,106.0,884.4,21.62,7.75,2.96,29.97
113880,0,33.91,79.04,7.56,25.7,-44.3,825.7,17.5,-4.23,-1.97,29.9
113900,2.37,18.25,87.89,12.22,55.6,-63.8,797.2,22.41,0.99,-3.39,30.25
113920,0.11,10.63,80.47,18.34,129.6,1.7,898.5,15.72,-9.59,-6.11,30.64
113940,0,1.13,65.53,36.78,26.8,-139.7,830.7,18.43,-18.16,-4.42,31.28
113960,1.41,0,54.76,50.45,-3.2,-173.8,932.9,7.84,-19.83,-3.76,31.09
113980,1.19,0.45,43.35,63.65,6.4,-137.3,928.0,2.36,-25.2,0.09,30.96
114000,0.76,0.23,26.81,67.1,68.1,-183.1,993.4,-3.0,-18.27,1.51,30.85
114020,0,0.33,19.68,60.4,-23.2,-186.6,1023.4,-6.6,-21.52,6.11,30.87
114040,0,7.17,11.57,48.57,-44.9,-91.6,1006.0,-11.34,-19.55,5.84,30.75
114060,0,0,9.78,36.44,-61.4,-98.2,1066.6,-13.98,-4.92,2.91,30.67
114080,0.26,0,0,19.55,-74.0,-52.0,1006.0,-21.2,-18.97,4.93,30.9
114100,0,0,0,13.06,-103.1,-82.7,1061.3,-18.52,-4.8,4.05,30.24
114120,0,4.48,1.86,5.64,-133.7,-24.0,1006.9,-20.53,-1.76,1.25,30.29
114140,0.02,8.54,2.94,1.35,-139.8,-19.0,987.0,-21.55,-2.47,-0.87,30.07
114160,3.17,0,2.37,1.17,5.0,2.1,998.3,-19.92,1.69,-2.28,29.84
114180,1.87,0.74,1.58,0,-15.3,175.4,1025.2,-13.13,11.53,-0.3,29.21
114200,0.81,2.84,3.96,0,-60.5,185.5,962.1,-11.33,17.2,-9.46,29.21
114220,0.38,1.13,0,0,-116.1,125.9,980.2,-6.96,14.2,-4.33,29.05
114240,0,0.8,0.21,0,-8.2,148.2,971.2,-3.19,25.19,-1.86,28.33
114260,0.98,1.37,2.89,0,-48.7,188.9,987.5,0.9,17.35,0.41,27.85
114280,71.26,36.14,13.28,0,10.3,116.4,939.7,4.22,24.72,-2.59,27.93
114300,50.11,45.57,15.13,0,83.2,160.2,899.3,10.91,13.46,3.68,28.85
114320,34.06,56.57,33.87,3.18,52.4,222.8,867.8,13.16,18.08,4.31,29.09
114340,13.69,59.04,41.63,9.13,109.1,-15.8,867.6,21.04,13.79,5.68,29.42
114360,3.19,49.74,59.99,3.13,60.6,77.0,802.2,17.0,16.13,3.14,29.6
114380,0,40.42,74.6,0,93.6,-19.6,752.0,19.34,-0.61,-3.39,29.97
114400,3.41,27.67,84.47,7.51,58.6,14.0,734.1,18.1,4.52,-1.29,30.33
114420,0,21.89,87.47,12.58,114.3,-14.0,822.0,14.34,-5.89,-7.66,30.36
114440,1.0,14.51,81.48,24.15,1.0,-106.8,841.4,19.47,-16.0,-6.6,31.0
114460,0,5.71,75.31,27.93,47.8,-84.3,803.9,15.85,-15.89,-6.19,30.23
114480,3.22,5.41,61.8,49.9,59.8,-90.3,889.2,7.79,-24.54,-3.05,31.04
114500,0,0,37.18,63.27,-29.0,-177.7,856.6,4.15,-16.59,-2.23,30.69
114520,0.34,0.47,24.71,70.22,-100.0,-148.2,995.6,-2.46,-20.92,0.67,30.86
114540,0,5.37,19.05,60.77,-79.0,-198.1,971.6,-4.37,-25.06,3.97,31.02
114560,0,0,8.67,52.63,-94.4,-208.7,978.8,-10.73,-21.7,1.34,31.26
114580,0,0,5.52,41.88,-34.3,-114.4,987.5,-16.28,-15.4,3.84,30.71
114600,2.39,3.38,0.84,26.59,-91.1,-112.8,1008.6,-15.61,-19.97,5.77,31.05
114620,1.07,0,0,13.08,-161.2,-49.8,1019.6,-20.97,-9.47,3.74,30.63
114640,0,0,0,4.78,-93.5,-48.5,993.3,-20.9,-6.5,-1.17,30.07
114660,0,0,0.37,4.67,-100.4,-25.9,1020.9,-13.61,7.87,0.41,30.45
114680,0,0,2.95,2.41,-117.4,95.9,949.1,-22.16,5.88,-4.84,29.11
114700,0,0.31,2.34,0,-133.5,80.3,993.0,-13.03,2.69,-8.92,29.28
114720,0,0,0,0.59,24.9,151.5,1008.8,-10.25,10.85,-8.47,29.27
114740,0,0.36,0,0,67.6,75.4,1026.9,-8.18,26.39,-3.12,28.53
114760,0,0,0.44,1.44,-14.5,129.9,1031.3,-4.08,20.97,-2.68,28.51
114780,1.88,0,2.41,5.64,-37.6,187.1,1011.0,1.17,23.41,-1.94,28.15
114800,69.38,37.85,5.49,0.25,-20.1,189.0,947.2,4.82,22.26,2.51,28.15
114820,55.66,41.67,18.51,0,120.6,96.5,907.6,9.53,19.87,3.62,28.54
114840,35.91,58.8,25.35,3.81,123.8,169.4,908.2,16.64,23.46,5.1,28.91
114860,15.4,57.71,46.19,0,58.5,120.8,859.0,15.11,10.68,4.18,29.22
114880,0.74,55.65,59.92,0.1,108.7,-19.6,814.1,23.17,9.74,1.86,29.66
114900,0,45.11,69.95,2.84,66.9,-42.1,878.3,18.53,0.26,1.8,29.84
114920,7.18,36.78,80.66,5.27,113.7,-11.5,762.9,22.45,1.14,-1.8,30.3
114940,0,18.77,84.77,13.12,79.1,-7.2,835.7,15.77,-6.79,-3.82,30.14
114960,0,8.46,82.47,25.89,59.0,-95.2,850.7,17.49,-6.43,-2.97,31.23
114980,0,11.13,78.46,33.03,34.3,-160.1,871.4,11.94,-8.28,-8.39,30.79
115000,0,7.99,61.43,46.6,87.9,-130.4,921.6,9.38,-10.62,-0.87,31.06
115020,0,4.03,42.11,60.23,-31.5,-159.4,942.5,7.48,-15.35,-3.38,31.0
115040,2.36,0.92,30.54,65.24,23.9,-133.7,1036.4,-0.04,-11.68,-1.7,31.12
115060,0,7.82,17.1,63.03,-24.6,-254.1,1011.5,-1.84,-18.97,2.39,30.8
115080,0,0,6.14,55.85,-4.1,-186.2,1049.0,-4.68,-23.96,3.54,30.92
115100,0.75,0,4.96,40.45,-73.4,-160.3,981.2,-12.97,-18.1,5.19,30.73
115120,0,1.99,0,25.38,-102.9,-134.1,1014.1,-19.52,-12.48,3.44,30.27
115140,1.62,6.13,3.89,13.09,-85.8,-98.3,973.3,-17.51,-15.7,2.13,30.37
115160,0,0,0,7.05,-34.0,-88.1,970.5,-22.91,1.51,2.12,30.53
115180,0,0,2.71,4.04,-71.8,70.4,1059.6,-17.03,-2.25,-2.13,30.08
115200,0,0,0,0,-55.2,97.6,996.1,-19.61,6.55,-6.59,29.85
115220,0,0,0,7.79,-223.2,97.3,989.5,-22.18,12.22,-4.55,29.45
115240,2.06,0.84,0,2.09,-117.1,71.5,1020.2,-11.9,9.72,-4.28,29.13
115260,2.79,0,4.14,0,-53.7,155.5,991.2,-12.25,25.89,-5.05,28.68
115280,0,1.31,4.51,2.85,-60.1,45.9,983.1,-7.92,14.75,-5.15,28.52
115300,0,0,0,1.57,40.9,119.6,1004.8,-0.46,12.82,-2.53,28.32
115320,72.49,27.72,9.54,1.08,-82.5,110.2,941.0,3.47,24.14,-0.99,28.52
115340,57.43,45.8,17.32,0.36,110.1,75.2,926.4,5.97,18.87,3.43,28.55
115360,33.91,53.66,27.39,0,-15.7,137.5,837.5,12.04,16.33,3.59,28.88
115380,17.25,56.78,41.88,0.51,0.9,49.2,813.8,13.54,5.83,4.51,29.22
115400,9.62,58.3,59.72,3.01,90.7,-37.3,782.2,17.69,-0.0,2.45,30.07
115420,4.24,46.89,70.59,7.93,40.9,24.2,807.7,19.89,-3.51,2.6,29.9
115440,2.65,36.13,86.86,5.24,7.7,20.2,790.5,15.68,-4.06,-1.99,29.9
115460,2.18,20.19,86.77,7.28,30.1,71.4,755.5,19.67,5.81,-2.08,30.31
115480,3.57,12.58,84.02,23.03,124.2,20.5,869.9,16.56,-6.92,-3.61,30.6
115500,0.35,1.46,74.28,31.62,108.3,-61.0,837.4,14.5,-9.64,-6.43,30.9
115520,0,1.61,56.86,43.45,33.2,-164.9,921.2,8.38,-13.34,-1.32,30.79
115540,0.96,6.0,40.35,55.66,-13.0,-166.8,982.6,5.35,-17.08,-5.93,30.63
115560,0,1.5,24.59,73.05,27.0,-197.1,1008.2,-0.8,-16.11,-4.06,31.11
115580,7.15,0,19.2,67.2,-45.6,-123.1,966.2,-3.3,-24.38,0.12,31.3
115600,0,0,14.52,58.14,-47.3,-70.4,988.5,-10.7,-25.57,6.64,31.29
115620,0,2.82,2.4,42.71,-31.7,-166.6,981.5,-10.74,-16.93,6.74,30.63
115640,0,0,0,23.57,-73.4,-120.9,991.4,-14.48,-4.15,-0.53,30.7
115660,3.32,0,1.01,13.19,-65.3,12.3,988.9,-20.01,-17.31,2.21,30.39
115680,0,0.83,0,6.61,-136.8,-20.8,1046.6,-13.87,-1.2,-0.36,30.14
115700,0,0,0,5.6,-125.1,65.9,962.6,-19.58,-1.0,-1.13,30.05
115720,6.51,0,2.23,0,-140.0,62.8,1004.4,-16.26,15.72,-0.85,29.67
115740,0,0,0,0,-99.0,93.2,926.0,-18.9,13.62,-4.59,29.41
115760,0,0,0,0,-162.0,8.6,982.9,-15.55,16.15,-3.82,29.19
115780,0,3.58,2.57,0,-62.6,99.0,1009.0,-9.82,21.3,-6.99,28.88
115800,3.38,2.23,0,0,-64.6,171.0,955.6,-8.42,17.63,-4.23,28.7
115820,0.72,0,5.92,2.26,16.8,159.5,1047.7,3.41,21.75,-4.9,28.06
115840,75.07,26.81,9.66,2.2,42.1,4.5,938.0,4.17,23.77,-0.35,28.0
115860,56.58,35.4,22.59,0,95.5,191.1,933.4,7.84,12.23,4.11,28.72
115880,38.69,53.44,32.48,0,58.4,2.5,889.4,11.28,21.73,6.95,28.7
115900,19.56,59.58,44.9,0,75.0,147.2,771.5,13.26,11.93,4.1,29.41
115920,4.57,61.46,53.19,2.59,119.7,31.0,769.7,14.35,3.93,2.8,29.55
115940,4.24,41.92,68.98,0,121.6,48.0,757.5,21.06,9.77,2.12,29.96
115960,4.75,38.78,78.31,8.81,98.8,-81.7,804.9,23.25,0.47,0.93,29.99
115980,0,23.63,90.78,15.92,112.2,-15.2,816.0,16.5,-0.75,-2.56,30.52
116000,4.18,14.96,85.99,21.08,71.5,-113.1,825.5,19.1,-11.09,1.04,30.52
116020,2.18,12.79,77.93,37.98,12.5,-56.6,843.9,13.08,-8.7,-3.91,31.03
116040,2.45,5.11,57.37,53.44,155.4,-92.0,857.0,10.97,-19.3,-3.4,30.87
116060,0,2.84,46.5,58.21,95.7,-133.1,899.5,1.69,-9.71,-2.66,30.86
116080,0,1.64,33.56,70.25,-33.2,-110.9,1000.6,2.7,-20.65,-2.92,31.06
116100,1.57,0,20.73,70.06,-13.3,-163.9,954.1,-0.21,-20.45,0.92,30.76
116120,0,0,14.93,52.72,27.1,-183.1,1029.8,-2.55,-25.22,8.14,30.9
116140,0,0,3.92,45.48,-98.8,-94.6,974.2,-10.86,-10.76,1.42,31.08
116160,0,0.91,1.31,25.38,-143.6,-38.5,980.4,-23.25,-12.77,3.25,30.7
116180,0,4.92,0.28,17.48,-61.9,30.5,1051.3,-20.79,-0.59,3.99,30.4
116200,0.19,0,4.22,9.13,-83.2,-93.9,1040.1,-22.74,-9.33,1.24,30.17
116220,0,6.01,0,3.16,-151.5,103.3,961.6,-19.29,-0.31,-3.78,30.1
116240,0,0,3.4,2.83,-96.4,33.3,935.6,-20.22,6.56,-7.46,29.73
116260,0.82,0,0,0,-83.9,-38.3,1028.4,-21.33,11.34,-1.33,29.53
116280,6.54,0,0.85,4.04,-6.6,158.1,1023.8,-15.25,12.17,-4.48,29.48
116300,1.36,0.79,0,0,-25.5,112.5,990.1,-9.98,17.15,-3.33,28.91
116320,1.21,0.2,1.08,0,-41.7,132.9,996.9,-9.38,18.06,-2.29,28.45
116340,2.12,3.38,3.46,0.44,-54.7,79.8,988.6,-3.89,13.06,-2.84,27.96
116360,73.77,27.57,8.04,0,-8.7,180.8,997.5,-4.04,18.93,-0.97,28.38
116380,59.1,39.35,19.72,1.1,-29.1,76.5,926.3,15.38,16.32,5.57,28.52
116400,34.7,57.19,21.88,1.95,114.9,185.0,956.6,7.12,10.94,3.93,28.7
116420,16.68,55.68,38.2,2.96,97.7,28.0,859.2,13.39,1.73,3.84,29.18
116440,2.09,56.97,49.79,0.13,106.6,22.3,861.5,18.65,6.12,5.03,29.64
116460,9.77,47.35,72.12,5.2,66.4,-21.4,816.5,17.99,-6.95,3.53,30.2
116480,0,38.09,83.44,5.68,172.5,11.4,811.0,19.26,-12.42,-3.01,30.62
116500,0.36,23.61,83.4,8.83,68.3,51.3,738.8,22.95,-9.79,-5.94,30.57
116520,2.3,14.83,82.13,19.78,113.6,-76.4,816.2,12.97,-5.43,-3.8,30.39
116540,0,8.92,72.39,37.09,88.1,-193.7,898.4,17.09,-10.69,-4.62,30.51
116560,0,0,60.4,44.32,104.4,-116.5,872.8,7.42,-19.46,-5.5,30.66
116580,0,0,47.44,57.82,113.8,-77.6,978.4,5.93,-17.96,-2.37,31.19
116600,0,0,34.65,60.75,55.4,-113.9,1002.4,4.7,-25.75,-2.32,31.19
116620,0,5.8,18.99,71.32,-46.2,-107.0,1010.3,-0.94,-19.67,-1.11,30.96
116640,0,1.19,8.07,57.18,-32.2,-81.5,1011.5,-7.95,-8.21,3.4,30.96
116660,4.04,1.36,6.31,48.33,-106.5,-143.9,1023.0,-13.69,-11.81,4.7,30.7
116680,0,0,2.67,30.44,-67.7,-108.6,1009.6,-14.01,-17.56,4.62,30.41
116700,0,0,0,17.62,-24.3,-14.4,992.5,-19.91,-10.07,2.76,30.32
116720,1.99,0,1.23,11.46,-157.5,68.3,1003.5,-20.53,-4.5,4.57,30.24
116740,0.09,0,0,4.06,-86.6,-10.9,976.8,-26.05,3.65,2.21,30.26
116760,0,0,0,4.76,-155.2,71.0,967.7,-23.13,6.4,-6.06,29.56
116780,0,0,0.74,0.3,-61.3,116.5,956.4,-15.11,1.93,-5.59,29.25
116800,0,0,0,2.64,-106.0,65.4,1008.7,-16.13,14.6,-2.21,28.94
116820,1.62,5.19,0.05,0,40.9,141.1,983.4,-17.26,16.42,-3.66,28.95
116840,0,2.61,0,0.64,-49.7,155.8,1016.5,-8.52,13.2,-3.62,29.04
116860,0,1.17,4.65,0.08,-45.6,157.3,961.6,2.97,9.85,-1.9,27.98
116880,73.2,30.36,10.42,0,42.1,215.7,948.2,2.36,16.73,0.19,28.39
116900,60.53,45.06,15.74,1.62,-14.9,174.8,923.5,7.56,13.39,3.41,28.55
116920,39.39,57.53,24.32,2.79,51.6,143.7,843.7,8.41,14.8,4.21,28.99
116940,20.39,58.87,38.51,4.36,32.1,144.9,846.1,22.25,23.04,4.93,29.41
116960,8.96,54.69,54.39,0,94.7,-9.0,847.0,10.57,5.66,1.79,29.27
116980,2.89,52.02,66.71,0,152.0,36.9,803.4,15.83,11.52,1.13,29.66
117000,2.45,44.44,85.94,8.27,106.6,-24.4,780.0,22.6,-2.52,-3.28,30.51
117020,0.28,21.94,84.77,9.3,79.5,-33.9,856.7,21.43,-4.48,-2.37,30.4
117040,0,11.67,82.4,15.85,168.0,-140.1,854.5,17.72,-12.65,-7.99,30.5
117060,0,2.01,77.27,33.67,0.2,-113.4,787.7,14.94,-20.69,-9.33,30.81
117080,0.92,2.15,58.92,49.16,134.2,-26.6,870.3,19.12,-14.73,-5.2,30.94
117100,0,2.5,48.41,61.0,-5.9,-23.8,961.7,6.0,-10.62,-4.87,30.78
117120,0.97,0,31.34,65.27,-106.1,-96.6,947.8,2.86,-19.09,-2.17,30.91
117140,2.19,0,19.65,65.14,-10.0,-166.0,965.1,0.16,-4.79,1.34,30.96
117160,0,0,10.32,57.38,-100.7,-137.5,966.9,-11.29,-17.24,3.08,30.79
117180,0,1.68,2.1,41.82,-95.2,-201.8,991.7,-10.61,-17.4,3.97,30.67
117200,2.76,0,7.89,33.13,30.0,-106.1,1058.0,-15.52,-9.86,7.53,30.35
117220,0,0,0,15.92,-134.4,-21.3,1002.2,-19.7,-8.58,6.61,30.49
117240,0,0,1.54,7.13,-122.3,-4.0,990.9,-22.09,-10.3,3.74,30.29
117260,1.09,2.44,0,5.82,-98.2,-80.9,988.0,-22.1,1.7,1.06,29.89
117280,1.6,0,1.6,1.38,-134.6,-69.3,1008.5,-19.8,4.94,-0.83,29.5
117300,0,2.05,0,0.87,-157.3,179.6,1012.6,-17.71,11.05,-5.69,29.39
117320,0,0,2.26,0,-66.8,88.8,970.9,-14.76,17.48,-5.72,29.37
117340,5.93,6.72,0.17,0,3.7,69.8,987.9,-12.94,15.92,-2.53,29.07
117360,2.17,0,0.32,3.8,-9.8,112.7,1038.6,-4.32,14.02,-0.64,28.26
117380,0,0.24,0,0.44,-3.2,71.6,1023.6,-1.95,16.05,-0.15,28.1
117400,76.18,28.29,5.04,0,19.2,129.6,1013.4,3.13,25.29,-0.25,28.08
117420,64.48,35.77,16.91,0,-29.0,188.6,979.2,5.32,19.38,7.4,28.6
117440,46.95,45.54,24.16,3.68,5.4,122.3,880.9,9.38,12.17,6.57,28.67
117460,25.06,51.02,43.12,0,-34.6,155.8,900.0,16.67,9.09,4.91,29.48
117480,7.6,64.83,53.59,2.1,98.7,118.4,830.6,14.84,5.33,6.96,29.62
117500,1.27,50.4,68.25,0,71.5,57.2,820.0,17.01,3.85,2.45,29.87
117520,1.97,40.82,77.09,4.24,49.4,-30.5,784.5,23.14,7.07,-0.32,29.87
117540,1.71,29.03,81.19,9.05,56.2,-67.1,782.9,20.6,-4.54,-1.62,30.39
117560,0,17.52,84.92,10.84,208.7,-62.2,838.5,19.75,-14.99,-0.84,30.89
117580,3.81,3.1,78.85,29.59,92.2,-138.5,812.2,20.87,-12.27,-5.52,30.71
117600,1.31,0,66.37,45.04,30.7,-162.1,852.3,6.69,-22.56,-4.81,31.28
117620,0,7.26,51.4,59.29,105.9,-77.7,907.6,7.81,-18.48,-4.23,30.82
117640,1.16,0,30.21,67.73,-2.2,-175.5,938.1,0.75,-11.65,-2.44,30.85
117660,0,0.76,18.99,65.26,-69.0,-229.5,952.8,-4.7,-19.69,0.53,30.86
117680,5.42,0,15.31,59.97,11.8,-164.4,1044.3,-4.91,-23.02,3.03,31.02
117700,0,1.31,8.07,45.44,-7.2,-86.2,922.5,-11.75,-17.07,5.04,30.68
117720,1.13,0,2.72,28.48,-20.3,-88.3,983.6,-14.26,-5.89,4.76,30.83
117740,0,3.09,5.28,22.85,-62.5,-83.2,1026.5,-17.5,-11.88,4.78,30.35
117760,0,0,0,15.9,-85.7,18.7,1016.3,-16.64,-4.19,2.79,30.73
117780,4.43,0.69,0,0,-158.1,-76.5,976.8,-18.49,-9.74,-2.4,30.36
117800,0,0.81,0,0.09,-175.6,66.6,997.1,-20.0,-0.57,-1.77,29.59
117820,7.94,3.67,0.3,3.78,-62.4,51.3,1065.5,-22.12,4.38,-2.9,29.7
117840,0,0,0,0.06,-133.6,67.3,950.5,-15.05,16.72,-2.84,29.45
117860,0.63,0,1.97,0,-33.9,152.1,994.2,-10.5,14.05,-6.59,28.79
117880,3.07,0,6.01,3.45,-54.5,144.0,996.2,-9.29,17.28,-5.32,28.34
117900,0,0,1.43,0,18.9,113.6,944.9,-2.94,13.57,-2.78,28.25
117920,73.54,24.36,1.68,3.55,12.8,164.4,988.0,-2.14,26.65,0.45,27.88
117940,65.58,33.07,11.37,0.87,106.4,105.6,898.9,7.02,22.31,1.97,28.4
117960,44.16,51.15,19.19,0,-7.3,90.2,967.7,7.92,18.41,4.95,28.66
117980,26.97,56.16,37.01,1.32,97.9,-49.4,854.8,16.57,13.99,4.6,29.37
118000,13.01,56.85,49.27,0.88,93.9,110.3,817.3,19.95,10.64,4.19,29.9
118020,9.46,56.61,65.72,10.5,68.7,106.0,754.2,23.22,4.95,1.23,29.97
118040,1.27,36.41,83.37,5.17,142.6,3.0,769.7,21.67,10.15,-2.9,29.9
118060,3.27,24.75,86.66,11.41,92.2,24.2,807.4,19.07,-6.94,0.29,30.2
118080,3.42,14.71,84.4,19.39,109.4,-21.0,822.0,20.59,-11.87,-3.42,30.66
118100,0,6.85,81.5,26.26,56.4,-54.2,797.9,11.61,-5.68,-7.43,30.84
118120,1.89,4.45,59.76,39.58,96.5,-179.2,865.5,8.99,-18.06,-3.84,30.73
118140,0,0.74,45.73,54.17,33.1,-212.9,932.7,7.88,-18.42,-2.9,30.76
118160,6.46,0,30.49,57.78,-77.0,-18.6,945.9,4.66,-18.3,0.65,30.97
118180,0.59,2.8,19.93,68.71,-43.5,-103.9,1041.0,-0.19,-22.49,-1.72,30.9
118200,0.27,0.37,13.65,61.1,35.2,-131.8,1023.4,-9.31,-24.71,0.15,30.99
118220,0,0,11.16,48.63,-61.2,-140.5,1048.6,-6.55,-21.19,3.44,30.79
118240,0,0,3.18,29.31,-104.3,-164.1,1039.1,-15.99,-20.2,5.71,30.57
118260,0,0,0,25.83,-73.9,-79.3,1010.4,-15.15,-3.31,3.84,30.89
118280,2.23,0,7.45,14.53,-153.7,-18.4,959.2,-22.14,3.06,4.28,30.55
118300,0,0,2.17,9.58,-87.1,37.1,950.1,-18.66,-4.71,2.61,29.77
118320,0,0,2.08,4.91,-131.0,52.6,962.1,-16.42,1.28,-3.98,29.9
118340,0,0,0,0.62,-90.7,72.2,1020.0,-21.41,14.97,-3.06,29.58
118360,0,3.11,0,0,36.4,174.4,979.1,-17.06,20.59,-5.48,29.34
118380,0,0.95,0,3.04,-33.0,71.7,1073.3,-13.55,16.91,-1.92,28.88
118400,2.08,5.25,0,0.73,-29.3,51.2,993.0,-6.57,12.81,-3.96,28.61
118420,2.22,0,0,0.93,-37.0,115.3,1048.6,-1.09,20.73,-0.39,28.56
118440,74.97,24.56,3.29,4.02,43.7,126.0,1062.8,-0.28,26.64,7.22,27.8
118460,63.38,32.48,15.49,6.82,-66.8,179.3,918.7,13.26,17.3,4.76,28.15
118480,48.94,52.62,19.19,0,37.0,170.7,888.1,9.53,18.86,4.8,29.17
118500,24.9,61.24,34.79,3.94,78.8,168.5,854.7,16.94,17.2,3.14,29.08
118520,11.34,55.44,50.26,0,32.7,41.3,855.2,17.69,15.85,2.56,29.64
118540,3.51,51.57,67.12,0,132.2,-10.0,800.1,19.37,7.19,-0.15,30.01
118560,5.84,37.54,73.29,1.69,176.0,79.5,825.0,20.7,-12.94,0.1,30.13
118580,1.55,28.71,86.75,6.17,29.2,-15.1,842.8,18.52,-7.03,-5.25,30.2
118600,1.33,20.68,86.04,14.79,149.8,73.5,776.0,21.38,-8.1,-4.12,30.5
118620,0.24,9.38,76.4,28.54,51.7,-113.8,868.7,9.77,-19.52,-8.82,30.41
118640,0,0,66.55,37.34,70.5,-74.6,820.1,15.4,-14.13,-5.16,30.85
118660,0,0.42,50.55,61.05,9.8,-122.8,893.7,8.64,-19.03,-7.03,30.91
118680,0.22,1.52,32.79,66.24,41.6,-76.9,956.3,4.24,-27.03,-5.58,31.14
118700,0.1,0,21.24,62.19,6.2,-156.6,989.0,-1.98,-21.73,-0.15,31.03
118720,0,2.54,17.7,61.64,-66.4,-244.2,974.0,-7.05,-25.5,3.91,30.85
118740,0,0,6.78,40.45,-20.2,-177.5,1041.6,-9.6,-17.1,0.37,30.66
118760,0,0,0,36.9,-36.2,-70.5,1012.8,-15.81,-18.76,4.2,30.53
118780,0,2.69,3.78,24.32,-78.1,-29.5,968.7,-14.78,-10.06,0.85,30.63
118800,0,3.85,1.0,14.28,-63.4,-131.2,1004.7,-20.56,-8.49,4.79,30.21
118820,0,0,0,6.84,-127.8,41.8,950.9,-17.27,-3.82,-2.37,30.41
118840,4.79,0,0,0.87,-137.1,12.0,1021.1,-21.2,-2.64,2.04,30.06
118860,0.54,0,0,0.83,-63.3,41.5,1008.3,-20.17,18.05,-4.38,29.61
118880,0,0,2.55,0.98,-143.2,48.5,939.4,-13.42,10.66,-5.55,29.3
118900,3.79,5.41,7.44,1.78,-49.7,44.7,949.9,-10.43,8.91,-6.36,28.89
118920,4.39,0,1.26,0,-71.6,186.6,1014.1,-4.53,22.15,-3.13,29.05
118940,0,0,0,0,65.2,232.0,1026.4,-1.72,20.94,-4.81,28.11
118960,77.05,16.65,5.64,1.69,58.2,139.7,1021.9,0.57,22.23,1.27,27.67
118980,62.24,35.65,12.6,0,51.4,153.5,893.7,7.95,21.16,1.91,28.36
119000,47.94,46.25,19.97,5.01,69.6,123.8,909.6,13.73,11.98,3.94,28.54
119020,32.36,55.02,29.1,0,65.1,146.3,835.2,14.17,17.21,8.89,28.92
119040,10.9,59.65,46.46,0,34.6,87.5,865.7,18.75,8.45,4.32,29.8
119060,4.17,54.37,63.32,5.03,-7.8,70.9,845.1,20.55,7.79,2.26,29.63
119080,0,43.69,77.06,0.41,129.7,-27.6,784.1,18.72,-3.2,2.64,30.28
119100,0,29.17,84.43,6.39,75.5,-78.5,879.6,16.5,4.14,-4.16,29.93
119120,0.45,14.43,92.74,14.86,77.6,-93.6,812.2,21.11,-10.94,-5.31,30.45
119140,0,7.14,85.42,30.89,99.8,-32.9,902.7,17.23,-11.13,-3.71,30.94
119160,0.03,0.67,67.83,35.69,60.9,-77.0,850.9,16.03,-6.11,-4.48,30.71
119180,0,7.0,53.48,51.5,77.4,-182.5,875.4,9.3,-19.56,-1.95,30.94
119200,2.01,0,39.36,62.2,25.0,-89.1,1004.9,1.93,-19.31,-1.54,31.21
119220,0,1.1,25.2,66.19,-13.9,-93.9,1033.4,1.86,-20.62,1.72,31.17
119240,0,0,13.13,63.8,-30.3,-224.1,1019.9,-3.53,-24.1,1.55,30.81
119260,0,0,8.91,45.64,-56.6,-142.6,988.9,-6.81,-12.19,2.72,30.73
119280,3.3,0.94,4.55,37.41,-67.3,-50.3,996.7,-17.57,-10.1,10.17,30.74
119300,0,2.72,3.07,24.27,-14.2,-71.4,1003.8,-19.51,-9.84,4.79,30.86
119320,0.52,0,0.38,13.83,-103.0,-8.8,984.8,-21.59,-9.72,-0.25,30.35
119340,0,0,0,8.11,-84.8,54.7,1000.0,-24.97,-5.63,1.45,30.31
119360,0,0,0,0,-147.1,3.2,973.5,-17.04,4.31,1.31,29.91
119380,0.29,0,0.93,0,-107.2,72.0,1022.5,-19.92,9.7,-3.05,29.76
119400,0,0,0,0,-26.1,151.3,942.6,-12.34,17.94,-3.49,29.71
119420,0,0,0,3.87,-47.1,141.8,987.3,-15.64,11.14,-4.01,28.77
119440,0.18,5.85,2.08,0,-74.3,207.7,1017.3,-12.82,20.9,0.08,28.46
119460,0,0,1.25,2.49,-37.6,139.4,966.5,-3.22,14.63,0.67,28.0
119480,70.97,21.35,10.02,2.72,-26.5,178.2,1034.7,2.26,16.11,-3.03,27.93
119500,69.25,32.04,15.67,1.09,-5.7,110.4,912.6,3.71,16.72,2.65,28.21
119520,46.84,49.83,23.48,0,24.3,156.5,890.6,11.85,17.31,6.6,28.66
119540,30.21,57.14,28.11,0,47.0,113.7,851.3,9.33,18.8,5.46,29.38
119560,17.98,63.91,49.11,1.39,-12.4,22.7,816.4,16.37,13.99,5.43,29.06
119580,4.74,54.17,58.69,0,102.1,60.4,908.6,16.71,10.78,3.85,29.83
119600,5.6,42.99,76.36,4.61,114.2,-89.2,750.7,19.43,-3.22,1.46,29.57
119620,0,31.02,87.15,9.43,161.7,-64.0,797.8,20.94,-7.88,-1.5,30.36
119640,0,16.84,83.58,15.8,81.1,-77.9,838.5,15.89,-12.12,-4.01,30.45
119660,5.27,10.21,82.61,25.68,56.4,-49.2,789.9,21.51,-11.51,-3.4,30.56
119680,0,7.09,70.53,41.72,65.2,-71.7,842.1,11.03,-7.32,-3.73,30.75
119700,0,1.95,50.72,55.54,87.1,-141.0,921.1,9.08,-22.79,-5.7,30.7
119720,0,0,39.37,58.97,120.8,-91.3,932.4,7.5,-24.23,-2.15,31.27
119740,4.72,6.33,25.12,67.89,-25.1,-154.0,998.6,-2.12,-16.98,-1.04,31.21
119760,0,0,14.56,64.28,79.4,-152.9,998.5,-4.93,-21.74,2.88,31.2
119780,0,0,6.78,49.78,-109.5,-171.2,1037.7,-15.64,-14.01,4.46,30.98
119800,0,0,4.95,41.3,-105.7,-34.8,1024.6,-15.22,-15.32,3.46,30.8
119820,5.32,0,0.53,24.27,-74.5,18.1,1011.4,-15.76,-0.52,6.86,30.48
119840,0,0,3.41,11.1,-115.6,4.7,953.8,-18.15,-5.75,3.37,30.37
119860,1.17,0.73,0,4.3,-142.4,-25.4,1003.4,-15.34,6.01,2.75,30.37
119880,4.02,0,0,0,-98.3,-61.2,963.2,-18.47,7.05,-0.74,30.12
119900,3.34,0,2.25,0,-131.4,47.2,948.2,-23.36,6.74,-3.73,29.77
119920,0,2.42,0,0,-8.7,57.8,1016.6,-13.51,8.56,-3.53,29.46
119940,1.84,0,2.78,0.28,29.2,100.7,1049.6,-10.89,16.82,-4.88,29.18
119960,0,2.5,2.39,6.68,-103.2,190.5,919.0,-8.96,25.78,-0.76,29.01
119980,7.07,0.01,0,0,-22.9,160.0,1008.3,-5.35,15.31,-3.67,28.69
120000,73.31,18.99,5.31,1.46,-75.4,211.2,911.9,1.91,17.53,1.34,27.75
120020,77.91,30.79,10.02,0.2,-9.7,198.1,895.8,-3.1,22.98,0.32,28.4
120040,49.76,44.61,13.98,0,45.6,164.9,845.2,8.0,16.06,5.85,28.45
120060,34.51,54.11,30.85,0,52.4,121.3,823.1,11.91,0.49,4.31,29.22
120080,15.52,57.53,42.31,0,189.6,43.4,828.3,19.42,9.05,4.51,29.43
120100,6.31,53.81,59.53,4.24,91.5,72.4,816.0,17.38,8.62,2.0,29.51
120120,2.28,40.95,73.45,5.24,130.3,34.1,795.4,16.77,-5.39,0.86,29.63
120140,0.32,36.35,84.7,3.91,171.4,-8.5,807.0,15.16,-6.15,0.49,30.11
120160,1.41,23.95,90.94,7.1,184.5,-67.4,818.6,17.75,1.66,-3.59,30.57
120180,0,10.12,82.77,21.91,111.8,-109.8,825.9,22.09,-16.21,-3.53,30.95
120200,0,4.29,68.21,37.61,4.5,-172.3,865.3,17.01,-15.34,-10.33,30.87
120220,2.5,0,54.58,51.21,66.1,-40.4,913.6,13.25,-19.21,-6.41,30.84
120240,0,1.57,41.69,65.43,3.8,-84.6,969.3,2.06,-15.16,0.4,31.23
120260,0,0,22.71,64.83,23.7,-124.7,1047.2,3.25,-25.94,-0.34,31.04
120280,0,0,21.91,63.14,-11.2,-137.2,1007.2,-2.18,-21.11,3.74,31.16
120300,0,0,6.7,55.04,-44.9,-284.1,959.1,-9.14,-24.18,7.12,31.09
120320,1.25,0,3.61,41.72,-88.2,-105.9,975.4,-14.86,-26.56,8.51,31.17
120340,0.56,0,0.25,22.78,-111.5,-57.6,941.6,-17.67,-9.3,4.8,30.91
120360,5.12,3.27,2.43,7.3,-80.8,-92.1,990.8,-23.98,-11.53,4.12,30.25
120380,1.24,0.81,0,9.46,-102.1,-37.2,1074.8,-21.55,-1.38,-1.19,30.43
120400,0,0,2.64,0.85,-136.2,-0.5,981.2,-18.95,-4.39,-2.55,29.86
120420,0,2.9,0,1.14,-71.9,124.4,1027.6,-18.51,15.04,-3.39,29.54
120440,0,1.65,0,0,-72.4,148.5,995.4,-15.09,6.37,-3.17,29.51
120460,0,0,3.35,0,-58.0,171.7,1025.5,-12.71,14.18,-2.32,29.17
120480,3.76,1.82,0,0,-43.1,182.9,994.1,-11.5,19.21,-2.74,29.02
120500,0,2.94,0,0,-130.3,249.6,1023.9,-2.34,22.72,-0.83,28.5
120520,3.24,1.47,0,0,13.3,57.5,1048.7,1.73,16.41,1.03,28.04
120540,72.78,32.62,12.0,1.61,35.0,143.3,943.4,5.63,14.73,0.47,28.6
120560,54.61,49.33,19.35,2.02,72.0,138.1,944.5,6.03,25.01,4.74,28.49
120580,32.53,49.3,30.66,0,46.1,158.2,869.5,15.08,18.5,4.86,29.06
120600,12.49,57.35,46.52,1.52,188.1,124.6,801.1,17.04,8.78,0.89,29.24
120620,5.01,50.47,60.84,2.39,-0.4,99.6,858.6,14.08,18.19,3.74,29.58
120640,5.12,47.62,71.68,4.3,63.4,41.3,747.3,20.82,8.06,1.75,29.76
120660,2.39,33.26,83.97,8.4,199.7,-24.9,743.6,18.13,5.39,-1.01,30.09
120680,0,22.36,84.95,10.83,43.9,-138.9,791.4,19.89,-11.4,-3.37,30.31
120700,0,11.16,75.1,20.78,69.6,-66.8,826.9,12.81,-7.7,-2.81,30.53
120720,0.74,5.19,72.52,34.19,-34.1,-152.0,871.8,11.25,-14.32,-2.26,30.91
120740,0,9.3,57.84,53.42,98.9,-132.5,935.6,2.42,-20.36,-4.39,30.83
120760,0,0.42,46.26,72.69,-44.8,-73.9,927.3,2.88,-26.28,-5.87,31.43
120780,1.0,0,24.99,67.78,10.3,-193.2,1031.8,-3.1,-17.74,-0.39,30.82
120800,1.42,0,13.64,62.77,49.0,-255.9,991.8,-10.95,-12.7,3.18,30.97
120820,0,0,11.02,55.53,-53.4,-129.9,1028.7,-6.22,-22.71,3.37,30.95
120840,0.57,0,0.77,38.87,-162.3,-150.9,1050.0,-11.84,-9.86,0.91,30.64
120860,0,0,2.35,27.25,-109.3,-31.8,1024.5,-20.64,-0.36,4.77,30.81
120880,0,0,2.96,16.63,-138.7,-88.8,1010.4,-14.42,-10.94,5.14,30.74
120900,4.6,2.0,0,10.81,-11.8,-3.0,981.3,-19.12,-4.66,2.28,29.94
120920,0,0.62,1.3,1.68,-146.3,11.2,972.1,-21.48,-5.14,0.08,30.03
120940,0,0,2.69,1.55,-125.4,26.3,1013.6,-15.46,12.84,0.12,29.74
120960,0,0,0,0.89,-147.7,174.8,988.0,-11.16,6.46,-3.45,29.27
120980,1.61,5.56,0,0,-16.4,21.5,968.9,-8.88,21.35,-2.22,29.19
121000,0,0,2.82,0,-90.0,108.4,1018.0,-12.39,18.86,-3.89,28.59
121020,1.21,0,1.31,3.58,-22.9,144.2,1011.4,-4.51,21.68,-2.97,28.27
121040,0,1.99,2.73,0,44.3,128.1,1021.6,-3.59,13.95,-3.44,27.93
121060,69.83,30.64,12.88,0.84,-31.7,121.6,1030.3,5.82,16.58,0.05,28.24
121080,58.74,46.64,18.52,0.03,96.6,146.9,953.2,7.67,14.7,1.44,28.85
121100,34.53,53.58,29.47,1.93,109.5,99.2,898.2,14.25,15.97,6.25,29.01
121120,12.96,53.69,44.47,0,24.0,46.6,836.6,16.41,7.3,8.79,29.38
121140,8.33,56.53,53.68,0,83.4,29.3,806.4,20.72,2.94,4.25,29.72
121160,1.2,45.65,70.39,6.7,102.0,22.4,838.6,18.61,2.38,-1.57,30.28
121180,1.1,32.56,82.31,2.57,3.3,33.3,817.0,17.61,2.45,-0.82,30.03
121200,1.48,21.44,82.58,12.27,147.3,-85.0,817.4,22.31,-9.68,-1.8,30.75
121220,0,9.89,81.84,21.93,133.5,-118.4,821.2,14.6,-14.69,-5.27,30.34
121240,0,5.52,72.88,33.66,144.9,-165.1,836.1,7.94,-16.17,-5.94,30.67
121260,0,4.22,57.73,47.54,34.8,-85.3,943.9,13.0,-20.95,-7.54,30.81
121280,0,1.91,40.92,61.02,25.4,-119.7,937.0,3.66,-20.87,-2.77,31.01
121300,0,1.56,23.43,63.6,36.7,-218.1,976.5,2.99,-21.13,-0.54,31.15
121320,0,0,13.63,62.03,-77.5,-112.0,949.2,-0.3,-15.73,4.18,31.02
121340,1.1,1.27,9.05,52.8,-4.3,-191.7,994.6,-8.02,-22.63,5.35,30.88
121360,4.45,0.95,4.5,45.38,-17.0,-126.3,965.1,-9.54,-20.23,2.72,30.81
121380,0,0,2.27,23.16,-69.4,-118.4,1029.1,-20.87,-18.05,2.9,30.47
121400,0,0,0.85,16.51,-119.0,-22.1,957.5,-20.78,-5.61,3.9,30.91
121420,0,0,0.35,10.28,-23.0,-38.3,982.9,-17.77,-1.79,4.17,30.33
121440,2.7,0,0.97,2.51,-74.8,55.9,1000.4,-18.52,4.55,1.99,30.05
121460,0,0.92,0,0,-37.7,118.0,1049.1,-19.05,1.14,-2.89,30.04
121480,3.0,0,0.91,3.65,9.6,105.0,1042.4,-16.52,9.5,-6.07,29.33
121500,0,0,2.86,0,-20.5,126.0,999.9,-13.53,20.36,-5.08,29.04
121520,3.64,0,1.0,0,-108.5,134.1,1052.5,-12.29,22.82,-6.37,28.47
121540,3.82,0,0,0,35.4,148.8,1031.7,-4.02,15.74,-5.1,28.39
121560,0,0.14,0,0,-88.0,170.6,990.0,-8.14,22.9,-0.18,28.39
121580,77.57,29.4,10.76,0,62.6,198.7,923.1,5.23,20.95,1.4,28.5
121600,57.89,42.8,17.13,0.48,22.5,98.4,929.0,3.0,19.65,4.14,28.82
121620,37.02,57.78,19.02,0,-34.5,178.0,888.5,7.77,14.16,4.51,29.16
121640,16.02,57.15,37.27,0,36.1,78.1,831.0,14.01,8.44,5.55,29.11
121660,4.36,55.47,55.27,0,108.9,176.8,840.2,16.31,12.28,2.96,29.37
121680,0,48.84,69.63,2.21,28.3,-5.8,797.9,14.3,-1.28,1.3,29.74
121700,0.83,37.59,85.18,6.25,120.8,-65.5,788.0,22.87,0.03,-0.03,30.04
121720,0,21.47,89.26,7.81,135.7,-114.5,758.8,18.67,-0.44,0.1,30.41
121740,0,13.89,83.91,18.95,95.9,-40.3,736.3,18.47,-2.37,-4.78,30.7
121760,0,5.38,73.78,29.67,85.1,-96.2,858.1,15.38,-4.52,-4.34,30.91
121780,0,2.35,57.87,48.34,107.4,-181.8,839.4,8.74,-19.2,-5.15,31.2
121800,0,5.2,43.89,66.25,40.8,-108.2,959.2,6.76,-15.85,-4.33,31.17
121820,0,3.14,25.16,65.31,38.6,-104.1,953.6,0.1,-21.15,-2.19,31.08
121840,0,0.94,13.0,62.69,-10.7,-89.2,1036.5,-1.58,-24.64,1.57,30.97
121860,5.61,0,12.14,49.98,-40.3,-170.3,1033.8,-9.53,-11.68,7.19,31.04
121880,2.71,2.73,5.1,36.84,-12.0,-171.9,1019.2,-8.98,-12.26,-1.3,30.46
121900,1.46,1.44,2.82,22.37,-40.8,-96.0,1000.4,-13.84,-21.89,6.32,30.41
121920,0,2.91,2.82,16.28,-7.6,-120.1,995.1,-15.6,-5.95,4.3,30.5
121940,1.65,1.01,0.55,8.08,-134.2,-62.0,934.4,-17.35,-2.51,2.39,30.69
121960,3.23,1.91,0,5.41,-74.7,-4.9,992.4,-17.42,0.37,-1.6,29.64
121980,0,3.25,1.2,3.97,-21.6,-4.6,1047.6,-16.99,0.11,-3.73,29.9
122000,0,0,0.09,4.29,-12.6,150.3,1013.5,-16.06,7.23,-3.73,29.31
122020,0.12,0,0,2.29,90.3,0.2,1026.6,-13.97,10.96,-4.96,29.38
122040,0,0,0,0,-102.5,124.1,1020.7,-9.73,19.28,-5.48,29.09
122060,0,0,1.17,1.39,-8.8,187.8,1002.8,-5.23,20.29,-2.55,28.14
122080,2.04,0,2.22,0,-11.4,149.3,1007.1,-4.81,23.97,1.02,27.64
122100,74.02,29.73,5.54,2.95,64.9,131.8,973.4,3.42,30.79,-1.06,28.35
122120,60.8,42.77,20.27,0.12,-30.5,70.1,931.8,12.62,16.31,4.17,28.33
122140,40.99,51.1,27.8,0,0.5,164.8,832.9,7.65,11.03,4.61,28.92
122160,18.17,59.84,37.72,0,124.6,72.0,805.2,15.69,13.12,5.18,29.19
122180,9.87,52.14,57.19,2.21,63.6,22.5,819.0,21.23,8.27,1.47,29.74
122200,0,44.05,70.43,3.49,120.7,19.0,790.9,19.58,0.04,1.28,30.02
122220,0,28.22,82.04,8.03,67.6,42.6,841.7,16.57,0.02,2.37,30.23
122240,3.77,18.67,85.11,6.31,74.4,-16.2,779.9,17.97,-13.19,-4.27,30.41
122260,0.86,11.74,87.12,19.91,144.7,-85.8,811.9,13.43,-11.58,-5.16,30.57
122280,0,7.11,72.87,32.04,86.4,-52.6,874.0,8.6,-14.03,-8.57,30.7
122300,2.63,8.97,60.28,46.33,-39.2,-71.0,888.4,11.82,-8.46,-6.5,30.54
122320,0,0,42.11,60.12,-22.8,-170.1,903.2,4.32,-25.78,-5.77,31.27
122340,0,1.34,31.84,62.52,83.2,-81.2,925.6,2.14,-16.45,-2.84,30.58
122360,0,3.37,14.44,67.39,-60.8,-205.5,1006.8,2.4,-21.08,1.19,30.73
122380,2.11,4.98,13.45,53.89,-81.4,-178.9,1018.0,-4.0,-20.93,3.2,31.16
122400,1.6,0,2.84,44.65,-47.7,-120.7,1012.2,-19.3,-18.3,4.04,30.63
122420,1.01,0,0,33.25,-164.3,-87.4,1024.3,-17.01,-17.47,6.17,30.62
122440,0,0.97,0.82,21.74,-82.7,-110.9,1022.5,-18.22,-12.93,5.15,30.17
122460,1.56,4.36,0,11.41,-72.0,-29.2,984.6,-17.33,-9.85,3.7,30.29
122480,1.42,3.11,0,1.08,-44.1,-9.7,979.7,-17.23,1.94,-1.46,29.94
122500,0,0,0,3.13,-38.5,85.8,1038.2,-21.73,6.65,-2.35,29.99
122520,0.04,0,0,0,-48.2,86.7,998.0,-17.1,13.31,-4.94,29.64
122540,1.46,0,0,0,-97.2,50.2,1027.2,-13.99,12.72,-6.33,29.18
122560,0,1.92,2.91,0.17,-119.8,162.9,1029.6,-4.93,20.53,-3.23,29.25
122580,0,2.13,3.0,0,-42.7,167.3,975.9,-11.15,19.5,-2.61,28.51
122600,0,0,3.86,0,-25.0,63.2,1043.2,-1.99,13.7,-1.5,28.04
122620,77.16,27.37,10.32,0,-26.1,105.8,938.9,1.29,21.91,1.7,27.94
122640,64.37,47.03,16.39,0.82,28.7,102.5,940.6,3.57,23.9,4.79,28.65
122660,39.5,47.91,25.04,5.51,76.7,65.3,917.0,12.97,10.67,7.3,29.2
122680,18.72,61.59,39.22,4.61,97.8,125.9,809.0,17.45,13.08,2.34,29.53
122700,13.82,52.98,51.61,1.35,67.6,80.3,803.9,19.8,8.26,3.65,29.59
122720,5.04,46.22,67.07,0,142.5,47.4,795.6,15.61,9.72,2.55,30.2
122740,1.39,38.73,85.15,7.77,135.2,25.1,798.9,16.42,-1.91,2.11,30.32
122760,0,27.18,87.53,14.3,150.4,-95.9,815.4,18.21,-0.49,-1.24,30.26
122780,0.53,14.62,82.61,16.36,158.4,-38.7,856.1,13.39,-9.92,-7.46,30.68
122800,6.58,11.43,75.79,28.77,-22.6,-146.3,848.9,16.65,-12.2,-6.18,31.18
122820,3.98,3.59,61.78,48.83,56.4,-136.7,848.8,8.95,-15.71,-3.76,30.92
122840,2.9,2.25,38.71,56.83,27.6,-143.6,966.6,6.32,-24.48,-4.42,31.42
122860,2.98,0,29.1,67.86,5.6,-96.3,946.0,2.03,-22.14,-0.97,30.7
122880,0,3.25,19.26,66.73,-78.6,-105.7,1042.4,-5.27,-20.06,0.6,30.9
122900,0.21,0,9.79,56.95,-8.0,-184.6,1003.6,-9.16,-18.4,2.24,30.98
122920,1.02,0,11.74,44.95,-75.5,-67.5,1069.2,-14.35,-7.13,1.06,30.82
122940,1.86,0,4.36,28.95,-28.3,-150.5,974.3,-15.73,-13.27,4.73,30.75
122960,0,0,0,19.49,-147.7,-57.5,1015.3,-13.25,-7.57,8.08,30.9
122980,0,0,0,7.2,-131.1,-6.0,1047.9,-18.71,2.93,2.55,30.19
123000,0,3.78,1.65,1.08,-158.0,-71.6,969.3,-20.11,1.15,2.48,29.98
123020,0,0,0,4.48,-135.7,-101.2,1025.2,-22.24,5.13,-1.71,29.67
123040,0.08,0,0,0,-25.9,77.6,1003.7,-14.9,0.21,-2.61,29.32
123060,0,0,0,2.07,-128.9,132.2,1016.0,-10.91,16.24,-1.91,29.49
123080,1.58,3.79,0,0,-8.5,115.7,1028.4,-17.29,17.14,-5.63,28.78
123100,1.56,0,3.0,0,32.8,179.5,1036.8,-6.66,11.68,-4.05,28.33
123120,0,4.89,6.28,0,-26.8,149.0,994.0,-4.66,20.39,-0.46,28.34
123140,76.13,30.66,11.47,3.25,-53.7,98.0,941.4,6.85,24.69,2.51,28.15
123160,60.1,43.91,14.81,2.88,7.5,177.1,965.2,3.29,29.71,4.99,28.57
123180,45.25,48.78,21.16,0,26.6,105.1,890.9,9.42,8.99,5.58,29.03
123200,17.13,56.64,42.0,0,136.1,119.1,821.1,18.27,13.23,0.86,29.28
123220,7.37,55.28,57.46,0,122.1,58.4,815.1,19.33,6.61,6.49,29.56
123240,2.19,46.82,68.59,4.77,93.1,4.4,777.1,17.49,12.18,2.44,30.1
123260,1.12,37.26,80.08,2.73,143.8,26.2,812.4,21.61,-2.13,-2.72,29.98
123280,5.46,27.53,81.38,10.18,179.0,-54.8,797.7,20.15,-9.53,-2.08,30.53
123300,0,17.9,83.87,17.62,54.6,-40.0,863.8,22.47,-4.13,-5.48,30.73
123320,0,6.75,76.72,31.5,82.3,-172.9,871.0,21.99,-9.38,-7.85,30.61
123340,0,0,65.22,40.58,88.1,-146.3,911.3,10.89,-17.53,-4.1,31.03
123360,3.33,3.24,53.41,56.56,-4.0,-142.1,897.8,8.3,-16.54,-2.89,30.99
123380,0,0,32.37,63.83,17.8,-144.2,991.1,5.25,-25.43,-4.22,31.18
123400,1.66,0,22.27,63.5,-48.5,-144.2,1007.2,-3.51,-16.95,1.55,31.38
123420,2.13,4.15,14.48,64.3,-68.4,-147.4,987.8,-2.27,-17.64,0.24,30.88
123440,6.69,0,0,48.56,-42.2,-197.2,1035.6,-8.25,-20.17,3.14,31.23
123460,0,0,0,30.75,-88.2,-140.6,1011.9,-14.53,-18.96,8.68,30.75
123480,0,0,4.3,16.71,-99.5,-81.4,984.6,-16.88,-4.07,3.16,30.64
123500,0,1.45,0,12.08,6.0,-56.7,957.1,-12.66,-13.72,3.48,30.81
123520,0.28,1.73,0,4.56,-25.5,82.7,1016.7,-18.81,-8.86,-0.06,30.28
123540,0,0,0.01,2.61,-44.5,35.1,990.4,-16.66,1.69,-2.25,29.77
123560,1.11,1.06,1.75,0,-14.7,6.7,988.1,-15.46,7.39,-4.58,29.66
123580,0,0,0,2.06,-158.2,-17.4,991.0,-16.27,8.76,-6.81,29.29
123600,6.97,0,0,0.83,-74.9,-3.7,970.7,-8.74,26.24,0.66,29.09
123620,0.66,5.03,0,0.23,-41.0,194.4,1014.2,-4.15,15.07,-4.29,28.67
123640,0,1.75,0,3.39,-42.6,93.9,1018.1,-2.98,24.22,-1.49,27.99
123660,73.25,27.27,5.3,4.29,15.8,57.4,925.0,5.58,24.84,-1.57,28.41
123680,65.16,43.42,10.76,1.75,42.2,151.7,940.4,11.22,22.67,1.91,28.16
123700,46.21,55.1,18.78,0.71,122.7,70.7,896.0,12.8,4.47,6.94,28.79
123720,25.97,52.89,40.29,0.58,82.7,20.3,869.6,8.64,9.15,7.31,29.34
123740,11.86,57.73,52.12,1.89,38.4,47.5,816.6,19.11,9.1,2.02,29.33
123760,6.76,50.89,70.33,0,76.9,-11.0,798.2,25.1,4.56,1.05,29.8
123780,4.23,36.96,82.26,7.33,79.8,-56.8,772.1,13.17,-6.27,-2.06,30.0
123800,3.31,27.39,88.55,8.93,48.8,-34.9,843.3,22.56,-9.37,-2.08,30.48
123820,0.23,15.01,88.48,14.29,143.0,-69.6,792.4,17.68,-11.64,-3.64,30.59
123840,0,11.34,81.38,29.37,57.0,-98.3,806.4,16.82,-11.61,-8.64,31.03
123860,0.22,6.13,60.54,38.9,75.3,-143.9,927.8,16.25,-17.16,-5.61,30.98
123880,0.2,0,49.8,54.75,21.9,-100.0,909.2,7.3,-17.32,-5.31,31.08
123900,0.31,1.18,30.54,67.39,54.5,-203.6,940.9,4.52,-14.6,-3.58,30.87
123920,1.87,3.99,17.34,65.76,-4.0,-155.3,990.6,1.84,-26.91,4.74,31.3
123940,2.16,0,6.98,58.05,-25.0,-152.4,1028.4,-2.58,-21.35,0.39,30.79
123960,4.07,1.81,7.23,52.95,-27.5,-138.6,1034.6,-9.37,-4.26,5.42,30.77
123980,0,0,4.21,29.73,1.3,-97.6,997.7,-11.82,-13.56,3.4,30.71
124000,0.13,1.01,5.39,17.53,-32.1,-111.7,1017.0,-17.5,-3.15,3.33,31.14
124020,0,0,1.22,8.92,-65.4,-64.6,980.6,-22.36,-2.3,3.04,30.33
124040,1.71,2.73,0,12.22,6.3,-6.5,960.1,-15.6,10.95,-1.25,30.24
124060,0,0,0,3.62,-114.9,122.6,1026.4,-15.69,1.0,-4.24,29.95
124080,0.64,0,0,4.93,-62.8,41.5,959.3,-16.49,2.06,-2.73,29.82
124100,1.52,0,2.21,2.07,-108.9,163.8,1040.2,-13.5,12.59,-2.09,29.34
124120,0,3.99,0,0,-60.8,106.0,929.7,-8.05,23.09,-6.24,29.16
124140,0,2.14,0.09,1.65,-6.8,161.2,1020.5,-9.14,14.78,-3.03,28.62
124160,6.12,5.57,0,0,10.4,202.5,956.6,-4.58,8.48,-0.86,28.22
124180,78.33,29.35,8.05,0,74.1,161.3,934.5,4.7,24.39,-3.49,27.97
124200,68.03,38.85,12.28,0,136.8,149.9,928.3,-1.87,24.05,4.3,28.4
124220,41.66,52.62,21.33,0,83.0,171.2,885.7,11.93,32.12,6.18,28.9
124240,23.48,59.7,33.52,4.27,106.7,151.0,826.7,14.96,9.21,3.47,29.3
124260,13.73,53.55,45.43,0.38,137.8,156.5,811.1,13.83,15.92,4.92,29.87
124280,4.88,47.68,66.23,4.39,70.6,60.8,809.1,20.9,11.81,4.03,30.04
124300,3.4,44.25,77.96,10.43,124.1,27.5,802.3,20.22,-0.49,1.75,30.26
124320,0,30.2,86.28,2.5,77.9,13.7,820.5,22.02,8.44,-0.21,30.02
124340,0.32,19.19,90.29,15.25,94.0,-87.0,821.0,22.03,-9.9,-6.2,30.55
124360,0,7.43,82.1,26.55,159.5,-103.4,854.3,20.36,-10.96,-7.51,30.5
124380,0,1.38,58.76,41.32,-1.1,-154.9,880.1,11.19,-12.16,-3.3,31.02
124400,4.87,0,49.04,60.25,116.7,-60.7,899.9,6.44,-13.38,-6.09,30.81
124420,0,0,30.21,63.3,56.2,-123.3,959.5,1.07,-22.94,-0.4,30.61
124440,0,4.02,19.58,59.93,-16.0,-111.7,1000.2,0.3,-14.72,1.52,30.73
124460,4.12,1.44,11.77,58.83,-25.3,-118.1,1017.4,-2.08,-20.46,4.71,31.08
124480,3.08,0,7.61,48.45,-19.0,-94.2,1032.1,-10.19,-19.49,6.04,30.62
124500,1.01,0,4.82,33.04,-90.7,-82.6,1003.3,-12.39,-8.76,0.2,31.27
124520,0,0,4.29,18.86,-37.7,-5.5,1016.3,-18.87,-19.78,1.86,30.78
124540,0,0.53,1.21,9.02,-120.6,-147.5,984.7,-18.07,-11.84,2.15,30.75
124560,0.25,2.02,0,0.36,-89.3,-72.4,1011.0,-17.36,-7.94,0.87,30.06
124580,0,1.78,1.31,4.67,-102.1,97.2,988.3,-19.8,1.05,2.37,30.03
124600,0,0,0,0.01,-142.7,93.2,1001.9,-23.92,9.95,-4.5,29.55
124620,0,0.03,1.81,0,-72.1,76.1,1002.3,-14.27,28.4,-4.14,29.22
124640,0,0,1.89,0,-96.4,181.1,954.0,-14.79,14.41,-7.79,29.1
124660,0,0,0,0,-54.4,106.1,1009.1,0.36,12.82,-7.35,28.36
124680,1.19,1.69,6.38,0,37.3,156.2,959.5,-2.38,17.9,2.86,28.5
124700,76.58,22.86,2.16,0,-104.7,175.5,1012.9,1.68,26.72,1.28,28.09
124720,68.08,40.53,14.62,0,70.0,137.6,937.5,10.99,25.65,1.8,28.39
124740,43.43,46.37,18.05,4.27,86.1,78.5,884.5,11.7,21.07,6.27,28.68
124760,30.25,57.27,33.39,0,75.9,81.9,862.9,11.27,18.8,4.27,29.45
124780,12.98,59.3,50.47,0.8,126.7,65.0,815.8,19.21,17.42,1.82,29.61
124800,7.61,52.7,68.18,3.59,-18.6,100.6,856.0,22.82,12.67,3.22,29.8
124820,0,43.84,75.72,0,104.0,-8.1,841.8,19.54,3.63,1.52,30.28
124840,7.07,31.83,89.43,2.08,120.2,-5.8,831.2,18.0,3.63,-4.68,30.12
124860,0,18.3,80.07,11.35,143.4,-75.8,716.8,17.78,0.19,-2.17,30.34
124880,0,10.59,81.41,23.66,68.2,-144.3,803.0,13.33,1.58,-5.91,30.75
124900,0,3.39,63.02,40.26,169.7,-112.9,874.8,8.26,-15.53,-5.47,30.94
124920,1.17,3.25,53.15,55.22,54.7,-120.4,959.7,13.09,-24.11,-4.82,30.55
124940,1.56,0,34.4,65.45,14.1,-73.1,960.0,3.31,-21.12,-2.21,31.14
124960,1.28,0,22.37,66.52,78.5,-145.7,1035.9,0.6,-21.57,-0.38,31.12
124980,1.37,2.26,9.52,62.24,-108.1,-129.9,1059.3,-3.22,-15.29,6.18,31.14
125000,0,2.49,4.05,52.47,-30.1,-113.5,1008.0,-9.85,-13.9,6.97,31.02
125020,1.88,0.68,3.45,32.83,-170.8,-118.5,937.7,-14.25,-5.09,6.57,30.81
125040,0.6,0.22,0,21.62,-65.0,-76.7,980.7,-15.06,-13.65,4.29,30.86
125060,2.1,0,0,11.99,31.2,-13.1,985.2,-11.91,-3.61,4.74,30.18
125080,0.08,0,1.78,7.15,27.1,-75.0,1030.9,-23.6,-6.32,-0.28,30.04
125100,4.07,2.53,0,4.56,-91.5,10.4,989.6,-20.75,8.86,1.1,30.24
125120,0.09,4.54,1.53,4.22,-123.7,65.2,969.6,-17.12,8.8,-5.62,29.65
125140,0,0,0,1.37,-147.5,99.3,1070.3,-17.86,14.44,-5.18,29.34
125160,0,4.99,0,0,-116.4,104.3,989.2,-11.59,13.49,-2.21,29.16
125180,0.56,1.22,0,0,-36.7,153.9,1010.1,-11.26,15.88,-3.99,28.81
125200,0,0,0,0,-10.5,196.9,1031.5,-3.3,20.3,-0.1,28.19
125220,79.86,22.02,3.95,0,-47.6,118.0,971.0,-3.66,32.43,-1.87,28.09
125240,72.75,38.41,14.0,0,49.0,149.9,962.7,5.77,23.75,2.78,28.43
125260,50.61,44.82,19.25,0,70.5,187.1,878.0,6.51,24.81,4.71,28.65
125280,25.77,58.12,31.69,4.21,15.6,114.5,841.1,15.58,19.28,9.05,29.07
125300,19.86,62.22,44.09,0,117.7,24.0,835.4,16.95,8.13,8.27,29.16
125320,7.58,51.89,56.57,0,124.5,63.7,771.9,22.91,14.75,3.54,29.49
125340,7.09,45.51,76.96,3.88,148.2,53.8,803.2,20.79,5.01,0.31,29.83
125360,0,28.81,86.88,8.25,129.8,-35.1,783.3,14.11,-7.81,-1.89,30.28
125380,0,16.74,82.71,14.13,-3.7,-121.3,841.7,20.68,-0.81,-3.15,30.68
125400,1.82,14.07,83.25,23.93,17.5,18.1,787.5,17.49,-22.48,-3.98,30.53
125420,3.23,9.75,62.69,39.53,77.3,-108.2,898.9,13.78,-11.77,-6.89,30.72
125440,0.79,1.27,52.99,53.0,101.7,-117.0,914.5,8.11,-27.66,-2.99,30.46
125460,0.73,0.42,37.57,64.11,93.3,-208.1,991.8,2.69,-21.29,-6.23,31.12
125480,1.66,0.51,25.16,67.91,-44.4,-166.1,948.4,-2.19,-22.08,0.32,30.96
125500,0,0,14.47,65.78,8.7,-146.3,1014.8,-10.31,-19.61,2.29,31.05
125520,0.29,0,10.0,55.13,-57.1,-181.7,990.0,-9.36,-16.85,6.49,31.08
125540,0.74,3.17,5.03,36.53,-146.9,-116.4,1065.1,-16.69,-24.05,4.78,30.85
125560,0,0,0,21.36,-117.1,-60.8,1003.0,-16.99,-11.55,2.91,30.46
125580,0.26,0,6.19,11.29,-146.1,-80.5,1087.4,-19.39,-6.0,4.58,30.36
125600,0,2.41,0,7.03,-194.4,3.6,1016.4,-22.96,-5.59,0.45,29.92
125620,0,1.39,0.78,0,-204.5,76.4,1010.2,-18.13,2.38,-4.23,29.99
125640,0,4.9,0,0,-72.4,42.4,985.4,-19.47,0.4,-3.56,29.86
125660,0,0.31,0.81,0,-48.7,67.1,1029.3,-17.98,15.62,-3.52,29.46
125680,0.68,4.55,0,1.8,-110.0,97.3,1056.4,-10.13,13.41,-4.56,29.52
125700,2.54,1.59,0,0,-77.0,182.2,1015.0,-4.38,16.56,-5.2,28.57
125720,1.0,0,0,1.03,-80.8,184.0,984.5,-6.99,19.73,-7.41,28.33
125740,81.54,24.36,13.11,0,-4.2,62.2,994.6,-3.13,11.95,1.29,28.16
125760,71.22,32.67,16.35,0,-28.2,95.0,916.6,5.12,12.86,2.61,28.39
125780,51.0,47.62,24.36,1.79,31.8,166.9,917.9,9.77,26.48,7.65,28.54
125800,30.06,52.29,34.47,0,146.1,75.0,822.5,10.77,12.77,2.76,29.2
125820,16.76,52.72,48.78,0.04,82.8,100.4,828.6,18.42,7.0,-0.11,29.66
125840,3.01,55.83,59.46,3.68,11.5,100.6,824.8,19.03,14.73,2.83,29.52
125860,4.36,45.28,72.36,4.42,188.3,3.2,843.1,20.32,-1.04,0.21,30.03
125880,0,29.61,80.68,5.25,27.1,-39.6,817.6,16.96,-9.16,-1.66,30.18
125900,0.03,21.75,91.85,16.4,109.0,-120.8,820.7,18.89,-6.18,-3.74,30.17
125920,0.15,8.73,80.45,25.4,106.4,-81.8,820.5,15.45,-20.47,-2.6,30.93
125940,0,1.8,71.72,35.52,-30.1,-115.5,807.4,14.04,-14.93,-5.0,30.88
125960,3.17,0,55.97,48.13,58.9,-159.3,841.3,12.77,-15.9,-3.93,30.86
125980,0.09,0,38.43,64.26,0.6,-131.2,965.5,6.0,-18.51,1.46,30.97
126000,0,2.44,29.13,65.64,-71.7,-66.9,980.6,2.52,-17.28,-0.05,30.76
126020,1.03,0.11,14.37,63.68,-47.6,-53.2,1006.7,-6.71,-23.05,1.73,30.84
126040,0,4.33,11.31,53.92,-76.2,-240.4,967.8,-4.06,-23.04,3.11,30.87
126060,0,0,6.08,41.81,-154.3,-169.5,1019.6,-16.1,-14.48,2.43,30.77
126080,0,3.06,5.04,23.48,-67.3,-153.6,940.2,-13.22,-4.88,6.62,30.17
126100,0,0,0.17,16.09,-96.7,-24.6,1006.9,-15.18,-6.04,7.5,30.35
126120,1.85,5.88,0,8.68,-32.1,-80.9,976.6,-17.44,5.01,2.3,30.18
126140,1.32,2.37,1.04,0.33,-78.7,6.2,1055.3,-16.67,1.26,-0.15,30.08
126160,0,3.8,3.04,2.92,-82.6,32.6,1045.7,-21.73,-1.29,-6.09,30.05
126180,0,4.32,0.28,0.72,33.4,14.3,962.2,-18.94,5.81,-4.57,29.42
126200,0,0,0,5.0,-94.1,155.3,1038.7,-11.91,19.43,-8.61,29.08
126220,1.38,0,0,0,7.3,36.7,1007.6,-6.62,8.15,-5.12,28.62
126240,4.86,0.96,0,1.42,-8.0,119.4,1046.4,-5.46,27.7,-0.51,28.06
126260,0,0,2.56,0,23.0,152.3,974.3,9.46,23.9,1.4,28.12
126280,71.82,34.96,15.13,3.44,49.2,100.8,923.9,1.86,25.5,1.55,28.44
126300,54.38,46.13,23.03,1.73,35.1,126.1,876.7,13.63,24.87,5.73,28.52
126320,29.88,57.82,24.32,0.68,-81.6,159.1,855.9,19.46,20.25,3.71,29.07
126340,14.91,55.75,44.76,1.43,-4.7,96.9,828.7,15.24,14.1,3.1,29.66
126360,3.19,51.45,62.92,3.96,113.0,93.2,790.3,20.01,3.24,4.25,29.7
126380,1.85,44.17,72.93,5.21,153.1,-42.9,777.7,23.57,10.67,2.08,29.87
126400,2.06,30.92,84.87,2.83,187.9,49.7,756.2,19.26,-3.34,-3.27,30.49
126420,2.69,15.61,82.94,13.87,96.0,-1.7,779.0,21.41,-15.3,-4.14,30.4
126440,5.47,5.74,82.0,24.79,108.2,-111.9,819.6,16.3,-5.53,-0.64,30.4
126460,0,4.93,69.85,34.48,62.0,-98.0,885.1,12.95,-17.76,-3.22,30.51
126480,0,1.57,64.48,48.98,54.1,-198.7,941.8,10.13,-19.25,-5.21,30.7
126500,0,0.06,46.31,60.01,13.5,-126.5,954.9,2.37,-21.76,-1.01,31.02
126520,0,0,24.63,71.26,43.6,-158.1,1032.0,3.8,-16.58,0.61,30.87
126540,4.14,0.57,22.85,65.4,-55.5,-75.5,1005.5,-3.18,-27.42,2.39,30.67
126560,0,1.82,10.6,56.62,-63.9,-111.4,1041.6,-1.95,-23.84,6.76,30.89
126580,0,2.36,3.56,35.61,-73.1,-174.7,969.8,-11.97,-6.44,3.7,30.96
126600,0,0,0,21.23,-72.2,-111.4,1018.9,-17.63,-18.17,3.53,30.46
126620,1.36,0,0,12.37,-40.6,-45.0,999.2,-22.79,-5.44,5.36,30.7
126640,3.79,0.27,3.63,5.78,-126.3,-86.3,1065.2,-17.66,-7.18,0.4,30.41
126660,0,0,0.64,2.55,-133.9,-82.1,1034.1,-23.3,-7.17,-1.28,29.8
126680,0,0,0,4.16,-135.7,42.3,973.8,-17.92,6.68,-4.4,29.82
126700,0,4.7,4.29,0.12,-82.7,137.5,1008.0,-17.13,14.41,-2.67,29.54
126720,0.88,0,0,0,-117.9,16.0,943.3,-20.65,8.14,-5.35,29.01
126740,3.79,0,2.8,0,-68.2,166.5,1046.0,-10.28,11.56,-4.66,28.86
126760,5.26,1.22,0,5.23,-1.4,217.0,937.1,-6.04,20.52,-2.13,28.37
126780,0,1.27,2.69,0.4,-10.2,128.0,1001.2,-2.15,25.62,0.21,27.94
126800,71.6,32.49,7.85,2.52,-21.4,132.9,964.2,5.94,22.73,1.01,28.18
126820,52.96,45.98,18.67,7.15,-21.2,126.1,938.3,3.48,11.17,4.08,28.85
126840,31.98,55.39,28.08,0.03,118.0,176.7,899.4,13.45,18.22,3.42,28.99
126860,13.3,57.93,44.62,2.29,59.2,16.8,840.0,11.44,6.81,4.42,29.56
126880,1.6,51.85,61.56,0,94.7,117.3,861.6,19.28,13.28,6.03,29.54
126900,5.0,43.42,71.52,0,87.9,-17.0,817.3,16.31,6.04,2.86,30.2
126920,0,32.78,82.9,2.78,1.1,6.7,821.5,16.74,2.31,0.76,30.25
126940,0,21.28,85.55,12.65,87.5,-89.5,819.4,14.9,-10.46,-4.03,30.5
126960,0,13.85,80.83,20.27,129.1,14.0,812.2,14.01,-11.43,-2.03,30.56
126980,8.0,3.22,74.77,34.81,-0.1,-112.6,833.3,7.97,-8.28,-6.23,30.69
127000,0,0,57.34,42.42,5.5,-164.6,957.3,9.16,-11.21,-2.98,31.06
127020,0,1.85,45.94,63.46,57.6,-126.5,925.4,7.93,-21.43,-7.57,31.15
127040,0,1.24,23.02,66.14,-20.1,-91.4,1005.3,3.52,-19.73,1.44,30.91
127060,1.65,1.44,12.12,66.33,94.6,-147.7,1034.3,-3.15,-22.67,0.12,30.45
127080,0,5.16,10.86,54.13,0.6,-211.0,991.6,-9.58,-15.75,5.11,30.98
127100,1.59,0,4.46,38.36,-88.6,-137.7,964.3,-16.81,-17.68,3.15,30.8
127120,0,0,2.22,24.2,-40.7,-59.7,1021.7,-20.22,-7.28,4.17,30.48
127140,1.86,3.64,0,10.51,-84.2,-29.9,976.4,-17.35,-2.16,5.04,30.47
127160,1.34,4.04,1.39,5.53,-51.3,-17.0,982.1,-17.3,-1.61,1.69,30.21
127180,0,0,1.75,4.46,-84.6,18.5,988.1,-18.73,1.67,-2.55,30.11
127200,1.98,0,0,3.51,-105.9,79.1,1029.1,-19.5,15.16,-4.91,29.62
127220,0,6.76,0,2.81,-38.4,35.1,1011.0,-13.96,4.44,-5.39,29.33
127240,0.76,0.32,1.96,1.76,-84.3,91.4,988.0,-9.76,19.94,-2.98,29.15
127260,0,0,0,0,-90.9,103.8,958.5,-12.07,18.42,-4.42,28.75
127280,0,4.68,2.62,1.87,-14.2,245.7,1046.8,-3.3,26.13,-0.95,28.79
127300,0,0,3.69,4.09,-49.8,132.9,1016.8,-0.22,24.52,1.39,27.92
127320,73.61,32.94,11.31,0,-40.5,135.2,960.6,2.07,21.64,2.2,28.37
127340,56.82,42.81,11.44,0,76.7,161.3,951.4,9.64,13.27,5.17,28.61
127360,38.36,48.05,24.95,0.01,45.8,89.0,929.7,16.2,20.35,3.08,29.19
127380,21.37,56.35,48.3,0,41.4,137.5,794.3,14.79,5.35,6.93,29.51
127400,16.0,53.07,59.26,3.17,85.4,31.5,861.1,19.04,6.86,4.1,29.56
127420,10.3,42.82,69.48,0,96.5,11.2,807.8,18.41,8.32,3.52,29.99
127440,0,28.62,85.19,3.37,111.7,-14.4,784.4,23.69,7.98,-0.7,30.37
127460,8.88,16.07,88.59,12.8,93.9,-72.6,825.2,22.64,-9.39,-2.71,30.59
127480,0,13.09,81.66,22.39,122.1,-90.6,874.1,17.41,-8.67,-5.21,30.74
127500,4.32,6.63,76.87,30.87,122.9,-166.4,894.7,14.41,-4.83,-6.11,30.82
127520,1.24,6.2,61.01,45.05,163.0,-95.3,898.6,9.19,-13.38,-3.03,31.16
127540,0,1.21,42.22,57.54,24.0,-92.9,933.6,2.84,-22.62,0.69,31.19
127560,0,0,27.96,62.87,-44.5,-134.5,987.8,3.09,-27.53,3.85,31.27
127580,2.4,0,15.39,64.21,-83.1,-87.6,967.6,2.68,-21.8,-0.02,31.14
127600,0,0,2.57,56.35,19.7,-166.6,991.7,-12.48,-16.27,2.09,30.96
127620,0,7.85,3.83,37.47,-89.2,-139.0,1031.5,-14.59,-11.23,3.81,31.05
127640,2.36,0,0.78,29.92,-18.9,-68.0,1010.2,-17.92,-7.01,4.9,30.65
127660,0,0.89,2.01,15.84,-91.6,14.9,1045.3,-19.69,-10.32,4.26,30.73
127680,0,0,1.79,4.86,-77.1,-20.9,928.1,-19.56,8.47,3.22,30.21
127700,0,1.12,4.32,2.17,-87.1,108.9,998.8,-13.21,9.23,-2.56,30.18
127720,2.62,0,1.92,1.09,-168.0,32.8,968.9,-23.89,5.32,-2.91,29.44
127740,0,2.69,0.5,0,-93.6,10.4,949.6,-20.13,9.74,-8.71,29.65
127760,0,0,0,1.6,-103.6,2.6,1007.1,-10.47,19.35,-6.06,29.13
127780,3.11,4.02,0,0.63,33.8,153.2,983.8,-11.24,14.5,-3.75,28.82
127800,7.16,3.71,0,0,-80.1,70.8,1010.0,-4.58,28.3,0.45,28.97
127820,2.18,1.22,4.54,0,0.8,178.1,981.1,-3.66,13.59,-2.24,28.06
127840,68.34,25.32,9.07,0,3.0,125.9,1006.2,-2.07,19.47,2.72,28.13
127860,59.18,42.91,22.32,0,146.7,131.5,943.2,9.08,12.7,3.5,28.9
127880,35.44,54.75,25.81,0,18.6,110.2,854.5,12.58,9.46,3.95,28.65
127900,19.0,56.66,40.57,0,18.4,10.6,856.3,15.83,4.13,10.61,29.29
127920,7.38,51.77,49.66,0,68.8,-8.3,849.1,14.09,8.11,3.98,29.61
127940,0,47.8,70.49,0,29.7,53.6,802.0,18.39,2.23,-0.33,29.7
127960,2.18,37.14,81.63,8.01,42.6,3.6,788.8,23.82,-7.96,1.96,29.74
127980,4.62,24.22,90.34,11.2,71.8,-120.5,761.9,27.25,-6.0,-4.08,30.19
128000,0,17.03,82.18,23.03,118.9,-128.0,804.5,20.69,-20.18,-5.03,30.41
128020,0,2.71,76.01,35.43,47.7,-160.4,835.4,13.06,-20.96,-3.47,30.81
128039,0,5.63,62.3,48.18,14.6,-115.8,845.6,15.78,-20.67,0.36,30.92
128060,3.09,0,43.44,57.09,23.6,-56.6,895.3,11.41,-11.2,-0.51,31.0
128080,0.2,0,34.08,70.89,-51.6,-190.2,968.2,-0.1,-19.42,-2.19,30.77
128100,0,0,18.94,66.65,-57.4,-158.0,973.9,-3.56,-14.24,2.78,30.86
128120,0,0,9.25,56.46,-12.0,-134.1,951.8,-9.72,-13.77,1.45,30.77
128139,0,1.95,1.45,43.92,-49.5,-137.5,949.8,-9.87,-16.31,6.66,30.94
128160,0,1.29,2.17,27.99,-98.1,-115.5,1033.5,-14.64,-19.88,6.55,30.81
128180,0.99,0,1.97,19.71,-140.4,-158.9,996.5,-18.48,-11.76,4.72,30.28
128199,0,0,0,5.15,-74.7,-11.2,1059.8,-25.05,0.44,0.22,30.11
128220,0,0,4.2,0,-120.0,-78.3,1040.3,-24.28,5.95,-2.05,30.58
128240,0,1.44,1.62,0.79,-85.9,4.8,1044.0,-17.36,0.47,-8.64,29.78
128259,0,0,5.2,0,0.2,81.0,968.2,-21.95,8.82,-6.28,29.49
128280,0.11,3.3,0,1.68,-74.2,142.3,1001.1,-14.37,9.38,-2.68,29.27
128300,0,4.36,5.59,0,-19.5,111.9,1029.0,-8.57,18.44,-2.93,29.06
128320,0,1.5,2.86,0,38.9,162.5,999.4,-6.89,21.19,-2.41,28.56
128340,0,1.4,0,2.74,52.9,72.6,1032.6,-6.75,17.1,-6.1,28.32
128360,78.22,29.66,7.84,0.82,-20.6,129.6,947.9,-0.13,19.94,-2.48,28.03
128380,63.74,34.02,14.74,1.75,92.5,70.5,937.2,6.13,20.91,4.86,28.61
128400,43.97,50.75,25.09,1.38,5.0,140.1,920.8,17.39,12.65,4.93,28.91
128419,21.76,53.77,39.83,3.82,29.1,109.1,831.9,18.83,9.98,6.42,29.39
128440,7.85,59.67,56.44,0,116.8,50.4,776.2,16.77,13.1,3.64,29.67
128460,0,47.4,72.11,4.89,17.8,-43.3,770.0,19.68,13.17,0.38,29.93
128479,1.7,35.74,83.74,6.08,98.8,20.5,826.6,23.12,-0.52,0.74,30.01
128500,2.21,26.51,92.04,6.6,87.5,-73.6,842.2,19.04,0.76,-1.01,30.82
128520,0,10.18,80.06,16.34,143.0,-19.3,843.0,13.42,-6.3,-5.12,30.93
128539,2.41,2.9,76.95,36.51,8.8,-101.7,836.4,14.67,-10.09,-8.23,30.55
128560,0,2.08,56.63,49.4,21.2,-125.0,936.1,9.26,-18.11,-3.42,30.58
128580,0,5.19,40.72,59.5,49.5,-135.4,928.4,7.88,-8.97,-3.34,30.59
128600,1.21,1.59,29.22,69.51,4.0,-53.7,955.5,-2.86,-23.76,-1.63,31.15
128620,0.43,3.49,14.79,70.29,24.5,-74.3,1011.3,-6.96,-23.32,-0.06,31.22
128639,1.33,4.75,10.96,57.03,-13.3,-139.4,1015.0,-6.89,-20.07,0.85,31.02
128660,1.47,0.74,0,41.9,-9.2,-87.4,966.2,-12.33,-22.03,1.88,30.88
128680,0,2.5,5.74,26.49,-155.1,-127.0,971.4,-16.92,-4.26,1.9,30.48
128699,0.51,0,0.2,16.54,-102.3,-97.6,1021.7,-14.0,-8.78,4.3,30.52
128720,2.48,0,0,9.16,-75.7,-13.5,987.4,-22.24,-1.96,2.14,30.1
128740,0,0,0,5.75,-36.9,41.0,979.1,-26.31,0.81,-1.26,29.65
128759,0,0,0.12,2.33,-62.1,-54.8,935.6,-14.94,4.05,-3.71,30.01
128780,0,1.81,2.44,0,-158.3,132.8,1004.2,-17.47,7.55,-6.14,29.24
128800,1.19,0,1.49,0,-18.5,16.2,1016.2,-18.56,11.34,-7.64,29.1
128820,4.68,1.41,0,0,-1.7,101.5,1032.7,-12.63,16.5,-5.27,28.8
128840,5.24,0,0,0,48.7,215.6,989.9,-10.64,17.02,-3.36,28.56
128860,0.33,0,4.23,2.14,-75.9,174.3,991.9,-0.71,24.78,-3.45,27.93
128880,73.96,25.29,10.91,0,-39.3,196.7,979.2,3.06,22.9,2.84,28.25
128900,64.83,37.79,13.56,5.15,83.0,180.7,928.1,4.51,15.35,4.25,28.2
128919,38.98,46.56,27.35,0,-1.8,82.5,868.6,15.83,22.16,8.53,28.51
128940,17.33,56.63,40.55,0,58.5,69.6,863.9,19.41,8.95,7.61,29.35
128960,11.63,58.25,56.81,1.25,-33.9,20.7,802.7,13.13,8.15,5.85,29.39
128979,1.13,47.88,66.86,3.55,18.6,71.1,798.2,17.57,0.74,0.59,29.87
129000,1.02,36.57,77.93,2.33,159.9,-48.3,835.7,25.89,-3.92,0.4,29.94
129020,0.69,28.86,85.1,11.75,107.8,-10.1,831.5,16.61,-8.05,-0.33,30.22
129039,4.08,13.29,77.95,21.35,116.5,-126.3,794.5,15.38,-8.33,-2.23,30.69
129060,4.26,4.88,72.99,25.73,50.6,-108.0,848.2,14.11,-11.21,-5.32,30.73
129080,0,4.06,59.45,44.49,81.2,-73.8,881.5,8.45,-17.73,2.59,30.9
129100,1.08,0,47.63,58.08,38.3,-122.2,976.6,5.74,-17.91,-5.62,30.88
129120,0,3.66,34.09,65.23,49.8,-148.4,980.1,7.16,-19.18,0.33,31.29
129139,2.79,0,20.11,65.46,89.3,-161.0,1067.9,-1.85,-3.91,2.12,31.15
129160,2.76,0,13.39,59.25,-33.7,-62.2,1013.7,-10.03,-22.82,0.57,30.99
129180,0,2.54,9.48,50.34,-8.8,-189.2,1058.7,-8.91,-20.96,6.22,30.8
129199,4.15,0,3.63,32.43,-48.9,-79.5,974.5,-20.1,-11.71,5.95,30.82
129220,2.31,2.3,0,20.67,-89.1,-16.3,965.7,-17.58,-8.07,3.8,30.61
129240,0,0,1.69,11.12,-120.3,-14.2,932.8,-19.96,2.46,1.56,30.65
129259,0,5.06,0,4.9,35.4,19.2,1075.9,-17.75,-2.31,-1.65,30.17
129280,1.82,0,1.26,0,-147.0,-40.9,996.2,-21.63,3.72,1.02,30.18
129300,0,2.76,0,3.09,-104.6,105.8,1017.8,-13.9,10.02,-3.55,29.52
129320,1.94,0,0,2.2,-18.6,173.2,1017.3,-17.78,9.94,-5.35,29.44
129340,3.11,4.27,0,3.83,-130.7,52.1,991.8,-7.47,19.22,-4.26,28.93
129360,2.24,0,5.98,0,-133.7,191.3,932.0,-5.44,21.63,-3.19,28.52
129380,0,0,0,0,-66.0,116.3,985.3,-5.48,22.3,-3.89,28.14
129400,77.41,26.68,10.47,0,-109.3,202.8,955.6,0.69,23.81,0.3,28.3
129419,60.91,36.29,9.26,0.55,26.0,66.7,967.8,8.12,18.02,3.49,28.73
129440,39.77,49.75,27.74,3.84,44.4,160.8,907.8,13.55,8.73,4.68,28.79
129460,27.1,52.2,31.33,0,53.3,104.6,880.4,10.78,10.85,5.86,29.39
129479,12.34,55.33,49.52,8.74,193.8,51.9,849.1,18.67,10.18,5.11,29.64
129500,7.08,47.7,69.66,0.56,117.4,37.2,839.3,17.38,-5.17,-1.5,29.51
129520,3.43,40.22,82.17,2.38,138.2,-122.3,780.0,19.4,-7.83,-1.46,30.33
129539,0,24.01,85.54,11.09,114.6,-116.7,807.1,19.6,-13.33,-1.18,30.4
129560,0,13.04,86.16,19.18,176.1,-209.8,780.9,22.05,-10.32,-0.4,30.38
129580,2.39,11.49,76.76,27.11,62.7,-67.4,808.6,16.75,-9.18,1.09,30.92
129600,0,2.67,62.71,40.86,119.7,-150.5,903.9,11.56,-12.63,-2.13,31.01
129620,0,4.41,48.9,56.24,-12.9,-175.4,917.8,10.78,-21.05,-2.56,30.87
129639,0,0,36.24,64.9,43.9,-176.8,928.3,-0.82,-23.13,-0.51,30.73
129660,0,0.98,20.7,67.01,-32.2,-201.0,1039.4,-2.34,-22.75,-1.18,30.97
129680,0,0.11,10.03,58.46,-92.6,-193.0,981.0,-6.58,-14.34,3.49,31.1
129699,0,3.46,6.15,49.03,-31.6,-137.4,993.7,-12.9,-8.42,5.95,30.8
129720,0,0,4.19,32.33,-124.2,-137.6,936.1,-13.39,-18.95,3.6,30.74
129740,0,5.99,0,19.84,-68.9,-90.4,957.1,-16.52,-5.45,4.96,30.28
129759,7.85,0.66,3.86,10.01,-131.4,-20.8,998.1,-18.58,-2.29,2.5,30.32
129780,1.18,0,2.37,2.35,-102.5,94.9,983.4,-19.19,-1.78,3.4,30.36
129800,0.17,0.16,0,0,-153.8,70.6,1014.6,-27.26,8.4,-2.22,30.17
129820,0.01,0,1.87,0.79,-78.7,6.8,997.1,-17.54,6.19,-6.24,29.7
129840,2.36,0,0,1.84,-120.6,112.5,954.7,-8.25,22.71,-4.91,29.33
129860,0,0,2.7,2.4,-82.7,66.1,992.7,-11.47,19.43,-4.09,28.99
129880,0,0,0.19,0,-44.9,112.3,994.2,-8.35,13.65,-4.01,28.1
129900,0,0,1.27,3.12,-13.9,16.1,929.0,0.08,20.96,1.74,28.2
129919,80.71,28.4,7.09,0,-4.1,80.3,962.3,0.16,22.08,1.04,28.3
129940,64.51,43.23,14.67,3.21,-3.5,87.3,956.8,8.5,24.08,1.28,28.65
129960,42.43,50.69,24.74,0,94.5,172.7,896.1,11.58,25.22,4.98,28.79
129979,26.23,60.66,37.66,0,166.9,38.2,914.6,15.62,11.01,3.2,29.41
130000,8.38,60.23,48.41,0,116.2,24.5,836.5,16.88,18.34,1.75,29.37
130020,1.33,47.75,65.2,7.83,135.0,96.7,860.0,22.64,8.87,2.2,29.73
130039,3.18,35.72,79.39,2.88,118.1,44.2,774.9,25.74,-2.01,-0.33,30.18
130060,1.34,22.38,80.08,6.82,81.8,-18.7,865.1,17.2,-9.17,0.62,30.75
130080,2.15,20.88,85.99,12.9,192.4,-57.7,825.3,21.3,-9.11,-4.28,30.56
130100,0,10.29,80.43,26.37,37.7,-107.3,843.8,20.01,-12.48,-5.86,30.91
130120,0,1.86,64.74,41.68,97.6,-185.6,873.5,11.72,-19.29,-1.66,31.01
130139,0,1.37,43.06,56.28,-25.1,-76.0,939.1,12.51,-19.96,-2.54,30.48
130160,8.22,0,33.65,67.07,-46.3,-198.8,945.6,1.65,-20.89,-3.0,31.17
130180,0.29,0,18.41,69.79,51.6,-134.2,1008.7,-5.13,-20.85,0.49,30.99
130199,0,0,7.35,56.46,14.6,-82.8,1010.9,-7.46,-13.96,1.0,30.68
130220,0,0.78,5.75,42.49,-52.6,-104.6,935.8,-14.59,-20.83,3.39,30.86
130240,0,0,1.95,34.02,-125.1,-106.1,1003.6,-11.56,-17.4,7.05,30.82
130259,0,0,0,17.18,-53.6,-74.7,953.7,-16.29,-7.97,7.31,30.46
130280,0,3.05,2.84,7.85,-72.2,18.4,984.8,-24.62,-10.36,2.28,30.4
130300,3.59,2.2,0.65,3.67,12.4,-78.1,1050.5,-19.05,0.72,-0.07,30.51
130320,0,0,1.28,3.24,-90.5,37.4,1004.1,-19.2,1.58,-2.65,30.17
130340,0,0,1.74,4.15,-49.3,96.9,995.4,-16.79,19.13,-4.24,29.72
130360,2.07,0,0.42,0,-176.0,135.8,982.0,-16.32,7.99,-4.12,29.2
130380,0,0,0,0,-109.4,157.1,1004.1,-15.75,11.47,-6.99,28.94
130400,0,0,1.94,0.64,28.7,85.5,1021.0,-9.84,29.5,-2.95,28.09
130419,0,1.85,0.53,0,23.6,85.5,1052.8,-4.13,25.63,-0.89,28.26
130440,72.42,23.09,7.71,0,-3.9,153.8,966.9,3.29,22.05,5.56,27.96
130460,65.77,36.61,12.19,0,129.1,136.1,993.3,3.32,21.62,6.94,28.39
130479,47.53,49.79,16.64,0.4,-28.1,-8.9,882.0,10.79,22.52,5.51,28.58
130500,30.83,60.97,32.07,0,110.5,53.3,878.1,9.07,15.5,7.6,29.02
130520,11.85,53.97,48.31,0,165.8,-33.2,848.1,16.34,14.36,1.37,29.5
130539,3.03,58.9,60.55,5.41,78.2,-29.6,804.4,18.52,4.74,-2.22,29.6
130560,0.02,36.01,80.02,0,91.4,9.3,797.9,21.45,-3.04,-0.99,30.16
130580,0,27.16,86.94,6.8,64.4,44.9,787.8,20.74,-0.32,-0.92,30.43
130600,0,20.07,88.65,10.04,107.4,-35.3,784.7,12.87,-5.43,-3.91,30.64
130620,0,6.34,73.36,29.57,132.4,-218.3,890.1,10.13,-13.58,-3.46,30.44
130639,0,3.91,66.34,44.39,-20.1,-101.5,886.3,10.42,-15.03,-5.96,31.27
130660,2.28,0,51.06,56.34,45.4,-164.6,938.9,6.99,-17.36,-0.08,30.95
130680,1.85,1.92,35.85,66.58,72.6,-88.3,926.3,-0.37,-24.31,-2.57,30.99
130699,0,0,24.69,61.66,44.0,-208.4,1038.1,-0.96,-23.11,1.35,31.18
130720,1.59,0.03,15.46,60.2,27.2,-122.1,990.3,-5.12,-29.29,3.5,31.15
130740,0,5.58,11.98,52.71,-129.5,-50.2,946.4,-12.11,-20.25,7.56,31.2
130759,6.23,2.1,4.86,35.78,-38.3,-67.1,986.5,-10.96,-14.21,8.15,30.49
130780,0.31,0,4.02,23.82,-103.5,-163.3,954.3,-20.59,-18.75,3.18,30.54
130800,1.99,0,2.25,13.74,-92.3,-109.8,1003.9,-22.19,-11.13,7.1,30.55
130820,0,0,0,4.83,-150.9,-54.7,1033.0,-22.93,-7.31,-2.67,30.1
130840,0.57,3.19,4.65,2.83,-14.5,14.0,932.9,-19.75,-0.87,-1.63,29.96
130860,0.09,1.67,1.28,0,-120.0,46.3,986.9,-21.5,5.86,-9.8,29.52
130880,1.35,0.94,1.72,0,-76.8,124.1,980.2,-14.83,7.32,-6.27,29.15
130900,0,0,0,0,-88.8,133.7,1017.3,-13.19,12.15,-6.15,28.97
130919,0,0.15,0.38,1.11,5.8,118.5,982.7,-10.28,10.61,-1.28,28.5
130940,0,1.12,0,0,-30.4,152.0,1024.0,-6.27,14.68,-4.41,28.91
130960,76.27,29.02,0,2.43,-40.6,116.3,972.7,2.92,21.8,1.29,28.12
130979,60.49,37.37,6.17,5.07,40.2,93.2,977.1,5.37,21.26,3.56,28.38
131000,49.08,44.96,21.12,4.05,54.1,235.1,874.4,14.67,14.71,1.26,28.99
131020,19.73,60.1,36.86,0.27,89.0,46.4,866.0,9.75,8.94,6.84,29.42
131039,13.73,55.53,49.56,2.67,27.2,207.9,839.6,18.98,19.83,4.6,29.3
131060,1.8,55.76,61.16,5.18,180.5,-3.1,818.5,19.22,7.72,-1.07,29.84
131080,4.86,44.67,70.92,7.46,86.7,-10.3,814.2,17.12,5.19,-0.1,29.81
131100,3.29,19.22,83.4,9.9,70.4,-44.9,818.0,20.23,1.27,-1.18,30.43
131120,1.43,16.12,87.9,14.59,86.0,-69.7,825.2,20.71,-12.5,-5.85,30.68
131140,2.17,5.88,82.07,28.73,55.1,-130.6,873.7,19.37,-12.66,-4.79,30.96
131160,1.67,1.61,61.23,36.7,127.8,-100.6,812.4,14.55,-10.03,-7.2,30.63
131180,2.9,6.43,57.92,49.88,103.7,-183.3,897.1,9.38,-21.02,-2.26,31.12
131200,3.5,0,36.73,62.74,28.4,-134.8,975.5,9.34,-21.5,-1.34,30.74
131220,0,0,25.74,64.06,-19.3,-93.7,1024.6,7.08,-7.72,-1.02,30.98
131240,0,0,12.79,58.96,-69.7,-44.1,993.7,-6.4,-11.22,7.53,31.08
131260,0,3.08,9.21,47.41,19.0,-199.3,974.2,-8.12,-15.1,4.01,30.71
131280,2.35,5.97,5.23,33.0,-19.0,-92.5,1014.4,-11.49,-14.5,3.62,30.54
131300,1.43,1.65,0,22.14,-192.4,-72.5,993.8,-10.25,-10.01,5.83,30.63
131320,0,2.74,0,5.86,-134.0,-79.9,993.8,-19.61,-7.52,1.71,30.55
131340,4.36,0,4.43,8.54,-108.0,-24.0,988.8,-19.55,-2.99,-0.79,30.22
131360,1.68,0.73,2.01,2.8,-71.5,105.7,971.5,-17.48,3.49,-3.49,30.19
131380,1.13,2.21,5.78,2.9,-11.3,37.2,995.9,-18.49,4.23,-1.58,29.84
131400,0.39,5.85,3.92,4.55,-136.2,78.0,974.0,-14.05,16.06,-6.01,29.49
131420,0,2.94,2.78,0,-67.0,133.6,989.3,-10.36,13.31,-4.69,29.09
131440,0,0,1.83,0,-28.0,223.9,995.5,-10.05,18.15,-2.57,28.4
131460,0,1.79,0,6.62,3.3,83.1,996.7,-5.69,23.12,-3.3,28.37
131480,79.42,28.65,7.02,0.5,75.0,132.0,986.7,4.38,10.73,2.49,27.83
131500,66.36,38.09,11.69,0,107.2,108.9,898.9,7.01,19.38,0.35,28.36
131520,49.16,49.15,19.09,0,-54.9,118.6,924.8,11.25,18.89,7.24,28.98
131540,25.21,54.44,31.1,5.78,-19.2,30.1,814.5,12.7,18.58,5.24,29.38
131560,13.33,61.58,45.09,1.62,104.9,92.5,818.0,13.31,5.8,7.74,29.7
131580,11.17,56.42,65.19,6.64,13.5,-27.3,785.4,16.42,10.76,5.35,29.8
131600,0.98,47.12,70.65,8.83,118.8,-16.6,838.1,23.72,-1.14,0.42,29.88
131620,0,25.92,85.6,10.71,225.4,-62.9,878.0,19.49,-10.32,1.17,30.37
131640,0,17.68,86.98,15.45,11.7,-73.5,734.9,17.43,-8.33,-5.64,30.46
131660,2.8,8.82,79.47,25.77,111.9,-84.3,826.7,16.85,-16.87,-4.85,30.47
131680,0,5.12,70.06,37.42,-12.0,-152.8,908.9,12.16,-15.81,-1.31,31.16
131700,0,0.93,51.98,48.54,76.6,-179.4,922.1,5.26,-18.44,-4.2,30.87
131720,0.74,1.88,39.81,66.04,107.9,-160.1,942.2,6.2,-15.42,0.61,31.06
131740,0,4.28,19.82,64.14,9.0,-241.2,983.4,-7.27,-11.56,0.1,30.97
131760,1.36,0,14.2,64.31,-43.9,-150.1,976.7,-4.34,-25.95,1.16,31.15
131780,0,0,7.84,53.65,-39.5,-57.8,1022.1,-6.4,-13.34,0.03,30.84
131800,2.97,0,1.99,36.41,-116.6,-164.9,990.0,-13.63,-18.53,4.34,30.82
131820,2.61,3.41,6.24,20.72,-100.2,-28.9,1007.9,-13.61,-6.62,3.52,30.88
131840,1.61,3.05,1.61,11.06,-66.5,-51.5,1025.5,-15.86,-10.95,2.42,30.39
131860,0,0,3.84,10.48,-91.3,-54.6,1044.4,-22.04,-1.23,4.55,30.2
131880,1.55,0.77,0.28,2.81,-48.8,93.2,1050.5,-18.71,-10.11,-1.69,29.73
131900,0,2.52,1.24,0,-162.6,49.3,984.4,-17.99,5.36,-3.24,29.31
131920,0,9.01,5.15,5.24,-73.4,35.5,964.2,-11.09,10.98,-1.3,29.54
131940,0,0,0,1.32,-43.9,80.3,955.9,-15.16,16.75,-6.73,29.04
131960,0.63,2.83,1.83,4.5,-71.3,132.1,1004.4,-5.9,18.71,-6.72,28.58
131980,0,0,0,3.53,30.3,151.7,1031.0,-6.87,19.4,-5.07,28.25
132000,76.63,18.94,6.08,0,-80.1,64.4,1048.0,-0.96,25.72,-0.39,27.97
132020,73.75,33.9,8.74,0,59.1,130.5,938.3,-0.75,17.11,3.34,28.24
132040,49.06,46.78,18.37,3.44,-1.9,167.8,860.3,13.83,22.57,4.87,28.4
132060,31.08,55.25,33.36,0,130.9,-20.6,830.0,12.3,16.72,3.83,29.23
132080,12.29,55.35,46.68,0.76,44.7,35.6,804.8,18.11,15.71,6.0,29.37
132100,0.71,52.5,62.97,3.14,97.3,25.1,773.4,21.43,7.34,5.22,29.88
132120,3.35,49.11,73.29,3.71,136.4,20.7,845.0,20.29,0.64,0.58,30.17
132140,0,32.45,87.91,8.41,26.2,7.6,821.0,17.89,-6.84,-2.42,30.34
132160,0,20.45,84.74,15.77,46.5,38.9,824.1,23.02,-17.61,-2.26,30.55
132180,0.37,14.57,82.18,23.07,87.9,-44.0,760.7,21.17,-9.11,-4.64,30.5
132200,0,4.5,67.53,37.5,73.7,-156.3,772.4,12.23,-18.04,-1.62,30.75
132220,1.02,1.28,56.02,54.35,-15.2,-172.9,908.0,7.29,-16.22,-1.06,30.95
132240,0,0,38.95,64.3,58.9,-97.1,990.5,6.38,-19.82,-1.35,30.91
132260,0,1.83,27.31,69.61,-16.5,-161.4,1000.6,-2.48,-20.68,-1.88,31.06
132280,0.5,3.28,15.27,60.19,-29.3,-154.7,990.3,-3.61,-18.3,-3.26,30.8
132300,0,1.95,10.85,50.66,78.2,-157.7,1002.2,-9.63,-8.79,3.01,30.89
132320,4.74,0,5.45,39.87,-134.4,-85.6,1009.1,-10.81,-28.69,5.51,30.93
132340,2.11,1.37,5.35,21.06,-117.5,-128.2,946.8,-16.41,-10.79,2.9,30.73
132360,5.29,0,2.1,12.35,-115.9,18.6,1032.9,-21.15,-16.65,2.92,30.35
132380,1.27,0,0.29,4.76,-112.8,-37.3,1008.0,-18.75,1.53,1.68,30.48
132400,3.51,0,0,1.66,-81.9,-35.3,1030.1,-14.73,-0.69,0.54,29.91
132420,1.96,0,0.14,0,-98.7,104.4,1001.3,-14.66,6.5,-3.03,29.86
132440,2.69,0.12,0,0,-35.8,116.5,1013.6,-11.73,2.98,-7.11,29.35
132460,0,0,0.35,0,-58.0,143.8,1003.4,-7.88,10.84,-7.67,29.47
132480,0.1,2.52,0,0,-72.8,247.3,994.3,-11.68,12.95,-4.49,28.82
132500,0.2,0.98,0,1.29,-40.1,112.8,995.8,-4.67,9.46,-3.93,28.69
132520,0.69,0,0,2.33,-32.1,150.6,1057.6,-4.14,22.8,-1.88,28.32
132540,70.87,36.38,9.48,0,138.5,128.1,1030.0,5.31,14.98,1.49,28.33
132560,55.64,43.45,13.37,1.91,120.8,201.2,949.9,7.83,23.82,7.32,29.04
132580,33.67,60.48,26.35,3.72,115.4,34.1,831.3,11.3,12.29,7.58,28.83
132600,22.61,55.97,36.27,1.88,152.2,16.8,829.2,21.21,14.91,5.52,29.47
132620,4.9,51.34,58.48,0,92.5,99.8,853.6,15.23,4.3,1.65,29.8
132640,0,46.69,70.89,0,136.4,-3.4,794.0,20.83,3.52,-0.34,29.95
132660,0,27.46,86.63,9.52,90.3,-37.8,744.7,21.39,3.45,-3.1,30.05
132680,1.89,19.67,84.89,11.31,124.5,-70.2,857.9,14.34,-4.94,-1.42,30.26
132700,3.48,10.15,80.78,26.17,81.7,16.4,860.7,13.39,-5.06,-6.37,30.48
132720,0,6.32,72.05,38.51,106.1,-121.7,919.0,9.29,-13.63,-8.66,31.02
132740,0,1.82,54.45,47.79,-67.9,-222.1,959.4,5.19,-20.76,-4.09,31.06
132760,0,7.1,40.04,59.66,-51.2,-91.9,987.4,4.23,-21.69,1.07,30.94
132780,1.77,0.02,29.93,68.46,17.7,-119.0,1011.1,-0.18,-23.04,-1.39,31.18
132800,0,5.33,18.41,64.63,-90.3,-88.0,1011.4,-1.14,-12.39,4.4,30.75
132820,0.97,0,10.39,52.08,-113.9,-127.6,1008.4,-4.96,-21.0,3.13,30.95
132840,0,0,5.03,34.92,-106.7,-100.7,982.1,-17.19,-9.24,4.49,30.85
132860,2.74,1.82,0.65,29.56,-51.9,-73.3,1007.7,-17.11,-11.98,4.3,30.53
132880,0,5.77,2.18,11.01,-34.2,-39.6,983.7,-19.0,-12.7,0.9,30.59
132900,0.19,0,0.47,4.85,-95.6,0.4,962.2,-19.92,-3.26,2.03,30.32
132920,2.74,6.23,4.52,3.3,-93.9,30.7,975.2,-19.23,5.96,-1.9,30.13
132940,0,0,0,0,-90.6,37.4,1005.5,-16.86,6.26,-1.33,29.48
132960,0,3.98,0,0.17,-102.5,48.5,995.0,-15.36,8.33,-5.37,29.45
132980,0,5.45,0,0.94,-28.6,58.4,998.0,-14.87,13.09,-4.48,28.97
133000,0,0.88,0,0,-93.0,195.4,1045.6,-6.61,16.37,-4.16,28.95
133020,2.47,2.1,1.85,4.39,75.5,156.6,983.7,-6.15,12.72,-0.09,28.37
133040,0,0.54,0,0.07,3.6,163.7,971.6,0.06,18.0,1.6,28.0
133060,71.8,35.37,8.97,1.97,-20.4,54.8,951.9,5.16,19.56,1.66,28.14
133080,49.91,49.16,17.11,3.31,100.2,156.4,874.3,9.46,21.07,1.1,28.36
133100,29.32,53.52,21.16,0,44.7,132.5,831.9,14.17,14.8,5.38,29.12
133120,17.15,58.73,42.68,1.34,141.7,105.9,852.1,17.15,7.24,2.65,29.2
133140,7.43,56.15,60.56,0,112.4,48.7,797.0,11.14,11.24,5.4,29.62
133160,4.9,49.48,75.14,0,72.2,-28.7,823.4,20.63,0.79,-0.45,29.9
133180,8.06,31.81,80.52,4.08,89.8,-36.1,813.9,18.07,-1.11,-2.23,30.1
133200,0,22.7,89.51,12.71,113.3,-121.8,759.3,13.38,-4.85,-5.35,30.63
133220,0,16.41,80.12,20.62,31.7,-73.6,824.9,9.88,-16.86,-8.02,30.4
133240,0,6.36,75.67,35.98,20.7,-80.6,844.6,14.29,-13.07,-0.64,30.42
133260,3.56,1.5,60.93,47.95,36.1,-106.3,915.5,14.18,-16.78,-3.3,31.01
133280,0,0.36,44.75,65.16,58.8,-135.1,952.1,1.65,-19.51,-4.03,31.09
133300,2.79,0,24.51,66.84,28.0,-95.5,996.5,-1.46,-17.53,-1.52,30.98
133320,2.24,0.64,19.63,61.87,-85.3,-154.4,988.9,-4.79,-25.79,4.19,30.75
133340,3.12,0,5.55,57.0,-34.5,-125.3,968.8,-4.87,-19.1,5.21,30.99
133360,0,2.17,3.48,43.67,-81.0,-69.5,935.0,-10.46,-15.85,8.14,31.15
133380,0,1.68,0,25.77,14.4,-93.8,1027.8,-11.54,-8.1,3.27,30.62
133400,0.97,0.68,0,15.79,3.8,-61.9,973.3,-16.28,-10.85,2.52,30.37
133420,0.86,0,0,6.01,0.1,34.4,1018.0,-20.64,-3.51,3.37,30.37
133440,0,3.26,0.37,4.69,-65.1,9.9,950.4,-16.41,0.3,-2.27,30.21
133460,0,0.96,1.19,1.09,-122.9,99.9,1051.7,-24.24,14.11,-1.86,29.79
133480,1.34,0,0,0,-54.2,98.4,989.9,-18.01,13.37,-6.71,29.22
133500,0,2.63,0.16,6.05,-39.7,106.1,1007.1,-17.43,7.8,-3.59,28.94
133520,0,1.88,5.67,2.24,-46.9,144.5,969.7,-10.08,13.98,-3.92,29.12
133540,0.42,1.43,0,0,-110.6,69.1,962.6,-6.36,26.17,-2.18,28.52
133560,0,0,0,0,-33.1,191.0,1040.3,-3.5,15.68,-4.15,27.95
133580,78.51,34.54,9.43,0.92,52.5,155.8,971.5,0.03,14.92,-2.4,28.25
133600,56.22,43.97,11.13,0,25.7,144.6,913.6,8.92,22.66,5.1,29.01
133620,34.79,55.36,33.99,0.8,112.7,206.6,874.6,13.82,12.73,4.06,29.17
133640,15.81,58.91,41.66,1.19,1.9,62.4,840.4,9.77,11.84,6.38,29.26
133660,8.46,61.17,53.57,2.89,147.8,40.4,835.7,21.46,17.16,3.04,29.39
133680,1.93,48.72,67.49,2.07,115.2,-32.0,794.1,26.75,-3.82,2.25,30.18
133700,0,32.68,85.38,4.81,87.8,-90.9,796.7,24.6,6.83,0.92,30.29
133720,0,25.87,89.69,11.55,84.9,-59.6,829.9,22.3,-8.81,-4.78,30.61
133740,1.87,7.72,84.05,18.06,65.1,-8.5,843.4,15.71,-11.7,-2.4,30.54
133760,0,6.77,71.26,37.59,187.5,-147.0,883.1,13.58,-15.19,-7.75,30.76
133780,4.5,0,61.52,51.74,31.9,-161.1,933.5,10.57,-11.2,-2.0,31.29
133800,0,0,40.28,60.51,-55.0,-176.8,937.0,3.14,-21.39,0.38,30.94
133820,0,0.16,32.0,66.93,-51.7,-196.9,993.4,0.13,-13.06,0.29,31.31
133840,0.8,3.19,20.26,68.45,16.0,-134.0,995.5,-4.69,-20.41,-0.05,30.99
133860,0,3.89,14.03,53.72,-3.2,-178.8,992.7,-12.95,-9.93,6.16,31.08
133880,0.43,0,5.93,39.61,-128.5,-111.0,1034.1,-9.93,-14.88,3.78,30.68
133900,0,2.5,1.21,29.75,42.1,-61.6,1000.2,-16.57,-6.41,2.99,30.42
133920,0,0,0,15.9,-100.5,-35.6,1022.0,-13.37,-7.12,6.0,30.43
133940,0,0,0,11.96,-28.9,3.8,990.1,-20.96,-3.57,-0.23,30.22
133960,0,0,1.78,2.0,-68.8,90.8,998.8,-18.77,-2.36,-3.25,30.0
133980,0.24,5.06,2.99,1.11,-65.7,-50.8,1003.3,-11.44,9.63,0.06,29.84
134000,1.39,0,0.33,4.0,-85.1,54.1,1022.1,-15.22,10.81,-1.5,29.77
134020,7.46,0,0.4,0,-13.8,148.4,1026.9,-19.62,13.97,-6.27,29.22
134040,0.78,1.69,0.09,0,-111.4,138.7,1017.0,-8.5,21.09,-5.82,28.87
134060,0,2.1,0,4.86,-156.3,92.6,980.5,-1.29,23.06,-2.97,28.63
134080,0,0,0,0,44.7,202.4,1015.0,0.18,10.18,1.28,28.25
134100,73.4,27.72,6.73,5.41,3.8,161.7,968.6,2.78,12.93,1.59,28.07
134120,54.04,46.74,10.9,0,-10.4,115.6,954.1,7.81,18.52,1.81,28.69
134140,35.64,56.67,27.94,0,52.0,123.2,855.6,11.42,9.98,0.39,28.72
134160,18.61,59.09,41.75,4.52,79.6,30.5,872.7,16.21,10.76,6.47,29.44
134180,4.54,57.73,54.67,2.86,27.2,104.5,830.1,16.85,12.6,2.64,29.73
134200,2.17,50.54,72.98,1.86,183.3,-59.2,780.5,22.77,8.38,1.73,29.83
134220,1.15,40.62,78.86,5.09,51.5,21.7,794.5,23.12,-4.37,-0.67,29.61
134240,3.4,24.91,83.68,5.91,19.1,-43.3,832.0,17.43,-3.77,0.68,30.0
134260,0.12,17.55,86.27,18.87,136.8,-86.0,800.8,14.24,-7.84,-7.44,30.81
134280,0.85,12.46,77.81,31.45,148.1,-207.8,887.0,22.38,-15.18,-5.76,30.84
134300,1.45,2.69,59.33,43.36,102.6,-176.2,859.1,10.23,-18.29,-6.56,30.61
134320,3.12,0,42.69,60.18,37.2,-109.2,930.6,4.97,-19.27,-7.17,31.09
134340,3.23,0.66,32.67,64.18,-92.3,-206.0,1009.5,5.42,-31.03,1.49,30.6
134360,2.19,1.85,17.54,60.97,-49.6,-72.8,1002.8,-0.15,-19.71,0.74,30.93
134380,0,0,8.07,56.8,-128.4,-151.5,985.8,-9.37,-16.49,9.74,30.85
134400,0.93,0,9.49,45.96,-88.7,-152.5,1020.8,-8.25,-15.57,7.26,30.43
134420,0,3.72,4.6,32.15,-81.2,-161.6,1062.1,-13.09,-15.28,5.97,30.59
134440,0,0.52,2.22,18.79,-72.0,-26.9,995.9,-19.86,-5.85,5.53,30.42
134460,1.63,0.29,0,10.08,-111.1,-18.0,947.3,-19.65,-4.2,1.43,30.44
134480,2.32,2.17,0.24,8.43,-37.8,-92.8,1023.5,-16.15,-2.47,-2.29,29.9
134500,0,1.46,4.45,0,-45.5,43.0,932.3,-21.36,7.54,-4.53,30.15
134520,0,4.42,0.05,0,-138.0,43.8,1073.4,-13.75,4.07,-4.71,29.82
134540,1.31,1.9,2.51,0,-23.3,19.4,986.3,-14.43,20.34,-9.53,29.23
134560,6.38,5.16,0,2.37,-31.0,125.2,956.9,-11.36,18.93,-5.4,28.83
134580,0,0,0.79,0.42,-110.3,148.0,1004.1,-5.62,16.6,-2.37,28.44
134600,0,1.4,0.85,0,-50.7,151.5,1022.2,-1.11,28.9,-3.7,28.07
134620,74.15,25.05,6.7,1.79,31.7,153.8,921.5,-2.05,21.63,1.17,28.32
134640,58.86,39.52,15.5,0,14.4,199.6,929.6,3.84,16.14,1.63,28.41
134660,41.52,61.06,28.47,0,45.2,51.3,889.2,18.79,14.82,2.72,28.64
134680,18.62,59.51,36.3,0,81.5,132.6,820.8,14.19,14.7,3.41,29.3
134700,10.53,58.35,53.8,3.54,120.9,-1.1,851.9,20.49,3.19,5.85,29.48
134720,6.11,50.85,71.15,8.07,78.5,102.4,811.3,18.11,9.32,3.59,29.71
134740,0,38.13,81.56,1.88,167.5,40.2,788.0,19.81,-1.65,0.79,30.36
134760,4.32,19.08,81.91,11.22,110.6,-12.5,811.7,20.3,-7.88,-3.06,30.31
134780,4.85,15.05,87.38,15.4,67.2,-95.3,871.6,19.75,-12.83,-0.01,30.57
134800,0,7.94,73.86,27.21,70.6,-135.8,843.9,17.18,-15.21,-5.02,30.66
134820,0,0,61.46,49.52,38.0,-152.7,855.7,15.86,-11.73,-4.23,30.95
134840,0,6.73,45.76,55.68,31.5,-150.0,912.5,8.3,-19.22,-1.81,30.62
134860,0,0.31,29.56,66.26,54.9,-108.6,958.8,-1.91,-32.55,-2.07,31.03
134880,0,4.07,23.04,65.77,-51.9,-129.0,932.3,-6.43,-26.08,-1.33,30.92
134900,0,0,7.54,57.06,-61.5,-95.1,983.6,-1.39,-25.08,0.18,30.92
134920,0,0,1.48,44.74,-120.4,-152.6,936.7,-8.53,-30.44,5.91,31.02
134940,0.31,0,0,31.83,-66.7,-42.8,949.5,-17.66,-11.94,1.52,30.64
134960,1.76,1.91,1.65,18.83,-147.4,-90.7,1009.3,-16.89,-16.19,3.98,30.26
134980,0,0,2.8,13.44,-82.3,-88.8,990.9,-18.34,-1.52,0.03,30.35
135000,0,0,4.74,4.14,-134.4,-38.4,1028.1,-21.7,1.84,-0.27,30.13
135020,4.82,3.44,0,0.3,-105.4,121.8,1025.8,-21.59,1.56,2.76,29.96
135040,6.69,5.12,0,0,-65.5,-15.2,997.0,-16.83,9.43,-9.79,29.48
135060,0,3.93,0,0,-30.8,112.5,987.2,-11.85,12.02,-5.0,29.43
135080,0.72,5.99,0,0.66,-60.0,187.0,1016.5,-16.65,15.87,-4.38,28.77
135100,0,1.37,0,0,49.5,185.6,958.5,-8.86,28.91,-1.83,28.63
135120,0,2.19,0,3.11,27.7,202.2,1043.6,-1.1,21.03,-1.88,28.25
135140,73.49,29.29,7.62,0,-12.2,157.5,981.9,-0.05,28.36,2.86,28.27
135160,64.49,43.7,16.46,0,90.0,113.5,933.4,6.67,15.15,2.84,28.24
135180,48.92,43.88,26.99,6.14,-11.2,77.9,842.0,6.94,11.73,5.91,29.1
135200,23.41,54.45,35.45,2.36,112.3,153.0,867.2,12.78,15.8,6.02,29.17
135220,12.25,54.91,52.95,0.48,75.2,197.9,882.9,19.64,9.22,0.24,29.71
135240,5.04,48.07,64.83,0.75,181.4,4.4,797.9,19.67,4.54,0.13,29.76
135260,0,37.29,74.95,3.61,43.4,-7.3,829.5,25.4,-0.0,3.2,30.6
135280,0,25.77,85.63,10.31,133.3,59.8,829.0,21.35,-9.3,-3.26,30.7
135300,0.65,12.56,86.95,17.48,141.7,-83.4,829.7,20.31,-5.76,-0.86,30.82
135320,0,8.28,71.31,28.87,74.4,-139.1,852.7,19.06,-18.54,-1.87,31.19
135340,0.87,0,67.72,50.04,45.0,-7.9,906.8,7.25,-23.86,-4.81,30.64
135360,7.13,1.85,44.18,59.73,4.1,-149.9,913.6,12.29,-15.2,0.21,30.78
135380,0.16,1.11,27.25,63.88,-4.3,-142.5,959.1,7.43,-20.97,-2.1,30.84
135400,3.35,0.59,19.88,64.82,-4.1,-72.1,995.3,-5.2,-14.34,3.42,31.23
135420,0,0,11.22,54.59,-49.2,-90.3,980.9,-9.94,-6.69,5.71,30.97
135440,0,6.32,3.54,45.99,-82.8,-51.7,976.2,-8.62,-10.78,3.21,30.84
135460,1.53,5.32,6.37,29.59,-53.6,17.2,1050.2,-14.43,-14.48,5.38,31.26
135480,0,2.11,0,18.19,-38.5,-31.6,971.7,-13.54,-14.58,4.17,30.5
135500,0,0,0,8.21,-93.9,-115.5,986.5,-21.01,-6.87,1.53,30.37
135520,2.51,3.22,2.39,1.21,-44.2,-14.9,1009.2,-30.93,-1.37,0.65,30.08
135540,0,3.62,0,3.79,-85.3,79.0,993.8,-18.92,15.17,-5.28,29.59
135560,0.83,0,0,1.5,-129.1,50.9,1013.1,-22.12,5.96,-2.18,29.49
135580,0,0.48,0,0,-91.1,135.5,986.6,-13.04,15.34,-5.09,29.13
135600,0,0.2,0.44,1.16,-181.0,142.1,1036.7,-14.87,18.47,-7.91,28.9
135620,4.46,2.52,5.17,0,3.0,8.4,989.9,-8.74,12.4,-5.58,28.91
135640,2.31,4.72,0,0,-111.3,136.6,1010.8,-0.99,19.55,-1.27,28.51
135660,69.81,31.36,0,0.48,-1.2,135.3,1019.6,3.49,20.39,3.16,28.02
135680,63.95,36.68,10.68,1.4,25.5,27.5,933.1,0.33,20.74,0.0,28.61
135700,33.18,52.55,26.63,0,53.7,66.7,880.1,10.97,20.27,3.45,28.92
135720,18.56,62.49,39.74,0.07,39.1,117.7,824.0,11.66,15.04,6.29,29.01
135740,10.49,56.68,50.45,0,84.5,61.2,818.3,18.83,8.77,3.75,29.81
135760,5.29,53.46,64.21,4.19,163.3,136.5,795.7,18.23,-3.5,0.52,29.88
135780,2.14,32.74,86.52,6.05,21.0,-91.0,822.3,14.98,-2.52,1.11,29.9
135800,0,25.48,86.87,4.74,88.8,-97.3,850.3,24.76,-3.96,-5.38,30.18
135820,2.84,18.76,83.07,15.87,85.5,-10.8,842.3,19.09,-13.29,-8.07,30.66
135840,0,7.11,78.18,29.8,-0.8,-109.9,850.9,16.84,-15.36,-6.65,30.93
135860,1.81,0.84,62.86,47.35,26.6,-116.5,852.6,11.43,-28.92,-4.95,30.94
135880,2.46,0.33,49.88,50.19,44.6,-129.0,868.0,6.8,-23.62,1.03,31.03
135900,0,0,32.68,62.93,12.1,-48.6,932.8,-2.53,-13.23,-2.43,30.9
135920,0,2.91,19.86,67.2,2.6,-225.3,988.3,-4.48,-23.19,-0.21,31.34
135940,0,0,12.14,57.1,-34.4,-162.0,1029.0,-9.73,-23.06,4.51,31.1
135960,0,0,4.93,48.1,-27.0,-74.9,993.5,-11.08,-15.44,2.43,30.81
135980,0,0,0.12,31.11,-107.3,-26.7,1011.1,-18.99,-12.47,7.51,30.7
136000,0,1.5,0,18.5,-153.2,-29.5,988.9,-17.17,-21.19,5.57,30.61
136020,0,1.51,0,11.26,-113.3,-79.8,965.1,-17.63,-2.68,-0.21,30.48
136040,0.13,4.38,0,8.14,-96.9,-11.5,1008.2,-20.72,-1.14,2.09,30.41
136060,0.31,1.51,0,1.5,-65.6,-14.6,1002.4,-26.38,1.76,0.02,29.89
136080,0,0,0.01,0,-85.9,59.1,1043.3,-16.08,4.13,-7.08,29.22
136100,0,0,0,5.97,-40.3,77.1,981.8,-13.56,17.8,-2.79,29.65
136120,0,2.53,4.93,1.32,-31.9,101.2,1108.8,-12.93,8.42,-3.07,28.9
136140,0,5.9,3.34,0,-106.1,126.6,983.9,-5.23,17.76,-0.63,28.18
136160,2.71,2.9,0,0,-49.4,127.5,1009.9,-6.04,12.76,-2.55,28.27
136180,78.35,31.35,6.75,3.22,36.2,154.5,1023.2,3.06,13.75,0.01,27.96
136200,68.27,38.32,12.3,0,22.9,98.5,939.4,7.14,2.05,0.74,28.36
136220,43.48,51.53,25.82,0,48.5,114.9,863.5,13.02,21.45,1.34,28.85
136240,23.13,58.08,33.48,2.3,105.2,120.2,885.0,17.28,15.76,4.89,29.05
136260,11.71,56.59,52.68,0,127.8,91.5,798.5,20.45,9.8,1.92,29.36
136280,3.67,48.87,67.09,0,169.8,29.3,773.4,17.77,4.99,1.46,29.91
136300,0,41.65,82.16,1.21,72.1,70.8,813.7,18.89,-2.49,2.38,30.18
136320,1.05,32.07,83.6,5.86,215.1,-23.3,789.9,23.96,-0.29,-1.75,30.08
136340,0,14.12,81.54,11.77,67.3,-83.6,825.9,16.77,-6.39,-0.59,30.7
136360,0,8.73,76.98,20.41,42.4,-84.5,848.5,17.71,-15.37,-1.28,30.83
136380,3.39,5.51,61.3,44.4,82.2,-142.1,858.0,12.86,-12.43,-4.2,30.87
136400,1.18,1.45,50.41,54.18,48.2,-119.6,904.0,9.98,-20.43,-5.21,30.86
136420,0.58,0,34.61,68.46,29.6,-101.3,998.6,5.46,-17.22,-3.73,31.17
136440,0,2.85,20.75,67.03,-35.3,-142.2,1057.2,-1.49,-21.91,-2.05,30.9
136460,0,5.39,16.15,66.45,-90.6,-128.5,963.5,-3.31,-19.45,6.18,31.15
136480,1.49,2.05,4.77,47.08,-0.9,-99.6,1038.6,-9.83,-17.99,5.41,31.24
136500,1.95,0.12,0.34,36.63,-123.1,-108.6,993.8,-9.49,-6.4,0.97,30.9
136520,0.25,0,0,23.43,-61.1,-13.4,1014.9,-14.55,-9.31,7.7,30.33
136540,0,0,0,8.0,-199.8,-114.2,982.5,-18.4,-11.74,0.12,30.4
136560,0.14,0.65,0,5.63,-138.5,61.9,1066.3,-15.16,3.44,0.15,30.4
136580,0,0.24,2.74,1.65,-204.0,-84.9,998.1,-19.23,14.74,0.69,29.83
136600,1.99,0,0,0.71,-188.0,31.1,956.2,-15.16,12.68,-1.89,29.75
136620,4.12,0,0,0,-117.9,3.3,977.3,-23.76,10.81,-6.97,28.96
136640,0,2.04,4.56,1.72,-140.8,60.7,1014.0,-11.82,24.04,-6.8,29.27
136660,0.53,0.89,0,1.33,-93.9,122.7,979.1,-9.25,14.91,-4.21,28.36
136680,0,7.44,2.85,0,-95.0,118.6,999.1,-0.2,24.52,-1.73,28.56
136700,81.19,21.69,9.38,0,102.1,174.5,994.3,-0.5,22.86,-1.83,28.14
136720,66.23,38.6,16.48,1.96,40.1,108.2,936.0,7.93,18.08,2.41,28.69
136740,51.99,44.47,22.62,4.02,60.1,133.8,898.4,7.11,27.89,3.19,29.16
136760,28.84,55.79,34.92,0,97.7,132.4,866.6,15.57,12.15,8.15,29.42
136780,12.05,55.94,48.88,0,134.7,99.6,812.5,19.34,14.11,8.44,29.4
136800,4.75,50.13,63.36,2.5,124.1,-37.5,792.4,25.87,11.72,0.46,29.85
136820,1.92,38.63,75.23,3.91,30.1,-11.9,753.6,25.59,0.08,-2.7,30.1
136840,1.35,27.78,87.41,8.26,87.0,-135.6,796.1,21.09,-9.83,-0.01,30.46
136860,0,19.34,81.65,19.05,88.0,-120.7,807.2,17.22,-4.44,-2.92,30.62
136880,0.29,10.94,80.6,24.44,-27.8,-120.0,862.7,20.08,-14.74,-3.11,30.9
136900,0,8.04,70.95,43.23,5.7,-78.6,917.9,11.8,-8.87,-6.07,30.86
136920,0.94,4.54,52.43,52.16,53.2,-167.6,905.1,6.57,-7.47,-2.21,30.81
136940,1.8,2.01,31.33,64.27,33.9,-208.9,974.4,4.18,-27.97,-1.02,30.77
136960,2.14,1.63,16.38,68.21,-22.9,-70.2,1005.6,-3.08,-18.31,1.43,31.19
136980,5.34,0,9.56,65.13,-1.0,-165.2,987.9,-5.56,-17.92,3.04,30.79
137000,1.84,1.86,9.58,51.33,-9.6,-156.9,995.8,-4.72,-25.52,3.82,31.0
137020,2.54,7.49,0,34.51,-68.7,-204.4,987.9,-19.69,-7.23,7.33,30.73
137040,0,2.84,5.31,21.36,-134.5,-254.5,964.1,-20.66,-2.85,4.27,30.86
137060,2.02,1.8,0,13.17,-96.2,-34.5,987.2,-21.04,-11.58,5.58,30.59
137080,0,5.34,3.68,5.48,-174.2,-15.0,1008.5,-19.87,0.65,2.68,30.59
137100,0,3.54,4.72,3.55,-102.4,68.7,986.4,-16.79,6.97,-5.07,30.17
137120,0,1.62,5.13,2.82,-63.9,10.0,1033.0,-15.81,9.13,0.45,29.81
137140,1.1,0,2.75,0,-115.9,65.3,1016.1,-17.22,1.68,-2.85,29.74
137160,1.2,0,2.99,0.62,-114.1,67.8,1055.3,-13.66,10.86,-6.51,29.14
137180,0,1.04,0,0,-54.3,160.3,943.8,-10.54,14.92,-3.76,28.64
137200,0,0,0,0,-26.4,94.0,913.9,-4.33,17.86,-0.21,28.42
137220,82.51,17.58,0.66,0,-76.9,27.8,973.1,-2.03,25.79,-2.99,27.81
137240,70.48,38.7,11.9,4.05,99.5,123.0,914.9,-0.25,13.77,0.23,28.52
137260,43.4,51.11,24.83,0,78.9,171.4,916.0,12.41,15.93,5.43,28.4
137280,31.45,53.26,35.54,0,90.4,105.3,819.4,16.92,24.57,3.4,28.97
137300,10.88,58.89,46.96,1.68,78.6,13.6,830.3,21.77,17.16,5.98,29.49
137320,0,58.71,66.22,2.16,105.0,113.0,800.7,16.59,6.85,3.9,29.92
137340,4.14,42.84,78.85,4.03,146.9,45.4,809.9,21.71,13.44,-0.29,30.03
137360,1.29,26.76,84.96,10.79,122.7,-32.6,780.9,22.44,-5.37,-2.2,30.32
137380,2.62,16.36,83.05,20.36,15.8,-20.8,847.8,19.2,2.87,-5.59,30.72
137400,1.13,16.76,80.96,26.54,51.1,-101.7,851.6,18.06,-5.81,-4.3,30.65
137420,0,3.43,66.95,43.3,139.1,-90.4,896.5,11.67,-13.82,-3.24,30.56
137440,0,4.39,54.93,56.84,59.4,-129.4,855.2,9.81,-18.78,-3.36,30.94
137460,0,0,42.6,61.08,51.1,-165.3,930.2,10.43,-10.7,-0.15,31.19
137480,0,0,23.39,64.43,-41.3,-210.2,998.3,-2.58,-19.23,1.5,31.17
137500,0,0,18.37,59.11,-105.6,-88.7,1056.5,-11.24,-22.97,2.83,30.93
137520,0,0,1.06,56.27,-98.6,-139.4,999.2,-1.14,-23.78,3.72,30.74
137540,1.9,0,3.63,34.88,-67.9,-145.2,989.2,-11.94,-21.57,8.05,30.94
137560,2.79,0,3.2,16.05,-98.9,-29.2,959.7,-15.9,-17.89,5.84,30.83
137580,0,1.84,0,12.79,-26.0,-74.7,967.9,-26.38,-9.9,3.32,30.46
137600,0,2.18,0,4.55,-111.3,-43.4,1036.2,-14.25,2.32,0.72,29.92
137620,0,0,1.71,4.09,-89.2,48.1,1014.9,-17.59,-3.3,-3.62,29.7
137640,0,0,0,0,-100.2,174.6,1022.8,-15.39,3.26,-5.64,29.46
137660,1.8,2.97,3.89,4.04,-193.6,142.2,960.4,-16.49,21.45,-5.47,29.48
137680,0.46,4.53,0.01,0,-54.8,115.3,1018.0,-15.09,12.84,-6.06,28.98
137700,0,0.94,0,0,-23.5,237.8,983.8,-13.29,19.49,-3.62,28.74
137720,0.57,0,8.2,0,-35.5,208.0,977.3,-11.37,15.33,2.05,28.38
137740,82.85,21.95,4.45,5.3,84.1,138.8,1068.1,-3.17,17.01,-1.26,27.88
137760,68.19,37.23,13.33,0,39.0,7.4,932.1,2.65,23.52,5.05,28.58
137780,51.16,44.98,17.09,0,-2.2,152.1,969.8,6.09,18.72,4.92,28.8
137800,32.34,61.67,27.71,4.67,72.2,82.5,853.0,16.48,24.38,4.75,28.74
137820,17.24,59.81,46.48,3.19,86.2,132.2,843.3,18.49,16.26,4.92,29.21
137840,8.92,54.55,56.07,0,115.7,25.7,829.4,19.54,6.39,2.47,29.38
137860,0.13,49.59,73.63,2.35,86.6,44.4,786.0,23.01,8.36,2.68,29.82
137880,5.89,22.47,80.17,5.61,116.1,-53.9,884.5,23.25,-2.33,2.52,30.09
137900,0,18.2,89.58,10.13,164.3,-83.6,817.4,20.3,-7.75,-1.59,30.34
137920,0,13.33,84.9,22.13,72.0,0.7,888.9,19.06,-12.15,-5.04,30.79
137940,0,4.38,69.67,33.4,58.2,-19.5,854.4,12.49,-12.15,-7.26,30.96
137960,0,1.35,50.93,45.3,81.0,-140.4,905.8,11.16,-18.14,-4.33,31.05
137980,0,1.04,39.67,62.66,21.0,-90.5,929.4,-0.97,-13.41,0.0,31.04
138000,1.19,0,26.92,70.19,-39.4,-122.6,1039.7,-2.69,-17.39,-1.17,30.86
138020,0,0.27,17.31,59.89,-30.8,-161.2,1008.1,1.94,-16.65,4.81,30.61
138040,0,0,4.28,49.6,-72.0,-148.0,990.9,-5.51,-12.24,3.75,30.85
138060,0,0,6.02,42.04,-132.0,-142.4,1003.7,-12.54,-15.66,6.04,30.98
138080,0,0,0,22.77,-2.6,-75.6,989.1,-10.75,-6.39,2.7,31.07
138100,0.29,0,0,13.35,-129.8,-18.0,1019.1,-23.87,1.01,2.07,30.63
138120,3.52,0,4.51,6.66,-27.9,6.6,1014.9,-20.28,3.49,0.74,30.03
138140,0,0,5.51,0,-47.7,35.8,998.2,-21.4,6.76,-2.17,30.19
138160,0.75,4.29,3.35,0.48,-147.2,54.5,989.9,-13.36,1.94,-3.23,29.77
138180,7.32,0,1.53,2.82,-65.4,91.7,1010.9,-14.99,18.85,-5.06,29.37
138200,0.16,4.59,0,0,-105.8,191.4,1014.6,-11.48,10.3,-4.63,29.13
138220,0,0.29,0,0.74,-29.0,147.0,967.2,-6.23,15.04,-3.92,28.61
138240,0,0.78,3.0,0,-33.2,199.8,970.2,-3.55,16.88,-0.92,28.56
138260,0,0,4.19,4.75,51.7,143.0,991.1,4.9,29.14,1.67,28.0
138280,72.18,27.13,10.5,2.33,-54.4,193.4,978.8,6.73,18.62,1.36,28.03
138300,54.28,46.59,18.48,0,-16.7,193.8,852.9,7.52,28.29,2.6,28.86
138320,29.91,53.75,28.7,0,32.9,52.7,920.6,16.62,14.55,4.92,29.1
138340,18.63,60.04,42.09,0,209.3,5.0,804.9,14.3,6.77,-0.46,29.43
138360,10.94,58.48,54.15,0,82.3,80.8,840.9,18.73,12.84,2.09,29.78
138380,0,43.64,71.27,7.19,90.1,45.8,784.0,22.05,-3.66,-2.34,30.0
138400,0,27.86,87.96,8.15,115.5,-9.4,767.4,23.54,-5.91,0.59,30.56
138420,2.98,24.65,89.01,18.12,65.3,13.2,805.9,20.43,-8.84,-5.27,30.37
138440,3.07,8.19,84.2,18.23,116.5,-101.9,839.6,13.09,-15.29,-7.07,30.55
138460,1.42,9.52,67.37,34.43,100.9,-131.0,876.5,14.04,-20.28,-2.26,30.82
138480,0.08,6.62,51.63,50.31,50.3,-105.1,864.3,9.23,-15.77,-1.34,30.94
138500,0,2.64,36.03,58.47,96.6,-117.8,915.1,6.15,-19.07,-2.98,30.89
138520,0,0,24.68,62.85,-22.6,-108.8,1019.7,-0.94,-19.56,2.04,30.56
138540,2.1,0,18.45,61.45,-40.2,-120.1,923.3,-9.77,-14.81,-1.88,31.32
138560,1.44,0,15.1,52.85,-143.9,-144.7,1047.4,-8.94,-21.48,4.52,31.26
138580,4.6,1.07,8.91,38.49,-28.6,-174.7,1006.3,-13.39,-8.67,6.55,30.82
138600,0,0.33,0.54,24.22,-145.4,-100.3,1064.3,-15.79,-15.28,3.14,30.53
138620,0,0,0.74,16.36,-48.3,-75.1,973.9,-13.41,-19.5,3.35,30.33
138640,0,2.09,0.58,10.49,-154.1,-14.8,978.6,-16.74,-8.72,2.06,30.54
138660,5.2,0,0,4.29,-45.7,37.4,978.5,-23.04,2.82,-2.36,29.87
138680,0,0.29,0,2.64,-77.2,39.2,1022.1,-20.48,-4.54,-6.63,29.82
138700,0,0,0,4.15,-104.8,194.0,992.9,-21.52,21.14,-5.51,29.6
138720,0,3.74,1.51,5.94,-41.1,72.0,996.9,-13.17,13.75,-3.5,29.34
138740,0,0,0,1.26,-32.6,177.0,1033.5,-10.27,16.8,-1.8,28.5
138760,0,0,1.08,0,9.5,147.4,979.1,-5.59,7.56,-3.56,28.3
138780,5.19,1.84,2.2,2.47,-5.1,103.9,977.6,-4.89,21.99,-0.05,27.85
138800,68.85,34.78,13.23,2.31,4.2,70.4,958.1,2.18,18.78,2.93,28.53
138820,53.56,43.21,18.74,0,96.3,108.0,901.8,9.37,22.63,2.27,28.56
138840,32.09,60.37,29.89,0,37.4,121.0,866.6,11.79,21.01,6.13,29.23
138860,22.47,58.89,41.03,3.17,127.0,54.9,856.3,16.08,14.78,8.0,29.46
138880,8.8,53.61,53.71,4.4,119.7,69.5,844.5,17.64,14.03,1.78,29.88
138900,0,46.24,75.05,4.66,-35.4,28.4,820.7,23.33,6.36,5.14,29.91
138920,0,33.83,80.9,8.01,113.8,16.2,778.6,17.19,-4.58,-0.56,30.27
138940,0,22.02,85.14,9.44,-5.9,-57.9,820.2,19.55,-2.12,-2.61,30.21
138960,0,14.32,84.86,21.31,111.0,-100.1,801.4,15.61,-16.0,-4.86,30.47
138980,0.11,3.72,70.16,37.96,29.9,-77.9,869.0,18.79,-10.53,-8.39,30.72
139000,0,6.5,54.73,50.72,-15.8,-70.8,913.5,13.67,-22.28,-4.51,31.36
139020,0,5.71,42.2,59.0,-125.2,-177.4,956.3,8.81,-25.89,-1.73,30.83
139040,0,4.73,25.27,67.31,10.5,-219.9,1057.7,2.57,-15.09,0.7,31.1
139060,4.58,0,18.22,63.66,-41.9,-234.6,967.6,-2.54,-17.03,-1.29,31.34
139080,0,0,6.27,59.01,-5.6,-130.6,1028.9,-7.82,-13.23,4.98,31.13
139100,0,0,3.66,41.81,-68.3,-222.8,974.4,-11.43,-16.47,1.74,30.78
139120,0,1.07,0.87,24.94,-79.3,-155.8,966.9,-13.13,-15.34,6.18,30.66
139140,0,0.88,4.89,13.11,-120.5,39.3,962.5,-15.19,-12.45,5.56,30.16
139160,0,0,5.31,7.07,-52.6,51.6,1007.2,-21.82,-5.47,1.97,30.13
139180,0.71,0,3.28,3.5,-45.6,51.4,1030.7,-19.67,-5.4,2.5,30.5
139200,0,2.93,0,0.5,-55.4,106.0,977.0,-12.48,5.0,-2.34,29.72
139220,0,0.42,3.86,0.44,-125.5,83.6,986.1,-20.27,12.85,-5.09,29.49
139240,0,0,4.79,1.18,-117.2,46.1,988.8,-14.04,10.64,-2.86,28.76
139260,0,1.31,0,1.51,4.9,75.5,1036.3,-9.02,13.76,-4.26,28.71
139280,2.27,1.6,4.28,2.52,-11.8,218.3,974.8,-9.12,20.13,1.0,28.6
139300,3.54,0,0,0,-15.6,88.0,982.3,-3.63,22.15,-1.73,28.03
139320,72.33,33.61,5.69,0,33.4,143.3,957.5,-2.32,17.97,1.41,28.56
139340,54.79,44.36,15.9,0,-27.7,105.3,928.7,10.14,17.03,-0.73,28.58
139360,36.52,53.99,21.39,0.11,39.8,49.7,879.7,10.06,12.45,6.7,28.98
139380,19.02,56.42,38.06,0,86.0,85.1,805.8,6.77,15.72,3.52,29.19
139400,6.47,53.11,53.95,0,35.4,-21.8,786.4,14.45,16.66,3.64,29.64
139420,3.19,51.24,68.18,1.68,60.0,-58.9,763.0,12.97,-9.75,1.07,30.15
139440,2.44,33.77,85.3,1.46,122.3,-57.4,863.7,19.92,-6.44,0.22,30.07
139460,3.52,23.15,84.92,7.09,-57.7,-173.2,766.8,18.89,0.6,-3.93,30.24
139480,0,11.63,81.87,15.83,22.3,-87.1,786.2,16.1,-14.19,-1.56,30.93
139500,6.08,4.62,73.84,37.04,103.3,-58.8,875.8,10.28,-8.39,-2.31,30.64
139520,6.97,2.95,56.97,45.32,-10.2,-206.6,872.1,6.77,-22.87,-1.83,30.5
139540,4.83,1.27,41.71,59.88,53.7,-132.3,972.8,4.38,-18.22,-0.75,31.06
139560,0,3.11,27.29,68.74,-10.1,-115.3,970.0,3.29,-17.24,-2.72,31.27
139580,0.12,0,20.02,68.58,-41.5,-188.3,954.2,-6.54,-19.29,2.28,30.7
139600,3.0,0,11.37,57.46,-129.9,-34.9,936.3,-5.81,-33.24,3.9,30.92
139620,0.15,1.96,4.91,45.41,-66.1,-142.5,973.6,-11.19,-9.61,3.01,31.23
139640,5.35,0,3.25,27.16,-64.9,-93.5,988.9,-14.81,-12.23,9.8,30.61
139660,3.03,0,2.34,15.18,-91.3,-106.1,1005.9,-14.74,-14.16,6.18,30.67
139680,5.91,0.06,0,7.39,-77.8,-90.6,992.3,-23.04,-5.84,-0.47,30.25
139700,0,1.85,2.51,3.54,-74.0,81.4,1042.8,-22.93,-3.08,-5.25,30.12
139720,0,2.83,0,2.31,-145.3,-27.3,1031.8,-22.89,13.29,0.86,30.05
139740,0,0,0,0,-92.5,37.8,1008.8,-16.2,15.35,-4.61,29.02
139760,0,0,2.1,1.75,-66.0,95.9,952.1,-15.81,23.09,-6.33,29.27
139780,3.72,0,0,0,-33.4,166.7,952.2,-11.79,23.82,-3.02,28.92
139800,0.28,0,1.48,0,-60.0,164.7,975.2,-7.8,16.98,-6.6,28.58
139820,0,0,0,1.77,56.3,173.5,972.1,-5.66,26.2,1.79,28.13
139840,71.53,34.81,12.83,0.79,28.5,206.8,932.6,7.27,22.78,-1.34,28.34
139860,63.72,50.86,17.67,0,78.6,159.2,963.8,3.74,17.93,5.11,28.79
139880,31.63,52.7,27.97,1.39,74.9,166.4,857.4,9.43,5.96,3.35,29.01
139900,17.54,54.4,34.42,0,101.4,123.6,845.0,20.7,11.54,4.07,29.95
139920,13.27,52.39,56.04,1.26,146.1,33.5,807.9,15.35,19.43,5.72,29.64
139940,4.35,44.54,74.37,8.11,83.3,-8.1,766.9,23.31,16.36,1.22,29.79
139960,0,35.08,85.22,2.08,141.5,70.3,836.9,17.74,-5.51,-3.03,30.12
139980,1.87,27.7,88.68,11.84,185.6,-2.9,780.0,19.87,-0.43,-4.17,30.26
140000,0,14.33,83.79,15.7,112.7,13.5,832.3,20.94,-17.14,-7.57,30.56
140020,0,6.4,79.95,29.15,59.3,-151.6,843.6,12.64,-17.89,-5.39,31.0
140040,0,3.89,62.28,45.54,88.7,-109.8,914.0,12.15,-17.61,-2.07,30.58
140060,0,1.84,46.05,62.23,13.5,-177.3,934.8,8.1,-20.79,-4.07,30.85
140080,0.7,0,31.44,64.81,49.2,-129.9,1016.8,-2.14,-18.04,2.36,30.99
140100,2.39,0,23.08,63.66,-114.0,-216.9,957.0,-6.65,-18.22,0.41,31.05
140120,0,0.75,9.69,54.81,-115.1,-150.0,1000.4,-4.44,-20.63,2.96,30.62
140140,0,2.95,6.78,44.71,-112.7,-129.2,991.7,-11.11,-12.01,6.13,30.86
140160,0,0,7.54,25.16,-56.1,-43.7,976.0,-16.64,-16.65,6.02,30.86
140180,0.95,0,0.45,18.64,-78.2,-66.7,956.3,-18.63,-11.78,3.06,30.42
140200,2.85,0,0,7.32,-94.7,12.8,1021.3,-21.05,2.52,0.22,30.2
140220,0,0,1.21,4.1,-126.0,16.6,1069.7,-17.13,-9.06,1.03,30.16
140240,2.41,2.27,1.79,4.13,-134.6,63.0,1055.2,-23.87,12.92,-0.28,30.15
140260,0,0,4.34,0,-94.9,45.6,979.4,-19.55,10.81,-4.88,29.8
140280,5.86,0,2.13,0.89,-79.2,80.3,1014.4,-13.21,10.69,-2.77,29.34
140300,3.35,0,0.15,1.9,-60.3,80.1,1002.0,-7.95,9.35,-4.13,29.12
140320,0,0,1.22,0,-67.7,157.2,1012.4,-5.83,18.66,-9.56,28.57
140340,0,0,5.44,0.28,-23.7,185.8,961.8,-6.66,19.87,2.5,27.88
140360,75.76,23.43,6.23,0.09,91.2,202.2,955.5,4.67,16.92,0.68,28.3
140380,61.12,43.74,15.29,0,71.8,181.6,952.3,13.31,14.15,7.7,28.47
140400,41.0,51.62,26.4,5.74,83.3,74.0,862.6,9.79,15.71,4.47,28.9
140420,20.29,57.42,40.32,0,79.8,137.9,875.3,19.09,22.07,5.2,29.03
140440,11.17,54.46,53.86,0,72.5,30.3,851.6,22.21,10.52,2.78,29.48
140460,2.42,43.5,68.5,2.61,159.9,52.9,801.1,27.03,2.37,3.99,30.21
140480,0,31.16,82.14,4.02,38.0,39.8,823.3,20.59,4.8,0.88,30.21
140500,2.15,25.37,85.55,15.03,97.8,38.1,778.0,21.9,-2.14,-6.15,30.48
140520,0,12.61,83.93,13.38,55.0,-92.9,786.6,17.93,-17.39,-3.64,30.64
140540,0,6.97,76.71,31.07,86.5,-16.5,914.0,14.26,-18.76,-5.59,31.04
140560,0,0,62.66,47.54,72.9,-85.0,864.5,10.7,-26.08,-2.19,31.32
140580,0,4.63,44.33,62.19,101.7,-73.4,984.3,6.73,-18.7,-4.85,31.14
140600,0,0,31.26,68.11,66.1,-155.6,1015.7,-0.05,-17.65,-1.6,31.01
140620,0,0.69,20.66,63.57,-16.0,-123.8,1028.7,-6.79,-22.9,4.37,30.91
140640,0.25,5.35,6.8,57.07,-43.9,-190.4,986.6,-2.52,-18.2,4.34,31.08
140660,3.26,3.52,0.99,44.83,-36.4,-154.9,935.2,-15.28,-18.7,3.14,30.86
140680,1.46,5.14,1.63,27.16,70.5,-114.0,1004.1,-14.51,-21.6,6.17,30.5
140700,0,9.95,0,12.93,-144.6,-119.8,1004.5,-19.52,-16.31,3.24,30.82
140720,0,2.82,1.11,7.57,-186.2,-54.9,981.9,-15.63,-9.5,5.37,30.31
140740,1.32,0.83,0,6.44,-74.2,63.9,1004.0,-19.39,-6.1,0.28,30.11
140760,0,0,0,0,-123.7,52.0,922.8,-17.64,8.01,-6.18,29.68
140780,0,3.05,0,0,-80.9,144.8,976.6,-19.96,8.38,-3.65,29.89
140800,2.68,1.07,4.65,3.76,-104.9,6.6,1006.9,-21.38,11.05,-2.8,29.27
140820,2.56,0.83,2.65,0.52,-77.4,121.1,993.8,-15.53,18.94,-5.66,28.9
140840,0,0.22,0,1.81,15.6,153.0,969.0,-9.88,19.91,-3.84,28.54
140860,1.39,7.85,1.02,0,-28.4,148.5,1032.3,0.71,23.33,-3.37,28.56
140880,75.4,26.54,7.71,2.33,93.5,204.0,950.6,5.21,20.64,-2.21,28.15
140900,57.97,40.11,15.04,0,62.5,170.7,903.3,4.17,17.97,4.54,28.2
140920,42.09,48.44,26.66,0.01,45.7,190.4,949.8,14.41,19.0,6.57,28.9
140940,23.42,54.68,37.84,0,20.4,146.1,843.7,13.61,14.74,2.49,29.28
140960,6.34,59.17,56.06,4.84,136.8,117.0,838.1,20.6,4.68,3.33,29.83
140980,3.38,50.93,69.23,2.01,95.7,-9.1,827.3,23.93,4.63,2.82,29.75
141000,0,39.13,83.5,10.27,35.5,71.2,810.7,15.91,-2.89,-0.76,30.05
141020,3.11,26.78,86.78,9.66,16.4,12.6,764.8,17.72,-3.28,-3.12,30.25
141040,2.12,9.28,87.65,15.01,163.7,-94.4,807.1,19.22,-6.43,-4.24,30.68
141060,0,5.89,78.98,30.73,143.3,-102.4,889.3,18.61,-17.94,-1.24,30.69
141080,0,8.92,55.13,43.47,48.6,-189.6,872.5,12.22,-12.76,-5.79,31.09
141100,0,1.62,50.08,56.46,54.0,-160.3,921.5,6.99,-18.91,-3.7,30.61
141120,0.41,0.62,30.35,68.34,-21.4,-126.0,1013.2,-4.33,-17.4,-0.45,30.89
141140,0,0,20.23,63.06,-96.3,-87.8,1022.1,-0.67,-21.37,2.62,31.16
141160,0,0,14.87,58.63,-59.9,-215.8,978.6,-8.03,-20.8,3.41,30.57
141180,0,2.99,9.86,45.21,-139.6,-88.3,1051.3,-19.75,-21.84,2.11,30.76
141200,1.41,0,1.76,28.33,-158.2,-109.4,987.4,-18.27,-16.6,7.37,30.53
141220,3.14,2.55,0,15.15,-72.5,-102.8,996.6,-16.78,-5.04,-0.77,30.51
141240,0.25,5.51,3.57,9.95,-123.2,-90.3,1057.7,-19.35,-1.95,1.91,30.45
141260,0,2.94,0,0,-41.7,63.5,1045.5,-20.61,5.79,1.44,30.35
141280,0,1.33,2.5,8.16,-85.4,70.2,976.1,-19.1,8.51,-2.19,29.72
141300,3.08,0,0,1.64,-44.2,47.0,994.4,-14.59,13.91,-1.87,29.74
141320,3.41,0,2.09,0,-119.4,185.4,1044.0,-16.6,18.2,-1.76,28.91
141340,0,0,0.42,5.43,-92.4,158.1,976.6,-9.81,13.71,-6.29,29.11
141360,3.86,1.41,0,0,-48.8,54.2,1054.0,-7.82,23.96,-4.33,28.7
141380,0,2.34,2.63,3.35,-49.0,49.9,938.1,-1.24,12.86,1.52,27.94
141400,75.74,22.16,8.46,7.57,32.3,224.7,1001.0,-3.22,14.93,3.43,28.12
141420,67.51,39.29,13.89,5.44,53.2,154.4,923.5,8.24,21.35,4.42,27.9
141440,44.99,45.64,20.5,3.22,66.0,135.2,857.3,9.63,19.94,2.37,28.8
141460,22.07,54.35,41.76,0,72.8,68.7,822.3,20.51,12.2,7.3,29.07
141480,10.33,60.55,51.25,0,40.3,86.2,897.1,12.73,12.16,5.07,29.37
141500,2.52,47.17,70.27,6.6,181.1,158.7,848.2,16.81,2.45,1.74,30.01
141520,0,35.35,83.22,5.99,80.0,22.6,816.9,20.05,7.1,-3.29,30.03
141540,0,20.33,87.05,12.93,106.6,-5.2,808.4,18.5,-1.98,-1.0,30.32
141560,0.6,15.91,84.21,19.46,85.5,-17.9,846.8,21.23,-6.35,-3.85,30.63
141580,2.75,5.68,80.86,26.36,162.5,-152.3,906.7,16.96,-14.14,-4.74,30.67
141600,6.6,4.11,66.27,46.2,97.2,-127.3,880.4,16.59,-8.57,-4.69,30.13
141620,0,0,46.89,65.14,41.1,-193.1,930.2,3.78,-30.39,-4.82,31.05
141640,2.3,1.56,33.0,58.81,13.4,-185.4,996.3,-0.81,-19.86,0.98,30.73
141660,0.54,3.12,16.76,66.53,-71.3,-200.0,1005.9,-1.35,-20.15,0.5,30.85
141680,0,0,11.8,60.54,-106.0,-86.3,1025.9,-8.5,-20.24,3.9,30.77
141700,0,5.16,5.44,43.47,-48.1,-154.1,1003.6,-10.72,-18.06,6.08,31.39
141720,0,6.49,2.3,30.59,-65.2,-84.8,950.5,-14.0,-18.33,7.31,31.06
141740,0,0,1.07,18.02,-59.6,-114.0,1006.8,-14.09,-11.63,7.38,31.14
141760,0,0.32,0,13.26,56.0,17.9,1025.4,-11.17,-8.73,1.72,30.0
141780,0.02,5.4,0,4.8,-104.8,-29.5,1009.5,-21.77,1.6,2.22,30.27
141800,0,4.01,0,1.18,-51.9,71.2,957.5,-19.37,0.63,-4.11,29.97
141820,2.17,5.1,1.12,0,-223.6,40.1,1011.6,-15.61,15.9,-8.54,29.28
141840,0,1.01,0,0,-182.2,84.6,992.3,-16.14,11.58,-5.82,29.29
141860,0,0,0,0,-29.1,126.1,973.0,-10.68,10.58,-3.66,29.08
141880,0,0,2.42,0.76,-44.8,152.3,1025.0,-8.49,16.87,-4.47,28.78
141900,0.22,0,3.73,0,27.3,192.9,1013.6,-3.12,14.1,-4.67,28.41
141920,78.33,26.5,7.53,0,60.2,167.6,941.2,7.13,17.95,3.51,27.99
141940,61.71,38.74,9.49,1.24,47.1,150.1,885.2,5.44,15.65,2.13,28.55
141960,47.78,46.04,23.14,0.83,114.0,95.0,935.1,7.12,10.62,4.43,28.37
141980,24.9,63.51,39.59,0,97.6,47.9,873.4,15.33,16.47,3.27,29.26
142000,11.11,55.97,47.16,0,44.2,64.8,851.4,20.78,22.23,5.77,29.63
142020,2.76,54.78,65.97,8.22,118.5,38.5,809.7,24.39,2.86,4.28,29.72
142040,0,36.8,73.53,0.79,131.5,-19.2,820.6,19.13,3.51,-2.98,30.29
142060,0,28.87,79.2,14.71,66.7,-25.2,799.4,16.72,9.42,-1.66,30.58
142080,0,18.53,81.73,22.8,69.2,-65.1,806.0,19.63,-4.94,-7.54,30.63
142100,0,10.94,73.83,25.0,55.6,-123.0,842.2,12.33,-14.82,-6.07,30.63
142120,0.59,4.01,66.88,41.89,-3.2,-113.0,872.4,11.65,-22.94,-7.36,30.7
142140,0,0.2,45.45,56.45,16.6,-212.8,958.5,5.84,-18.48,-2.68,31.26
142160,0,2.31,39.22,64.03,20.5,-280.0,934.0,4.76,-18.37,-1.93,30.74
142180,1.38,0,25.78,65.21,-30.1,-218.1,1023.9,-3.02,-23.35,2.13,30.95
142200,1.06,2.96,9.84,59.07,-72.1,-108.1,967.3,-5.94,-13.64,3.38,31.33
142220,1.22,0.54,5.25,42.05,41.4,-193.3,1011.6,-11.72,-5.65,-0.27,30.88
142240,0,0,2.6,31.39,-131.5,-36.0,1032.1,-16.99,-20.74,6.65,30.84
142260,0,2.5,3.6,20.28,-243.8,-22.9,987.5,-17.89,-11.62,4.06,30.46
142280,0,3.31,2.17,5.22,-60.5,13.0,1010.3,-18.72,-4.97,5.23,30.34
142300,1.3,1.5,5.02,3.41,-85.2,-13.3,986.1,-20.06,-4.72,-1.61,29.75
142320,0,0,0,0,-44.2,-17.6,1031.4,-26.47,9.57,-3.64,30.17
142340,0,3.58,0,0,-57.9,142.2,970.0,-18.85,4.79,-4.06,29.49
142360,0,1.01,0,0,-92.4,53.1,993.8,-18.16,11.15,-4.48,29.28
142380,0,1.51,0.32,3.22,-87.7,120.6,964.8,-6.68,17.5,-7.0,28.94
142400,0,2.41,0,4.64,-47.5,123.0,1013.0,-5.37,16.29,-2.78,28.5
142420,0,1.15,2.14,0.79,-5.8,248.0,984.3,2.01,11.71,-4.54,28.31
142440,73.32,25.86,5.77,4.24,41.7,136.1,980.0,1.95,18.54,0.34,27.79
142460,58.65,38.46,9.93,0,-52.0,160.5,949.6,5.52,22.43,1.48,28.31
142480,47.59,50.53,24.66,0,82.5,104.1,950.5,13.22,16.0,2.87,28.87
142500,28.31,56.43,40.71,0,126.8,134.2,817.2,20.36,4.1,1.77,28.99
142520,6.62,54.75,51.42,0,97.7,-67.8,864.8,20.88,8.01,2.44,29.54
142540,5.72,54.16,64.15,1.57,50.3,117.2,787.8,16.56,14.36,3.57,29.88
142560,3.45,36.23,79.75,1.36,79.6,-5.2,786.7,20.46,10.22,2.68,29.93
142580,0.45,30.57,88.74,10.78,59.1,12.8,789.3,19.33,-6.09,-3.97,30.47
142600,0.35,17.53,85.74,9.81,103.6,-75.4,794.6,17.11,-11.38,-3.8,30.33
142620,0.99,6.08,79.04,23.15,54.3,-0.5,776.8,15.52,-13.21,-4.61,30.68
142640,0,8.67,64.81,38.68,-14.5,-87.4,861.4,13.38,-23.61,-4.35,30.62
142660,2.32,5.25,53.39,51.93,69.3,-111.4,911.0,11.1,-20.43,-2.91,30.84
142680,0,0.48,33.38,63.7,26.4,-164.2,1052.1,-0.13,-20.15,-2.14,30.92
142700,4.21,0,25.45,65.72,0.3,-120.3,1008.0,-6.0,-15.62,2.75,30.79
142720,0,1.16,6.77,64.41,-55.1,-74.1,1000.1,-5.55,-22.53,0.92,31.14
142740,2.72,0,1.87,48.74,-62.4,-153.7,1025.5,-11.48,-17.16,6.73,30.92
142760,0.55,0,0,30.8,-110.8,-81.8,1032.2,-12.43,-15.78,4.35,30.91
142780,0,0,0,22.25,-34.3,-76.9,1004.6,-19.71,-6.48,5.26,30.58
142800,0,2.23,1.69,13.15,-88.6,-79.6,1043.6,-16.3,-5.58,4.39,29.86
142820,3.46,0,0.86,9.06,-39.3,-30.9,1028.4,-15.35,-9.6,2.68,30.54
142840,2.7,1.97,0.48,6.15,-42.4,85.3,1019.2,-18.92,4.39,-4.05,30.27
142860,2.69,0.52,0,3.53,-114.8,73.0,990.0,-16.85,-6.92,-2.45,29.76
142880,0,0,0.07,0.31,-145.8,164.9,985.5,-15.89,15.74,-2.37,29.2
142900,0,2.16,6.45,4.25,-84.5,206.6,1016.5,-12.84,16.03,-7.12,28.86
142920,3.2,0.31,1.63,0.88,-12.8,163.8,979.3,-8.94,16.35,-2.56,28.43
142940,3.3,0,0,0,45.6,121.1,1017.7,6.71,17.27,-0.01,28.1
142960,73.59,25.68,11.27,1.25,-7.3,200.4,949.1,2.85,25.48,0.57,28.31
142980,68.31,32.39,8.32,0,43.7,116.7,963.8,2.94,18.96,2.62,28.23
143000,46.32,39.96,23.63,1.95,90.8,200.7,910.3,9.79,22.36,1.39,28.81
143020,29.04,53.56,38.2,0,162.7,170.4,936.1,15.41,15.36,1.98,28.91
143040,13.02,59.99,46.03,5.52,41.5,-45.9,852.9,20.19,9.73,6.02,29.5
143060,5.84,52.13,60.03,0.44,90.7,106.8,814.2,15.28,16.37,0.51,29.7
143080,4.85,37.19,83.42,2.1,39.3,55.9,819.3,26.89,4.56,-2.08,30.22
143100,3.22,26.1,80.88,0.42,68.7,-37.5,838.7,26.93,-2.75,-4.89,30.12
143120,2.78,16.3,84.85,6.82,60.7,-90.2,813.8,20.42,-1.83,-3.98,30.76
143140,0,13.1,80.28,28.57,144.3,-41.3,895.5,15.13,-13.22,-3.71,30.64
143160,0,1.26,59.16,37.73,4.1,-203.5,836.2,13.45,-16.97,-2.82,30.74
143180,0,0,46.84,51.64,3.9,-166.6,899.4,9.0,-14.79,-8.96,30.95
143200,0,1.44,36.38,67.19,-6.1,-117.5,965.5,7.05,-16.7,0.05,30.95
143220,1.43,0,21.35,66.28,-8.7,-159.2,978.6,0.52,-23.99,1.79,31.12
143240,1.99,2.93,15.39,61.15,-28.9,-55.3,984.9,-6.49,-31.54,0.72,31.38
143260,0,0,8.87,52.89,9.1,-184.8,999.7,-15.64,-17.62,0.62,30.62
143280,2.46,4.29,7.7,39.63,-55.2,-127.3,987.0,-13.67,-11.89,5.47,30.55
143300,2.75,0.85,0,21.72,-54.3,-64.6,986.6,-21.65,-8.97,5.77,30.59
143320,4.4,0,4.97,15.4,-77.1,-96.6,1007.1,-19.02,-9.29,-0.34,30.65
143340,0,0,0.41,8.34,-55.3,0.6,1013.1,-18.83,-8.51,2.27,30.04
143360,0,0,0,2.96,-33.9,60.9,1021.4,-15.98,-0.19,-1.47,30.16
143380,0,0.1,1.52,0,-51.3,85.6,1017.1,-17.08,12.82,-1.15,29.42
143400,2.11,0,0,0.75,-88.2,13.8,1039.1,-13.65,11.55,-2.9,29.45
143420,0,0,0.65,1.55,-103.5,72.0,1013.8,-17.55,14.85,-5.68,29.27
143440,0,0,3.53,0.28,-37.9,161.0,958.2,-9.95,22.99,-4.71,28.51
143460,1.7,0.89,0,0,-51.7,90.9,1045.4,-0.82,17.97,-2.48,28.01
143480,80.45,19.54,10.22,2.6,51.2,256.6,977.0,3.18,15.52,0.07,27.98
143500,67.22,32.0,17.16,3.64,55.5,126.4,995.5,3.88,17.22,2.64,28.36
143520,50.01,45.06,23.06,0,18.9,31.8,898.0,10.5,14.42,5.18,28.3
143540,27.02,58.99,30.47,0,57.8,111.1,839.9,10.18,12.5,2.41,28.87
143560,13.72,55.95,40.16,0,-7.8,16.8,777.7,15.62,6.1,4.7,29.49
143580,10.65,57.97,63.31,1.94,96.5,44.0,784.3,12.86,14.18,1.24,29.59
143600,5.62,40.17,73.97,4.92,147.5,-43.8,773.2,20.56,8.85,2.13,30.45
143620,2.71,31.46,80.95,7.24,114.5,30.5,827.3,15.03,-5.73,0.66,30.52
143640,0,20.66,80.76,14.86,103.2,-53.8,811.7,17.58,-7.16,-2.35,30.36
143660,0,7.55,84.06,21.8,-12.5,-165.9,832.1,18.95,-12.94,-5.17,30.79
143680,1.31,5.6,68.49,42.44,23.9,-115.3,915.9,14.05,-15.5,-4.24,30.81
143700,0.78,4.04,54.47,48.47,41.5,-179.0,912.9,12.43,-25.21,-5.78,30.79
143720,0,2.94,33.4,65.12,67.3,-152.4,900.1,3.78,-19.69,-1.89,31.08
143740,1.82,3.13,25.84,64.75,-37.2,-205.0,970.0,4.79,-19.4,-1.84,30.91
143760,4.64,0,10.46,60.17,-82.4,-51.1,1018.0,-10.21,-18.26,3.65,31.17
143780,1.24,0,10.15,50.99,-126.5,-160.6,1014.9,-10.79,-15.54,6.22,31.07
143800,0,2.72,6.67,37.07,-187.7,-57.0,1010.7,-9.95,-9.98,5.8,30.95
143820,0,0,4.64,22.53,-163.9,-105.1,1003.0,-13.81,-9.92,5.09,30.79
143840,0,0,2.84,15.21,-34.7,13.5,997.5,-21.29,6.15,2.13,30.52
143860,1.08,0,0,5.79,-118.9,13.3,1017.0,-20.68,-9.9,-0.75,30.41
143880,0,0,0,1.64,-99.5,39.7,1000.3,-14.73,-11.61,-2.59,30.31
143900,1.01,5.37,1.59,1.75,-117.9,45.3,985.2,-16.62,-6.78,-5.24,29.72
143920,1.52,0,0,1.57,-229.2,97.0,1012.4,-21.22,8.43,-1.82,29.33
143940,0,2.33,1.85,0,-73.0,49.2,952.7,-13.49,14.63,-6.86,28.85
143960,0,2.33,3.53,2.93,-14.5,112.1,1007.9,-3.5,20.15,-7.91,28.77
143980,0,6.35,0,0,-100.4,180.9,1004.7,-4.14,11.02,-4.64,28.65
144000,80.55,24.6,4.5,0,33.9,49.0,995.7,-4.93,24.13,1.42,27.73
144020,72.53,33.37,13.74,0.78,102.7,109.8,967.9,3.26,15.64,3.17,28.22
144040,52.26,49.28,17.45,0,59.8,114.3,881.5,5.48,20.56,5.11,28.67
144060,32.14,49.8,29.59,5.08,-17.9,60.7,893.5,10.98,20.3,5.34,29.2
144080,14.88,57.85,53.73,0,158.8,-4.6,866.9,16.66,9.1,4.62,29.3
144100,4.13,54.64,59.19,4.15,166.8,23.3,832.4,21.73,1.9,2.4,29.43
144120,0,40.88,78.94,6.69,182.1,-11.7,766.2,15.76,1.59,3.03,30.14
144140,2.96,31.25,84.24,8.7,182.9,-30.5,869.5,13.14,1.15,-0.9,30.05
144160,0,18.22,86.17,13.34,87.9,-72.4,821.3,20.36,-19.73,-0.32,30.09
144180,0,12.92,84.6,18.61,75.1,-134.3,854.3,16.86,-12.49,-1.96,30.31
144200,0,8.69,73.55,40.04,-13.8,-54.9,915.9,17.0,-5.18,-6.13,30.6
144220,0,1.47,55.95,52.33,127.2,-77.2,894.2,10.42,-25.68,-3.78,30.78
144240,0.89,1.71,46.34,58.51,-15.1,-130.3,946.7,9.28,-19.25,-2.01,31.04
144260,0.64,0,30.17,67.5,25.2,-156.3,964.4,-4.3,-28.01,-2.53,30.98
144280,4.18,0,15.97,60.41,-53.1,-85.5,1000.3,-4.62,-11.36,1.91,30.76
144300,0.2,0,7.48,55.81,-51.1,-126.7,947.0,-9.17,-22.75,5.47,30.73
144320,0,0.66,1.66,37.65,-109.0,-114.8,1042.0,-12.42,-12.05,7.37,30.8
144340,0,1.13,8.38,18.74,-80.9,-117.8,1019.1,-17.16,-18.42,5.68,30.77
144360,4.66,2.52,1.72,9.58,-85.9,-20.1,994.3,-15.25,-7.99,3.78,30.21
144380,0,0,0.25,13.92,-143.8,43.6,1014.3,-22.71,2.11,-0.89,30.48
144400,2.37,0,6.12,1.73,-110.1,-5.5,987.5,-23.69,-3.92,-0.73,29.66
144420,0,0,0,1.82,-94.4,35.9,1057.7,-17.01,9.17,-3.35,29.65
144440,0,0.65,1.53,0,-30.2,94.4,983.6,-14.15,7.48,-4.33,29.43
144460,0,0.29,2.17,4.43,-29.3,156.2,1008.8,-15.14,14.86,-6.28,28.91
144480,0,7.76,0.29,0,-40.8,105.1,999.8,-13.97,8.33,-4.06,28.94
144500,0,0,0,0,-0.8,123.9,1003.9,-7.92,14.65,-2.48,28.56
144520,0,0,1.22,5.1,22.1,171.8,999.2,0.23,24.23,-1.47,28.32
144540,69.58,33.99,8.65,0,38.2,196.7,995.8,9.5,14.28,3.93,28.32
144560,57.16,44.11,18.04,0.82,75.9,127.8,923.1,6.07,11.09,0.24,28.54
144580,30.44,54.13,28.26,1.19,123.3,183.9,927.0,13.79,14.41,7.15,29.06
144600,19.87,62.99,49.29,0,26.2,60.0,807.1,10.85,18.84,5.44,28.95
144620,4.37,54.17,63.43,0,28.7,98.4,787.8,22.53,2.49,1.92,29.76
144640,1.45,47.08,74.5,6.2,113.7,81.7,863.0,18.85,1.59,4.64,30.06
144660,0,33.44,84.19,7.89,47.4,37.1,778.5,21.8,3.04,-3.27,30.23
144680,2.18,23.4,83.81,11.78,126.5,-0.1,853.3,19.3,2.54,-6.61,30.81
144700,1.47,12.58,83.16,26.46,35.9,-123.2,838.8,13.13,-4.86,-8.34,30.36
144720,0,3.77,68.57,35.0,47.3,-66.4,887.2,17.5,-11.26,-5.34,30.83
144740,0,4.28,59.36,49.13,135.1,-50.5,891.9,10.98,-9.92,-4.76,31.04
144760,0.31,2.94,40.2,60.65,31.0,-128.7,877.4,5.76,-14.47,-1.41,31.44
144780,2.97,1.38,22.05,65.33,15.5,-79.8,999.6,-1.56,-18.18,0.66,30.77
144800,1.05,0,21.44,63.97,-81.7,-146.0,997.3,-10.0,-17.39,5.27,31.32
144820,0.95,0,8.86,56.82,-34.1,-92.4,948.3,-10.15,-25.5,2.64,30.96
144840,0,0,0,39.3,-33.1,-117.1,1042.8,-16.95,-22.12,8.33,30.68
144860,0,2.64,6.83,23.13,-51.4,-6.8,961.3,-18.66,-14.03,7.3,30.69
144880,0.22,0,0,14.56,-43.5,-79.1,972.9,-17.62,-9.64,1.64,30.41
144900,0,4.54,2.95,8.85,-97.9,-68.2,1002.1,-25.31,-2.83,4.05,29.88
144920,1.57,4.0,0.19,2.33,-47.6,14.1,948.6,-19.45,-1.66,0.5,29.95
144940,0,0,0,3.37,-32.5,105.4,1015.6,-19.64,9.21,-6.24,29.47
144960,1.95,0,7.35,0,-125.1,120.2,1009.7,-23.14,17.04,-5.99,29.32
144980,3.39,0,0,2.13,-73.4,38.8,966.1,-16.83,17.42,-5.59,28.9
145000,0,1.69,0,0,-46.2,182.1,1058.4,-10.84,24.07,-4.17,28.93
145020,0,0.7,0,0,39.9,159.6,1013.6,-13.66,19.23,-1.84,28.34
145040,0,0,0,0,25.2,144.0,961.6,-3.98,14.18,2.29,27.82
145060,75.22,32.0,15.87,0,-24.8,139.4,990.3,4.3,19.23,1.74,28.35
145080,59.01,37.46,12.87,0.72,63.2,86.4,932.0,9.71,17.49,4.64,28.68
145100,32.64,54.69,29.95,0,47.0,137.5,892.3,15.62,10.82,2.47,29.14
145120,19.12,55.41,41.78,0,64.5,98.2,821.6,13.77,13.34,2.87,29.5
145140,6.72,55.28,57.12,0.29,48.6,38.7,808.0,15.46,5.47,3.88,29.87
145160,3.63,46.91,73.04,5.62,71.8,20.4,828.8,20.08,2.81,1.06,29.76
145180,0,36.04,83.48,8.37,123.1,4.2,828.6,21.05,-1.03,-0.62,30.1
145200,2.88,19.29,85.46,8.49,107.9,-21.9,760.5,23.47,-12.11,-4.82,30.5
145220,0,13.85,76.99,20.94,154.0,-137.1,777.2,16.56,-17.57,-4.01,30.44
145240,0.36,4.54,71.37,36.24,85.4,-104.6,870.7,13.43,-14.68,-6.55,30.82
145260,0,0,61.49,47.39,44.4,-147.0,894.4,14.43,-16.41,-6.17,30.73
145280,5.27,1.57,39.81,54.78,-17.3,-188.3,970.4,5.42,-18.95,-2.43,31.06
145300,0,0,29.29,72.81,-28.3,-105.3,995.4,4.69,-19.41,-1.22,31.28
145320,0,1.57,17.82,58.75,60.8,-138.8,980.5,-1.68,-24.77,2.97,31.01
145340,1.02,0,8.09,55.36,65.1,-115.6,981.2,-10.64,-20.04,4.2,30.86
145360,0,1.85,3.32,39.48,-46.6,-76.4,1017.2,-10.71,-13.28,5.48,31.02
145380,0,0,0,27.66,-37.5,-172.7,987.1,-23.69,-14.5,4.57,30.22
145400,0.95,2.56,0,11.2,-136.4,-13.7,1025.7,-18.8,-10.54,4.93,30.61
145420,0,1.71,0,6.25,-120.5,11.2,993.9,-20.4,-6.24,0.21,29.98
145440,0,0,0.92,1.94,-81.3,-109.3,999.5,-16.92,12.84,2.05,30.16
145460,0,0.01,5.26,4.24,-89.7,38.4,992.1,-24.02,2.29,-0.75,29.48
145480,0,1.27,0,1.53,5.8,46.2,970.4,-18.35,18.48,-6.67,29.73
145500,3.11,1.29,0,0,-63.2,197.5,1026.6,-11.75,18.15,-5.02,29.01
145520,0,0,0,7.68,-61.1,53.8,998.0,-14.28,16.53,-3.22,28.72
145540,0,0,0,2.55,-70.7,110.3,989.2,-4.61,16.64,-1.99,28.48
145560,0,1.21,0,2.96,20.6,151.7,1022.7,-2.63,29.4,-1.1,27.89
145580,70.55,36.27,12.86,0,-22.0,42.4,989.6,1.05,22.12,2.59,28.24
145600,57.74,47.8,15.76,0,90.7,181.4,897.5,8.09,16.65,5.29,28.56
145620,39.51,51.9,26.68,6.47,37.5,61.1,890.3,12.05,17.88,3.45,28.8
145640,21.79,58.15,37.75,2.65,45.1,115.5,867.5,17.56,21.29,5.29,29.4
145660,10.46,60.8,56.18,0,46.9,110.0,802.1,15.92,10.61,5.72,29.63
145680,6.28,47.28,72.29,0.29,146.4,93.4,843.9,20.49,5.82,2.13,30.03
145700,1.46,41.22,83.05,8.36,-16.2,-0.7,839.0,22.49,-6.88,-2.91,30.35
145720,2.61,19.45,85.67,10.45,164.7,-82.4,834.1,19.16,-2.6,-4.96,30.25
145740,3.75,10.14,83.77,16.29,86.8,-79.0,809.0,12.78,-12.62,-2.64,30.76
145760,0,3.87,72.19,30.34,-20.9,-139.2,841.7,19.45,-10.95,-3.15,30.68
145780,1.86,6.92,61.93,40.78,60.7,-200.9,864.2,8.57,-17.51,-3.86,30.66
145800,0,0,44.91,64.04,32.3,-177.6,922.4,6.91,-24.25,-4.93,30.94
145820,0,0.16,28.29,66.48,-30.8,-221.3,976.0,-3.63,-16.17,-2.28,30.82
145840,0,0,18.9,65.07,-38.2,-196.6,960.3,1.54,-21.83,1.55,30.88
145860,0,0,8.98,57.3,-82.5,-170.8,1006.7,-9.05,-19.99,2.54,31.35
145880,0.06,0.85,7.37,43.07,-40.9,-150.9,1021.6,-8.85,-12.19,0.7,30.97
145900,0,0,2.81,27.97,-139.1,-12.9,945.6,-9.52,-10.33,5.67,30.81
145920,0,0.11,0,15.0,-129.2,-53.7,1016.9,-18.0,-5.53,2.65,30.42
145940,1.64,0,0.12,10.68,-113.7,-53.1,995.7,-18.09,-8.0,2.33,30.21
145960,5.95,0,3.25,9.48,-133.7,32.5,1015.1,-18.93,7.35,3.61,30.21
145980,0,3.42,0,6.4,-94.0,48.6,1030.7,-23.22,8.55,-2.86,30.07
146000,0,0,0.05,4.84,16.2,142.7,1075.8,-14.15,7.43,-4.03,29.4
146020,0,0,0,1.43,-67.8,104.5,968.3,-13.15,15.74,-5.0,29.27
146040,1.36,0.82,5.22,0,-44.4,105.3,1022.2,-10.14,21.09,-2.96,28.7
146060,0.23,0,0,0,-142.4,101.4,945.9,-13.46,33.71,-5.01,28.21
146080,0.24,0,0,3.7,-37.5,42.2,965.2,-9.53,21.66,2.57,28.28
146100,76.29,25.29,8.12,0,-106.7,173.0,939.7,2.97,28.4,0.58,28.28
146120,56.17,42.76,18.48,1.64,69.7,195.4,883.1,7.13,17.35,7.48,28.53
146140,42.15,54.86,20.84,0.55,15.3,63.0,960.7,9.67,20.77,4.66,29.23
146160,24.68,57.57,39.98,0.51,55.4,57.1,846.2,11.64,8.51,6.64,28.9
146180,7.33,55.47,56.6,0,45.1,-15.0,803.8,20.61,17.3,2.39,29.26
146200,6.13,52.64,67.14,0.3,62.7,17.6,832.3,21.33,-3.68,2.73,29.74
146220,0,35.36,85.24,3.93,12.1,-50.1,828.4,23.23,-0.08,-1.45,30.14
146240,0,21.9,93.93,8.46,153.3,-111.2,814.8,14.68,-0.01,-3.52,30.29
146260,0,11.67,84.66,14.97,75.8,-20.3,849.9,23.93,-8.03,-4.62,30.55
146280,0.76,4.37,73.49,28.5,74.8,-211.5,874.9,16.1,-13.79,-3.31,30.79
146300,0,7.37,64.07,53.22,76.7,-203.5,861.3,10.7,-13.34,-4.51,31.1
146320,2.19,0,41.29,60.24,56.6,-230.6,910.9,9.96,-19.1,-5.31,30.61
146340,2.24,0.35,27.15,62.57,28.7,-162.6,1006.9,1.72,-23.09,-1.63,31.04
146360,0,0.55,17.98,64.86,-12.7,-243.4,991.2,2.01,-28.92,1.47,31.04
146380,0,3.48,13.07,55.16,-38.5,-89.5,1017.0,-9.33,-20.35,1.49,30.98
146400,0,0,0,44.91,-80.3,-89.2,1010.5,-13.27,-19.71,3.58,30.6
146420,0,0.47,4.4,29.72,-101.4,30.3,973.5,-11.37,-13.57,3.74,30.63
146440,0,0,0,14.83,-63.5,-49.7,1020.9,-18.57,-8.82,2.47,30.64
146460,5.89,0,1.78,6.97,-127.8,-53.8,993.8,-19.02,1.2,0.89,30.68
146480,0,0,0,0,-174.0,5.4,955.4,-21.33,-5.8,-4.8,30.37
146500,3.08,1.69,0,0,-86.7,85.2,996.0,-11.92,3.79,-4.27,29.99
146520,2.85,0,5.53,3.58,-76.7,10.4,987.2,-21.63,12.67,-4.51,29.75
146540,0,0,2.9,0,-82.4,86.2,1002.4,-16.06,10.05,-5.3,29.63
146560,1.93,2.0,0.92,0,-53.4,117.6,947.6,-10.56,15.24,-6.47,28.93
146580,0,0,0,0,-87.0,148.5,1027.8,-5.6,18.52,-0.37,28.4
146600,0,1.99,0,2.84,-67.0,86.2,989.4,-0.16,23.02,1.23,28.34
146620,78.23,29.91,7.49,0.31,-115.1,157.4,959.5,2.41,22.89,1.57,28.49
146640,62.67,40.47,12.85,0,60.0,233.7,957.6,10.22,19.95,2.83,29.15
146660,41.86,55.44,26.64,0,38.2,37.5,907.5,10.17,10.55,7.18,29.23
146680,24.8,54.55,33.97,1.6,57.7,145.1,834.3,12.62,10.57,10.75,29.26
146700,10.14,60.04,49.73,0.72,111.8,25.0,863.7,19.54,14.14,2.43,29.83
146720,2.51,51.15,67.97,1.97,123.0,37.8,815.8,21.58,7.13,3.07,29.76
146740,0,33.66,83.48,2.68,137.4,43.1,786.3,16.44,-1.95,-1.57,30.08
146760,0,22.85,86.56,12.36,142.5,-38.7,787.7,12.32,2.71,-2.91,30.41
146780,0,16.83,84.93,17.5,90.4,-38.5,846.6,21.2,-7.07,-3.83,30.34
146800,2.69,9.14,77.52,26.55,61.3,-75.0,772.4,14.29,-19.58,-5.38,31.09
146820,2.04,1.5,68.92,45.85,104.5,-120.9,879.3,11.8,-10.89,-0.23,31.16
146840,0.08,4.52,45.79,58.24,38.2,-158.2,923.9,9.64,-19.64,-3.58,30.98
146860,2.4,0,31.35,67.0,0.1,-194.0,978.3,1.18,-20.56,-2.81,30.94
146880,0,0.81,25.16,69.92,35.1,-96.6,1032.1,1.37,-23.8,2.19,31.0
146900,0.74,0,9.35,62.93,35.3,-58.9,983.2,-4.44,-27.72,1.55,30.81
146920,0,2.78,13.47,44.35,-106.2,-44.7,982.6,-16.07,-13.93,1.8,30.67
146940,0,4.63,0,28.93,-153.1,-81.2,961.6,-13.06,-14.65,3.4,30.19
146960,5.24,0,1.82,19.3,-16.5,-117.6,978.2,-17.85,-5.03,3.17,30.67
146980,3.05,1.34,1.91,7.73,-100.9,-95.9,1070.6,-16.56,8.49,5.13,30.21
147000,0,0,0,8.5,-62.8,9.3,983.2,-18.84,-5.19,-1.72,30.03
147020,1.34,0,1.19,0,-158.4,-54.4,947.2,-16.03,7.22,-2.95,30.04
147040,3.04,0,5.01,0,-128.2,38.9,1046.1,-15.21,-1.54,-7.62,29.43
147060,0,6.31,1.05,0,-75.7,66.2,996.7,-20.8,10.61,-4.92,28.96
147080,0,0.23,1.61,1.27,-80.8,147.3,985.1,-11.12,10.32,-4.6,29.26
147100,0,1.72,1.89,4.53,-76.1,130.6,1033.7,-7.75,17.08,-1.75,28.41
147120,1.16,0,7.56,0,78.8,231.4,990.6,-1.66,22.87,-0.77,28.09
147140,74.49,26.86,1.92,0,-6.6,112.7,967.1,-1.39,24.76,1.45,28.34
147160,59.57,36.35,12.93,0.65,3.0,163.3,944.0,5.24,23.48,3.76,28.47
147180,43.15,44.17,23.17,0.67,43.5,147.5,911.3,8.98,16.86,4.53,28.89
147200,22.78,55.73,40.89,0,93.2,118.0,892.3,14.66,22.0,6.69,28.92
147220,14.07,55.54,48.82,0,95.9,83.5,852.7,17.6,8.64,6.56,29.58
147240,6.89,48.31,66.69,0,126.3,-79.0,793.6,20.33,-1.79,2.5,29.76
147260,0,35.16,72.13,4.04,88.9,47.8,804.1,15.93,-0.75,1.74,30.14
147280,0,24.13,90.39,5.8,108.0,-72.5,880.4,20.49,-2.44,-4.21,29.97
147300,1.07,8.11,84.69,14.72,56.0,-53.1,818.9,11.57,-19.08,-3.23,30.57
147320,0,12.12,72.84,32.08,98.0,-108.5,834.6,16.91,-3.2,-7.15,30.85
147340,0,0,65.63,42.85,57.7,-154.3,886.0,12.14,-16.81,-4.87,30.84
147360,0,0,48.27,53.9,112.6,-128.1,889.2,12.13,-17.11,-5.0,30.64
147380,1.87,0,33.71,64.35,41.0,-145.3,1002.7,3.18,-17.75,-2.32,31.15
147400,0,0,19.88,68.81,47.6,-209.5,989.8,-4.32,-16.49,-0.37,31.03
147420,2.27,0,13.58,54.76,-33.1,-166.1,1002.5,-5.46,-21.98,2.3,30.97
147440,4.43,2.87,4.76,44.23,-48.0,-78.1,1009.0,-5.24,-17.06,7.17,31.15
147460,0,3.41,6.64,34.83,-78.8,-92.7,1044.4,-9.84,-13.46,3.44,30.63
147480,4.94,1.41,9.68,22.2,-24.4,-91.9,1012.9,-20.09,-14.37,6.28,30.66
147500,0,0,0,11.55,-120.9,26.5,1045.6,-22.61,-1.27,3.03,30.68
147520,1.86,0.59,0,9.0,-16.8,0.5,1022.3,-24.3,-3.8,1.42,30.15
147540,0,0.31,5.58,0,-121.7,-52.4,1021.7,-15.17,-1.64,-2.23,29.47
147560,0,7.57,3.46,4.56,-81.1,19.6,1030.8,-17.16,8.36,-3.41,29.53
147580,1.54,0,0,1.78,-155.9,113.6,1008.1,-18.13,15.41,-2.25,29.37
147600,0,2.34,0,0,-106.8,134.9,972.2,-10.49,14.11,-2.07,28.84
147620,0,2.4,0,0,-26.1,187.5,1047.0,-3.92,19.86,-3.75,28.48
147640,0.66,0,0,0,-31.6,105.4,1021.1,-3.91,11.22,0.27,28.02
147660,75.25,30.52,5.01,0,-73.6,195.9,968.0,-2.55,13.22,-0.33,28.05
147680,65.44,35.79,15.95,3.94,107.9,98.7,942.6,7.17,5.3,7.44,28.06
147700,40.55,48.05,21.56,1.68,105.2,243.9,914.6,15.67,9.68,3.42,29.31
147720,32.12,59.0,40.31,2.39,56.3,80.8,902.5,15.2,11.72,5.34,29.3
147740,10.49,59.46,52.95,0,60.1,103.2,830.3,11.07,12.01,5.18,29.71
147760,0.23,51.07,61.27,4.14,116.8,25.7,787.3,17.36,12.62,5.64,29.95
147780,4.21,35.48,78.79,6.22,25.7,46.0,820.4,19.13,-1.97,0.22,30.31
147800,0,22.49,84.98,8.47,30.5,-78.0,783.3,23.05,3.34,-4.56,30.36
147820,0.1,13.47,85.82,15.4,71.4,6.0,838.0,18.85,-6.07,-6.61,30.63
147840,0,6.05,72.67,25.19,95.3,-85.5,859.0,9.78,-11.25,-1.3,30.93
147860,0,5.71,61.82,43.87,22.8,-167.9,885.8,13.33,-8.81,-3.46,30.73
147880,0,0,47.7,56.87,-30.3,-79.3,909.9,8.24,-19.04,-1.56,30.82
147900,0,5.47,35.36,68.78,79.9,-136.6,936.9,2.34,-14.01,-3.71,31.19
147920,1.15,3.66,23.6,67.02,-25.9,-212.0,1019.6,0.95,-16.49,3.75,30.83
147940,3.35,0,13.45,59.7,-18.2,-143.8,971.3,-3.57,-18.84,2.17,31.17
147960,0.13,0,7.83,51.03,-32.9,-78.6,999.6,-4.63,-21.83,8.46,31.07
147980,0,5.84,2.28,27.03,-16.2,-195.2,939.5,-21.14,-6.81,4.82,30.6
148000,0,0,1.0,19.37,-112.0,-100.1,1012.3,-19.57,-12.7,2.04,30.48
148020,0,2.93,0,13.03,-172.8,-77.2,969.2,-18.91,0.89,0.56,30.56
148040,0,0,2.06,10.44,-74.0,-85.9,1034.5,-21.83,-8.26,0.72,30.54
148060,0,0,2.89,4.95,-98.6,69.9,1018.8,-19.52,0.74,1.14,30.01
148080,0,5.13,2.31,0,-156.3,37.5,971.3,-27.36,12.29,-3.74,29.71
148100,0,0,1.05,2.1,-71.5,153.8,981.2,-19.14,6.26,-4.58,29.27
148120,5.45,0,0,5.75,-7.7,81.4,997.0,-16.32,19.05,-4.29,29.0
148140,6.25,0,1.81,1.76,-38.6,64.1,980.5,-5.0,27.39,-3.94,28.72
148160,1.05,0.28,0,0,-29.0,136.7,1054.3,-1.73,12.98,-2.46,28.2
148180,72.53,25.39,7.71,2.46,-71.4,174.3,977.5,-0.36,26.5,3.67,27.97
148200,70.9,34.95,8.44,0,-27.8,99.3,955.2,8.52,17.15,1.94,28.47
148220,46.25,47.59,21.68,0,100.3,184.0,913.9,15.86,13.89,4.96,28.51
148240,28.05,51.29,35.12,3.09,94.2,179.2,839.6,17.89,9.04,5.62,28.64
148260,11.27,56.78,53.4,3.08,78.7,107.3,857.3,16.43,3.0,5.47,29.95
148280,2.79,50.69,64.2,5.58,124.5,3.0,837.5,16.03,5.66,4.18,29.27
148300,5.66,38.92,77.34,5.79,152.3,-18.4,779.6,24.23,6.02,-4.07,29.92
148320,0,23.63,84.98,4.74,61.5,-50.6,786.5,21.35,-1.82,-0.74,30.04
148340,1.5,18.66,83.78,11.88,126.8,-144.9,791.6,18.74,-8.91,-0.02,30.41
148360,3.35,9.07,80.72,32.19,58.9,14.7,865.2,13.87,-6.29,-2.56,30.22
148380,0,3.39,72.63,39.25,105.3,-71.8,933.3,12.13,-12.43,-6.33,31.05
148400,2.11,1.73,48.65,53.46,99.1,-171.9,899.4,11.1,-15.91,-3.42,31.04
148420,0,0,30.67,63.51,34.9,-252.0,968.4,1.78,-18.48,-2.65,31.11
148440,0,0.61,24.24,67.78,-13.6,-137.2,1016.1,-2.2,-9.73,1.81,30.88
148460,0,0.41,10.85,61.58,-31.7,-111.5,940.9,-7.52,-27.85,6.04,30.72
148480,2.92,0,3.7,48.06,-38.2,-60.9,1004.3,-6.21,-18.31,6.57,30.88
148500,1.79,0,6.12,29.69,2.4,-130.6,987.6,-12.89,-23.2,2.14,30.88
148520,1.5,2.31,0.87,23.63,-205.9,-80.5,982.6,-16.99,-19.25,4.86,30.27
148540,0,0,0.44,19.29,-157.3,-85.4,1000.1,-20.06,-5.81,1.57,30.53
148560,1.82,2.89,0.97,4.83,-69.1,41.3,1029.9,-21.08,3.91,1.95,30.21
148580,0,0.56,0.8,7.44,-54.1,3.2,984.4,-19.75,4.72,-3.95,30.08
148600,2.52,0,0,7.14,-71.9,52.3,945.9,-20.74,3.58,-3.18,29.86
148620,0,1.5,0.17,6.04,59.7,184.2,977.3,-18.71,8.02,-4.88,29.33
148640,0,1.27,2.24,0,-71.9,102.3,979.9,-13.56,13.46,-6.26,28.97
148660,0,0.8,1.09,0,-42.2,65.9,1016.7,-3.81,16.01,-7.69,28.71
148680,0,0,0.83,4.26,-37.5,95.5,984.0,-4.26,9.32,-2.55,28.15
148700,79.34,23.31,4.76,1.05,4.7,148.6,1002.4,-4.47,23.53,0.85,28.01
148720,66.65,34.59,12.33,0,-29.6,62.7,914.9,3.12,12.25,2.73,28.26
148740,42.64,48.48,19.3,0,41.3,37.1,889.3,7.5,11.62,6.54,29.17
148760,24.38,58.35,36.09,0,63.4,139.1,876.4,19.28,26.13,5.82,29.16
148780,13.81,55.88,47.02,0,26.7,115.3,815.7,13.68,10.8,3.09,29.84
148800,1.64,57.63,66.01,0,158.3,1.4,815.6,16.81,-2.14,2.43,29.84
148820,5.17,44.09,81.74,5.85,76.8,36.3,790.8,19.64,-2.89,0.08,29.57
148840,1.78,28.85,91.5,3.93,126.7,-31.8,774.0,19.41,-4.35,0.26,30.22
148860,2.07,13.55,80.89,10.62,173.9,-97.1,762.8,21.79,-10.97,-2.55,30.54
148880,0,9.15,79.12,23.82,148.1,-83.3,790.9,18.35,-3.88,-6.28,30.87
148900,2.22,8.89,67.6,36.91,72.6,-184.0,891.5,9.59,-17.26,-6.16,30.83
148920,0,2.13,50.4,56.54,-39.2,-195.4,936.1,11.35,-20.4,-2.52,30.96
148940,2.48,0,31.6,63.43,103.8,-159.3,984.3,5.42,-19.92,-0.41,30.84
148960,0,0.96,23.9,63.9,65.6,-153.6,957.9,-5.45,-27.36,1.73,30.97
148980,4.56,0,12.09,63.51,-44.0,-62.9,973.4,-6.76,-26.06,5.47,31.26
149000,2.17,0.62,9.77,55.54,8.9,-160.3,960.5,-9.6,-20.97,3.78,30.64
149020,1.69,2.68,2.93,28.58,-83.9,-114.5,1011.5,-12.25,-23.18,6.12,30.64
149040,1.33,0.5,3.19,26.15,-109.8,-63.2,967.8,-15.06,-9.25,4.36,30.7
149060,0,0.64,3.15,11.4,-40.1,-51.4,1092.2,-15.29,-7.81,2.45,30.51
149080,0,3.14,0,3.66,-89.1,18.2,1020.7,-19.99,-13.04,-1.62,30.63
149100,0,0,0,3.09,-87.9,85.8,998.7,-18.42,3.56,-3.5,29.91
149120,0,0,0.9,5.29,-162.7,143.6,1034.8,-15.16,7.1,-7.22,29.78
149140,2.23,3.09,1.16,0,-124.4,56.3,1030.6,-18.99,9.75,-1.22,29.16
149160,0,0,0,1.66,-12.8,37.3,1045.4,-12.78,11.85,-5.26,28.91
149180,1.0,1.63,5.89,0,-16.4,164.7,1001.7,-9.06,6.6,-4.17,29.04
149200,0,3.06,0,4.59,-109.6,198.4,1003.5,-4.68,14.7,0.58,28.09
149220,75.13,23.42,4.71,0,16.0,171.1,969.5,-2.83,15.24,-3.64,28.01
149240,71.21,38.88,12.14,3.45,10.3,109.6,925.7,2.52,18.39,2.87,28.41
149260,47.9,45.95,22.97,0.45,105.1,91.8,873.6,13.29,23.58,6.08,28.91
149280,31.75,63.0,29.6,2.63,55.6,89.7,845.0,15.47,12.9,4.16,29.15
149300,14.29,61.75,44.04,0,102.2,21.9,830.0,16.56,4.6,5.46,29.51
149320,1.96,53.71,61.67,0,87.8,-43.3,833.7,20.31,-1.46,3.81,29.71
149340,3.71,44.35,82.65,0.74,157.2,33.3,801.4,21.48,-3.93,3.57,29.95
149360,1.19,24.79,83.53,10.37,101.4,99.1,769.2,22.21,-4.25,-3.42,29.98
149380,3.96,21.3,87.35,15.87,76.0,-42.7,791.8,16.3,-8.84,-3.48,30.82
149400,4.23,7.97,80.6,30.14,32.9,-48.6,859.8,19.74,-6.72,-7.25,30.7
149420,0,5.45,66.72,32.29,13.8,-30.9,825.6,14.57,-17.07,-2.35,30.92
149440,0.93,3.84,54.47,55.75,-5.5,-55.4,952.6,11.71,-12.71,-3.71,30.79
149460,1.67,0,40.04,62.61,116.9,-86.2,959.9,2.93,-23.27,-3.99,31.08
149480,0.43,0,26.23,69.57,28.7,-222.8,1002.0,2.34,-22.87,-0.79,30.77
149500,4.21,0,15.89,64.7,26.0,-116.4,1010.3,-1.8,-21.81,2.05,31.14
149520,0,4.7,10.06,47.83,-7.3,-130.8,939.6,-4.49,-19.86,5.0,30.63
149540,0,1.69,6.2,37.74,-89.0,-118.9,996.8,-12.11,-1.97,7.27,30.71
149560,0,0,1.35,26.92,-13.2,-138.7,951.5,-17.14,-7.11,9.78,30.63
149580,0.41,6.54,1.36,12.34,-62.8,-41.2,976.6,-17.69,-7.73,2.83,30.18
149600,3.4,1.56,0.82,5.73,15.2,103.3,1025.7,-20.59,-9.58,-0.63,30.41
149620,0,0,1.26,4.32,-137.3,53.6,993.9,-18.11,0.39,-4.24,30.05
149640,1.1,4.72,0,1.02,-99.5,127.2,1005.5,-20.06,4.31,-1.24,29.64
149660,0,2.5,2.76,0,-80.4,34.2,972.8,-15.21,8.17,-4.5,29.72
149680,2.34,0,0,0,-88.7,87.0,999.4,-16.13,13.01,-4.67,28.91
149700,0,0.86,4.84,0,-7.1,216.0,1053.0,-13.3,12.35,-4.95,28.43
149720,5.85,0,0,0.78,-18.4,232.9,1045.9,-7.47,14.29,-3.53,28.61
149740,75.9,21.56,9.8,0,-28.5,191.2,1017.5,1.95,23.45,2.3,27.94
149760,71.36,33.82,9.55,2.21,9.2,167.0,947.9,7.13,21.66,1.74,28.19
149780,49.5,39.93,17.66,0,61.6,34.5,949.1,6.85,14.79,2.63,28.74
149800,32.14,57.18,30.39,0,41.8,194.4,879.7,10.11,17.88,1.66,28.71
149820,18.84,60.43,46.76,2.98,34.6,103.5,848.6,16.15,16.14,3.46,29.42
149840,13.78,47.24,61.03,6.93,14.1,106.7,847.8,17.74,13.23,3.93,29.64
149860,0,40.6,78.13,0,36.7,34.1,748.9,22.63,0.95,1.09,30.17
149880,0,27.89,85.65,3.98,141.9,-10.1,812.3,15.3,1.85,-0.39,30.28
149900,0,15.46,82.48,15.88,84.7,-52.1,825.1,15.56,-8.06,-1.9,30.35
149920,4.56,10.52,78.35,20.02,161.5,-148.0,864.8,16.19,-13.27,-4.97,30.62
149940,0,9.7,63.55,42.25,-15.5,-163.7,855.5,11.5,-18.78,-1.71,30.9
149960,2.0,0,55.44,51.7,-12.9,-162.5,857.1,6.6,-21.7,-2.87,30.16
149980,0,0,34.36,64.27,47.7,-265.6,975.2,3.36,-26.48,-3.32,30.98
