timestamp_ms,p0_n,p1_n,p2_n,p3_n,accel_x_mg,accel_y_mg,accel_z_mg,gyro_x_dps,gyro_y_dps,gyro_z_dps,temp_c
0,74.56,21.39,6.44,0,-43.3,121.0,1004.9,0.51,16.6,-1.65,28.04
20,69.96,32.83,8.23,0,2.0,114.5,1028.9,15.68,23.54,1.62,28.45
40,51.23,40.89,15.81,3.41,-16.4,156.1,865.5,23.86,11.88,7.65,28.29
60,41.75,50.3,24.34,0,32.0,70.3,902.6,37.09,17.28,3.16,29.17
80,18.97,52.66,32.6,2.0,-57.7,216.1,866.9,51.68,16.05,5.14,29.17
100,16.23,55.92,45.44,3.04,149.5,151.5,820.7,60.42,15.59,4.49,29.59
120,8.47,48.08,56.17,0,146.7,77.1,797.8,68.61,3.77,3.71,30.09
140,2.82,43.43,71.13,7.23,186.9,69.9,765.2,67.49,2.96,0.29,30.47
160,0.67,30.24,77.64,8.32,98.2,-109.8,799.7,64.32,2.73,1.06,30.32
180,0,19.93,76.67,12.19,110.5,-61.9,827.1,65.26,-6.83,-2.87,30.57
200,1.67,7.38,76.12,16.04,151.1,-36.0,802.9,63.83,-14.38,-2.93,30.67
220,2.5,8.24,66.43,24.65,156.5,-181.2,856.2,49.83,-24.49,-3.08,30.99
240,0.78,0,63.43,38.31,56.9,-53.1,841.7,34.76,-16.26,-4.07,30.99
260,0,0,48.8,52.92,47.0,-126.5,876.1,24.93,-21.37,-5.19,31.21
280,0.73,0,29.25,60.11,-28.0,-103.4,950.1,13.85,-23.89,0.39,30.58
300,1.12,2.82,18.07,58.49,12.0,-198.3,1006.3,0.6,-18.98,-0.49,31.18
320,5.41,2.04,17.35,62.17,-89.6,-186.4,981.7,-19.76,-27.13,-0.62,30.85
340,0,0,7.99,52.99,-11.4,-170.4,934.4,-27.41,-33.76,2.93,30.84
360,0,4.66,7.15,40.17,-57.8,-132.6,1010.0,-42.47,-6.88,7.46,30.7
380,2.52,0,0,33.32,-75.7,-73.2,1042.8,-47.99,-14.34,4.67,30.65
400,0.21,0,4.32,19.28,-77.3,-42.7,1020.0,-58.0,-4.1,4.6,30.45
420,6.5,1.14,0,10.0,-22.2,9.9,1015.7,-64.02,-1.68,6.29,30.63
440,5.17,0.17,0,8.02,-121.2,84.0,987.5,-67.25,-5.16,1.56,30.08
460,0,0,0,0,-32.2,-38.4,993.6,-69.41,-6.09,-0.22,29.29
480,7.28,4.29,0.12,2.28,-128.6,-32.2,991.6,-62.3,8.29,-2.58,29.7
500,3.83,2.36,1.09,1.76,-51.3,36.6,941.2,-64.07,11.19,-3.62,29.63
520,0.03,0,0,0,-117.1,132.5,1007.7,-51.51,7.57,-6.26,29.41
540,0.77,1.44,0,0,-12.9,75.7,1063.3,-39.07,12.09,-2.1,29.17
560,3.13,0,1.26,0,-87.9,121.7,1061.6,-27.58,10.04,-6.43,28.39
580,2.0,3.96,0.08,0.3,-53.0,229.7,968.6,-18.49,18.0,-1.21,28.14
600,73.21,19.58,3.55,0,-8.4,169.3,1016.7,1.9,24.85,-0.17,27.96
620,64.36,32.47,7.4,0,46.6,163.1,991.1,13.46,19.63,3.21,28.52
640,53.86,42.73,16.53,4.68,-62.9,173.8,929.9,26.52,21.35,7.2,28.64
660,35.28,54.61,21.16,0,43.3,133.3,920.3,43.23,27.23,3.04,28.78
680,19.74,47.37,29.25,0,22.1,122.4,817.4,51.3,6.49,6.3,29.06
700,9.61,56.46,41.17,4.53,113.9,30.9,788.6,59.66,5.04,4.51,29.38
720,6.93,44.62,60.07,3.54,126.0,63.8,799.3,64.28,3.33,0.77,29.85
740,5.06,36.05,68.53,1.67,127.1,74.9,740.7,65.44,5.81,-1.09,29.89
760,0,30.3,74.41,8.37,125.6,-20.5,767.7,70.67,-1.8,1.3,30.47
780,0,18.84,83.81,7.68,-0.1,-136.1,767.7,67.68,-2.89,-0.79,30.56
800,0,12.24,76.66,17.28,183.6,-21.6,806.4,62.76,-12.54,-3.93,30.71
820,0,4.53,70.48,30.18,93.8,-99.5,872.1,48.48,-18.13,-1.34,30.69
840,0,5.24,57.77,40.4,92.3,-6.5,898.5,43.36,-17.84,-4.17,30.57
860,0.66,0,44.54,52.68,14.4,-206.0,948.3,33.1,-23.65,-4.55,30.87
880,1.55,2.74,35.17,60.58,41.0,-94.0,981.1,14.97,-14.03,-0.45,31.1
900,0,3.64,17.53,64.78,-5.0,-119.4,972.0,-1.9,-16.39,0.06,31.1
920,0,3.66,14.56,58.78,-7.1,-92.6,1033.4,-13.84,-15.85,4.27,30.94
940,1.91,2.26,10.28,51.35,-30.5,-46.3,1060.8,-23.35,-22.64,1.0,30.91
960,0.02,2.84,9.45,38.36,-117.9,-140.9,985.9,-44.51,-21.24,5.87,30.61
980,2.7,5.39,2.87,27.96,-68.6,-153.4,1032.9,-52.15,-15.83,9.09,30.85
1000,0,0.77,0,18.5,-34.5,-58.6,997.0,-61.37,-4.09,3.72,30.63
1020,0,0.68,0,16.48,-70.6,-102.9,972.1,-70.62,-9.1,1.77,30.45
1040,0,0,0.82,5.31,-108.5,36.4,1004.9,-67.77,5.01,-0.85,30.08
1060,0,0,1.98,2.28,-92.8,87.0,1005.7,-70.79,4.33,-2.79,29.96
1080,0,0,0,1.03,-78.7,123.8,1051.3,-71.2,-2.13,-1.82,30.0
1100,0,0,0,0,-86.0,153.3,969.6,-57.94,7.96,-4.68,29.68
1120,0,0,4.02,0,-108.4,-27.6,966.2,-54.0,14.3,-3.48,29.3
1140,2.32,0,0,0,4.4,158.0,979.2,-46.49,23.84,-6.78,29.19
1160,0,0,0,2.24,-36.9,180.7,986.1,-23.96,26.77,-5.37,28.49
1180,1.61,0,0,0,42.7,98.5,981.2,-12.58,22.05,-2.26,28.14
1200,76.97,15.43,11.21,0,-98.7,178.0,934.3,-4.0,19.69,1.59,27.96
1220,68.67,31.68,10.87,0,99.3,178.2,944.3,14.16,23.24,3.58,28.27
1240,55.65,40.92,15.98,0,96.8,118.6,911.4,28.7,17.98,5.96,28.49
1260,39.26,51.06,25.88,0,127.5,179.4,862.9,41.98,15.89,3.07,28.81
1280,19.89,53.31,39.22,1.74,74.6,41.6,854.2,50.65,17.97,6.84,29.37
1300,11.25,48.74,51.38,1.13,47.3,60.2,822.3,62.49,17.88,3.57,29.7
1320,0.57,48.98,58.92,0,167.3,18.7,880.4,65.38,3.46,2.7,29.49
1340,3.58,36.45,71.66,0,125.2,-37.6,877.5,70.72,1.54,-2.01,30.07
1360,4.14,29.12,74.67,7.1,-16.8,-11.2,829.3,67.76,-0.88,1.0,30.02
1380,1.38,17.98,83.95,10.79,90.8,-18.4,825.9,68.91,-6.49,-2.87,30.49
1400,0,13.93,77.2,22.02,32.9,-117.8,760.7,60.44,-6.15,-6.42,30.43
1420,0,4.0,67.09,30.58,73.8,-178.5,864.4,53.52,-13.74,-2.06,30.55
1440,0,3.94,61.22,36.19,117.3,-104.9,925.4,40.66,-17.19,-4.48,31.01
1460,0,5.74,45.6,49.7,53.0,-125.5,841.9,28.54,-11.89,-4.01,30.97
1480,0,0,35.68,52.75,66.1,-215.0,931.2,18.15,-24.73,2.09,30.95
1500,0,0.47,22.0,63.28,-5.0,-202.6,1055.4,-3.03,-17.12,-0.74,31.11
1520,0,0.1,14.07,56.26,-49.0,-118.0,1045.5,-13.71,-22.45,2.64,31.15
1540,2.09,0,11.76,52.02,19.8,-129.3,1012.9,-30.06,-23.5,6.04,30.71
1560,4.2,0,2.85,35.29,-3.0,-131.3,1026.2,-41.48,-16.25,3.19,31.09
1580,0.6,0,0,25.86,-91.1,-119.3,1021.8,-47.79,-20.78,4.63,30.93
1600,0,5.46,2.49,19.83,-80.9,-109.0,981.5,-57.92,-5.73,5.84,30.74
1620,0,0,0.57,9.29,-27.1,-54.2,982.1,-66.72,-10.37,5.77,29.91
1640,0,0,6.02,4.24,-117.2,-10.8,943.5,-65.71,-5.46,-2.38,30.12
1660,0.29,3.95,0,3.88,-117.9,18.7,996.3,-70.08,0.14,-1.42,30.32
1680,0,0.62,0.88,5.97,-127.3,23.1,961.1,-70.57,7.15,-4.1,29.84
1700,0,0,0,0,-38.6,60.3,1010.5,-63.91,6.66,-3.0,29.5
1720,3.57,0.71,6.91,0,-157.6,4.0,1008.5,-52.62,18.24,-7.01,29.19
1740,3.99,0,0.01,2.83,-96.1,176.0,1004.4,-41.03,25.07,-3.83,29.0
1760,0,0,1.15,0,-103.9,207.1,1001.7,-31.36,11.04,-1.69,28.62
1780,1.78,1.08,1.25,3.43,-62.4,149.5,997.9,-17.69,27.55,-3.43,28.59
1800,75.72,20.17,2.21,0,28.9,206.3,1000.6,-1.71,23.97,-0.23,28.45
1820,74.21,38.04,10.75,1.92,5.4,102.8,994.1,12.44,14.99,7.35,27.9
1840,62.25,38.41,19.0,0,6.4,96.2,886.6,34.41,24.45,7.26,28.54
1860,42.72,50.2,30.84,1.14,30.4,92.6,861.3,38.42,32.33,1.18,29.04
1880,22.35,55.33,34.26,0,-13.0,122.9,890.4,47.78,10.77,4.79,29.05
1900,11.33,50.61,44.54,0,97.1,60.1,817.6,63.18,4.8,5.27,29.87
1920,7.72,50.93,61.64,0,134.3,-31.7,777.8,65.09,8.5,0.8,29.56
1940,0,41.52,65.94,5.02,88.6,33.7,775.6,71.94,0.86,-0.79,30.28
1960,1.41,33.14,75.61,4.37,81.2,-33.1,805.1,74.15,-0.61,-2.9,30.11
1980,2.68,16.83,77.7,12.15,140.9,4.1,766.2,67.26,-4.9,-4.94,30.4
2000,5.11,13.43,74.88,15.99,113.2,-43.5,814.1,60.73,-10.73,-5.36,30.51
2020,0,6.48,70.83,29.77,25.0,-87.8,823.1,45.35,-12.96,-5.0,30.63
2040,5.92,1.17,62.72,37.87,64.1,-114.5,916.8,39.61,-16.03,-4.45,31.01
2060,0,0.26,45.26,46.5,55.5,-192.6,891.8,32.52,-19.04,-8.38,30.65
2080,0,4.95,35.62,52.95,-21.5,-221.3,974.3,13.79,-18.26,-2.18,30.85
2100,0,1.35,21.97,55.98,14.2,-182.6,968.2,0.31,-17.53,-2.0,30.93
2120,3.15,0,14.0,60.79,39.2,-207.6,1014.8,-12.26,-16.05,0.46,30.84
2140,0.4,0,2.43,51.12,48.1,-203.3,1014.3,-30.98,-21.54,6.17,31.05
2160,8.54,4.2,6.28,42.45,-27.8,-117.4,993.8,-41.3,-15.66,4.2,30.88
2180,0,0,0,26.28,-21.4,-191.2,990.7,-53.67,-12.82,4.12,30.68
2200,0,0,0,21.89,-101.4,-95.2,985.1,-63.52,-7.94,4.83,30.54
2220,0,4.18,1.11,8.84,-118.2,-81.6,986.8,-63.95,-5.89,-0.26,30.46
2240,0,0,0,4.24,-86.2,-7.5,996.2,-67.59,0.56,5.16,30.25
2260,3.6,0,1.98,2.83,-29.8,-52.2,948.5,-72.08,3.15,-4.33,30.06
2280,0,2.46,0.81,3.92,-73.1,114.9,1010.2,-64.28,7.06,-3.08,30.07
2300,1.06,0,4.11,0,-122.4,87.7,965.2,-58.9,11.34,-2.98,29.45
2320,0,3.72,1.45,4.59,-26.1,137.2,1028.5,-53.42,8.41,-3.03,28.89
2340,3.09,0,4.49,1.48,12.2,118.6,951.1,-35.87,28.43,-3.69,28.78
2360,3.01,1.11,1.42,0,5.6,42.0,963.9,-28.01,20.4,-4.72,28.21
2380,3.57,1.81,0,3.78,-49.0,212.7,951.5,-14.85,21.44,-5.17,28.58
2400,78.79,24.44,4.17,1.54,21.1,128.6,976.5,4.41,13.04,4.04,27.91
2420,69.86,30.5,5.98,3.81,-26.3,93.9,1021.1,11.76,23.58,2.25,28.14
2440,54.36,40.98,14.81,0.12,24.3,98.4,923.9,26.62,17.35,2.34,28.53
2460,39.21,51.38,28.08,3.4,11.2,62.6,860.1,36.54,17.12,0.68,29.18
2480,21.85,55.32,35.55,0.48,149.3,132.0,872.9,47.56,13.53,3.14,29.12
2500,16.29,53.46,49.96,1.73,48.6,89.6,870.1,60.92,5.47,4.94,29.27
2520,5.46,47.14,57.06,2.58,53.1,-27.4,772.8,64.99,-0.53,1.99,29.73
2540,0.51,38.73,71.63,0.79,129.3,-29.2,782.7,67.42,6.02,3.57,30.12
2560,0,27.02,79.49,1.56,66.1,49.1,848.4,67.86,-2.94,-0.75,30.24
2580,0,21.88,79.62,10.55,116.9,-9.8,835.7,71.21,-6.41,-3.22,30.43
2600,1.08,15.57,74.76,18.83,115.6,-63.9,826.0,60.33,-8.28,-6.75,30.46
2620,0,3.7,71.95,28.13,74.9,-51.0,809.8,54.71,-8.51,-3.92,30.7
2640,2.62,3.39,54.42,39.28,26.8,-67.1,907.3,41.87,-16.43,-6.37,31.18
2660,0.04,3.63,48.11,52.85,22.3,-205.9,902.4,29.9,-14.02,-5.11,30.7
2680,0,0,32.42,55.2,-3.8,-158.6,942.1,13.31,-29.73,-1.6,30.61
2700,4.26,0,24.12,61.75,4.0,-163.1,989.9,1.94,-22.47,0.95,30.76
2720,0.72,0,11.63,62.54,-11.9,-139.4,1001.7,-16.78,-18.4,-0.62,31.26
2740,0,3.21,5.15,54.93,-29.3,-199.5,1015.2,-25.2,-15.39,4.14,30.87
2760,0,0,3.3,36.88,-101.3,-43.4,980.1,-40.74,-11.6,3.26,30.89
2780,0,0.84,4.15,24.71,-119.2,-138.3,1050.4,-52.89,-23.78,3.24,30.63
2800,2.16,1.74,2.74,19.79,-139.2,-83.2,971.4,-56.88,-12.94,1.94,30.9
2820,0,0,0,12.47,-109.0,41.6,995.0,-62.56,-7.32,0.43,30.45
2840,0,0.14,3.51,8.01,-166.3,-90.1,1034.4,-72.66,-2.25,-2.95,30.48
2860,4.3,0,1.95,3.72,-112.8,41.5,981.9,-72.4,5.63,-2.83,30.06
2880,1.42,4.78,0,0.6,-135.6,48.8,894.1,-67.81,6.61,-4.18,29.45
2900,0,0.41,0,0,-106.6,198.1,995.2,-58.93,8.35,-6.9,29.41
2920,0,0,4.15,1.2,-57.6,88.8,1000.9,-51.76,12.62,-6.13,29.43
2940,0,1.42,1.01,0.84,-106.6,154.6,1025.2,-41.95,21.65,-6.51,28.75
2960,0.18,0,0,0,-33.0,236.6,1001.7,-25.74,21.61,-3.73,28.4
2980,0,1.16,0,0,113.1,102.6,1057.4,-18.76,23.61,-4.84,28.41
3000,72.23,15.68,6.98,0,6.2,208.4,1024.0,4.57,13.94,0.46,28.24
3020,69.08,26.16,6.4,1.5,21.3,149.4,950.3,11.55,27.17,6.04,28.24
3040,52.94,39.57,16.91,0,90.7,218.2,919.4,25.76,19.2,1.78,28.75
3060,39.68,44.75,26.31,0,77.4,109.2,902.5,38.68,21.21,4.6,29.33
3080,22.76,52.45,38.7,0,70.9,132.0,838.5,50.99,9.05,4.85,29.18
3100,9.47,51.62,44.71,0,89.8,14.5,821.7,64.62,8.06,3.05,29.17
3120,2.87,47.34,57.44,0,100.0,-41.9,815.2,67.51,5.45,2.23,29.93
3140,0,40.53,70.35,0.83,104.0,-68.0,822.0,68.95,-6.7,3.52,30.13
3160,0,30.66,76.23,5.36,30.0,-107.9,770.8,67.52,1.76,-3.64,30.49
3180,0,19.18,79.61,6.84,130.9,-30.7,785.9,65.16,-6.03,-5.34,30.1
3200,0,10.3,71.92,15.0,126.2,-184.3,830.5,59.85,-13.78,-3.72,30.32
3220,0,6.22,68.23,26.6,80.3,-104.6,814.0,56.17,-19.04,-6.42,30.72
3240,1.54,6.52,57.53,38.37,60.2,-157.5,926.8,39.39,-16.41,-5.51,30.91
3260,0,2.27,43.56,51.58,43.7,-150.9,869.5,31.19,-24.88,-3.38,30.62
3280,1.13,0,27.95,58.82,-57.2,-192.9,953.9,11.55,-18.84,-1.15,31.23
3300,1.7,0.31,21.46,65.62,-77.1,-181.0,1001.2,-2.14,-16.7,4.06,30.97
3320,0,1.75,14.88,60.29,8.0,-187.8,1021.3,-12.67,-13.1,6.41,30.96
3340,3.14,0,8.63,45.4,-37.7,-133.5,1010.9,-24.9,-21.59,0.28,30.71
3360,0.31,0.04,8.61,40.21,-33.4,-95.7,956.5,-47.56,-18.14,5.32,31.11
3380,1.78,1.76,3.27,26.42,-48.2,-36.8,1008.9,-57.87,-13.62,3.91,30.93
3400,2.13,0.24,0,17.22,-57.9,-94.9,1015.4,-62.21,-13.16,1.8,30.33
3420,1.07,3.05,2.67,9.88,-144.8,60.6,1021.3,-61.27,-5.24,1.4,30.35
3440,0,0,0,7.23,-102.0,56.7,986.4,-68.98,4.49,-2.69,30.12
3460,0,0,0,2.85,-150.5,11.3,1011.4,-70.66,-10.41,-0.69,30.09
3480,0,0,0,0,-129.5,40.8,978.9,-62.84,9.43,-3.7,29.7
3500,0.35,0,1.87,0,-8.1,18.8,964.4,-63.01,4.61,-4.2,29.39
3520,0.02,2.25,5.76,0,-78.5,144.5,1000.5,-54.53,16.11,-6.33,29.31
3540,0,0,0,2.6,-112.8,105.0,1024.5,-40.24,14.06,-3.24,28.94
3560,0,0,0.2,0,-0.9,189.2,962.3,-23.27,22.84,-4.28,28.79
3580,0.91,0.08,1.69,4.03,-101.3,198.2,1019.2,-18.71,14.09,-2.0,28.51
3600,78.98,22.41,0.45,3.21,75.2,131.8,1043.0,0.35,21.63,-0.58,27.64
3620,65.22,31.45,8.34,3.32,-12.2,139.3,938.8,9.13,25.5,3.69,28.25
3640,61.03,40.15,18.39,0.49,13.4,122.0,877.9,23.16,14.93,1.49,28.63
3660,34.77,57.08,26.35,6.47,54.0,165.7,915.3,42.14,12.61,3.82,28.82
3680,15.76,54.36,33.79,0,52.6,123.7,831.3,58.7,10.17,3.54,29.32
3700,7.91,52.91,48.02,0,51.3,62.7,841.8,56.76,11.21,5.59,29.52
3720,4.67,48.17,62.4,4.3,138.1,21.9,825.4,65.66,0.57,2.24,29.47
3740,2.7,44.73,71.33,1.32,156.1,90.2,846.1,70.62,9.64,-0.97,30.0
3760,1.76,25.73,71.75,7.33,70.5,6.1,830.7,71.46,-9.25,-4.9,30.51
3780,0.95,20.85,79.06,7.41,20.7,-15.9,771.4,63.51,-8.78,-3.38,30.72
3800,0.13,9.32,79.48,21.54,115.5,-93.0,800.0,63.19,-19.58,-7.93,30.52
3820,0,3.8,66.72,25.61,60.6,-111.7,902.2,52.27,-14.44,-7.22,30.75
3840,1.61,1.78,62.46,39.27,30.3,-184.1,920.3,40.31,-17.62,-5.0,30.67
3860,0,2.63,47.86,45.93,69.5,-98.1,908.2,34.45,-21.29,-2.04,30.57
3880,0,0,32.38,62.96,51.7,-152.1,951.5,16.91,-17.22,-2.47,30.8
3900,1.74,0.89,26.8,55.78,-61.1,-120.2,967.3,-0.87,-20.21,3.76,30.74
3920,0,2.02,9.51,56.06,38.6,-105.4,998.0,-18.14,-17.04,2.37,30.85
3940,4.58,0,9.14,48.46,-54.8,-172.8,1005.2,-33.11,-17.0,3.14,31.12
3960,0,2.27,5.11,38.78,-79.9,-139.1,914.4,-44.65,-20.59,6.79,30.9
3980,1.52,4.12,1.12,27.23,-154.4,-154.4,1043.1,-50.62,-11.78,2.65,30.57
4000,0.47,0,4.03,16.98,-51.0,-97.9,963.6,-63.41,-13.27,4.71,30.69
4019,0,0,0,5.67,-7.5,53.9,1049.0,-62.47,-13.59,2.9,30.49
4040,0.17,1.57,0,3.43,-126.5,58.6,985.7,-71.77,1.02,2.63,30.34
4059,0,0,0,6.81,-173.3,35.6,1033.5,-70.03,5.09,-1.05,29.95
4080,10.42,0,0,0,-56.9,27.4,1007.5,-69.34,5.98,-0.52,29.78
4100,0.11,0,0,0,-92.1,62.9,1014.5,-59.25,8.13,-5.07,29.53
4120,0,3.59,0.46,0,17.9,-9.0,967.7,-54.49,6.42,-4.57,29.22
4140,0,1.2,0,0,-170.7,154.3,1041.5,-35.48,17.39,-2.69,28.71
4160,1.84,0,0,0.63,-15.8,106.2,1020.2,-29.37,9.68,-6.54,28.47
4180,2.65,0,3.43,0,3.3,111.7,1053.1,-13.11,15.02,-3.29,28.35
4200,69.81,17.85,5.29,1.02,20.9,69.9,1032.2,1.31,15.36,0.61,27.82
4220,68.08,33.58,14.76,0,-7.1,226.8,966.4,18.01,18.72,4.09,28.12
4240,55.58,41.0,19.2,0.51,33.9,148.7,920.5,34.79,13.9,2.28,28.52
4260,32.13,50.88,27.74,4.94,93.8,-54.2,881.4,41.44,20.46,4.99,28.55
4280,21.59,55.15,39.36,0,90.7,162.9,808.7,50.92,15.47,6.97,29.62
4300,17.46,57.46,42.3,0,148.7,157.5,903.9,58.46,9.89,3.25,29.5
4320,7.2,49.76,60.6,1.97,157.4,72.0,794.1,66.69,6.19,2.01,29.75
4340,1.87,35.84,67.45,6.62,91.2,-30.8,753.6,73.34,9.03,-3.35,30.16
4360,1.2,26.39,76.69,1.41,127.6,-12.6,797.7,66.38,-1.61,-1.47,30.16
4380,2.59,18.47,78.81,7.5,183.3,14.4,790.1,64.12,-1.3,-4.6,30.3
4400,0,11.27,72.43,25.24,125.9,-91.9,860.8,58.3,-12.45,-5.38,30.3
4420,0,4.17,72.36,35.23,78.8,-120.8,831.4,50.73,-8.21,-10.81,30.64
4440,2.56,4.32,55.29,35.86,93.8,-149.1,941.4,39.1,-17.23,-5.71,31.14
4460,3.88,1.86,40.75,49.04,50.8,-139.2,964.9,26.15,-20.31,-3.8,30.79
4480,0,2.08,33.95,50.03,31.0,-190.3,930.3,11.48,-26.9,-3.97,31.01
4500,5.7,4.02,22.16,59.04,-123.6,-121.4,972.7,-2.62,-20.32,-0.74,31.35
4520,4.01,0.33,11.82,64.34,26.4,-138.4,1034.1,-17.13,-15.78,2.54,31.01
4540,0.12,0,8.52,49.44,-86.4,-138.2,1011.2,-26.16,-25.17,7.05,30.95
4560,1.71,1.91,9.48,42.81,-45.1,-109.5,933.5,-42.3,-18.46,1.39,31.18
4580,0,0,2.98,30.89,-2.7,-100.2,963.8,-51.21,-18.47,1.64,30.41
4600,4.81,0,0,20.72,1.2,-115.0,995.9,-60.21,-14.74,1.82,30.45
4620,0.66,0.32,5.2,11.81,-95.4,-79.5,924.9,-60.13,-15.16,2.29,30.45
4640,3.67,1.4,0,3.58,-101.4,-113.1,1083.1,-67.2,-13.47,2.44,30.26
4660,5.42,0,3.04,1.21,-30.5,15.0,991.5,-66.87,8.05,-2.48,30.11
4680,5.58,0,0.33,6.59,-147.2,112.6,1006.9,-64.11,2.31,-8.2,29.57
4700,0,4.52,1.99,3.69,-83.9,42.2,1015.7,-61.47,10.28,-2.22,29.41
4720,2.87,0,0,0,-28.7,20.1,973.0,-52.02,12.84,-2.16,29.15
4740,0,1.63,7.27,0.09,-39.3,218.9,985.8,-35.71,18.66,-5.95,28.88
4760,0,1.56,1.59,0,-31.2,69.7,1016.4,-27.15,20.25,-3.66,28.52
4780,0,1.94,0,5.29,-77.2,104.2,1016.5,-15.99,19.36,-1.75,28.35
4800,75.35,23.49,9.41,3.09,7.9,157.7,949.6,-3.16,19.84,1.27,27.88
4820,73.36,31.61,6.31,0.22,4.1,188.2,941.2,15.67,23.93,2.16,28.61
4840,54.5,41.12,9.71,2.02,27.6,78.8,955.6,28.29,27.85,6.53,28.7
4860,36.65,51.87,27.89,0,120.7,8.5,879.8,39.4,22.08,4.59,29.0
4880,20.31,55.07,38.77,1.28,114.5,89.8,874.0,50.23,7.6,6.89,29.11
4900,10.65,56.15,50.77,5.41,42.5,40.9,837.9,64.07,3.97,2.59,29.18
4920,0,52.05,60.14,0,110.5,41.7,844.1,64.2,-2.69,2.42,29.77
4940,3.41,35.41,65.35,4.77,27.1,5.7,812.4,66.04,0.91,0.52,29.92
4960,1.27,31.37,75.83,7.68,74.9,81.3,817.4,64.67,3.08,-2.38,30.23
4980,0,19.08,83.92,12.8,209.2,-43.0,817.7,64.18,-11.41,-1.59,30.47
5000,0,10.6,73.88,17.9,139.1,-65.0,773.3,54.93,-9.62,-4.62,30.93
5020,0,4.91,70.63,28.09,160.0,-96.1,832.5,55.24,-13.35,-6.01,30.45
5040,0,3.9,52.61,38.78,98.1,-74.6,840.3,44.07,-13.04,-6.81,30.64
5060,0.88,0,45.97,51.39,17.9,-142.1,925.6,33.09,-18.35,-0.39,30.79
5080,2.5,0,30.68,60.36,60.2,-175.3,943.7,11.12,-25.88,-3.24,31.32
5100,4.08,0,20.05,57.57,48.6,-159.6,1021.9,-1.82,-23.89,-4.29,30.59
5120,0.72,0,15.42,57.33,-31.8,-87.2,976.8,-13.47,-26.28,2.63,31.01
5140,3.13,0,11.29,45.13,-73.2,-158.7,973.6,-26.63,-17.73,5.74,30.68
5160,0,4.57,9.43,40.53,-64.5,-137.7,997.1,-47.94,-17.27,3.25,30.87
5180,1.69,1.47,5.48,23.68,0.5,-128.7,1025.1,-53.02,-12.31,7.37,30.53
5200,1.31,0,1.76,14.94,-91.8,-67.3,1078.7,-52.89,-19.91,1.24,30.93
5220,0,0,4.34,10.27,-102.5,-24.2,986.9,-66.74,-14.43,1.89,30.26
5240,5.39,1.22,1.35,6.4,-163.9,-28.5,1027.4,-70.44,-9.47,2.55,30.48
5260,1.83,0,0,4.83,-73.4,-19.1,996.7,-63.49,1.01,-2.52,29.77
5280,0,0.86,1.64,0,-90.4,123.7,1007.1,-63.91,12.45,-0.08,29.65
5300,1.11,3.25,0.44,0,-101.1,123.3,958.7,-56.24,17.36,-5.51,29.65
5320,0,0,0,0,-30.5,163.5,1000.6,-52.14,16.6,-6.27,29.0
5340,0,0,0,0,-140.4,97.5,986.1,-39.03,11.17,-10.03,28.73
5360,1.33,0.96,0,0.99,-70.0,192.5,967.7,-25.93,16.93,-3.32,28.5
5380,2.46,5.12,0.5,0,-31.2,122.5,1010.9,-12.17,27.44,-0.76,28.79
5400,72.08,19.95,6.93,1.82,-62.9,112.6,987.1,-3.48,16.05,-3.11,27.99
5420,66.97,30.38,15.42,0,-33.7,107.5,940.8,11.98,20.05,0.94,28.06
5440,55.67,35.75,20.45,0,33.5,164.5,899.4,33.89,23.53,7.32,28.63
5460,34.13,48.46,23.29,1.77,-7.6,155.1,896.7,38.53,18.88,1.33,28.88
5480,24.84,56.35,39.1,0,128.6,44.8,829.0,45.04,16.78,4.19,28.9
5500,5.92,55.24,41.05,0.47,-2.2,93.4,873.2,56.43,7.4,2.71,29.51
5520,3.21,50.08,57.16,2.96,65.1,128.0,814.9,63.91,4.23,3.72,30.06
5540,0,36.83,76.98,0.51,72.9,11.4,782.8,70.44,-1.36,1.05,29.58
5560,3.42,34.6,77.01,9.26,167.3,-29.0,779.8,67.95,-5.65,-2.8,30.04
5580,0,15.43,77.94,10.4,117.3,-82.6,847.1,66.74,-0.3,-3.96,30.64
5600,0,13.14,83.69,18.38,158.7,-98.3,805.6,63.8,-6.15,-5.65,30.58
5620,2.68,6.84,72.67,29.9,38.7,-108.3,842.9,47.59,-9.22,-5.76,30.57
5640,3.32,9.74,50.81,34.94,34.4,-76.2,865.5,39.37,-6.05,-4.71,30.56
5660,0.14,2.99,48.7,55.79,127.1,-86.2,889.3,28.11,-25.37,-2.74,30.81
5680,0.56,0.02,29.72,59.13,11.6,-98.0,955.2,13.7,-17.38,-3.88,30.94
5700,5.34,5.5,22.94,60.48,-12.4,-194.0,985.4,-3.7,-16.06,-0.96,31.05
5720,3.01,1.2,15.43,52.59,36.1,-171.6,989.1,-17.62,-15.97,3.59,30.59
5740,1.41,0,13.81,44.37,-63.3,-62.8,982.4,-24.0,-21.17,4.83,30.64
5760,3.03,3.11,6.49,40.08,-73.5,-177.0,1053.1,-39.55,-22.79,6.29,30.92
5780,0,2.73,2.94,27.85,-54.3,-50.0,1025.2,-54.71,-2.28,3.84,30.94
5800,1.63,0.8,3.26,16.12,-86.0,-35.2,1032.4,-63.63,-9.99,5.11,30.59
5820,0,0,0,10.41,-70.4,-90.6,1029.2,-66.83,-10.24,1.7,30.24
5840,0,1.76,3.05,1.07,-37.3,36.4,987.7,-67.29,-2.23,1.04,30.25
5860,0,0,3.5,2.74,-100.8,0.7,1012.0,-71.04,5.86,-0.49,29.94
5880,2.1,3.81,3.68,0,-116.1,-37.8,901.2,-70.97,3.71,-3.14,29.71
5900,0,0,0,0,-191.4,124.7,986.7,-58.85,10.21,-2.64,29.44
5920,0,0,1.45,0,-59.0,35.1,996.1,-54.97,26.03,-7.5,28.87
5940,6.53,0.25,2.12,0.79,-72.3,136.1,1001.6,-44.53,18.92,-5.5,29.25
5960,0.8,1.6,3.12,0,-72.2,142.9,1000.3,-27.86,25.53,-4.93,28.68
5980,0,6.03,0,2.41,5.4,101.0,1022.3,-11.67,13.78,0.86,28.35
6000,77.04,20.84,6.02,3.11,14.2,197.9,1020.4,-0.42,17.83,-3.55,27.99
6020,70.05,32.15,12.26,6.96,53.8,124.9,934.3,14.35,20.53,4.8,28.17
6040,58.26,40.7,11.42,0,21.3,190.2,935.9,33.05,17.13,6.6,28.67
6060,34.57,53.74,27.99,1.0,-7.0,27.4,890.9,45.84,13.62,3.28,29.1
6080,25.47,55.12,35.44,1.75,98.0,94.2,826.1,55.27,4.03,3.25,29.26
6100,17.39,48.92,47.58,2.3,60.2,109.1,782.3,63.5,9.34,6.88,29.57
6120,6.9,46.19,56.61,0,104.8,40.5,835.8,69.37,1.34,1.0,30.05
6140,3.62,43.62,71.22,3.88,88.4,-114.1,743.8,69.83,5.8,-1.89,29.88
6160,0,26.66,79.48,10.14,101.6,30.1,790.4,74.68,-5.3,-1.64,30.09
6180,0,19.21,77.12,13.95,178.9,-79.7,823.1,69.58,1.2,-2.85,30.59
6200,2.41,13.35,73.67,21.63,61.0,14.0,781.2,59.84,-3.12,-2.47,30.28
6220,0,3.58,68.68,27.55,111.8,-91.2,891.0,56.58,-9.1,-0.08,31.31
6240,0.91,10.09,54.6,38.91,115.6,-92.2,882.9,43.53,-16.49,-3.75,30.98
6260,0,0,41.28,53.09,133.4,-93.2,880.9,27.83,-14.68,-4.65,30.8
6280,0.82,0,31.61,61.44,158.7,-227.7,993.1,14.77,-17.75,-3.44,31.16
6300,0,0,25.2,56.6,-11.6,-162.6,1018.8,1.61,-19.16,0.72,30.38
6320,0,0,12.1,59.44,-32.1,-178.2,959.7,-14.64,-26.72,-0.65,30.98
6340,6.34,0,13.58,47.32,-152.2,-57.4,977.8,-30.62,-22.42,3.34,30.96
6360,0.94,0,11.22,41.35,-55.7,-139.4,1006.6,-38.49,-9.94,7.24,30.91
6380,6.04,0,0,30.71,-75.1,-95.6,1023.7,-50.85,-5.37,4.27,30.41
6400,0.07,0,8.96,16.66,-41.3,-145.9,1011.1,-61.71,-18.11,2.86,30.48
6420,0,4.37,0,8.88,-85.1,-107.3,1024.7,-63.64,0.72,4.32,30.34
6440,0,0,3.66,5.54,-80.7,18.7,1015.8,-72.51,-5.18,1.49,30.28
6460,0,0,1.86,0.08,-127.9,-18.6,1001.7,-70.77,-0.09,-0.94,30.09
6480,0,0,0,2.08,-91.9,102.1,1035.9,-62.4,12.27,-1.97,30.11
6500,5.01,0,0,2.66,-70.7,125.1,924.6,-60.84,15.66,-2.47,29.8
6520,1.6,0,2.17,1.92,-38.8,128.1,1010.8,-57.29,13.87,-5.59,29.33
6540,0,0,0,0.48,-19.8,120.6,1018.8,-44.54,13.85,-3.49,29.01
6560,0,2.27,1.49,2.21,-22.0,214.9,1024.0,-28.23,20.28,-6.64,28.66
6580,0,0,0,1.94,-63.4,147.3,1029.7,-15.31,4.89,-1.7,28.19
6600,76.64,20.38,2.06,0,12.5,175.7,1013.5,-4.08,13.12,-0.7,27.82
6620,69.35,28.89,2.8,2.64,3.4,216.5,931.6,17.75,26.54,5.36,28.6
6640,50.47,40.8,19.62,1.75,-12.2,146.2,950.6,25.22,20.78,5.31,28.58
6660,38.81,50.66,24.51,0,80.9,28.8,895.6,37.39,12.47,8.35,28.31
6680,21.79,54.02,40.82,5.11,49.5,159.1,849.9,49.86,16.94,7.64,29.45
6700,6.02,54.94,46.32,1.48,184.8,33.5,817.3,65.07,0.89,5.56,29.64
6720,0.74,50.85,56.3,0,90.1,0.4,846.7,68.33,8.05,0.08,29.85
6740,0.3,46.6,70.5,0,5.0,47.3,800.7,66.98,-0.57,4.51,30.05
6760,6.86,31.67,81.65,9.73,138.0,-32.9,764.6,72.03,-1.55,-2.16,30.26
6780,9.4,20.15,82.16,5.87,86.1,-37.2,849.2,70.09,-10.84,-4.56,30.28
6800,0,15.58,82.52,14.91,60.7,-96.8,816.7,60.56,-10.52,-1.29,30.94
6820,0,0.24,66.19,35.25,-61.9,-154.2,872.9,58.08,-15.47,-6.4,30.74
6840,0,2.16,57.47,39.22,97.5,-111.9,852.3,39.2,-22.33,-4.17,30.86
6860,0.75,0,43.02,47.44,-27.3,-193.6,889.3,30.43,-24.69,-2.52,31.08
6880,4.46,0,31.76,62.97,79.9,-102.4,1042.6,10.83,-20.62,-0.98,31.02
6900,0.99,0,19.32,67.19,8.5,-163.2,972.1,-3.34,-24.86,2.64,31.01
6920,2.46,5.07,13.3,57.45,44.8,-147.9,1010.8,-16.49,-17.63,3.88,31.09
6940,1.81,0,7.97,49.53,-66.8,-119.8,1014.2,-37.02,-16.77,-0.26,30.9
6960,0,0,4.74,39.33,-18.7,-24.5,993.7,-42.09,-9.4,3.82,30.73
6980,0.84,0.9,0,25.41,-40.4,-117.6,981.7,-49.29,-13.76,5.3,30.76
7000,1.25,3.42,0,13.41,15.5,-139.0,1031.8,-61.99,-7.1,3.56,30.4
7020,0,2.34,9.94,9.48,-98.3,-9.6,984.9,-66.12,-13.28,1.36,30.56
7040,0,0.59,2.07,10.26,-149.0,-41.8,985.2,-73.81,0.49,-0.26,30.18
7060,2.07,1.24,2.81,1.64,-168.9,0.8,1012.5,-70.96,7.83,0.96,29.93
7080,1.64,0,0,11.14,-150.7,21.3,978.7,-69.37,3.81,-0.42,29.87
7100,1.11,0,0,0.83,-112.3,80.3,945.8,-62.52,6.56,-5.24,29.57
7120,3.31,2.43,0,0,-80.2,116.0,986.1,-49.48,7.5,-6.82,29.14
7140,0.92,0.7,0,2.5,-11.1,193.5,1002.1,-41.43,13.97,-5.61,28.83
7160,0,0.83,0.76,0.22,4.3,121.4,1009.7,-26.75,25.31,-0.56,28.63
7180,0,1.07,0,4.33,-115.2,42.1,1013.6,-13.64,19.27,-0.89,28.06
7200,72.56,22.33,2.65,3.37,-40.9,123.1,1034.9,5.67,20.56,2.79,28.35
7220,70.99,35.2,8.32,0,7.0,108.9,969.6,14.1,9.52,5.43,28.31
7240,55.35,43.41,13.93,0,96.5,130.1,917.7,19.08,22.82,3.33,28.56
7260,40.91,47.41,19.59,0.87,62.4,89.0,917.4,38.26,19.27,4.42,28.69
7280,20.21,49.82,34.26,1.16,91.3,190.2,854.6,51.2,12.46,4.7,29.4
7300,5.93,58.52,46.41,0.04,134.0,108.9,836.5,55.53,15.11,3.99,29.64
7320,8.17,48.4,54.65,1.03,152.8,10.7,813.2,62.47,5.63,-0.47,29.96
7340,0,39.33,71.54,1.03,42.2,45.5,737.4,71.09,2.56,0.18,30.25
7360,0,31.41,78.04,5.17,140.0,-75.4,777.9,73.91,3.74,2.06,30.15
7380,0.96,11.92,82.37,8.82,127.4,-155.4,788.3,69.45,-0.53,-5.65,30.42
7400,0.58,9.79,79.89,13.01,41.7,-86.6,862.8,62.22,-5.52,-3.68,30.32
7420,3.31,7.77,66.57,26.84,78.3,-169.7,850.7,55.31,-11.48,-5.35,30.77
7440,0,0.75,56.05,34.2,15.0,-130.5,920.4,39.2,-16.83,-7.24,31.09
7460,1.72,0,44.55,47.35,115.6,-252.4,850.5,28.58,-16.1,-1.87,30.71
7480,0,3.31,32.7,56.91,29.7,-190.1,971.6,15.09,-13.39,-2.79,30.72
7500,1.59,2.92,30.83,59.1,-4.2,-207.3,980.5,4.35,-31.5,-0.26,31.02
7520,0,0,19.2,54.67,-22.7,-120.1,1077.9,-13.07,-21.09,4.0,31.02
7540,0.02,0,7.93,54.11,-67.9,-144.9,1018.0,-27.91,-9.9,3.08,31.09
7560,2.44,0.21,5.56,36.91,-45.8,-207.6,1022.4,-38.33,-21.28,4.2,30.98
7580,0,5.08,0,28.27,-89.3,-105.1,1003.1,-58.8,-7.5,5.25,30.95
7600,0,0,1.56,21.76,-115.3,-37.2,1018.2,-55.99,-13.11,5.66,30.59
7620,0,1.69,3.52,11.89,-71.7,-20.1,968.9,-63.86,-7.27,1.87,30.78
7640,0.02,1.5,0,3.86,-117.5,-97.9,971.4,-67.99,6.73,-2.13,30.43
7660,0,0,1.44,2.77,-113.8,-15.0,1006.8,-70.83,5.13,-1.78,30.07
7680,0,1.49,1.76,1.82,-133.4,59.0,1018.5,-63.55,8.78,1.31,29.78
7700,2.09,0,6.59,3.47,-63.6,77.8,1019.9,-61.15,11.65,-6.14,29.37
7720,0,4.66,1.2,0,-26.5,-74.0,982.4,-49.21,7.76,-5.67,29.29
7740,0,0,0.61,0.18,-83.0,120.7,950.0,-40.39,20.54,-3.12,28.8
7760,0,2.35,4.26,2.56,38.9,112.9,985.9,-29.12,21.32,-2.76,28.51
7780,2.27,0,2.44,0,41.9,143.1,1023.6,-16.42,21.36,-4.23,28.08
7800,76.59,19.33,4.73,0,-38.2,164.6,968.1,2.82,23.03,-1.31,27.98
7820,66.35,26.92,7.39,0.8,83.7,182.3,948.4,12.09,15.38,0.07,28.45
7840,56.61,39.47,19.18,0,61.7,112.4,945.3,27.28,16.04,1.21,28.49
7860,31.24,49.64,25.11,2.43,92.0,218.9,854.9,42.0,24.72,2.88,28.83
7880,21.43,56.0,34.81,0,21.5,87.8,899.6,55.66,18.83,5.02,29.19
7900,9.05,54.62,48.18,0.19,93.8,91.0,809.3,61.46,8.12,2.57,29.34
7920,0,47.06,61.53,0,98.3,19.8,844.3,70.54,15.83,2.86,29.92
7940,4.95,38.86,70.6,0.18,147.8,-40.2,827.2,67.01,-0.01,1.89,30.05
7960,3.34,28.5,74.9,0.81,80.8,-15.5,784.7,72.14,-2.56,-0.6,30.68
7980,1.68,20.26,78.51,7.73,69.9,-54.0,812.7,70.83,5.36,-0.54,30.07
8000,0,15.27,77.14,19.14,169.3,-61.5,792.7,60.93,-15.35,-2.62,30.33
8020,0,8.88,69.79,29.07,162.4,-63.1,860.5,49.84,-24.32,-4.02,30.72
8039,0,1.59,61.24,39.06,107.4,-92.8,830.2,37.73,-19.8,-8.05,30.69
8060,3.58,3.73,44.74,49.49,-19.2,-97.4,894.4,23.62,-13.12,-3.01,30.69
8080,1.22,0.14,32.98,60.79,-71.3,-155.9,947.9,12.91,-22.65,-1.65,30.72
8100,2.56,3.94,27.29,66.41,35.7,-141.4,1028.6,4.02,-17.93,1.12,30.77
8119,4.55,2.18,12.53,63.74,55.9,-176.0,1049.7,-14.13,-20.3,0.65,31.04
8140,0,0.87,9.42,50.83,-12.8,-114.8,980.5,-31.71,-21.94,5.19,30.92
8160,1.83,0,7.35,43.45,-92.1,-122.0,1066.7,-41.54,-17.39,5.31,30.86
8180,0,0,0,25.41,-91.7,-72.1,982.0,-53.07,-9.78,2.03,30.89
8200,0,0,3.07,14.23,-204.6,-105.5,1027.9,-61.49,-17.27,7.49,30.75
8220,0,0.57,0,8.67,-78.1,43.8,1029.6,-68.34,2.1,1.92,30.48
8240,4.78,0,0,2.61,-123.6,-56.2,1002.0,-68.32,1.33,-0.18,30.12
8260,0.63,0,0,1.34,-107.9,79.9,1055.1,-72.49,-1.4,0.68,29.94
8280,4.17,1.07,2.82,0,-65.8,-26.3,1063.6,-68.78,8.43,-2.01,29.43
8300,5.98,0,3.27,4.96,-125.2,31.2,1030.2,-60.77,10.56,-5.85,29.73
8320,0,0,1.35,0,-31.3,171.9,987.6,-47.6,7.71,-9.98,29.18
8340,1.01,0,0,0,-85.5,114.4,1006.6,-48.97,12.58,-3.53,28.66
8360,0,3.25,0.29,2.76,-12.0,55.8,988.0,-30.0,17.89,-2.14,28.89
8380,0,0.06,0,0,10.8,175.3,997.4,-5.58,16.48,-3.06,28.36
8400,77.07,24.17,3.19,0,-10.3,175.8,963.3,-3.85,16.43,-1.91,28.3
8420,66.99,34.25,5.22,1.66,21.4,233.6,923.5,16.78,13.3,1.76,28.51
8440,54.69,45.14,14.64,6.47,27.5,134.7,909.1,26.06,16.63,2.52,28.36
8460,33.33,50.19,25.38,0,95.2,97.4,945.3,42.15,19.24,5.99,28.81
8480,22.65,54.3,32.89,0.05,69.3,114.2,861.2,47.08,8.61,0.53,29.1
8500,7.84,57.68,45.95,0,34.4,40.6,852.4,63.11,12.12,2.97,29.45
8520,5.07,48.91,61.09,5.65,58.4,-32.8,836.4,71.03,11.58,1.01,30.0
8540,6.19,40.53,69.99,2.51,80.4,-12.2,773.3,64.75,3.3,0.59,30.09
8560,0,28.74,71.63,5.39,169.8,59.6,724.4,68.09,-7.65,-1.92,30.17
8580,0,16.75,78.64,11.71,22.2,45.6,812.0,65.6,-9.07,-5.18,30.85
8600,0,16.09,78.13,20.44,147.8,-39.3,793.1,60.9,-9.02,-5.71,30.5
8620,0,0.25,66.17,29.44,114.2,-57.1,937.5,55.35,-11.81,-5.34,30.57
8640,1.99,1.4,62.7,42.4,95.3,-116.4,866.5,39.68,-9.27,-4.41,30.71
8660,0,0,46.96,44.73,99.6,-154.3,945.6,25.65,-14.54,-2.62,30.93
8680,0,0.74,35.09,64.42,-2.8,-114.2,987.7,13.76,-19.74,-1.44,30.77
8700,2.77,2.52,26.81,58.99,22.0,-253.1,1000.7,-4.32,-16.65,-0.79,31.2
8720,1.4,0,13.28,57.14,-53.0,-183.6,1048.9,-14.76,-34.25,0.65,30.89
8740,0,0,8.7,47.37,-40.1,-79.5,1025.5,-27.85,-27.73,3.33,30.87
8760,0,0,5.07,43.18,-99.6,-129.0,990.8,-42.39,-10.54,5.7,30.82
8780,7.5,0,5.39,26.34,-62.8,-81.1,999.0,-55.18,-13.44,5.25,30.6
8800,1.52,2.31,0,15.69,-32.9,-162.2,1019.9,-58.51,-7.86,7.01,30.35
8820,0,0,0.75,8.54,-201.1,-51.9,989.4,-66.4,-7.61,-0.39,30.95
8840,0,1.17,0.7,1.91,-43.4,25.3,1013.1,-74.5,2.74,3.88,30.24
8860,5.54,1.4,2.19,0,-135.7,4.2,1025.8,-71.83,-2.67,-2.8,30.1
8880,3.22,0,0,7.81,-101.9,6.4,1008.5,-70.83,-2.3,-2.26,29.74
8900,3.42,0,0,3.44,-108.0,107.0,1016.2,-59.58,18.79,-5.42,29.52
8920,5.49,1.13,1.89,0,19.8,58.8,993.0,-51.75,2.81,-7.03,29.15
8940,2.31,4.43,0,0,-13.6,133.3,990.7,-41.42,10.2,-4.55,28.88
8960,2.08,0,0,2.33,-87.0,89.6,1035.3,-31.67,23.13,-4.58,28.55
8980,3.48,0,0.51,0,7.2,109.5,988.7,-21.13,16.73,-2.72,28.33
9000,77.08,15.55,6.44,2.44,28.3,59.8,1009.9,2.05,23.65,-0.64,27.97
9020,66.86,26.66,11.91,0,-18.5,80.6,919.1,13.1,21.04,0.26,28.25
9040,51.88,39.54,13.27,0.14,99.8,114.5,874.0,31.13,19.0,1.09,28.67
9060,38.22,49.89,18.45,1.38,93.3,86.2,869.3,40.13,17.89,4.56,28.91
9080,19.88,57.16,42.35,0,46.4,124.1,928.5,52.07,18.79,6.45,29.37
9100,9.07,51.11,50.36,0.4,86.2,83.7,893.9,67.37,9.81,4.03,29.77
9120,7.63,42.8,66.18,3.65,101.5,71.3,768.8,69.19,0.27,2.5,30.05
9140,2.28,42.68,67.01,1.49,10.5,126.0,788.0,66.73,4.51,1.5,30.17
9160,0.8,33.4,77.42,4.43,191.0,-109.2,761.4,64.42,-6.17,-1.85,30.34
9180,0.65,15.33,82.83,7.47,79.0,-135.5,832.1,64.47,-8.83,-0.28,30.52
9200,0,15.83,76.16,17.21,108.0,-91.5,876.2,61.93,-10.26,-3.69,30.35
9220,0,2.65,71.69,26.98,43.0,-74.9,884.1,54.02,-14.65,-6.98,30.69
9240,1.51,4.64,54.82,39.88,-1.1,-98.4,859.1,41.9,-15.25,-3.84,30.52
9260,5.61,1.84,47.95,51.02,106.1,-190.1,963.7,28.95,-20.8,-6.23,30.93
9280,0,7.32,32.86,59.48,67.0,-242.4,965.9,10.53,-18.86,-0.95,31.13
9300,0,0.9,24.33,58.7,-0.4,-257.6,973.1,4.12,-13.36,-2.95,31.0
9320,0,1.1,13.11,56.81,-31.6,-122.6,956.8,-10.19,-16.93,1.78,31.0
9340,0,0,11.35,51.9,-99.9,-77.5,1013.8,-24.77,-17.16,1.46,30.79
9360,0,0.37,3.09,41.04,-145.0,-196.1,984.6,-33.25,-11.84,1.93,30.65
9380,0,0,6.03,29.44,-122.0,-82.5,984.9,-49.67,-11.6,4.99,30.66
9400,1.53,0,0,17.62,-108.8,-71.8,1019.8,-63.34,-0.83,3.35,30.72
9420,0,3.13,0,10.54,-88.1,-23.3,1015.6,-65.99,-8.05,1.74,30.31
9440,0.33,0.32,0.32,3.09,-116.2,-20.2,1006.1,-68.59,-5.21,0.72,30.27
9460,1.05,2.35,4.53,1.85,-139.0,-1.3,1005.7,-70.75,2.74,-1.03,29.96
9480,0,0,0,6.45,-184.1,-20.5,1009.8,-70.03,8.84,-1.88,29.87
9500,0,3.47,0,0,-55.4,10.0,991.3,-63.18,12.43,-4.3,29.46
9520,1.08,0,0.24,0.46,-88.0,80.4,989.3,-50.06,29.95,-2.28,29.38
9540,0,2.62,1.81,0.71,3.0,195.2,1002.1,-37.01,19.55,-5.79,28.79
9560,1.36,1.4,0,0.99,-124.4,156.8,956.7,-27.3,27.81,-1.44,28.6
9580,0,0.66,0.11,4.02,-90.5,121.3,1031.8,-16.13,22.86,-5.0,28.54
9600,72.44,24.45,4.03,0,50.8,209.6,973.9,-6.75,15.45,-1.34,27.68
9620,72.28,35.59,12.52,1.82,-32.0,114.0,994.1,20.6,22.54,4.79,27.95
9640,56.58,42.27,18.07,4.85,37.4,124.6,929.5,25.48,12.83,1.61,28.53
9660,39.26,47.51,22.16,0,74.1,133.9,901.2,41.77,20.6,8.2,28.86
9680,24.64,53.0,35.84,0,125.9,33.7,813.5,50.04,13.5,4.34,28.99
9700,9.12,54.55,48.22,0.54,2.9,31.5,864.9,53.44,12.47,0.57,29.26
9720,11.41,46.06,61.2,1.22,59.6,30.4,803.5,67.55,5.82,2.94,29.56
9740,0,41.97,70.02,3.41,82.7,28.3,807.4,64.11,5.07,-1.42,30.33
9760,2.11,31.19,83.9,5.71,184.6,45.2,820.0,64.57,-5.97,-1.24,30.01
9780,0.51,22.47,78.31,18.95,38.6,-102.1,854.8,67.78,-10.87,-3.17,30.47
9800,0,8.09,77.09,18.56,163.5,-177.5,785.0,67.8,-11.4,-4.34,30.32
9820,0,11.78,67.69,26.14,158.3,-139.6,813.9,55.12,-18.14,-4.85,30.81
9840,3.72,4.06,59.87,35.47,6.7,-99.6,861.1,42.54,-15.96,-7.14,30.94
9860,0.98,4.5,45.66,52.56,15.2,-41.0,922.1,21.14,-23.97,-4.34,30.54
9880,0,2.55,31.7,59.09,-2.7,-99.8,921.0,13.63,-16.45,-2.82,30.85
9900,5.6,0,24.91,61.43,45.2,-183.3,993.4,0.58,-25.16,2.08,30.92
9920,0.68,0,8.42,60.69,2.2,-130.8,962.4,-11.62,-15.38,2.65,31.08
9940,0,4.53,6.12,50.85,-58.4,-200.9,964.8,-23.29,-14.36,5.71,30.77
9960,0,1.15,6.28,43.39,-21.3,-68.2,997.2,-43.32,-14.15,4.8,30.68
9980,0.11,0,0,25.55,-151.1,-55.3,1020.8,-55.31,-11.79,6.81,30.82
10000,0,0,0.92,22.02,31.8,-78.7,999.5,-55.69,-16.08,2.57,30.6
10020,0,0,7.32,11.56,-123.8,-20.5,1027.8,-65.26,-3.47,4.27,30.13
10040,1.3,2.2,0,4.13,-122.8,-8.0,1006.8,-72.55,3.24,6.59,30.33
10060,1.66,0.87,0,0.54,-2.7,-18.1,995.5,-73.26,5.43,-5.25,30.08
10080,0,0,0,6.65,-127.3,80.2,967.3,-67.0,5.39,-2.14,29.71
10100,0,0,0,0,-34.0,150.4,958.5,-59.99,16.33,-7.13,29.53
10120,0.59,5.6,2.64,0,-84.8,133.0,1018.0,-54.84,16.91,-6.14,29.31
10140,6.56,0,6.33,0,-3.8,166.5,999.6,-36.66,16.42,-2.0,28.55
10160,0,0,0,0,-91.0,124.5,946.0,-25.0,22.16,-8.32,28.86
10180,0,3.89,3.87,0.18,17.8,192.3,982.2,-13.21,24.61,-3.93,28.23
10200,66.56,22.57,3.69,1.4,42.9,98.1,1017.6,-0.33,15.08,-4.14,27.56
10220,62.3,31.05,8.38,5.35,-35.9,192.2,998.1,12.7,32.44,0.87,28.62
10240,57.71,37.81,20.33,0,129.2,116.8,879.0,30.14,20.22,4.68,28.49
10260,42.25,50.09,30.62,2.91,196.2,186.0,857.8,44.12,16.0,6.33,29.26
10280,26.58,56.11,30.96,0,133.5,144.4,824.2,52.75,3.9,1.82,29.14
10300,13.67,55.0,43.61,0,34.9,96.5,802.6,59.78,14.93,3.06,29.4
10320,3.24,45.66,57.34,5.66,47.7,85.6,826.8,65.61,9.14,4.15,29.77
10340,3.25,37.64,73.09,0,160.0,-55.3,791.5,70.73,4.91,0.94,29.74
10360,1.7,28.59,79.09,5.92,103.0,-89.0,742.3,75.58,-4.9,-2.93,30.24
10380,0.7,18.16,78.4,9.99,160.9,-15.0,809.0,62.31,-2.53,-5.3,30.36
10400,0.66,7.1,78.84,17.23,147.3,-88.0,796.7,63.08,-5.3,-7.75,30.21
10420,0,2.35,66.4,29.79,90.7,19.5,864.1,53.5,-23.31,-5.37,30.75
10440,0,6.1,59.31,36.59,38.4,-221.6,935.3,47.08,-16.95,-3.38,30.58
10460,4.76,0,47.44,51.82,49.9,-211.7,939.4,28.66,-19.79,-6.6,31.0
10480,0,0,29.26,52.03,8.9,-167.8,954.7,17.19,-10.44,-4.44,31.24
10500,0,0.1,23.05,59.65,-63.5,-159.5,989.4,-2.76,-25.61,0.5,30.95
10520,0,0,15.33,59.18,0.7,-159.5,982.1,-17.22,-24.98,4.81,31.09
10540,2.87,1.66,9.8,46.26,-60.0,-40.8,1039.4,-23.34,-17.8,2.73,31.13
10560,0.52,0,0.87,38.65,-67.5,-148.1,1049.5,-40.94,-23.02,0.97,30.83
10580,5.07,0.29,4.36,26.34,-107.1,-129.4,994.1,-53.4,-24.49,5.51,30.77
10600,0,0,7.75,17.64,-67.9,-120.8,969.1,-54.57,-12.61,3.8,30.69
10620,0,0.21,0,8.13,-59.4,-34.4,959.6,-68.23,-8.79,5.3,30.15
10640,3.24,0,0,2.09,-61.1,75.0,1013.6,-68.85,-7.1,4.7,30.16
10660,2.36,0,0,4.13,-105.1,77.7,1032.5,-67.18,4.29,0.39,30.17
10680,0,0,0,0,-149.5,-2.8,968.9,-67.14,3.7,-3.68,29.51
10700,0,1.1,0,4.68,-98.9,133.9,969.7,-56.1,3.89,-1.44,29.45
10720,0,0,1.92,1.24,-95.0,95.3,1014.7,-46.25,17.9,-9.15,29.29
10740,0,0,1.48,1.41,-90.4,152.2,981.4,-49.12,13.02,-3.8,29.2
10760,0,4.33,0,0,-81.7,189.2,948.3,-33.89,18.98,-2.43,28.58
10780,0.06,1.65,5.27,0.49,-12.4,113.9,1020.4,-18.05,16.97,-1.82,28.47
10800,71.55,17.13,0.74,0,-4.9,136.9,1025.8,1.19,21.32,0.41,28.11
10820,69.03,29.36,3.16,1.3,67.3,163.1,924.3,13.57,18.34,-0.85,28.02
10840,59.39,43.9,17.7,0,124.9,79.3,882.9,26.74,16.6,5.81,28.61
10860,36.46,50.36,21.73,1.55,49.7,56.8,877.5,39.96,13.54,4.63,28.81
10880,16.65,56.13,32.58,5.53,98.8,177.4,795.1,46.58,25.1,2.87,29.05
10900,9.44,54.1,51.24,0.6,33.0,160.2,861.8,60.18,18.54,4.4,29.44
10920,5.51,54.2,63.49,3.29,72.1,176.3,902.0,66.32,3.47,0.16,30.05
10940,0,37.87,70.27,1.83,125.2,-29.3,828.6,67.65,-1.89,-2.4,30.17
10960,2.98,27.55,78.94,4.64,152.8,-51.9,835.8,70.41,-7.76,-2.04,30.34
10980,0.96,17.59,82.9,13.97,-23.5,-136.7,828.2,62.06,-0.72,-1.8,30.48
11000,0,15.59,80.85,17.2,138.6,1.0,773.5,55.61,-11.61,-4.46,30.45
11020,0,2.87,67.83,26.86,79.1,-141.3,804.5,52.47,-4.02,-4.68,30.77
11040,5.36,0,60.96,37.87,79.9,-68.5,889.8,41.12,-13.89,-4.9,30.66
11060,0,1.15,47.04,49.43,50.5,-148.7,909.5,33.02,-17.86,-4.9,31.0
11080,0.47,1.28,37.2,58.58,91.4,-120.9,935.2,12.94,-22.33,0.66,31.01
11100,0.38,3.13,19.18,67.73,-23.1,-127.7,957.1,-2.6,-14.69,-0.92,30.99
11120,0,0,14.26,54.0,-82.8,-52.4,996.0,-7.45,-19.12,2.07,31.0
11140,0.33,2.35,7.41,50.71,-87.0,-179.7,965.6,-22.99,-26.75,4.53,30.78
11160,0,0,2.02,38.14,-41.9,-104.6,954.9,-41.8,-14.66,7.3,30.91
11180,0,6.0,3.21,35.14,-72.5,-61.0,977.0,-56.94,-9.65,5.3,30.94
11200,1.78,0,0,21.01,-71.2,-101.6,975.9,-59.97,-14.69,4.85,30.52
11220,0,0,0,11.93,-93.8,-17.2,999.5,-65.7,-6.73,4.02,30.53
11240,0,1.45,4.85,7.58,-208.0,31.3,1054.0,-72.61,0.15,2.67,30.04
11260,0,0,0,1.38,-88.9,-83.7,942.3,-70.03,-8.96,-2.59,29.97
11280,9.73,1.36,3.11,0,-114.1,115.8,1004.0,-69.19,1.89,-2.19,29.97
11300,0.66,0,4.51,7.45,-38.2,9.2,989.4,-57.07,9.86,-2.87,29.58
11320,1.32,7.26,0,8.43,-90.4,93.0,976.4,-54.05,15.69,-4.95,29.36
11340,0,4.81,5.11,0,-127.6,148.6,1059.5,-39.41,8.01,-1.02,29.08
11360,0,0,0.42,1.23,2.1,102.9,960.1,-30.74,23.21,-5.3,28.72
11380,2.42,3.45,0,2.04,10.0,87.1,1014.5,-12.33,22.75,-1.88,28.49
11400,78.93,25.45,5.0,0,-29.5,123.9,982.2,1.98,12.44,0.8,28.37
11420,75.03,31.0,4.85,3.74,2.9,114.6,1046.4,14.52,22.23,2.14,28.09
11440,55.31,35.79,15.78,2.83,57.8,91.1,924.0,31.53,11.43,1.19,28.82
11460,40.06,54.18,20.73,1.13,50.4,121.6,896.8,40.62,15.85,4.89,28.77
11480,20.52,53.01,33.16,0,4.1,160.4,885.3,51.47,12.59,2.76,29.35
11500,4.3,57.41,45.89,5.94,172.9,17.2,830.0,61.72,14.54,3.51,29.74
11520,3.83,49.79,52.73,0,85.3,27.0,844.0,68.52,13.41,-0.65,29.56
11540,3.96,39.15,72.16,0,54.4,19.3,824.2,70.5,1.16,3.28,29.82
11560,2.15,27.96,67.85,15.37,72.9,79.6,811.9,68.56,-1.99,-3.29,30.25
11580,0,22.09,78.53,11.27,39.0,-38.1,817.0,64.07,-4.38,-2.53,30.34
11600,0,5.71,81.23,18.85,98.0,-78.9,820.2,59.33,-22.77,-4.96,30.62
11620,0,9.09,72.72,29.5,45.2,-105.4,843.9,57.22,-19.31,-5.9,30.46
11640,0,1.34,54.87,34.25,49.2,-135.2,929.1,39.76,-18.99,-1.33,30.58
11660,0.23,1.11,52.67,46.84,84.1,-105.8,910.1,25.87,-21.24,-6.96,30.96
11680,0,2.95,34.74,55.44,-9.1,-190.1,958.9,13.0,-23.42,-0.11,31.09
11700,0.16,2.21,23.37,60.24,33.7,-123.4,1031.1,-4.68,-10.39,-1.74,31.15
11720,2.06,0,16.84,59.0,53.2,-71.6,977.6,-18.38,-12.69,0.83,30.91
11740,0,2.35,10.77,49.56,12.5,-66.5,1025.6,-31.84,-18.27,5.41,30.7
11760,2.86,2.5,7.02,39.69,-47.2,-211.5,976.4,-45.75,-5.55,3.57,30.67
11780,3.68,0,2.69,23.31,-83.0,-82.6,969.2,-51.85,-17.69,8.61,30.64
11800,0,0,8.64,22.91,-114.2,-144.0,1010.2,-58.83,-14.04,4.17,30.44
11820,0,0,3.86,13.33,-65.8,3.4,1036.3,-65.85,-4.16,2.62,30.3
11840,5.21,0,0,6.57,-176.4,-27.4,1035.5,-67.75,-4.12,0.1,30.32
11860,0,0,2.35,4.52,-99.2,56.0,982.7,-67.15,2.61,-2.07,29.83
11880,0,0.5,1.65,4.0,-184.8,76.1,1026.9,-62.59,8.07,-5.41,29.93
11900,0,0,2.81,3.96,-34.4,78.5,983.7,-61.79,6.52,-4.89,29.67
11920,0.47,6.73,0.31,0,-7.8,77.4,963.4,-49.91,14.0,-5.17,29.09
11940,1.78,1.09,3.71,4.59,-55.5,145.3,979.6,-42.31,12.56,-5.78,28.6
11960,1.99,0,0,0,-91.4,196.5,1001.9,-31.23,16.77,-2.37,28.7
11980,0.88,0,7.17,0,46.8,122.1,987.5,-16.83,14.28,-0.81,28.5
12000,76.42,19.48,6.66,0,22.5,94.6,1027.4,-2.72,17.78,2.52,28.28
12020,70.27,30.71,11.59,5.96,145.2,211.9,934.0,15.67,25.45,3.33,28.52
12040,53.57,44.91,16.62,4.25,75.6,27.2,959.1,25.85,15.9,2.87,28.67
12060,35.17,44.03,21.76,0,61.3,151.0,890.7,38.32,21.78,3.37,29.2
12080,21.95,57.52,38.62,2.64,85.8,12.7,887.6,53.52,9.78,6.89,29.23
12100,10.36,56.19,51.97,2.64,75.3,47.8,816.0,60.8,9.63,3.69,29.64
12120,8.01,49.18,61.11,0,86.3,43.5,836.8,66.09,14.45,1.7,29.86
12140,1.23,41.75,66.48,3.02,29.2,-43.3,838.2,72.76,0.63,2.23,29.96
12160,0.73,31.84,78.84,6.87,165.3,6.3,794.7,69.85,-2.88,-1.69,30.5
12180,0,17.6,79.89,13.45,96.4,-29.8,821.5,66.74,-3.35,-4.42,29.99
12200,0,10.45,78.68,17.37,41.6,-110.7,879.1,63.6,-8.82,-5.94,30.52
12220,0,2.86,68.25,29.26,110.2,-83.2,825.9,50.36,-7.82,-6.97,30.62
12240,2.12,2.88,60.35,40.02,68.9,-166.8,889.0,43.64,-19.47,-5.32,30.61
12260,1.26,0,45.04,48.88,-58.5,-201.8,946.2,27.66,-17.61,-4.08,30.83
12280,1.69,2.81,34.29,60.99,66.8,-184.0,939.7,13.53,-11.37,-3.16,31.13
12300,4.57,0,23.42,61.83,21.3,-162.8,972.4,-0.13,-28.15,1.73,30.87
12320,0,0,16.29,56.8,-57.2,-190.8,910.8,-16.98,-6.4,-3.16,31.14
12340,0,0,8.19,43.72,-97.6,-93.6,972.7,-30.18,-21.86,5.24,31.08
12360,0,1.16,8.44,38.19,5.3,-147.8,1023.8,-42.75,-17.93,5.45,30.89
12380,0,0,0,24.37,-124.5,-122.1,1005.8,-51.55,-13.78,3.77,30.71
12400,0.14,2.79,0,23.2,-55.2,-67.9,1061.5,-60.53,-7.17,7.56,30.31
12420,0,6.58,1.02,8.34,-121.9,-23.5,966.4,-70.83,-11.14,3.15,30.51
12440,1.73,0,0,4.76,-104.4,10.9,977.4,-62.75,-5.52,0.51,30.3
12460,0,4.01,0,0.47,-106.0,31.5,975.1,-73.85,-4.03,0.77,30.03
12480,0.47,0,2.5,0,-80.3,36.2,991.4,-66.38,10.77,-5.32,29.42
12500,0,0.07,0,0,-206.3,72.9,1006.8,-59.41,4.34,-3.36,29.51
12520,0.89,0,1.59,4.58,-37.5,9.4,1069.9,-55.73,19.73,-4.88,29.17
12540,0,2.91,0,3.24,-168.5,66.2,989.0,-39.56,21.02,-4.64,29.14
12560,0,0,0,0,32.3,196.0,967.7,-28.63,14.36,-3.79,28.65
12580,0,0,3.93,3.09,-45.0,116.6,1014.6,-10.01,12.4,-2.65,28.26
12600,74.28,20.61,3.5,0,-17.2,191.7,960.1,3.96,8.06,-1.6,27.99
12620,66.14,30.57,11.13,1.91,9.4,183.0,1005.5,17.7,20.93,1.36,28.1
12640,56.73,42.72,12.05,4.45,-19.4,142.9,951.1,29.64,19.47,3.93,28.48
12660,34.41,49.59,24.34,0.46,-52.8,155.8,894.8,43.95,26.3,3.77,28.79
12680,18.41,52.46,33.47,5.01,107.7,103.8,827.1,54.55,13.43,3.68,29.53
12700,11.7,53.01,45.59,0,68.1,26.3,834.0,60.17,1.87,6.65,29.44
12720,4.56,46.9,60.46,5.14,122.2,67.8,788.2,63.19,10.81,2.22,29.77
12740,1.48,46.18,72.34,0.64,78.8,2.0,866.0,70.84,1.18,-1.47,30.18
12760,0,27.65,81.82,4.06,73.2,-17.3,782.9,67.12,-4.24,-3.24,30.08
12780,0,16.62,79.27,14.84,117.1,-89.5,777.2,64.88,-9.09,-3.88,30.32
12800,0.09,14.2,73.27,25.54,71.6,-140.6,828.9,62.33,-12.58,-4.37,30.41
12820,0.29,5.45,68.5,32.41,80.0,-153.3,825.7,53.06,-14.87,-4.72,30.74
12840,1.83,0.62,62.72,37.57,81.0,-152.4,855.6,37.74,-19.87,-3.4,30.78
12860,0,0,53.31,46.62,-44.1,-143.3,990.2,22.92,-11.56,-4.78,30.81
12880,5.51,5.67,34.14,52.8,33.8,-75.3,989.6,9.5,-17.58,-3.36,30.86
12900,0,0.21,27.24,61.62,34.3,-195.6,1083.1,-1.06,-18.26,0.54,31.01
12920,1.23,0,12.39,57.86,-97.8,-109.7,984.1,-12.71,-16.21,-4.48,31.17
12940,0,1.8,11.76,51.21,-115.2,-108.4,1018.5,-25.07,-20.18,5.77,30.66
12960,1.82,3.33,4.53,38.31,-106.6,-73.2,1057.9,-43.3,-20.03,4.26,30.64
12980,0,1.48,4.8,30.78,-65.4,-67.8,994.8,-51.88,-9.06,4.4,30.85
13000,0,3.18,0.8,15.52,24.8,-156.0,1025.6,-55.11,-10.2,7.16,30.81
13020,0,4.18,0,4.36,-44.1,-40.8,1003.4,-69.98,-4.53,1.97,30.44
13040,0.57,0,0.92,0,-82.8,54.3,972.6,-63.72,-5.29,-1.08,30.25
13060,0,0,0.5,3.91,-6.2,40.8,997.3,-68.8,-0.38,-0.9,30.32
13080,1.7,1.71,0,1.0,-52.1,59.1,989.6,-70.78,0.58,-4.41,29.29
13100,2.38,0,0,2.95,-129.0,249.8,997.4,-60.62,1.74,0.74,29.78
13120,0,2.34,2.03,0,-167.5,137.3,1043.9,-50.02,2.99,-5.18,29.26
13140,0.18,1.6,0,0,41.4,62.4,989.5,-36.16,19.97,-3.72,28.71
13160,1.58,0,5.34,0,-61.4,204.0,994.4,-26.24,21.96,-4.58,28.5
13180,0,2.04,1.08,0,28.5,214.5,1001.0,-11.9,15.29,-4.58,28.49
13200,76.35,23.69,6.6,0.67,-52.5,68.4,1041.2,2.71,20.92,-0.96,27.94
13220,74.45,32.89,10.4,0,-40.8,176.9,981.2,12.38,21.94,3.07,28.19
13240,54.98,39.61,18.15,0,38.0,187.4,913.5,27.06,13.02,1.67,29.13
13260,41.48,51.98,25.21,2.03,79.3,85.3,867.2,38.42,15.64,8.64,28.88
13280,18.97,52.96,37.3,0,4.7,71.6,846.4,49.59,14.63,4.69,29.25
13300,18.34,54.57,46.41,1.38,72.5,82.6,858.9,52.97,5.26,3.79,29.81
13320,1.79,47.58,57.32,4.67,174.9,42.9,796.6,69.14,15.39,4.28,29.46
13340,2.23,43.31,69.13,0,102.8,-0.1,756.8,70.79,-3.95,4.03,29.7
13360,0,28.43,78.15,4.7,135.5,31.7,769.2,73.5,5.5,-0.11,30.18
13380,0,21.94,76.79,7.31,82.7,28.8,861.2,67.76,-6.91,-3.25,30.49
13400,0.67,7.3,76.63,24.03,19.2,-79.2,860.5,58.0,-16.59,-4.35,30.77
13420,0,7.42,74.56,31.39,11.7,-150.9,818.3,51.57,-8.7,-5.83,30.69
13440,0.37,3.53,61.83,41.76,75.3,-246.3,869.4,36.26,-19.38,-3.97,30.68
13460,0.7,0,46.15,50.52,15.5,-101.9,895.1,26.87,-15.0,-4.07,31.09
13480,0,3.62,34.82,59.94,-92.8,-166.5,948.0,16.45,-15.51,-4.18,30.85
13500,0,2.6,19.77,64.28,-4.2,-216.1,990.0,-1.63,-25.5,1.39,31.0
13520,2.21,0,9.24,59.52,-83.1,-79.1,983.6,-13.0,-15.92,0.49,30.69
13540,0,0,10.94,50.78,-130.5,-118.5,1022.3,-24.27,-15.3,1.02,31.11
13560,0,6.57,5.48,37.73,91.1,-143.1,1027.9,-39.77,-22.64,5.94,30.92
13580,0.77,3.51,0,31.61,-54.6,-122.1,986.4,-54.76,-17.22,5.98,30.81
13600,3.42,0,3.79,17.78,-62.8,-72.4,997.9,-62.15,-10.73,9.52,30.32
13620,0,0,0,12.09,-116.2,-50.9,997.2,-68.71,-10.83,5.43,30.39
13640,1.5,1.41,0,6.62,-19.8,-19.1,985.9,-77.83,8.09,-1.59,30.16
13660,3.28,0,2.1,5.83,-160.5,34.4,1061.1,-69.43,-2.21,0.61,29.87
13680,3.54,0,0,0.79,-46.8,-50.3,971.9,-69.56,4.08,-1.76,29.41
13700,0,3.62,0.84,5.02,-93.0,89.0,998.6,-65.17,9.08,-5.03,29.33
13720,0,1.96,4.87,0,-135.5,80.9,1011.9,-51.18,9.43,-2.78,29.15
13740,2.44,1.6,0,3.69,-97.9,141.5,985.4,-46.13,14.56,-4.47,28.7
13760,3.89,2.97,2.96,0,-108.1,93.6,1018.7,-34.83,17.95,-3.39,28.62
13780,1.93,4.37,0,0,40.8,180.9,968.8,-15.42,22.78,2.02,28.19
13800,72.66,22.31,7.14,1.26,-39.8,267.1,991.4,-0.43,20.39,-1.29,28.08
13820,71.64,30.88,6.79,1.13,20.6,95.7,976.6,17.61,26.27,3.56,28.23
13840,54.32,45.35,13.87,4.98,49.3,110.4,898.8,32.73,17.17,4.75,28.52
13860,41.27,47.12,23.46,3.07,72.9,92.4,874.8,39.01,18.53,6.31,28.93
13880,16.1,58.99,36.12,0,130.6,81.7,796.5,58.95,8.46,4.57,29.24
13900,16.47,56.12,46.43,0,75.0,59.8,785.9,60.72,16.24,6.04,29.17
13920,2.23,46.99,55.6,1.92,167.9,89.8,815.8,67.35,2.61,2.77,29.76
13940,2.47,39.86,69.08,6.21,61.1,78.4,720.9,73.05,3.63,-2.1,29.8
13960,1.42,28.84,78.61,3.13,77.5,86.2,788.1,69.52,-8.05,-2.88,30.43
13980,0,21.11,81.99,7.93,76.3,-52.6,796.0,69.18,-3.77,-5.55,30.4
14000,2.31,8.83,75.79,16.53,133.4,-69.0,843.7,61.44,-6.21,-5.08,30.82
14020,0,8.41,68.48,25.85,-4.9,-123.4,833.2,47.28,-17.8,-5.11,30.8
14040,3.09,1.55,58.7,39.59,-57.8,-102.2,915.3,46.41,-16.16,-6.2,30.98
14060,0,1.33,48.1,53.55,82.6,-136.2,910.7,31.53,-12.99,-1.19,31.06
14080,0,5.79,38.18,60.37,-25.9,-60.5,946.8,18.25,-19.41,-1.25,31.11
14100,0,0.9,24.8,58.13,-90.5,-187.4,1059.4,1.61,-23.71,0.82,31.42
14120,2.71,2.8,14.09,59.21,-17.2,-269.8,905.8,-14.47,-20.47,3.07,31.39
14140,0,0,6.41,48.69,4.2,-186.0,1004.0,-30.83,-31.56,-2.02,31.34
14160,0,3.34,6.57,42.54,0.1,-136.5,978.3,-43.19,-17.1,4.12,30.61
14180,0,0,7.34,25.49,-119.6,-89.4,1022.9,-54.15,-20.33,9.36,30.58
14200,1.17,3.69,0,18.68,-125.9,-71.4,1010.0,-56.71,-13.53,3.36,30.54
14220,0,3.71,0,14.51,-85.7,33.2,1022.3,-60.06,1.74,3.52,30.14
14240,0.7,0,0.19,4.86,-48.3,-59.5,1019.3,-69.45,-2.42,2.29,30.4
14260,1.88,0,0,4.13,-169.6,25.3,1031.1,-64.04,-3.2,-1.28,30.05
14280,2.95,0,0,0,-185.8,82.6,1002.6,-66.25,8.88,-2.41,29.55
14300,6.62,0.66,0,0,-19.7,-19.4,993.9,-53.63,7.54,-6.13,29.45
14320,1.37,0,0.7,0,-97.2,138.5,1011.5,-54.54,8.69,-4.49,29.07
14340,0.32,0,0,0.14,-99.6,195.1,983.7,-42.13,19.63,-3.57,29.29
14360,3.16,0,0,2.96,-78.7,164.6,1043.6,-28.46,7.06,-5.75,28.63
14380,0,0,0,0,24.2,101.0,952.3,-19.03,20.77,0.14,28.46
14400,78.19,23.19,5.91,0,-4.8,247.5,1033.1,0.45,20.66,-0.22,28.01
14420,66.63,34.73,12.73,0,9.5,12.1,949.7,16.64,18.81,3.45,28.39
14440,54.75,45.47,13.87,0,43.4,198.1,910.7,28.8,19.07,-1.08,28.82
14460,42.64,53.36,23.44,0.84,-8.7,137.5,893.7,42.99,15.4,6.58,28.87
14480,15.8,56.2,30.51,4.31,136.3,162.4,884.5,52.82,7.44,2.89,29.46
14500,6.6,55.22,41.81,1.06,52.7,109.8,828.5,55.9,12.38,7.23,29.55
14520,4.99,47.18,59.46,0,113.1,-30.1,825.5,69.98,3.61,2.76,29.95
14540,2.84,33.49,73.93,6.45,148.8,17.6,807.8,67.45,0.64,4.41,29.82
14560,0.09,31.5,79.47,3.07,74.0,68.5,817.0,71.76,-1.47,-0.26,30.32
14580,0,19.2,78.1,9.23,133.0,56.0,775.9,68.17,6.36,-6.05,30.52
14600,0,14.82,79.49,22.72,-4.0,-74.9,864.6,60.62,-16.72,-2.38,30.97
14620,0,8.4,75.64,32.31,100.2,-106.1,857.9,51.07,-20.39,-5.22,30.9
14640,2.06,3.52,60.45,35.12,81.5,-48.9,890.4,42.32,-20.54,-3.1,30.86
14660,4.24,0,40.56,51.51,-28.2,-158.3,876.9,28.25,-25.61,-6.29,30.98
14680,0,0,32.64,63.14,73.8,-109.7,918.1,18.26,-18.59,-0.41,30.71
14700,0,0.92,23.02,59.95,-14.6,-81.9,1019.8,-2.25,-24.09,1.1,31.09
14720,4.5,0,19.38,63.04,65.5,-134.6,994.8,-11.44,-18.8,2.44,30.87
14740,2.21,0,5.37,58.54,-29.0,-117.7,977.6,-29.14,-16.51,3.49,31.14
14760,0,0,6.22,38.34,-70.9,-180.9,979.6,-37.68,-23.9,5.0,30.63
14780,6.35,0,3.77,26.75,-89.8,-179.8,933.3,-51.0,-8.7,4.04,30.82
14800,5.02,0.95,0,19.92,-40.7,-80.7,983.3,-62.2,-16.05,5.09,30.34
14820,0.6,0,0,2.74,-82.4,8.2,979.5,-69.57,-4.81,7.27,30.51
14840,6.56,0,1.42,1.8,-173.4,-13.3,1023.7,-70.29,-6.86,1.84,30.32
14860,1.83,0,0,4.35,-191.8,23.5,1044.4,-65.44,-2.16,-1.84,29.81
14880,0,0,6.24,2.01,-104.0,52.7,991.7,-73.79,-0.28,0.58,29.41
14900,0,0,0,3.58,-43.9,88.2,984.1,-61.71,9.3,-7.31,29.77
14920,1.07,9.4,1.58,0.89,-55.3,73.8,1001.6,-50.36,22.63,-4.94,29.35
14940,3.56,0,0,3.29,5.1,133.6,985.7,-41.67,14.69,-0.79,28.63
14960,0,1.46,0,0.22,-1.7,101.3,956.7,-23.31,25.95,0.71,28.8
14980,0,0.07,0,1.16,12.8,195.0,977.0,-12.14,25.29,-0.64,28.21
15000,74.51,21.33,6.13,0,-44.3,82.6,946.0,-0.43,20.31,-0.69,28.02
15020,72.07,27.93,7.14,0,33.3,184.2,936.5,16.17,27.29,0.58,28.69
15040,59.87,40.27,12.87,0,46.2,126.7,904.3,25.65,15.13,4.19,28.74
15060,34.72,49.03,27.04,0,112.3,145.8,889.4,38.39,25.07,3.95,28.85
15080,22.13,57.68,34.69,1.2,66.5,85.1,871.1,54.56,16.31,5.19,29.1
15100,12.67,54.15,50.82,0,134.5,26.9,878.3,62.82,9.59,4.85,29.72
15120,2.82,45.82,56.46,0,128.1,70.6,814.6,65.93,12.16,5.11,29.76
15140,8.04,43.5,67.03,3.2,122.2,-51.6,816.0,75.54,-0.52,0.9,30.08
15160,0.34,34.43,79.54,3.32,94.8,-48.8,824.7,72.88,-1.88,-2.58,30.22
15180,2.91,19.13,79.43,9.29,119.8,-62.5,812.1,64.58,-9.58,-2.51,30.34
15200,0,9.67,77.71,16.08,145.1,-132.9,833.9,59.7,-13.5,-4.82,30.72
15220,1.34,3.24,67.89,30.21,66.7,-113.4,823.9,52.86,-9.56,-5.73,30.66
15240,0,7.36,52.46,37.0,120.3,-134.1,881.5,41.58,-8.76,-8.04,30.68
15260,0,0,46.24,48.87,83.2,-174.2,860.3,25.06,-14.94,-2.65,30.85
15280,0,2.79,30.7,50.55,-36.4,-201.8,968.0,12.37,-27.24,1.16,30.81
15300,0,2.33,24.63,60.79,-46.1,-190.9,944.3,1.85,-14.61,-0.13,30.99
15320,0,0,14.03,58.4,14.2,-91.0,1037.1,-10.97,-20.13,1.54,30.86
15340,0,0,8.7,51.25,-103.2,-136.0,967.3,-29.76,-17.0,6.51,31.06
15360,0,0,2.91,39.74,50.3,-238.8,984.6,-45.56,-18.38,6.77,30.74
15380,1.18,3.76,7.31,27.43,-89.5,-168.9,968.7,-49.89,-10.25,0.69,30.39
15400,0,0.04,0.39,23.64,-124.3,-70.2,1005.8,-60.26,-13.92,2.96,30.98
15420,0,0,0.58,15.7,-72.7,-115.0,1006.0,-65.83,-4.33,5.29,30.36
15440,0,0,0.55,3.1,-46.2,27.2,989.5,-72.62,2.57,0.52,30.55
15460,1.2,0,2.04,0,-111.0,56.9,1034.4,-65.12,-0.83,-1.53,30.2
15480,2.61,4.04,5.12,0,-78.8,-4.9,1027.2,-67.12,7.83,-1.92,30.07
15500,0.41,0,0.33,1.45,-89.0,12.2,992.6,-60.34,12.41,-6.44,29.61
15520,0,0,0.11,0.33,-61.7,102.4,1009.0,-49.34,14.81,-3.83,29.2
15540,2.57,0,1.37,2.8,-79.6,154.2,986.4,-40.31,20.01,-7.6,28.62
15560,4.02,0.6,0,2.21,4.6,121.5,1028.5,-28.2,14.22,-8.05,28.5
15580,0,3.29,0.28,0,-90.0,239.7,1041.3,-14.09,21.76,-0.43,27.74
15600,73.9,23.91,7.38,2.84,-63.7,211.0,985.5,2.6,18.46,1.12,28.12
15620,71.22,32.83,9.72,2.52,-9.4,146.0,941.8,13.93,21.53,5.98,28.22
15640,57.08,38.48,16.8,0.05,35.7,101.5,923.3,27.02,10.12,4.41,28.48
15660,34.59,46.26,23.05,0,-22.2,165.3,882.9,42.86,25.89,4.62,29.04
15680,17.23,55.95,31.43,3.83,38.3,103.4,836.7,52.27,12.58,6.39,29.0
15700,11.42,53.64,53.08,2.77,52.4,64.1,790.8,62.33,12.62,4.05,29.45
15720,4.37,48.1,63.64,2.57,116.9,-25.8,822.6,69.17,-0.42,3.43,30.16
15740,5.16,35.23,68.23,0,154.8,39.4,777.5,69.13,-4.17,1.54,29.89
15760,0,30.96,80.03,6.24,68.9,-41.9,795.1,69.8,0.02,-3.44,30.47
15780,3.67,21.62,77.03,8.15,116.9,-45.5,794.9,65.47,-16.29,-3.71,30.22
15800,0.04,7.9,72.12,13.59,92.1,-44.7,821.6,57.23,-8.35,-8.3,30.34
15820,0,5.99,69.03,29.58,49.9,-72.9,832.8,51.84,-16.1,-4.61,30.57
15840,0,4.8,59.53,37.85,104.9,-71.0,859.9,41.38,-16.19,-6.44,30.95
15860,0.92,7.51,42.8,56.39,-10.2,-155.2,914.7,25.91,-24.51,-3.04,30.64
15880,1.43,2.02,35.65,60.51,9.8,-168.2,904.8,15.95,-19.15,-1.72,30.97
15900,0,1.62,23.07,60.73,73.3,-54.6,1020.0,3.23,-13.33,3.61,31.06
15920,0,4.17,15.69,65.94,-23.8,-142.3,1016.3,-14.21,-16.63,0.2,30.8
15940,0.64,4.32,2.22,49.2,-37.9,-283.0,1017.5,-24.72,-19.16,2.92,31.01
15960,0,2.14,5.12,41.61,-79.5,-45.5,1052.0,-41.85,-14.78,5.68,30.85
15980,0,1.2,0,24.55,-84.4,-133.8,1040.4,-50.14,-17.28,3.7,30.64
16000,0.78,1.2,3.11,16.17,-175.7,-95.7,938.1,-64.79,-16.32,3.72,30.74
16020,1.7,2.33,0,15.86,-78.0,-83.6,1010.8,-65.32,2.5,1.47,30.15
16040,0.35,2.28,0,6.87,-93.2,-83.1,987.4,-68.64,-4.3,0.19,30.49
16059,2.3,0,4.13,0,-195.9,-4.1,1051.7,-67.96,-1.98,-0.54,30.09
16079,2.85,0,0,3.1,-85.4,104.4,1006.9,-64.63,-4.7,-7.15,29.74
16100,4.41,0,0.13,0,-120.6,35.1,988.1,-63.04,6.85,-5.91,29.66
16120,4.13,0,0,0,-81.0,89.4,1010.8,-54.94,11.12,-6.7,29.14
16140,2.78,3.33,0,0,-86.2,104.6,1063.1,-40.93,18.24,-2.55,28.85
16160,0,4.32,0.99,0,-107.9,178.0,1011.4,-26.45,12.49,-1.21,28.9
16180,0,0,0,5.39,16.8,102.6,998.9,-15.16,12.7,-2.06,28.3
16200,82.4,25.94,4.81,2.55,-102.6,142.1,1030.3,2.14,18.38,0.92,27.96
16219,66.04,28.63,9.63,0,-16.7,47.2,932.6,11.37,8.18,0.48,28.26
16239,52.72,44.22,19.54,0,52.0,114.4,898.4,26.95,15.49,1.67,28.81
16260,39.7,50.91,21.23,1.01,45.0,89.4,888.7,41.18,23.33,4.16,29.12
16280,24.8,52.31,34.7,0,88.6,104.3,816.9,56.62,15.42,4.82,29.23
16300,8.77,58.02,52.2,0,43.4,102.4,888.5,61.34,7.32,7.51,29.78
16320,5.94,47.91,59.39,0.66,9.0,30.9,795.4,66.65,3.04,1.99,29.57
16340,0,39.0,67.88,3.69,34.7,66.5,776.5,66.96,3.43,-0.94,29.87
16360,0,29.23,78.75,4.59,122.2,-83.4,831.2,69.08,0.6,-2.14,30.31
16379,0,17.96,82.18,10.01,193.2,-47.2,799.0,64.9,-5.97,-0.59,30.54
16400,3.09,7.81,76.48,20.1,82.2,-60.0,804.2,60.82,-10.15,-2.66,30.5
16420,1.13,7.73,67.13,29.44,85.3,-167.4,848.1,59.23,-8.68,-4.05,30.51
16440,2.87,0.7,57.84,39.87,151.6,-117.0,849.7,43.7,-13.4,-1.34,30.41
16460,0.12,1.74,45.97,47.71,-22.2,-184.6,936.9,26.97,-23.96,-1.9,30.81
16480,0,0.78,33.05,57.7,-14.8,-88.7,934.1,21.31,-14.08,-1.66,31.09
16500,1.89,0,23.31,60.38,-56.6,-174.5,975.4,-3.94,-17.17,-1.35,30.92
16520,0,0,14.62,52.81,77.9,-14.8,994.5,-12.88,-24.15,1.65,31.16
16540,0,3.37,3.73,52.56,23.0,-53.1,1008.3,-37.81,-16.91,1.14,30.91
16560,0,3.16,6.83,38.46,-61.8,-160.1,968.5,-43.71,-24.69,2.46,30.97
16580,0,0,2.33,31.19,-128.1,-88.6,1027.8,-51.65,-15.89,1.28,30.66
16600,1.36,0,6.93,15.81,42.2,-54.2,980.1,-59.1,-9.43,5.12,30.73
16620,3.12,0.17,0,8.17,-156.2,-127.3,951.4,-69.31,-2.88,1.75,30.33
16640,0,0.35,0.35,6.43,-98.4,-44.9,976.1,-68.48,3.78,-1.77,30.62
16660,5.46,2.76,4.8,2.97,-32.0,64.1,988.7,-67.05,-9.48,-4.0,29.95
16680,0,0.79,0,0,-73.5,-11.4,990.4,-66.95,4.13,-0.39,30.14
16700,0,0,2.88,1.16,14.6,78.8,978.1,-59.74,18.19,-4.79,29.65
16720,0.81,1.34,0.49,0,-88.7,44.1,1051.1,-48.19,24.13,-2.82,29.09
16740,0,1.13,3.67,1.62,-65.5,100.1,1014.6,-41.15,16.18,-1.39,28.74
16760,0,0,4.16,0,-36.7,144.8,1017.4,-26.66,22.67,-0.76,28.67
16780,0,0.54,0,4.11,-60.6,103.4,983.0,-16.74,14.87,-1.89,28.24
16800,73.09,26.3,1.61,0,41.3,168.9,1020.7,3.33,9.54,-0.96,27.48
16820,70.86,32.36,7.43,0,45.0,165.3,965.7,10.79,24.93,4.09,28.25
16840,53.77,41.37,15.28,0,77.9,221.7,905.3,29.43,21.39,6.93,28.88
16860,33.54,48.44,21.75,0,58.7,73.5,934.5,49.96,13.53,5.04,28.89
16880,23.93,50.3,34.45,0,-28.1,87.8,840.5,52.61,16.47,3.06,29.49
16900,9.88,59.08,45.7,0,135.1,140.1,845.5,57.61,9.0,5.8,29.62
16920,7.0,48.55,63.0,0.28,72.6,107.9,774.6,66.74,15.4,-1.3,29.5
16940,1.16,38.97,71.01,6.14,34.0,54.9,825.3,68.53,-1.05,-2.06,29.93
16960,0,28.34,76.42,2.07,66.8,-14.7,816.9,70.16,-4.76,0.19,30.29
16980,0,18.53,84.96,5.72,179.3,-167.4,793.2,69.44,-6.79,1.28,30.7
17000,4.14,5.74,80.82,15.2,93.6,-47.2,803.1,60.89,-7.35,-3.44,30.75
17020,0,5.06,68.06,30.33,82.0,-194.1,853.0,47.0,-5.04,-6.21,30.7
17040,0,4.61,53.17,38.57,0.2,-183.6,883.4,41.97,-6.3,-4.66,30.77
17060,1.37,2.01,45.88,47.95,-73.2,-79.1,911.9,28.28,-20.41,-3.23,30.91
17080,0,4.21,36.26,58.77,38.5,-59.3,902.5,14.65,-16.39,1.08,31.1
17100,0.48,0,23.48,59.83,-4.8,-173.0,1000.6,3.17,-7.78,2.71,30.93
17120,1.44,0,16.37,59.09,-39.9,-47.7,1065.5,-10.93,-18.0,0.79,30.89
17140,1.62,0,9.22,45.06,-46.2,-122.5,975.9,-30.96,-11.86,3.42,30.94
17160,0.21,0,3.39,38.98,-111.0,-121.4,954.7,-36.52,-14.85,-0.77,30.75
17180,7.47,0,2.69,29.17,-126.9,-165.1,965.4,-52.6,-23.0,8.25,30.74
17200,1.34,0,0,17.1,-143.2,-42.9,1025.5,-58.19,-5.34,3.53,30.64
17220,0,3.23,1.55,11.29,-106.4,-70.0,993.5,-69.73,-5.18,2.46,30.23
17240,0.58,0.65,0,6.75,-74.5,-61.2,948.1,-70.39,2.96,0.5,30.09
17260,2.0,0,0,9.12,-3.2,-35.1,1059.2,-72.03,0.78,-2.11,30.01
17280,0,1.36,0,3.51,-84.0,70.4,1000.9,-68.42,1.39,-2.06,29.93
17300,6.65,1.48,0,0,-17.3,142.6,976.6,-62.98,14.1,-7.76,29.16
17320,0.13,1.14,0,2.82,-95.3,189.4,958.7,-56.7,14.77,-3.59,29.36
17340,0,0,6.12,5.37,-60.9,20.8,1003.9,-37.25,6.32,-4.84,29.02
17360,0,0,4.98,2.85,-11.4,154.4,991.8,-27.02,12.2,-3.01,28.95
17380,0,3.65,2.98,0,-28.7,187.1,965.8,-17.23,21.25,-1.58,28.12
17400,72.88,21.31,4.97,2.57,61.0,230.5,975.4,-0.28,9.98,-0.71,27.73
17420,71.54,29.13,8.75,0,42.1,186.5,978.1,15.46,21.5,5.38,28.34
17440,51.6,39.1,14.33,0.46,-1.3,124.0,896.0,29.81,23.63,6.7,28.22
17460,35.38,53.53,28.51,0,144.9,141.0,903.7,40.11,24.91,5.15,29.03
17480,21.7,55.54,36.02,0,89.0,135.1,825.0,47.11,8.27,5.0,29.35
17500,13.09,52.42,46.3,0,81.0,111.6,820.6,59.51,13.5,5.81,29.46
17520,4.16,51.73,61.84,2.28,6.5,20.5,804.0,67.38,6.64,5.37,29.91
17540,1.51,45.53,68.62,2.9,174.0,-2.0,819.2,64.95,3.76,0.72,30.03
17560,2.5,28.54,76.45,10.99,154.7,-37.0,772.9,69.52,2.11,-1.88,30.04
17580,0,21.33,77.38,13.03,120.7,-5.9,896.8,60.47,1.21,-2.89,30.6
17600,0,11.55,69.79,11.8,97.7,-127.8,829.6,60.16,-5.84,-2.93,30.66
17620,1.1,9.3,69.58,29.43,68.9,-99.8,826.1,56.88,-17.2,-8.39,30.47
17640,0,0,58.03,42.21,42.3,-277.8,871.0,46.56,-11.9,-3.96,30.78
17660,0,1.0,50.4,49.97,150.2,-243.1,978.2,34.44,-16.71,-1.66,31.16
17680,1.31,3.51,37.07,63.82,36.8,-126.2,962.5,16.11,-21.71,-3.15,30.99
17700,0,0,23.58,58.32,37.0,-199.8,999.1,-2.39,-19.65,0.26,31.16
17720,6.24,0.16,15.71,55.23,-74.3,-140.2,969.5,-21.09,-14.63,2.25,30.94
17740,0,0,2.58,48.36,-33.7,-67.9,937.5,-28.17,-23.08,8.18,30.96
17760,0,1.95,2.92,31.65,-3.7,-178.1,1017.6,-42.58,-20.36,6.66,30.98
17780,0,0,1.33,28.88,-81.5,-115.1,1005.5,-47.22,-6.36,4.81,30.55
17800,4.98,1.07,2.99,12.5,-12.5,-111.2,1046.1,-65.4,-10.88,5.26,30.65
17820,0,0,3.85,10.17,-161.8,-93.3,983.9,-71.96,-13.84,-2.15,30.35
17840,0,4.67,1.9,7.23,-72.0,-27.1,1013.7,-71.68,-6.82,0.88,30.27
17860,0.46,2.68,0.46,2.41,-112.2,39.3,990.0,-69.25,7.13,-3.42,29.81
17880,6.72,0,0,1.35,-88.8,55.6,988.6,-68.74,2.82,-1.84,29.64
17900,0,0,1.54,3.05,-127.7,130.4,969.4,-60.76,11.62,-0.41,29.6
17920,4.13,2.28,1.01,0.73,-102.4,112.1,1016.7,-54.14,14.52,-2.85,29.07
17940,1.77,2.84,0.62,2.28,-45.5,152.2,1043.0,-45.42,21.3,-2.27,28.98
17960,1.55,0,0.9,0,7.5,114.7,1026.4,-31.37,13.96,-0.92,28.35
17980,4.12,0,2.19,1.02,-126.0,119.9,977.7,-16.26,17.22,-1.31,28.09
18000,75.93,23.55,0,4.45,-49.8,197.3,972.0,1.29,22.5,-0.91,28.16
18020,68.44,31.85,10.67,0,-13.8,102.0,917.5,22.01,23.13,2.27,27.88
18040,53.42,41.19,11.77,0,77.5,97.6,985.9,29.27,12.0,1.06,28.58
18060,38.38,44.77,23.4,2.3,97.9,170.4,878.0,37.49,15.34,2.94,28.74
18080,16.09,48.97,34.81,0,124.8,143.7,798.0,55.83,7.48,1.18,29.1
18100,4.6,51.95,46.21,4.09,62.6,95.3,795.5,60.65,4.09,4.36,29.33
18120,5.05,46.03,64.37,0,40.2,-55.8,780.4,72.02,15.6,4.29,29.64
18140,4.09,42.34,66.95,3.37,129.5,112.3,795.1,69.4,6.88,0.11,30.24
18160,4.08,26.87,81.5,3.24,95.3,-45.8,811.4,70.16,-9.03,0.81,30.12
18180,3.07,25.73,82.66,4.51,79.2,-64.2,736.4,67.17,-3.95,-3.47,30.33
18200,1.34,9.28,79.89,15.55,114.6,26.9,829.1,56.79,-15.28,-5.65,30.37
18220,0,8.92,65.32,28.39,90.4,-168.4,825.1,51.8,-12.08,-3.58,30.92
18240,0,4.3,58.23,40.4,54.7,-126.6,909.9,40.73,-11.48,-1.85,30.91
18260,0.03,4.65,47.55,51.13,74.3,-190.8,888.5,25.61,-18.52,-8.64,30.68
18280,2.3,1.41,34.33,58.46,34.0,-88.3,995.4,12.86,-20.67,0.03,30.69
18300,0,0,22.24,62.88,86.4,-166.9,947.3,-2.14,-18.11,-2.5,30.94
18320,0.6,0,12.56,58.72,-78.9,-172.4,1060.2,-20.2,-15.65,0.95,31.06
18340,3.86,4.93,12.58,50.76,-7.9,-184.7,1026.2,-29.16,-15.18,2.25,30.93
18360,0,0,3.35,37.82,-82.1,-124.9,959.3,-38.16,-5.61,6.21,30.37
18380,0,0,0.34,24.95,-70.2,-150.8,970.2,-51.14,-15.08,4.91,30.8
18400,0,0,0,16.67,1.0,-131.0,1004.4,-63.04,-4.78,4.05,30.67
18420,0,2.16,0,10.32,-29.0,-55.4,984.2,-66.87,0.32,3.45,30.31
18440,2.93,2.09,0,1.51,-120.9,-3.6,974.1,-66.06,-8.5,-0.98,30.38
18460,0,0,4.52,7.41,-114.9,48.4,1015.5,-72.99,3.18,-3.55,29.58
18480,0.27,0,1.44,0.1,-63.7,6.5,937.4,-70.27,7.62,-4.4,29.86
18500,0,0.47,1.41,0,-99.9,83.1,994.7,-60.57,11.57,-3.53,29.83
18520,7.33,1.39,0,1.48,-109.5,103.5,969.7,-52.69,11.74,-4.18,29.4
18540,0.3,0,0,1.71,-170.5,110.8,1022.7,-34.98,23.12,-7.69,28.61
18560,0,4.81,0.57,3.74,-58.7,51.2,976.2,-22.84,25.3,-3.41,28.6
18580,1.35,0,0,0.9,32.7,150.4,985.8,-11.03,21.04,0.81,28.26
18600,71.09,21.22,3.27,0,-49.3,121.1,993.5,-3.44,22.02,-0.42,27.99
18620,68.05,31.61,10.01,0,15.2,167.5,953.9,16.87,17.92,2.1,28.44
18640,59.07,39.8,11.64,2.8,7.8,6.6,877.6,26.52,13.18,5.04,28.44
18660,38.81,49.6,23.53,0,3.8,118.3,859.0,40.62,18.88,1.96,29.01
18680,23.24,60.88,38.35,0,74.4,55.6,853.1,54.64,18.56,1.63,29.29
18700,5.68,53.48,45.01,3.32,167.9,95.3,857.3,63.57,6.34,2.93,29.58
18720,7.72,46.36,61.74,6.51,140.4,22.8,766.8,67.15,4.53,5.72,29.92
18740,0.29,40.33,69.35,3.29,60.6,-48.3,803.3,65.56,3.59,2.3,30.26
18760,1.12,25.87,76.39,3.44,92.2,13.3,796.4,72.3,-2.95,1.03,29.91
18780,0.29,19.15,82.8,12.42,174.8,-51.6,815.9,66.83,-7.42,-5.82,30.22
18800,2.15,18.01,75.5,18.23,85.8,-37.1,826.6,63.99,-14.47,-6.75,30.34
18820,3.73,8.39,69.84,29.02,66.5,-135.5,859.9,56.17,-13.81,-6.52,31.05
18840,0,2.4,55.51,40.49,41.3,-178.8,915.6,43.71,-16.03,-6.28,30.79
18860,0,0,43.06,52.68,80.6,-132.2,951.6,26.79,-12.71,-2.24,30.69
18880,4.23,1.49,35.37,58.81,-7.5,-28.5,978.4,10.48,-13.6,-3.42,30.83
18900,0.11,0,20.22,58.01,11.7,-194.1,980.9,-2.67,-20.72,1.72,30.88
18920,0,0.98,17.76,61.02,-61.4,-199.6,998.5,-14.14,-14.23,6.78,30.99
18940,0,0,10.51,51.42,-15.1,-150.8,980.9,-30.23,-10.69,4.21,30.89
18960,3.11,0,5.71,39.39,-71.4,-65.6,969.9,-37.59,-19.79,9.69,30.85
18980,1.63,4.76,0,28.22,-108.1,-100.1,995.6,-51.42,-14.89,3.87,30.66
19000,0,0.03,5.22,11.96,-88.9,-62.2,987.8,-58.57,-13.46,4.7,30.38
19020,0,2.16,0,9.57,-43.9,-0.9,1011.1,-65.16,-6.57,3.77,29.95
19040,6.54,0,1.23,4.97,-101.6,-58.8,994.1,-67.05,-7.76,-0.37,30.17
19060,0,0.64,2.47,2.69,-130.0,66.0,945.7,-68.89,4.67,4.01,29.81
19080,0,1.89,1.21,1.83,-98.5,109.5,1019.4,-66.4,8.27,0.28,29.69
19100,0,3.66,0.22,0,-83.7,27.2,985.3,-64.15,12.68,-4.95,29.43
19120,0,3.47,0.9,4.97,-136.6,101.5,998.8,-51.56,19.01,-5.84,29.31
19140,2.95,0,0,0.86,-18.3,89.9,979.7,-34.89,21.94,-8.22,28.68
19160,2.63,1.7,1.54,0,-115.4,215.9,1050.9,-28.6,20.19,-3.83,28.45
19180,5.09,1.76,3.95,1.66,-17.0,78.6,1005.1,-17.48,12.51,-1.3,28.37
19200,73.97,23.89,9.18,3.52,77.2,62.4,1015.1,-1.51,14.78,0.02,27.71
19220,67.92,26.49,5.84,4.15,7.7,123.4,947.1,12.3,24.77,2.0,28.3
19240,59.05,41.74,17.36,0.9,79.8,78.7,853.8,29.14,13.95,5.2,28.79
19260,38.17,50.27,27.59,0.27,57.6,119.9,797.6,43.73,13.19,3.87,28.91
19280,20.76,56.12,33.04,0.86,86.0,8.7,847.4,54.81,7.25,4.63,29.27
19300,13.96,49.72,46.47,3.36,33.0,166.1,828.3,61.82,5.21,5.36,29.27
19320,12.86,50.25,64.21,7.15,130.0,60.8,757.4,70.47,8.75,5.45,29.28
19340,1.54,44.04,73.71,3.74,67.2,69.2,798.1,76.3,-6.16,0.54,30.04
19360,0,28.98,75.92,5.28,123.7,-15.9,808.2,68.96,-1.05,-1.33,30.29
19380,0,14.25,80.72,11.76,3.4,-85.6,828.0,64.74,6.33,-5.2,30.76
19400,1.55,11.53,81.04,24.67,45.3,-55.8,835.3,54.22,-11.52,-4.88,30.69
19420,0,12.73,71.23,30.16,107.7,-221.1,834.3,51.45,-16.45,-8.09,30.86
19440,0.92,2.32,53.64,35.31,79.0,-68.1,855.7,42.31,-18.84,-5.86,30.61
19460,0,4.34,43.12,53.57,92.3,-143.8,922.7,27.84,-20.03,-3.86,31.12
19480,6.28,2.64,34.79,52.75,-65.5,-109.7,989.9,14.44,-16.22,-1.54,31.06
19500,1.26,0.31,26.74,60.38,-117.6,-164.2,1013.5,-1.71,-24.96,1.97,31.19
19520,1.45,0,18.17,57.33,-25.4,-229.7,1035.9,-13.6,-26.21,1.44,31.15
19540,0,0,7.24,53.09,-60.3,-168.7,989.3,-31.52,-18.79,3.14,31.0
19560,0,5.23,6.77,38.36,-4.5,-194.4,998.0,-37.74,-9.09,2.51,30.68
19580,0,1.94,3.34,27.14,-112.0,-262.2,971.0,-49.77,-11.64,4.7,30.71
19600,0,0,2.92,15.15,-7.4,-127.8,956.0,-58.49,-17.26,3.19,30.7
19620,0,2.97,0,11.66,-95.7,-16.3,1019.4,-68.47,-0.41,2.71,30.67
19640,1.68,0.67,2.69,5.19,-88.6,-114.6,1082.5,-66.46,-6.78,2.0,30.49
19660,0,4.65,0,0,-144.3,23.6,1000.1,-69.11,9.92,-2.42,29.92
19680,2.66,2.84,0,0,-113.0,94.2,1036.8,-68.69,2.1,-3.09,29.84
19700,3.16,0,6.5,1.51,-59.8,63.0,958.9,-60.42,12.0,-8.39,29.4
19720,3.16,0,2.64,0.83,-101.1,75.0,982.9,-49.0,14.16,-5.29,29.45
19740,0,0,1.81,0,-5.7,86.8,996.5,-41.32,18.04,-3.7,29.0
19760,0.56,1.26,0,1.88,9.8,131.8,982.9,-28.27,14.46,-0.85,28.66
19780,0,0,2.25,2.24,32.0,181.7,964.7,-13.04,21.99,-2.17,28.17
19800,75.76,24.22,3.22,0,-8.9,118.5,1021.8,0.01,18.36,-3.82,28.1
19820,71.58,27.94,16.95,1.56,46.9,189.0,969.0,18.35,19.55,4.53,28.18
19840,55.91,39.3,16.3,0,78.7,117.2,934.8,28.04,17.46,6.04,28.62
19860,27.91,52.45,23.27,0.3,62.1,136.2,915.0,43.68,11.78,2.66,28.84
19880,17.91,52.63,33.37,6.36,13.9,35.0,834.9,46.53,9.77,4.76,29.23
19900,7.13,51.25,47.73,3.38,214.6,158.8,813.7,64.5,-0.74,6.29,29.56
19920,4.58,46.88,60.93,0,91.6,107.7,819.0,66.03,0.88,3.58,29.42
19940,5.45,41.13,64.23,5.17,155.6,54.9,791.8,73.03,4.03,1.16,29.7
19960,0,29.06,78.05,11.58,114.2,-18.4,850.9,68.91,-3.57,-2.34,30.38
19980,3.45,21.56,76.75,13.99,59.8,-171.8,866.6,66.74,-2.36,-3.24,30.38
20000,4.26,10.01,80.04,17.21,77.2,-74.6,849.7,63.49,-4.74,-4.39,30.75
20020,2.55,7.17,67.92,30.67,85.6,-124.7,856.5,52.9,-15.92,-3.53,30.38
20040,0,8.65,60.8,39.55,35.7,-199.1,881.8,44.33,-10.64,-8.46,30.87
20060,0,0,43.11,53.81,40.9,-166.2,928.5,31.99,-22.72,-3.49,30.83
20080,0,1.42,32.26,60.38,26.3,-115.8,984.5,19.94,-23.6,1.31,31.2
20100,0,0,27.24,63.97,1.6,-142.0,996.4,3.14,-11.64,-4.13,31.01
20120,0.97,0,19.51,59.11,-57.2,-97.7,1015.0,-10.37,-15.53,0.42,31.3
20140,2.0,0,8.86,51.07,-56.8,-222.4,990.0,-30.73,-28.18,6.86,30.84
20160,0,1.52,0,38.22,-28.5,-32.2,995.6,-38.28,-12.98,1.16,30.58
20180,6.26,0,8.41,24.74,16.5,-43.9,1002.2,-50.78,-20.94,2.9,30.77
20200,3.39,2.69,0.5,18.4,-91.6,-106.6,987.6,-56.5,-5.1,-0.01,30.4
20220,0,0.85,0,9.47,-183.4,5.9,946.1,-66.09,-4.59,2.8,30.58
20240,5.18,0,0,8.89,-125.2,32.6,979.2,-68.27,2.98,0.72,30.44
20260,0,0,0.07,4.56,-67.9,45.3,974.7,-68.72,5.54,2.18,29.83
20280,0.31,0,4.24,2.59,-122.8,80.9,1030.9,-66.27,-0.25,-2.82,30.18
20300,0,0,0.23,0,-104.9,27.3,993.8,-56.51,10.23,-8.27,29.73
20320,2.85,0,0,0,-144.2,132.4,1033.5,-52.48,14.03,-7.8,29.56
20340,0,0,0,1.86,-68.4,111.2,1032.7,-40.16,20.33,-5.27,28.91
20360,2.45,0,0,0,-29.0,190.1,1012.5,-31.25,23.9,-2.61,28.52
20380,0,0.18,3.63,0,-39.3,232.4,951.9,-18.79,16.82,2.48,28.68
20400,66.78,21.68,9.4,0,-14.3,232.4,1012.7,-3.91,20.25,-2.12,28.38
20420,73.46,31.71,6.81,0,104.3,207.1,996.8,19.57,18.56,4.99,28.3
20440,51.88,44.34,9.85,0,50.6,128.6,905.3,25.49,26.5,5.67,28.46
20460,38.87,50.75,21.76,1.1,30.9,125.2,911.7,40.97,14.28,4.81,29.0
20480,21.02,51.74,32.44,0,78.2,121.6,872.5,53.66,18.41,4.25,29.22
20500,12.46,54.55,49.25,2.67,77.1,118.7,794.8,59.38,11.41,5.87,29.72
20520,4.9,49.82,64.55,4.43,175.8,29.2,823.0,70.81,7.91,6.49,29.9
20540,1.4,43.34,72.46,6.11,91.5,-3.3,826.2,70.2,0.61,1.19,30.12
20560,4.99,26.35,78.46,3.65,176.0,46.4,725.9,73.63,-0.81,-3.14,30.32
20580,0,22.95,83.73,9.88,64.9,-39.5,820.2,65.26,-8.15,-5.69,30.54
20600,0,13.16,75.31,16.96,-50.9,-95.1,780.8,60.13,-6.55,-3.71,30.68
20620,0.04,5.51,69.78,31.2,32.2,-226.4,832.3,58.81,-25.04,-7.06,30.83
20640,0,4.82,53.03,37.79,67.4,-195.5,892.7,40.32,-15.47,-8.27,30.82
20660,2.85,3.57,44.03,46.81,-4.9,-106.3,934.7,19.74,-15.28,-4.81,30.81
20680,0,1.66,33.22,54.47,62.7,-136.4,1028.0,12.57,-17.7,-1.93,31.17
20700,0,0.17,20.84,63.23,138.6,-155.3,982.3,-1.09,-19.35,0.51,30.84
20720,0,0,15.4,58.27,38.3,-177.5,949.5,-16.5,-11.8,4.64,31.13
20740,3.14,0,11.04,49.1,15.5,-106.7,964.9,-29.17,-11.31,4.16,31.02
20760,6.51,0,6.04,42.55,-64.2,-46.9,930.9,-43.64,-13.13,5.89,30.85
20780,8.07,5.34,2.27,28.3,-57.5,-168.2,1035.3,-50.53,-4.59,3.39,30.95
20800,0,0,5.13,18.33,-41.1,-139.7,1013.4,-60.44,-4.69,6.67,31.04
20820,0,3.06,0,10.07,-98.1,16.0,1022.2,-64.56,-5.78,5.39,30.42
20840,0,0,3.21,1.75,2.8,-72.9,1032.9,-73.32,0.71,0.28,30.07
20860,0,0,0,1.91,-30.9,19.0,1011.4,-72.6,8.88,-5.38,30.1
20880,2.43,0,2.8,3.45,-111.3,46.2,979.2,-68.28,10.86,-2.09,29.87
20900,3.78,2.04,4.13,0,-90.7,136.6,1029.5,-54.54,11.85,-6.34,29.63
20920,1.82,2.48,0,3.87,-54.5,37.2,1003.9,-51.42,6.19,-5.86,29.33
20940,0,2.52,0,0,-22.2,129.7,1018.2,-39.31,15.3,-9.93,28.77
20960,0.47,0,2.25,0,-11.8,118.0,1030.1,-26.12,16.88,-3.44,28.53
20980,0.47,2.18,3.79,5.35,-13.7,98.1,995.2,-12.52,23.4,-0.19,28.54
21000,74.49,19.39,4.72,2.75,6.1,127.7,1045.7,1.17,23.45,-0.07,27.86
21020,72.83,34.78,9.29,3.71,52.3,161.7,987.1,14.39,18.61,4.1,28.19
21040,55.75,41.34,16.44,1.96,80.4,57.3,880.8,27.69,12.19,3.95,28.5
21060,38.8,51.37,24.83,0,14.0,132.6,836.0,41.56,15.93,1.42,29.03
21080,23.99,54.05,33.74,0,76.1,160.7,918.2,55.42,20.54,6.91,29.22
21100,11.22,57.1,44.38,0,118.7,120.0,837.9,61.7,15.69,4.72,29.67
21120,3.09,44.43,58.8,1.21,85.4,43.2,833.9,62.97,2.75,-1.29,29.86
21140,0,37.7,77.12,0,107.9,-18.1,814.9,65.71,-7.93,0.71,30.04
21160,0,29.8,78.04,3.68,97.0,-50.8,809.2,71.04,-5.55,-1.93,30.32
21180,0,22.07,81.06,11.56,94.8,13.2,812.2,66.96,-5.5,-3.38,30.15
21200,0,16.05,77.37,18.47,114.2,-20.5,857.6,60.63,-9.81,-4.52,30.37
21220,0,8.47,67.69,31.84,4.4,-82.9,851.2,52.69,-16.49,-5.1,30.96
21240,0.45,5.96,58.89,36.46,32.0,-139.7,892.7,43.16,-23.58,-3.48,30.72
21260,0,0,42.03,47.16,74.1,-148.2,969.5,30.63,-21.23,-2.43,30.75
21280,0,1.19,34.81,57.28,80.2,-128.6,988.2,13.15,-22.26,-5.32,30.97
21300,0,0,20.78,57.29,-25.9,-170.3,1012.0,0.25,-9.18,-1.0,31.02
21320,0.51,0,16.88,58.03,11.1,-138.7,991.1,-16.89,-21.74,-2.33,31.22
21340,0,0,8.22,51.45,7.5,-195.3,986.7,-32.24,-16.5,3.58,31.22
21360,0,1.26,8.21,38.61,-117.4,-101.7,987.5,-38.81,-25.94,4.63,30.6
21380,1.55,0.1,6.24,30.35,-64.0,-89.0,973.5,-52.18,-17.92,7.76,30.28
21400,0,0,0.15,18.09,-139.0,-49.9,997.3,-61.16,-16.83,6.82,30.48
21420,2.08,2.23,1.32,14.7,-79.6,-36.1,1004.9,-66.36,-16.22,3.15,30.24
21440,0.72,2.47,3.2,8.07,-165.6,20.7,989.2,-70.69,-0.83,0.84,30.19
21460,0,0.97,0,5.47,-90.9,-20.7,1008.3,-71.12,11.59,-1.52,30.09
21480,0,1.92,4.17,0.99,-84.7,51.7,1059.6,-65.71,-0.51,-2.7,29.79
21500,0,0,5.13,0,-17.4,43.1,1011.3,-67.95,5.31,-3.85,29.5
21520,2.77,0.07,4.04,0.66,-19.8,166.4,950.7,-52.25,4.85,-5.64,29.22
21540,0,2.37,0,2.97,-176.5,89.8,1007.2,-38.69,17.38,-4.93,29.29
21560,3.2,2.82,0.85,0,2.7,97.6,976.3,-26.29,18.14,-1.71,28.58
21580,1.6,0,1.38,0.82,-65.8,114.8,1040.2,-12.89,14.44,-3.25,28.3
21600,76.44,13.86,5.9,0.84,16.6,71.6,1062.4,1.23,10.63,-1.87,27.91
21620,68.68,27.25,10.44,0,85.8,219.4,943.2,24.42,17.07,2.65,27.97
21640,54.4,41.2,20.2,0,-12.6,170.4,908.1,29.92,25.39,3.87,28.29
21660,41.12,49.83,23.88,0,38.6,148.5,888.5,42.07,19.58,4.16,28.63
21680,20.7,52.94,35.49,0,57.9,186.4,830.4,52.81,23.27,3.99,29.44
21700,15.76,55.29,43.93,0.66,35.8,144.3,791.3,63.91,14.96,4.47,29.58
21720,4.52,42.94,59.42,2.15,-38.4,-14.4,757.9,69.32,3.69,5.89,29.75
21740,0,36.41,71.64,3.7,120.1,25.5,804.9,70.93,11.94,1.08,30.1
21760,6.95,27.24,80.71,7.32,111.6,-10.0,795.0,77.91,-6.41,-1.12,30.06
21780,0,13.76,83.77,7.66,114.6,12.4,808.7,69.05,-1.93,-4.39,30.36
21800,0,13.76,74.03,15.35,96.1,-101.6,799.5,58.61,-15.54,-2.72,30.69
21820,0.05,5.52,72.59,29.34,147.3,-78.0,887.2,57.87,-14.67,-6.28,30.56
21840,0,5.07,52.28,39.51,72.6,-66.3,875.6,42.17,-16.72,-4.11,30.62
21860,3.77,0,43.14,54.15,85.4,-108.1,941.9,30.26,-18.02,-2.55,30.93
21880,2.69,0.82,32.01,59.87,82.0,-73.4,936.5,14.26,-17.48,-3.87,30.86
21900,0,3.38,22.31,64.21,-70.5,-145.6,1023.8,-1.62,-19.8,0.6,30.67
21920,4.61,0,17.57,60.22,6.8,-226.4,1048.4,-19.27,-27.96,4.88,30.62
21940,0,2.4,12.6,55.84,11.2,-131.9,1015.3,-31.22,-17.0,3.31,30.83
21960,1.48,0,6.35,40.32,-48.4,-177.9,947.5,-37.25,-9.45,5.1,30.98
21980,0,0.31,4.66,30.08,-151.2,-184.0,1011.4,-50.3,-24.99,5.11,30.52
22000,3.82,0.54,0,15.83,-112.0,-29.9,974.7,-66.7,-18.75,7.92,30.59
22020,0,0,0,11.4,-35.0,-62.0,1005.5,-65.58,-9.39,5.18,30.38
22040,6.57,0,0,2.87,-72.4,-19.7,1027.5,-74.0,-1.32,3.05,30.23
22060,0,0,0,0,-200.1,65.6,1010.3,-69.37,0.14,-1.99,29.98
22080,0,0,0,0.31,-75.6,73.0,981.2,-67.31,-1.92,-5.92,29.86
22100,0,0.95,0,0,-31.2,15.7,1006.1,-59.02,4.36,-4.35,29.48
22120,0,1.11,0,2.41,-22.4,95.1,1022.4,-53.29,2.35,-3.94,29.27
22140,4.23,2.87,0,0,-63.0,120.0,1057.0,-40.07,18.67,-1.66,28.95
22160,0,0,0,0.81,-15.1,138.5,955.6,-22.67,22.78,-8.67,28.37
22180,3.56,0.05,5.41,0,-47.7,140.5,985.7,-11.58,27.15,-2.11,28.39
22200,74.44,11.69,5.35,0,42.5,189.2,1001.8,-0.08,26.68,4.9,27.95
22220,68.14,29.99,10.63,2.88,-19.0,187.8,978.4,13.37,18.76,-0.36,28.5
22240,54.45,38.87,17.57,0,44.1,173.4,953.8,30.44,20.43,0.9,28.78
22260,37.09,51.94,28.49,0,70.7,65.5,917.0,37.86,13.43,3.99,28.52
22280,22.09,54.89,34.44,5.75,145.6,156.8,817.9,53.56,5.52,7.1,29.72
22300,15.75,53.22,46.71,0.8,35.9,73.9,824.9,65.2,4.17,2.61,29.57
22320,6.25,48.75,65.39,0.66,105.7,47.5,826.2,70.75,8.14,6.87,29.71
22340,0,42.61,70.18,2.88,65.4,-17.5,790.8,66.25,8.87,2.37,30.22
22360,9.14,33.84,75.74,7.04,192.2,-34.9,771.4,70.21,-10.25,-3.4,30.45
22380,0.82,20.78,81.03,8.59,6.4,13.3,823.5,69.02,-1.24,-4.33,30.68
22400,0.04,11.61,82.96,18.21,158.3,-59.3,817.5,57.85,-6.4,-2.58,30.68
22420,0,9.26,70.13,28.83,54.0,-90.5,859.2,50.08,-13.19,-3.54,30.64
22440,6.72,4.3,57.04,45.01,-50.0,-68.4,878.2,39.88,-17.08,-6.51,30.77
22460,0,0,49.96,54.23,-27.9,-163.7,957.5,31.03,-13.97,-6.21,30.83
22480,6.06,0,28.78,55.67,12.6,-181.1,914.3,13.25,-22.66,0.59,30.61
22500,0,0,19.77,60.87,-14.9,-183.6,930.3,-7.01,-15.41,-1.25,31.0
22520,0.5,1.65,10.29,61.05,19.0,-9.0,1024.5,-14.28,-17.21,3.22,31.02
22540,1.73,3.68,9.54,54.12,-117.9,-158.1,1006.4,-30.84,-15.95,2.71,30.83
22560,0,3.24,2.82,42.35,-68.0,-157.5,987.3,-39.58,-14.56,4.07,30.85
22580,0,0,0,30.55,-20.6,-185.9,968.9,-58.6,-14.9,6.49,30.58
22600,0,0,1.57,20.37,-48.9,-57.2,1002.7,-63.77,-13.36,8.84,30.13
22620,1.88,5.57,2.55,8.95,-41.0,-63.4,1035.9,-70.28,-7.72,4.74,29.87
22640,0,0,0,6.35,-106.3,-129.2,1010.4,-72.1,-4.13,-0.38,30.28
22660,1.89,0,0,0,-115.4,-11.9,1053.1,-66.8,7.59,1.35,29.96
22680,0.16,0,4.71,2.9,-159.8,-14.1,996.4,-68.69,-1.57,-6.13,29.89
22700,0,0,2.48,4.47,-40.2,-97.5,1017.3,-56.97,11.95,-6.15,29.53
22720,0,0.56,0.35,1.17,-96.8,112.2,994.3,-51.13,7.01,-1.84,29.46
22740,1.43,1.3,0,0,-81.7,174.3,1005.5,-41.31,12.52,-6.82,29.04
22760,0.85,1.11,4.3,5.49,-31.5,92.6,1030.2,-27.84,18.57,-4.48,28.7
22780,0,0,2.35,3.94,46.8,136.5,984.2,-16.74,17.86,-2.95,28.42
22800,71.99,17.93,2.46,0,-40.6,135.2,993.1,-2.39,16.81,-2.81,27.98
22820,67.88,28.22,7.86,1.95,-39.6,187.8,986.7,10.13,24.24,1.92,28.63
22840,53.71,41.55,11.95,0,134.5,120.6,906.9,32.16,21.89,1.42,28.73
22860,42.6,51.48,22.29,3.97,82.8,102.9,875.5,41.56,13.97,2.69,29.09
22880,27.85,55.51,34.24,0,67.7,134.4,839.7,49.64,11.16,1.35,29.24
22900,15.32,56.18,48.48,4.89,78.5,74.9,798.5,61.11,14.44,1.84,29.68
22920,4.51,46.1,65.28,2.33,95.6,67.5,828.7,65.34,5.4,4.66,29.66
22940,4.53,41.14,73.04,5.45,72.5,25.4,816.8,71.53,-1.13,0.07,30.08
22960,3.24,29.41,78.84,5.8,89.4,-11.3,814.2,71.73,-1.16,-2.62,30.5
22980,2.0,15.06,77.25,8.81,87.0,-57.8,781.0,73.42,-12.21,-0.33,30.47
23000,0.98,14.36,79.61,19.54,99.4,-29.5,796.1,63.09,-11.87,-8.37,30.58
23020,0,6.8,67.81,26.27,105.1,-33.5,830.6,52.55,-8.56,-5.81,30.69
23040,3.29,4.97,61.24,40.6,34.8,-125.2,933.0,36.73,-16.73,-4.49,30.65
23060,0,0,44.57,48.42,45.4,-242.8,937.8,29.8,-22.76,-2.93,31.09
23080,0,3.32,33.69,51.79,-54.1,-62.7,977.8,18.86,-22.22,1.31,31.23
23100,2.78,0,22.32,64.65,18.1,-193.2,956.2,-0.84,-28.92,1.96,31.15
23120,0.14,2.41,18.05,60.87,-35.6,-167.0,1014.0,-9.89,-16.73,-0.7,30.67
23140,3.59,0,9.22,55.57,28.1,-186.3,982.1,-27.36,-14.2,4.94,30.77
23160,0.5,0,2.27,38.5,-137.5,-181.3,1046.7,-43.16,-12.83,3.86,30.69
23180,0.85,0.28,0,26.77,-30.4,-102.2,1033.6,-47.6,-19.08,3.78,31.08
23200,0,0,0.63,13.55,-189.2,-179.9,1008.0,-62.35,-9.32,3.82,30.26
23220,0,0,0,11.09,-177.1,51.8,980.1,-62.64,-5.22,3.02,30.86
23240,6.8,0.39,0,5.28,-122.6,-61.1,1007.9,-68.61,-0.27,2.66,30.04
23260,0,0,0,0,-105.6,15.7,967.9,-71.35,4.5,-0.18,30.05
23280,6.19,3.31,1.61,4.51,-35.2,74.5,1027.4,-62.87,2.16,-0.61,29.69
23300,1.37,0.81,0,7.75,-121.9,17.9,1013.3,-63.37,13.07,-7.1,29.44
23320,0.97,0,0,4.57,-149.9,196.9,980.7,-51.79,12.32,-3.66,29.13
23340,0,1.36,0,0,-35.9,77.5,1003.9,-39.96,20.03,-4.98,28.78
23360,5.05,0.47,0,0,-28.9,102.4,979.1,-29.62,24.46,-2.11,28.59
23380,2.67,0,0,0,-50.8,152.6,1011.2,-15.16,20.25,-4.18,28.6
23400,75.3,17.77,0.88,0,-41.6,134.4,983.0,-1.77,19.87,2.58,28.06
23420,67.0,32.91,8.06,1.95,27.9,178.5,953.3,19.14,23.46,0.86,27.97
23440,53.86,43.86,16.62,0.16,111.8,215.9,874.7,30.37,22.54,3.61,28.7
23460,40.68,45.0,24.22,0,131.9,178.7,914.0,41.0,13.97,3.86,28.89
23480,16.05,53.9,30.83,0,32.2,53.9,843.6,54.86,18.91,5.26,29.2
23500,10.32,57.54,47.03,0.31,184.2,11.4,849.6,63.08,5.47,4.67,29.37
23520,8.1,43.83,55.62,3.71,158.1,52.6,792.6,64.22,7.32,2.98,29.8
23540,2.77,45.82,71.22,4.99,165.2,-13.4,775.0,70.96,-5.7,3.17,29.89
23560,0.18,27.53,72.28,8.3,75.6,-50.3,839.7,67.79,-1.2,-0.25,30.31
23580,0,18.68,83.19,5.79,2.2,-91.0,785.0,67.83,-4.73,-0.76,30.91
23600,1.58,5.36,79.82,15.13,109.1,-138.5,862.3,58.18,-11.66,-3.48,30.25
23620,1.03,3.03,66.17,25.07,141.8,-11.0,829.6,49.32,-3.24,-5.46,30.84
23640,3.73,4.23,57.65,40.47,38.7,-180.6,898.0,35.62,-9.22,-5.35,30.7
23660,0,0,40.02,49.38,59.4,-253.4,910.6,25.96,-12.89,-3.85,30.97
23680,0.32,1.92,26.82,57.51,62.9,-184.9,975.7,17.07,-19.05,-3.8,31.16
23700,0,0.47,21.35,66.61,37.3,-92.1,1028.9,-1.32,-25.82,0.64,31.37
23720,0,4.78,13.01,59.08,-39.1,-135.3,1066.0,-14.78,-18.55,3.46,30.76
23740,4.28,0,10.11,51.45,-1.9,-200.9,1020.7,-26.65,-16.42,3.89,30.74
23760,0,5.48,9.69,41.8,-72.6,-86.8,1004.8,-42.96,-16.44,4.67,30.6
23780,2.55,3.81,0,23.57,-134.3,-44.1,1042.8,-50.58,-13.52,4.09,30.85
23800,3.98,1.04,2.25,30.01,-98.4,-71.6,1048.9,-61.36,-8.57,3.09,30.83
23820,0,1.94,0,9.73,-103.1,15.7,1000.4,-63.79,-11.08,0.13,30.66
23840,0,0,0,2.12,-62.9,-0.2,1016.3,-69.09,7.94,3.58,30.13
23860,0,0,4.88,2.58,-73.8,1.2,1011.0,-66.6,0.31,1.97,30.01
23880,1.75,0,0,2.33,-15.7,19.4,1029.3,-71.37,4.49,0.06,29.37
23900,0,1.53,1.24,4.21,-74.2,93.5,1006.1,-64.97,12.54,-4.28,29.26
23920,1.0,0,0,2.72,-43.6,118.3,979.1,-48.86,10.7,-1.63,29.51
23940,4.39,3.48,2.42,1.08,-99.8,105.4,937.0,-38.76,16.48,-6.69,28.79
23960,2.39,3.57,0,4.83,-60.0,178.7,965.1,-26.6,14.02,-6.11,28.68
23980,1.51,0,2.36,1.38,-51.3,165.3,912.6,-13.38,14.18,-0.09,28.18
24000,75.43,24.46,8.71,0,-40.0,118.2,969.6,5.57,22.76,1.77,28.1
24020,74.3,32.91,3.87,0,92.1,62.0,909.4,12.64,16.95,4.99,28.47
24040,51.33,43.11,18.77,0,23.0,88.0,854.8,30.96,12.48,4.35,28.82
24060,33.16,51.54,28.52,0,33.8,115.7,938.0,39.18,7.08,5.7,28.7
24080,22.05,55.08,39.48,2.13,84.4,114.7,894.1,56.69,17.06,3.46,29.36
24100,9.33,48.05,49.39,1.62,139.3,46.3,834.2,56.88,19.96,4.67,29.48
24120,6.3,52.68,56.65,2.96,120.5,-51.5,790.3,71.16,6.79,2.89,30.03
24140,5.99,37.57,74.64,0,53.0,32.0,830.2,64.38,3.13,2.66,30.17
24160,2.13,26.78,81.5,1.81,140.6,0.2,843.9,64.97,-5.52,0.74,30.08
24180,0,19.41,79.75,12.67,44.6,21.0,823.8,68.94,-2.12,-2.76,30.72
24200,1.39,12.48,81.98,14.03,34.2,-107.2,839.8,59.53,-10.17,-3.84,30.82
24220,6.78,3.7,68.96,25.8,95.6,-65.3,829.6,54.68,-12.43,-5.25,30.6
24240,0,5.99,59.17,41.19,24.2,-111.2,869.2,41.04,-11.05,-1.64,30.82
24260,0.77,0,50.78,48.98,-61.1,-118.6,899.9,32.77,-23.85,-2.77,30.69
24280,0,0,32.84,58.39,91.4,-88.2,931.9,19.77,-26.0,1.97,30.86
24300,0.76,2.06,17.54,58.43,16.2,-192.1,956.5,3.89,-15.7,1.47,31.3
24320,4.3,0,16.74,56.59,-79.0,-181.7,933.5,-13.19,-21.65,1.32,30.99
24340,0.53,0,7.06,45.03,-143.8,-250.7,953.3,-26.68,-25.0,2.7,30.87
24360,2.27,0,9.5,39.6,-40.3,-114.5,1005.9,-38.15,-17.97,3.17,30.88
24380,0,7.53,3.72,29.46,-49.3,-125.2,1059.9,-52.0,-14.94,6.9,30.6
24400,0,0,8.65,15.89,-53.3,-159.7,944.6,-59.71,-15.15,3.12,30.53
24420,0,3.73,0,10.7,-23.4,-78.2,1000.3,-65.71,-13.58,3.0,30.58
24440,0,0.56,0,6.61,10.8,22.3,996.3,-68.71,6.73,-3.72,30.57
24460,0,3.57,1.53,0,-163.8,34.4,1042.9,-67.73,-8.45,-0.98,30.25
24480,0,0,4.55,0,-95.9,104.6,1041.1,-64.01,1.06,-3.49,29.65
24500,0,0.85,0,2.02,-89.5,64.5,1017.4,-57.85,0.19,-4.59,29.41
24520,1.33,0,2.84,1.65,-73.4,61.4,991.0,-50.21,9.48,-5.16,29.49
24540,0,1.21,0,0,-29.9,68.4,1001.7,-44.57,19.22,-8.04,28.79
24560,0,0,2.06,1.29,-68.7,175.8,1011.9,-28.04,21.72,1.81,28.69
24580,1.99,3.0,2.28,0,-22.4,120.1,998.4,-7.0,22.79,-2.86,28.38
24600,77.56,19.89,3.66,0.12,-17.2,99.3,984.8,3.13,20.16,-1.68,28.07
24620,69.86,31.72,9.47,2.24,-87.7,121.6,944.6,16.6,18.5,0.63,28.24
24640,58.77,42.25,20.78,1.26,44.4,93.6,924.0,27.44,18.99,4.16,28.72
24660,37.04,50.79,23.87,0,160.8,113.5,873.6,42.05,12.97,7.11,29.08
24680,18.59,51.53,29.13,2.43,-98.6,38.8,832.8,50.97,18.2,4.41,28.96
24700,10.72,55.66,45.48,0,0.3,70.8,843.2,61.5,15.84,1.94,29.65
24720,4.46,50.57,58.91,1.36,64.4,107.0,841.6,71.66,-2.08,0.75,30.05
24740,0,37.93,71.24,0,207.3,37.9,778.1,69.92,7.37,0.92,30.16
24760,1.87,28.54,77.8,4.94,173.3,70.9,858.0,70.05,-4.06,-3.3,29.75
24780,0,19.11,79.49,12.56,70.8,27.8,841.2,68.42,1.31,-0.9,30.34
24800,0,11.9,75.54,22.6,80.4,-80.6,845.9,65.63,-1.65,-6.97,30.47
24820,0,2.95,65.22,27.49,101.3,-22.6,846.6,56.37,-7.67,-5.74,30.97
24840,0,0.41,58.03,33.34,46.6,-137.8,886.2,38.13,-17.16,-6.24,31.02
24860,0,0,46.54,52.73,86.2,-176.9,923.2,25.72,-22.88,-2.06,31.28
24880,0,4.01,29.86,60.19,54.7,-103.2,941.8,10.21,-17.54,-0.85,31.03
24900,0,0,28.24,59.32,-18.9,-99.7,971.1,0.8,-31.47,-2.7,30.82
24920,0.55,2.49,18.0,55.8,-75.1,-81.8,1013.2,-14.33,-20.31,0.08,30.91
24940,0,7.22,7.17,52.93,1.2,-151.8,1059.5,-33.3,-24.04,4.5,31.06
24960,4.19,0,1.82,35.84,35.9,-252.9,1011.5,-40.43,-28.41,3.74,30.58
24980,3.01,0,0,26.46,-1.0,-136.4,976.4,-51.93,-12.42,0.48,31.0
25000,0,0.34,0,14.4,-54.7,-50.2,1026.0,-61.48,-2.43,3.79,31.0
25020,0,3.21,3.89,9.5,-143.8,34.7,953.9,-68.93,-7.76,7.45,30.11
25040,2.09,0,2.87,4.03,-139.2,-52.2,1018.2,-71.46,-6.88,-1.18,30.56
25060,2.9,0,0,0.96,-98.1,47.5,999.0,-68.75,3.65,-0.36,29.98
25080,0,6.05,0,0.46,-99.8,15.6,1005.5,-69.74,9.17,-0.99,29.58
25100,1.34,0,0.67,0.14,-0.7,14.4,933.6,-61.32,1.4,-3.21,29.56
25120,0,0,5.05,2.18,-149.9,90.3,1031.8,-51.47,26.7,-6.72,29.43
25140,3.03,0,2.58,4.4,-98.0,140.8,1026.5,-39.68,12.16,-5.65,28.63
25160,0.24,0.72,1.6,0,-55.1,84.0,973.8,-29.22,16.0,-1.29,28.3
25180,0,0,0,0,21.6,80.5,1048.4,-14.76,21.87,-0.94,28.71
25200,77.68,17.64,13.8,0,33.7,109.9,1020.6,1.87,23.81,-2.16,28.1
25220,69.64,27.96,6.58,1.78,6.8,173.5,947.1,11.64,14.72,-0.61,28.25
25240,56.8,39.83,15.12,1.32,53.0,64.2,925.3,26.14,24.81,3.11,28.55
25260,32.32,43.53,17.52,0,129.7,101.0,885.2,44.14,20.17,5.98,29.04
25280,22.28,48.32,35.79,1.64,-6.0,97.2,865.2,52.8,14.8,4.26,29.31
25300,9.02,59.06,47.95,3.37,100.5,92.7,812.0,61.65,7.97,6.28,29.59
25320,1.0,42.76,60.97,0,99.3,80.8,776.0,60.45,6.79,4.13,30.2
25340,2.27,47.82,66.7,2.78,107.6,116.5,782.1,72.36,-6.15,-6.07,30.28
25360,0.74,33.65,75.35,7.14,156.6,-105.1,832.5,71.89,-10.8,1.48,30.36
25380,0.23,18.82,78.9,14.41,63.1,25.4,756.8,68.34,-13.64,1.27,30.77
25400,0,8.83,78.6,12.91,160.6,-45.6,817.4,59.21,-7.94,-2.83,30.72
25420,0,8.5,66.14,26.83,28.7,-59.2,909.2,54.33,-21.09,-5.55,30.67
25440,0,3.43,53.97,44.22,69.5,-174.2,922.9,40.45,-27.13,-2.51,30.66
25460,0,3.01,44.88,52.45,24.1,-237.5,905.4,28.52,-14.62,-4.67,31.11
25480,0,0,35.28,60.37,20.4,-115.7,969.6,14.55,-21.22,-3.87,30.49
25500,0,2.02,25.28,64.01,-26.4,-234.7,941.4,-3.22,-14.75,2.43,30.7
25520,5.95,0,14.26,63.27,-4.0,-108.0,1011.6,-16.33,-19.72,1.0,30.96
25540,3.7,0,4.66,49.96,-124.3,-127.5,1049.5,-28.03,-20.21,0.24,30.45
25560,0,0,8.48,41.83,-19.4,-122.1,972.8,-42.63,-11.42,3.4,30.63
25580,0,3.05,0.2,28.08,-122.4,-141.7,1023.1,-52.24,-12.52,4.22,30.78
25600,1.15,1.27,0,17.09,-117.7,-28.1,953.4,-60.16,-15.68,5.83,30.65
25620,0,0,0.89,12.4,-199.2,-80.6,1022.2,-64.78,1.55,1.16,30.38
25640,1.03,0.41,0.26,5.09,-7.8,-52.8,954.9,-73.15,-8.6,-1.43,30.12
25660,0,3.96,2.0,0.27,-104.1,100.5,1017.9,-69.96,9.55,-0.25,30.18
25680,5.66,3.54,0.02,7.29,-89.8,57.9,970.7,-70.21,5.76,-4.55,30.0
25700,0,0,0,0.72,-147.7,57.8,954.6,-68.19,14.62,-3.48,29.46
25720,3.47,0.94,0,0,-17.8,30.6,985.1,-50.59,11.35,-5.83,29.44
25740,2.58,0.03,0,1.14,-62.5,53.8,1068.4,-38.94,15.75,-1.9,28.59
25760,0,5.68,0,0,-116.2,76.5,968.1,-23.15,12.32,-4.35,28.37
25780,0,0,2.49,0,-25.9,122.6,1003.8,-19.57,22.15,-1.65,28.45
25800,71.51,24.47,2.26,0,-22.1,133.1,1006.2,-0.72,19.01,-2.04,27.85
25820,67.41,29.73,11.11,0,-67.3,190.4,936.6,13.51,25.18,3.77,28.45
25840,53.09,39.14,19.4,0.74,87.2,121.1,903.4,26.89,23.03,3.59,28.49
25860,40.66,53.76,28.63,0,126.3,84.3,884.0,40.51,16.65,5.1,29.0
25880,21.0,55.92,34.59,1.59,139.0,102.5,881.0,52.78,7.93,7.55,28.95
25900,15.87,54.1,48.75,2.7,53.1,205.6,782.0,55.87,16.33,3.15,29.21
25920,2.89,49.24,62.48,0,92.9,95.3,829.8,62.28,8.35,2.65,29.5
25940,0.98,37.56,69.35,2.78,118.3,14.2,811.2,67.09,-2.41,-1.81,29.75
25960,0,31.02,77.67,5.24,-26.1,-87.0,803.3,70.33,-5.25,3.76,30.84
25980,4.56,22.59,74.2,8.85,37.1,-82.8,786.7,63.6,-9.83,-3.71,30.63
26000,0.57,12.63,73.82,13.95,17.2,-132.6,863.5,58.53,-15.68,-2.84,30.52
26020,0,10.33,74.47,24.01,224.7,-87.5,881.5,53.54,-15.51,-5.93,30.66
26040,2.73,0,60.13,36.39,-11.2,-87.3,881.3,41.03,-6.75,-4.05,31.05
26060,0.36,0,42.0,46.34,111.2,-119.9,918.7,23.47,-20.62,-4.01,31.03
26080,0,1.34,36.08,48.71,65.4,-121.8,978.2,17.04,-28.81,-1.39,31.08
26100,3.78,5.16,21.04,65.74,72.0,-41.0,1024.8,-2.16,-15.48,2.93,31.31
26120,7.68,0,11.76,53.61,3.9,-83.5,995.9,-14.78,-11.83,3.73,30.94
26140,0.94,0,11.19,48.86,58.7,-109.1,928.7,-24.12,-16.33,3.74,31.16
26160,4.79,0,9.32,37.95,-56.9,-166.3,986.1,-40.52,-12.87,4.43,30.73
26180,0,0,3.27,31.16,-92.5,-8.4,953.5,-54.48,-16.54,3.02,30.82
26200,0.03,1.76,0.09,18.17,-115.2,-88.9,1036.3,-56.51,-10.27,5.71,30.44
26220,0,2.45,0,8.32,-97.2,-19.1,1036.0,-67.62,-12.22,2.91,30.39
26240,0.93,0,2.22,5.67,-107.1,-53.3,993.2,-71.26,4.12,3.21,30.41
26260,3.7,0,0,3.92,-167.8,88.2,1000.7,-64.23,9.03,-0.45,29.69
26280,0.62,0,1.84,0.54,-76.5,62.8,1022.5,-67.97,3.63,-3.09,29.71
26300,0,6.3,0.59,0,-18.4,133.5,1015.1,-61.94,4.77,-5.64,29.21
26320,0,0,0,4.47,1.8,44.9,1008.7,-51.14,8.08,-3.62,29.15
26340,4.58,0,4.81,0.83,-51.2,99.6,962.1,-43.91,17.09,-4.65,29.14
26360,2.0,0,0,0,-35.1,99.1,977.3,-32.33,17.5,0.15,28.49
26380,0,3.08,3.03,0,31.7,229.3,1009.5,-11.14,18.3,-1.54,28.25
26400,75.41,21.02,0.78,1.06,-51.8,198.3,1016.9,-0.4,24.06,2.2,27.92
26420,66.49,31.5,9.03,7.13,59.9,211.6,927.8,19.53,29.61,0.23,28.14
26440,47.86,42.14,15.22,4.6,40.8,170.7,895.6,31.38,23.92,3.88,28.55
26460,34.22,49.74,24.06,4.63,86.5,256.1,885.5,45.68,11.84,5.01,29.36
26480,23.12,54.37,39.78,0,77.3,126.3,873.4,54.33,13.96,6.71,29.21
26500,12.55,56.17,44.67,3.3,88.9,48.9,873.1,63.16,-0.21,5.98,29.5
26520,4.97,48.22,60.48,1.18,81.6,-11.8,814.3,62.53,10.98,3.57,29.74
26540,4.2,36.14,70.46,9.6,141.7,-56.0,809.3,66.19,9.98,3.22,29.78
26560,2.11,33.08,78.54,1.87,121.0,-52.0,780.8,62.24,0.97,-0.81,29.66
26580,5.61,22.97,80.46,10.83,33.0,-32.8,778.6,67.9,-6.35,-2.35,30.64
26600,0,7.36,70.84,17.5,206.6,-48.3,892.7,61.17,-4.37,-5.38,30.72
26620,0,11.81,67.55,28.46,33.9,-72.5,871.3,50.54,-15.29,-2.12,30.83
26640,1.07,6.43,56.94,41.05,41.5,-107.4,845.4,35.42,-12.25,-8.32,30.74
26660,0,0,47.41,54.29,57.0,-109.6,951.7,27.49,-15.12,-0.88,30.85
26680,3.02,0,34.8,59.75,-27.0,-200.3,956.2,17.06,-24.81,-0.32,31.06
26700,2.93,0.58,20.03,66.14,27.9,-128.6,991.3,-1.53,-20.57,0.34,30.72
26720,3.85,2.33,18.25,57.79,-21.0,-205.2,997.9,-12.18,-14.84,1.85,31.07
26740,0,3.65,6.36,44.75,-103.5,-153.9,985.2,-32.54,-15.36,4.07,31.04
26760,1.7,0,0,46.05,-150.2,-269.1,1002.7,-40.47,-14.43,4.36,30.53
26780,0,1.75,4.2,27.37,-3.8,-62.2,1009.7,-49.29,-17.73,5.25,30.91
26800,0,0,0,21.21,-30.2,-45.1,1004.7,-56.45,-7.5,3.22,30.32
26820,0,0.64,1.4,7.9,-141.5,-74.6,995.8,-69.93,-9.08,1.6,30.63
26840,0,3.81,3.8,5.85,-130.0,32.1,1020.6,-75.29,5.71,0.44,30.58
26860,1.0,2.25,3.54,7.4,-101.8,11.0,997.1,-72.43,9.11,-1.67,30.02
26880,0,2.26,0,4.27,-85.0,43.5,1006.1,-66.04,6.57,-1.78,29.83
26900,0,5.07,0,5.2,-46.4,137.9,1027.4,-59.64,9.49,-2.41,29.39
26920,0,0,0,0,-105.2,141.6,1000.7,-55.16,13.0,-8.28,29.13
26940,1.48,0,0,0,-16.6,198.1,1060.2,-40.96,12.77,-4.04,29.15
26960,3.5,0.84,2.71,0,3.8,127.0,961.7,-26.47,12.98,-4.33,28.78
26980,4.11,0.26,5.79,0,-16.8,170.3,948.6,-17.68,17.21,-4.49,28.26
27000,81.27,24.8,6.26,3.16,-44.2,131.5,1011.7,1.7,12.69,-2.64,27.88
27020,68.87,37.77,13.31,0,-24.6,97.6,928.0,14.32,15.83,-2.42,28.28
27040,58.98,34.3,22.65,7.56,157.9,74.4,931.3,28.76,17.57,3.65,28.38
27060,38.91,49.03,27.49,1.6,33.9,136.2,877.9,39.18,13.13,3.89,29.1
27080,21.77,57.24,33.32,1.39,175.3,177.3,814.0,51.05,13.76,2.37,29.4
27100,12.1,56.27,45.71,1.18,16.4,67.2,899.3,59.32,5.11,4.87,29.36
27120,1.45,46.94,61.86,2.95,75.0,16.2,825.5,65.03,7.64,2.44,29.68
27140,0,41.9,72.4,0.42,31.0,17.2,834.0,67.26,2.48,2.6,29.97
27160,4.41,27.66,77.67,4.04,73.1,-30.9,771.4,71.4,1.17,-1.92,30.48
27180,0,14.1,82.54,6.82,94.0,-71.6,778.3,71.27,-0.84,-4.93,30.47
27200,0,20.1,79.15,18.67,101.1,-52.7,803.9,59.24,-9.52,-6.68,30.46
27220,0,1.69,67.17,25.5,-10.6,-112.9,842.5,55.78,-12.3,-8.35,31.19
27240,0,8.95,54.29,41.14,-16.3,-184.9,884.2,38.38,-7.77,-4.43,30.42
27260,0,1.92,45.2,50.62,121.0,-143.9,875.1,27.26,-17.66,-2.95,30.63
27280,0.49,4.81,34.29,57.26,127.0,-196.6,986.1,13.72,-21.2,-0.7,31.09
27300,0,0,17.07,63.56,-13.5,-93.5,1005.0,0.85,-22.13,2.36,31.19
27320,0,0,16.93,61.35,-40.3,-173.1,1002.0,-13.88,-9.44,1.02,30.74
27340,0.55,0,11.49,54.64,-12.8,-238.9,1009.7,-26.22,-16.39,3.37,30.64
27360,0.91,0,0,41.48,-79.0,-182.4,1025.9,-43.7,-18.27,8.32,30.58
27380,0,0.41,1.03,30.07,-193.6,-61.5,994.7,-49.16,-11.48,5.94,30.75
27400,2.63,1.7,4.25,14.95,-49.3,-78.6,953.6,-59.08,-11.39,8.98,30.76
27420,0,1.3,0,10.28,-88.0,-47.2,1032.0,-69.65,-16.52,0.58,30.38
27440,0,0,1.03,4.17,-128.7,-85.9,972.0,-66.52,2.75,1.26,30.22
27460,0,0,3.69,0,-59.3,15.2,1025.7,-65.17,3.32,-4.79,29.82
27480,4.53,1.44,0.13,0.14,-111.2,76.6,1014.1,-68.46,14.23,-6.59,30.04
27500,0.94,1.21,1.09,2.52,-88.2,72.5,997.0,-64.97,9.84,-5.6,29.51
27520,0.37,1.72,4.11,0,44.3,185.4,988.8,-53.75,10.83,-9.59,29.09
27540,2.13,0,0,0,-80.7,134.0,908.4,-44.5,23.08,-5.49,28.77
27560,2.88,0,0,0,-26.0,107.2,1004.8,-29.99,14.72,-2.35,28.45
27580,0.17,1.66,0,0,-28.6,89.8,1026.3,-15.82,25.65,0.33,28.1
27600,72.85,28.87,4.49,0.15,-88.5,101.1,1030.4,0.31,22.58,-1.46,27.75
27620,68.54,28.51,7.99,0.53,7.6,99.2,977.4,17.01,22.98,-0.42,28.75
27640,54.99,40.73,18.33,0,27.1,223.8,946.2,23.63,14.11,5.55,28.46
27660,36.72,49.4,25.64,0,96.7,62.3,899.5,40.65,10.34,6.28,28.84
27680,21.2,55.2,32.15,2.12,-24.5,93.2,896.0,52.99,17.49,6.39,28.83
27700,10.63,50.05,48.06,4.7,110.7,-21.9,816.1,56.22,8.21,5.12,29.3
27720,3.72,49.54,59.33,3.7,172.7,29.3,817.3,69.44,9.1,-0.93,29.98
27740,3.26,39.07,73.09,1.37,103.3,157.2,824.4,69.16,5.1,1.31,30.15
27760,0,29.5,77.02,0.1,134.9,-73.0,768.8,73.05,2.94,-2.88,30.15
27780,0,24.3,77.25,9.76,105.1,1.6,841.0,68.67,-4.29,-2.49,30.49
27800,1.42,12.35,73.1,18.59,136.5,-101.8,797.7,58.96,-8.19,-6.25,30.38
27820,0,5.8,67.5,28.88,47.4,-166.5,831.8,50.81,-7.17,-5.76,30.89
27840,1.38,3.23,56.74,41.7,125.4,-190.3,905.7,40.03,-25.44,-6.42,30.54
27860,1.43,0,48.49,48.75,-13.3,-174.6,898.8,26.09,-14.83,-6.05,30.81
27880,0,0,26.63,55.54,28.4,-154.5,914.1,13.26,-23.21,0.4,31.06
27900,0,3.73,20.69,61.39,61.2,-8.4,1014.8,4.98,-23.0,2.17,31.18
27920,0,2.91,12.86,65.19,78.3,-118.5,993.6,-12.25,-21.52,1.6,31.08
27940,4.38,0.08,16.06,52.1,-75.0,-102.2,982.4,-33.93,-16.21,0.92,31.06
27960,0,0,0,36.17,-147.1,-130.4,1021.5,-41.62,-9.96,3.31,31.03
27980,7.62,0,6.32,29.67,-115.5,-105.7,989.2,-48.98,-19.84,5.2,31.04
28000,0,0,0.55,14.91,-107.4,-163.5,955.6,-58.44,-12.47,3.55,30.42
28020,0,3.45,3.37,10.85,-138.1,-48.9,979.0,-69.46,-18.08,5.69,30.54
28040,3.52,0.37,1.79,4.6,-40.5,0.2,959.0,-69.16,-5.02,4.84,30.09
28060,0,0,4.49,2.87,-47.7,34.8,998.4,-70.63,-3.09,-1.47,29.84
28080,0,0,3.61,0,-147.1,46.6,995.9,-66.44,1.74,-5.77,29.73
28100,3.74,0,0,0,-158.5,40.8,990.8,-58.74,9.87,-4.85,29.42
28120,0,2.87,2.76,0,-148.0,70.5,1007.3,-51.3,13.21,-5.17,29.26
28140,0.55,2.38,0.34,1.43,-108.9,118.6,1043.5,-41.0,20.77,-5.13,28.85
28160,3.32,0.49,0,0,66.7,139.7,1031.0,-30.51,21.55,-2.11,28.21
28180,5.04,1.24,0,0,-28.8,125.4,947.1,-17.73,21.51,0.2,28.66
28200,73.69,16.71,7.61,0,92.3,136.8,942.3,0.88,23.23,3.33,28.39
28220,71.75,32.19,9.3,0,1.4,92.6,1002.0,14.36,23.32,1.44,28.24
28240,55.48,37.31,13.72,3.56,-42.9,129.9,983.9,30.49,14.31,2.05,28.61
28260,39.13,51.36,23.62,0.3,133.2,114.0,896.5,39.84,17.7,4.04,29.05
28280,23.47,56.53,35.49,0.98,-0.7,100.4,865.8,50.28,16.02,4.74,29.01
28300,13.0,57.25,48.78,1.27,70.0,24.4,828.7,60.68,17.21,5.54,29.64
28320,5.49,50.66,58.31,0.74,211.5,65.3,832.6,68.15,8.71,2.54,29.89
28340,0,42.83,75.55,5.19,33.1,75.9,753.4,65.05,3.98,-0.37,30.14
28360,0,31.77,76.27,5.88,113.1,13.8,814.9,69.21,-3.63,1.99,30.1
28380,4.57,20.46,80.19,10.92,64.1,-64.7,797.2,66.02,-4.58,-0.77,30.35
28400,3.14,12.83,72.11,12.57,200.0,-76.1,846.5,59.65,-16.25,-4.06,30.39
28420,2.62,7.76,70.25,27.72,47.3,-65.7,855.7,57.25,-15.56,-5.6,30.8
28440,1.71,4.18,58.4,44.45,69.3,-88.3,892.1,39.03,-21.11,-7.08,30.82
28460,0,0,42.54,41.69,142.0,-128.6,895.0,24.17,-18.75,-7.86,30.73
28480,3.45,5.73,35.65,61.13,51.9,-103.8,922.6,10.73,-20.43,-1.3,30.51
28500,2.13,0,20.16,65.64,20.0,-209.4,952.4,-0.78,-17.66,3.26,31.31
28520,0,0,17.32,65.15,1.3,-66.0,950.9,-11.91,-22.32,-1.34,30.97
28540,0,0,8.33,49.44,-58.8,-72.1,1098.3,-28.48,-19.68,3.5,30.73
28560,0,0.72,0.54,37.46,0.9,-185.9,960.0,-40.45,-16.15,1.89,31.14
28580,2.52,3.79,0.89,29.57,-61.4,-136.2,1022.7,-52.55,-15.32,4.34,30.56
28600,0,3.92,0,13.75,-99.6,-4.9,998.1,-63.23,-21.38,6.45,30.35
28620,0,0,0.61,11.67,-74.0,-87.3,1047.0,-70.01,-8.01,3.1,30.62
28640,0.69,0,0.97,1.4,-81.8,-10.0,1029.8,-64.32,-3.77,-1.46,30.53
28660,0,2.6,0,7.4,-108.5,-1.2,962.8,-69.23,9.79,1.54,29.99
28680,0,0,0.17,4.02,-89.3,82.9,1081.3,-64.81,7.63,-1.69,29.99
28700,0,2.49,0,0,-94.7,134.2,1026.9,-60.82,10.58,-0.12,29.96
28720,0,0.74,0,1.04,2.4,75.8,974.4,-45.81,17.23,-4.36,29.37
28740,5.72,3.33,0,0.4,-51.0,109.5,1013.4,-42.09,17.02,-4.37,29.27
28760,0,0,0,1.78,-15.2,109.5,1032.8,-27.08,17.2,-4.94,28.47
28780,1.91,2.94,1.04,0.64,-102.1,208.5,1035.3,-19.19,19.32,-1.64,28.28
28800,70.62,27.11,6.41,6.67,47.1,176.0,962.1,0.78,17.66,-0.68,27.98
28820,70.53,25.47,13.85,0,24.4,152.5,970.7,10.53,19.31,-1.09,28.33
28840,54.09,37.12,12.65,3.08,71.6,195.6,910.2,24.53,12.19,4.67,29.13
28860,41.77,41.32,26.14,4.61,98.6,120.9,869.9,41.27,15.95,4.76,29.0
28880,19.16,55.28,33.02,0.83,42.0,118.1,871.8,45.62,7.27,3.31,29.31
28900,12.24,56.33,47.76,1.54,154.8,30.3,791.8,59.95,14.19,6.8,29.67
28920,0,48.21,59.34,0,99.4,47.0,805.3,72.73,7.03,0.68,29.56
28940,3.43,44.26,70.88,0,130.3,5.8,775.7,70.11,-1.8,3.96,29.99
28960,0,29.93,76.99,1.87,167.8,-65.6,786.8,72.61,4.13,2.66,30.06
28980,0,17.93,77.08,10.8,186.0,18.5,824.1,66.26,-7.7,-5.29,30.26
29000,3.41,15.86,74.63,16.58,99.8,-48.1,819.8,60.62,-14.59,1.43,30.31
29020,0,7.47,65.95,24.94,-38.6,-140.2,911.7,45.8,-12.18,-1.52,30.65
29040,1.13,1.75,55.91,38.84,81.4,-95.0,865.8,37.52,-28.66,-3.54,31.11
29060,0,4.65,48.13,50.46,-37.3,-164.5,902.5,25.46,-26.41,-0.72,30.66
29080,3.77,0,32.4,59.61,-14.5,-92.7,926.2,14.71,-20.41,-1.32,30.41
29100,5.89,0,17.69,65.36,119.7,-144.6,1047.5,-2.48,-17.53,-0.96,31.03
29120,0,0,16.62,56.04,-65.9,-124.4,1031.0,-9.74,-25.31,1.11,31.14
29140,0.87,4.75,14.66,52.88,-29.4,-159.5,981.9,-29.56,-20.19,3.21,30.73
29160,3.46,1.09,1.92,45.88,-51.1,-147.0,991.6,-40.19,-16.28,6.29,30.7
29180,0,0.98,4.18,31.05,-134.6,-48.6,988.3,-53.56,-11.5,3.82,30.94
29200,0.19,2.18,0,18.22,-111.9,-56.6,1004.2,-64.03,-15.09,2.72,30.73
29220,0,1.24,0,9.12,-194.4,-113.1,1007.9,-65.87,-0.94,-1.73,30.33
29240,0.57,0,0,8.39,-89.9,34.8,967.7,-67.35,-1.95,-2.05,30.11
29260,0,2.59,0,0,-96.5,0.8,952.4,-65.7,0.58,1.44,30.26
29280,0,0.79,0.84,0,-48.3,93.2,1042.4,-64.83,5.86,-3.36,29.62
29300,0,2.16,0,0.46,-126.0,194.2,997.7,-67.57,1.82,-5.53,29.6
29320,0,2.26,1.8,1.28,-25.6,91.0,984.8,-50.61,12.66,-5.56,29.05
29340,2.07,0,2.23,1.16,-55.7,155.6,1054.1,-41.44,15.6,-0.75,28.87
29360,0,4.62,5.48,2.12,39.6,200.2,964.1,-31.33,7.36,-3.5,28.46
29380,0.78,0,0.41,0,-21.6,106.3,1028.8,-13.16,10.58,-2.45,27.84
29400,73.44,21.09,4.99,0,-14.5,105.8,1028.8,-5.02,18.34,-2.02,27.98
29420,71.8,31.35,10.22,0,61.7,176.0,972.3,17.54,16.09,6.61,28.17
29440,50.07,38.75,16.72,0,-1.1,99.0,941.7,30.95,14.62,4.26,28.72
29460,35.38,48.74,26.98,0,104.4,225.7,893.2,34.07,19.34,4.9,29.07
29480,20.28,54.0,33.41,0,162.1,72.0,872.5,54.02,14.93,2.74,29.0
29500,10.79,55.45,44.88,0,24.7,137.2,847.8,62.54,9.07,6.87,29.74
29520,2.25,52.21,59.61,4.75,32.2,45.0,758.6,69.24,4.29,3.87,29.67
29540,5.57,37.58,65.64,3.03,155.2,-34.1,815.9,72.2,10.82,-0.4,30.5
29560,0,34.86,76.98,4.25,190.0,2.5,825.3,68.5,0.77,-0.9,30.15
29580,0,18.64,80.56,4.44,117.2,-44.1,857.5,63.4,-7.64,-0.71,30.72
29600,0,11.42,79.26,14.76,103.7,-85.2,811.3,62.33,-13.02,-3.69,30.76
29620,2.08,3.61,65.85,28.33,152.7,-77.5,860.7,55.49,-13.09,-6.75,31.02
29640,1.68,0,57.31,38.57,47.0,-135.0,874.0,39.85,-16.44,-5.97,30.97
29660,1.5,4.07,47.82,45.08,-26.4,-110.2,948.6,30.13,-19.48,-2.91,30.96
29680,3.38,0,37.71,54.33,33.8,-176.9,948.3,18.56,-10.56,-1.14,30.73
29700,0,1.89,23.22,60.4,-12.9,-187.5,973.1,-0.91,-24.02,-2.6,30.94
29720,0,4.0,6.26,55.18,57.0,-174.4,944.3,-18.17,-12.56,2.71,30.89
29740,0,0.47,10.85,47.94,-124.1,-61.2,985.9,-30.74,-22.15,2.82,30.84
29760,3.25,1.61,4.22,40.25,-20.8,-103.7,960.5,-37.67,-12.74,2.53,30.74
29780,0,1.23,3.78,30.94,-16.3,-157.0,954.5,-51.69,-16.06,6.1,30.81
29800,3.29,3.57,1.48,18.42,-133.4,-89.1,1011.0,-58.73,-2.5,0.94,30.52
29820,0,0,0,8.86,-110.3,-23.1,991.5,-62.25,-10.44,2.53,30.62
29840,0.43,0,3.02,1.67,-160.5,-75.2,984.4,-65.71,-0.08,1.27,30.48
29860,8.52,1.85,1.13,6.22,-11.9,1.8,1058.8,-71.22,-2.61,-5.14,30.0
29880,0,3.08,2.02,1.58,-32.6,-86.5,1004.1,-69.71,3.17,-0.94,30.0
29900,0,6.66,0,0.73,-89.8,88.0,1013.1,-56.39,3.56,-2.62,29.39
29920,6.3,0,1.3,0.75,-62.7,48.3,1022.8,-54.49,15.01,-8.86,28.93
29940,0,0.38,0,0,-25.3,109.1,982.9,-42.04,11.88,-7.44,29.03
29960,0.44,0.92,1.65,0.9,50.5,162.7,1021.8,-27.64,18.24,-3.26,28.47
29980,0,0,0.9,0,8.6,209.7,937.6,-15.71,21.72,-1.22,28.96
30000,74.75,21.56,6.11,0,-69.2,152.9,962.9,3.05,15.93,-0.99,28.21
30020,68.35,30.51,10.16,0.43,32.5,84.9,944.2,14.23,19.46,3.51,28.19
30040,52.66,40.21,12.47,0,-8.0,158.7,924.2,28.63,17.46,2.99,28.44
30060,32.01,49.72,21.94,0,43.5,134.6,926.4,40.17,17.65,5.94,28.93
30080,11.47,55.12,33.78,0,84.8,42.0,912.4,52.4,7.86,5.25,28.98
30100,9.21,51.65,46.74,0.56,155.0,30.4,777.6,60.8,10.09,5.02,29.77
30120,7.25,47.63,60.03,3.14,144.5,44.2,793.1,64.16,0.65,3.83,29.89
30140,4.68,38.44,70.41,0,124.3,-18.9,794.0,65.56,3.82,0.94,30.43
30160,0,28.96,79.15,5.31,85.1,58.9,754.9,69.38,-4.62,3.48,30.03
30180,0,19.67,81.5,9.56,170.0,-89.9,783.3,62.55,-8.5,-3.02,30.28
30200,0,13.91,75.13,19.44,127.5,-25.9,802.2,63.73,-8.85,0.3,30.32
30220,0,5.18,67.84,32.83,153.9,-86.7,829.7,52.32,-22.63,-4.7,30.66
30240,0,0,63.36,37.56,-42.7,-123.4,848.7,44.68,-12.13,-5.97,30.93
30260,2.02,3.34,47.54,50.11,81.7,-184.9,909.3,31.85,-16.74,-2.1,30.81
30280,0,3.3,32.08,56.69,-21.9,-114.4,957.5,19.21,-19.45,-3.79,31.06
30300,1.8,0,23.25,61.94,-39.2,-144.8,1007.7,2.19,-24.09,1.95,31.3
30320,1.44,0,16.58,62.89,-64.6,-90.8,1042.2,-18.88,-15.59,3.32,30.79
30340,4.73,0,11.25,51.41,-3.8,-117.6,1007.7,-30.08,-13.69,3.2,30.86
30360,2.91,0,0.02,40.18,-121.9,-81.1,1020.7,-45.71,-12.94,7.6,30.76
30380,4.19,0,0,28.42,-93.8,-116.8,1028.2,-53.79,-20.35,6.55,30.79
30400,0.79,0,3.39,21.57,-51.6,-50.9,969.1,-60.83,-12.58,6.37,30.45
30420,0,0,0.2,8.48,-142.9,28.9,982.7,-65.85,-7.02,4.76,30.48
30440,1.04,0,0,11.95,-114.6,91.8,1061.5,-70.51,-11.37,1.09,30.44
30460,0,0,0,0.81,-1.9,143.7,1025.6,-74.15,0.23,-0.68,30.05
30480,2.41,0,0,0,-158.3,0.6,1070.2,-68.6,9.21,-1.53,29.53
30500,0,0.65,2.22,5.25,-140.5,92.7,963.7,-63.77,8.84,-2.33,29.36
30520,3.04,0,4.18,0,-109.8,80.7,1051.5,-53.19,5.42,-6.04,29.21
30540,0,0.25,0,3.16,-94.8,114.4,1006.8,-44.69,16.69,-7.65,28.95
30560,0,0,1.48,0,-91.4,204.9,997.6,-33.09,11.66,-5.55,28.67
30580,2.04,0,4.92,0,-22.4,151.6,1029.9,-18.04,18.91,0.61,28.61
30600,78.25,24.92,3.2,0,88.7,174.2,1000.2,2.47,25.08,-2.42,27.95
30620,72.69,32.69,8.27,5.49,148.1,192.4,941.7,13.9,19.27,1.82,28.25
30640,54.75,44.99,17.44,7.27,-7.2,60.4,893.0,30.78,18.75,3.59,28.51
30660,40.41,46.75,23.72,1.89,26.6,160.9,869.5,48.55,14.48,5.7,28.56
30680,19.0,52.13,34.61,0,34.4,152.5,856.1,48.16,21.85,2.17,29.27
30700,11.81,54.19,43.67,4.59,105.5,78.0,842.9,63.86,7.49,4.12,29.35
30720,0.33,52.08,61.24,9.28,86.3,47.3,763.5,64.66,5.57,4.7,29.64
30740,2.69,41.24,74.27,0.58,150.6,-39.0,776.6,70.34,-1.68,-0.06,29.89
30760,0,29.09,83.84,0.88,106.9,31.2,849.9,70.85,1.15,-3.3,30.23
30780,0,18.78,79.65,5.91,19.9,-63.5,745.0,62.75,-5.96,-3.19,30.46
30800,0,9.49,77.06,19.55,59.5,0.5,835.0,61.83,-11.52,-6.93,30.91
30820,3.58,4.14,64.09,29.33,24.5,11.8,909.9,48.97,-5.53,-6.07,30.62
30840,3.72,3.32,54.69,36.87,132.4,-63.9,803.7,42.85,-17.11,-3.66,30.54
30860,0,1.51,48.05,51.94,29.4,-123.9,921.1,28.18,-13.7,-3.74,30.83
30880,0.01,4.19,30.91,57.33,-54.5,-144.5,968.0,14.61,-15.52,-1.75,30.91
30900,0,0.06,29.26,60.57,17.1,-194.7,983.2,1.01,-25.45,3.7,31.13
30920,0,0.87,13.62,58.39,-44.3,-50.8,980.4,-13.11,-21.01,4.61,31.14
30940,0,0,14.22,55.15,-140.2,-106.9,1023.4,-31.31,-12.92,4.88,30.9
30960,3.64,0.36,11.5,41.4,-107.5,-101.1,945.9,-39.22,-21.42,1.19,30.62
30980,1.85,0,5.38,28.35,-97.0,-106.4,1025.0,-53.3,-14.68,5.79,30.71
31000,0,0.27,3.48,15.87,-140.6,-122.4,985.3,-61.74,-20.83,5.03,30.71
31020,0.24,2.74,0,4.43,-51.6,-34.2,1036.4,-69.79,-4.47,3.77,30.06
31040,0,5.01,1.08,6.2,-118.1,-14.3,1002.0,-64.17,-2.53,-0.27,30.2
31060,1.88,0.33,9.75,4.5,-163.1,-40.6,1018.8,-75.39,-5.44,1.11,29.94
31080,5.05,0,0,3.75,-100.3,52.7,1002.9,-66.17,7.58,-1.11,29.96
31100,0.25,0,0,1.33,-146.0,-17.7,988.1,-56.72,10.35,-3.14,29.44
31120,0,4.69,0,0,-69.0,43.9,978.5,-52.51,6.09,-5.88,29.12
31140,0,1.01,0,3.07,-30.4,215.9,1027.7,-36.72,11.5,-4.58,28.75
31160,4.54,0,0,1.24,-34.8,74.0,1036.0,-30.21,18.45,0.98,28.35
31180,0,2.67,0,0,149.1,125.9,1000.6,-17.09,17.93,-2.78,28.84
31200,77.54,22.57,4.18,0,82.5,198.9,1042.7,0.1,26.79,-0.89,28.15
31220,75.41,33.17,14.04,0,37.6,188.9,983.7,14.96,24.05,0.08,28.28
31240,51.83,41.94,19.66,0,45.0,177.0,896.9,28.86,17.23,-0.52,28.67
31260,42.69,41.37,23.42,2.14,-13.9,137.7,863.7,38.23,21.33,3.43,29.0
31280,24.87,54.63,33.26,0,5.9,175.7,893.5,49.06,2.71,7.28,29.0
31300,9.7,56.85,43.25,4.69,90.1,27.3,827.8,58.72,7.91,3.55,29.52
31320,9.02,48.6,57.92,4.5,171.0,-44.6,773.2,66.05,13.47,2.21,29.5
31340,3.76,39.72,71.97,4.4,49.0,68.5,845.2,66.52,1.51,-0.36,30.21
31360,0,36.72,75.43,5.12,125.8,-12.1,808.3,72.3,2.59,-1.66,30.37
31380,0.36,12.79,73.7,13.67,104.0,-66.9,822.5,62.59,-3.14,-6.02,30.31
31400,0,9.91,78.19,15.61,80.9,-126.2,784.4,61.98,-9.31,-3.21,30.54
31420,1.97,7.6,69.18,26.21,88.0,-58.1,818.5,54.97,-7.21,-3.8,30.92
31440,0,4.96,59.86,42.16,53.8,-224.2,902.8,37.22,-15.69,-1.09,30.98
31460,0,10.29,47.87,47.83,45.7,-142.3,904.5,30.6,-16.14,-4.35,30.97
31480,0,0,34.99,55.96,39.8,-111.3,958.8,17.65,-22.18,-0.18,31.22
31500,0,0.4,20.44,62.53,65.8,-113.6,983.4,4.83,-22.05,-0.6,30.86
31520,0,0,8.14,57.67,-110.0,-138.9,1014.0,-17.16,-22.63,5.34,31.13
31540,3.05,0.38,11.0,50.05,-122.1,-100.9,953.1,-30.89,-15.33,6.09,30.75
31560,5.68,1.12,0,39.15,7.8,-129.2,1007.9,-36.49,-14.64,4.17,31.0
31580,2.27,2.67,8.72,29.52,-118.9,52.6,1010.3,-61.06,-11.11,1.65,30.98
31600,0,0,0,14.62,-116.7,18.6,969.9,-57.89,-8.43,4.33,30.7
31620,0,2.86,0,11.4,-117.7,-76.8,998.6,-63.78,-5.3,2.66,30.2
31640,0,0,4.95,0.7,6.8,-145.1,969.7,-70.21,-7.07,-0.16,30.5
31660,1.05,0,0,6.27,-49.2,-11.8,1003.6,-72.37,11.21,-2.3,29.94
31680,7.45,0,0,0,-95.6,-38.3,985.1,-64.76,11.43,-3.93,29.9
31700,0,0.5,2.94,5.15,-108.2,91.3,1000.6,-61.09,12.37,-2.2,29.51
31720,0,0,0,1.54,-46.9,107.4,985.2,-48.28,17.24,-6.52,29.34
31740,0,0,0,3.52,-20.3,56.8,993.1,-44.15,13.05,-3.42,28.91
31760,0,0,0,2.17,16.8,161.4,1005.6,-33.35,20.0,-1.11,28.62
31780,0,0.59,0,0,-53.9,123.1,1004.5,-18.03,17.47,-2.55,28.19
31800,72.17,15.96,7.81,0,-10.7,22.5,975.1,2.33,18.68,-3.29,27.85
31820,69.37,30.93,9.05,0,114.1,82.0,919.5,10.24,19.03,1.7,27.83
31840,57.63,38.01,18.02,3.65,-49.7,83.7,936.5,27.92,19.41,4.5,28.62
31860,35.04,50.36,23.5,0,-5.5,62.9,889.9,45.44,22.27,4.42,28.86
31880,27.44,55.24,37.73,0,117.8,87.3,898.1,53.85,9.18,6.76,29.22
31900,8.42,55.92,46.82,0,90.4,85.8,819.3,62.45,-4.1,1.41,29.65
31920,7.09,47.26,57.15,0,103.1,-28.1,819.6,69.65,7.55,1.09,29.67
31940,0.49,40.89,69.42,0,125.3,91.9,724.5,62.93,6.79,-0.91,30.01
31960,0,23.58,76.92,8.08,159.0,57.7,798.7,71.44,-6.79,0.15,30.1
31980,0,13.71,78.55,9.73,35.8,-50.9,812.6,68.12,-5.85,-2.0,30.31
32000,3.72,9.13,77.94,16.31,160.3,-59.3,827.4,67.62,-14.07,-7.14,30.94
32020,0,6.26,70.92,28.7,110.7,-28.3,851.4,46.29,-12.04,-6.7,30.38
32040,2.12,0.55,62.26,40.56,111.1,-64.7,943.2,42.37,-14.67,-7.48,30.94
32060,0,7.36,50.65,50.66,6.2,-130.2,905.5,31.95,-19.02,-3.19,30.99
32080,0,0,36.57,60.26,46.5,-112.3,953.4,20.16,-17.99,-0.07,30.78
32100,0.56,0,27.04,62.03,41.7,-142.7,1005.6,2.88,-23.38,-1.53,31.04
32119,1.09,0.41,14.11,63.12,-39.5,-136.2,983.9,-15.11,-13.78,0.82,30.75
32140,0.03,0,6.93,48.71,-20.6,-102.3,984.2,-23.94,-12.66,1.96,30.77
32159,0,0,2.99,41.97,-9.8,-117.7,1073.5,-34.79,-13.08,6.81,31.0
32180,0,2.11,9.52,22.81,-120.4,-97.7,1032.2,-50.64,-8.91,6.31,30.46
32200,5.01,0,0,15.59,-95.1,-154.7,1049.9,-57.72,-11.26,7.83,30.64
32220,0.89,0,3.13,12.4,-34.0,2.3,977.1,-67.52,-7.66,3.26,30.38
32240,0,0,0,3.46,-96.3,37.7,985.3,-66.46,7.36,5.6,30.31
32259,2.7,0,0.81,3.4,-197.4,116.5,1014.0,-70.12,4.59,-0.45,29.88
32280,7.45,0,0,4.43,-135.3,80.4,986.4,-66.83,14.98,-2.46,29.9
32299,2.72,0,1.26,0.57,-74.3,105.6,999.1,-63.39,6.34,-4.17,29.24
32320,2.08,1.37,0.56,0,-99.5,77.3,975.0,-47.91,15.62,-1.53,28.82
32340,0,1.05,3.19,0,-80.1,113.2,966.1,-39.85,9.35,-2.64,28.98
32360,0.92,0,1.25,3.23,-42.1,25.7,936.2,-32.32,9.47,-1.32,28.55
32380,0,0,1.27,0,-67.2,163.8,994.4,-14.74,21.68,-0.86,28.47
32400,79.54,22.18,8.76,3.83,-166.9,60.8,1047.0,0.9,21.18,-1.17,27.86
32420,67.38,28.1,16.08,3.68,133.7,235.3,930.6,14.06,14.61,4.0,28.42
32439,51.13,31.83,14.58,0,31.5,125.9,916.6,28.17,16.23,4.23,28.4
32460,31.38,43.98,23.65,3.64,74.5,153.4,834.6,43.78,17.79,2.82,28.98
32479,21.51,55.13,36.28,0,68.8,28.4,872.5,53.15,17.93,5.13,29.75
32500,7.8,53.51,49.53,2.88,31.4,157.0,828.4,62.67,8.89,3.05,29.58
32520,4.87,47.3,60.79,1.61,53.1,160.0,788.4,62.28,7.95,-1.97,29.96
32540,0,39.03,66.45,5.55,61.0,85.7,834.6,67.83,9.51,2.54,30.32
32560,2.42,27.43,79.53,4.73,200.6,-12.0,742.0,73.29,-1.52,0.15,30.52
32580,4.3,21.0,84.34,14.59,129.1,48.6,804.3,68.51,-13.67,-3.93,30.47
32600,0,14.13,77.95,16.53,-4.8,-114.7,834.0,63.16,-17.47,-4.37,30.64
32619,0,0,68.3,25.44,105.8,-88.5,831.3,52.95,-13.47,-6.12,31.03
32640,1.39,5.36,64.01,38.82,64.4,-187.4,889.4,40.14,-9.03,-4.36,31.16
32659,2.89,0,47.51,48.51,26.7,-108.4,880.4,31.93,-14.64,-4.04,31.21
32680,0.35,1.27,36.16,54.44,-9.4,-126.6,911.9,14.06,-18.14,-3.6,30.81
32700,1.69,0,25.09,63.3,36.8,-183.1,973.3,0.44,-20.65,3.29,31.29
32720,0,3.27,16.75,55.26,-29.2,-166.3,1015.3,-17.72,-9.45,2.9,31.34
32740,0.57,1.59,10.26,53.25,-5.8,-126.6,1012.6,-28.64,-19.27,2.88,30.89
32759,0,0,6.42,41.43,-57.5,-172.1,1015.0,-41.99,-11.3,7.5,31.04
32780,0.54,0,5.71,22.35,-27.8,-85.4,1012.0,-52.19,-19.02,4.97,30.69
32800,2.61,0,0,17.22,-133.6,-79.2,960.9,-63.93,-1.44,5.03,30.66
32820,3.04,0,1.58,12.36,-63.5,-117.2,1053.0,-67.21,-13.41,2.87,30.61
32840,1.8,6.14,2.22,11.02,-162.5,-20.2,981.4,-67.76,-10.96,2.69,30.44
32860,6.31,0.74,0.39,2.76,-198.8,21.4,1020.4,-73.79,9.08,-4.81,29.91
32880,0,0,1.68,4.76,-121.4,29.4,965.5,-71.5,14.85,-1.3,29.58
32900,0.82,0.62,0,6.29,-90.5,-15.3,972.2,-62.51,3.1,-6.26,29.15
32920,0.02,1.4,3.72,3.85,-20.2,148.9,1052.8,-56.2,11.19,-5.63,29.25
32940,0,0,0,2.66,-163.8,68.7,1033.5,-38.41,13.26,-7.41,29.23
32960,0,0,0,5.08,-1.9,87.9,992.2,-24.69,14.98,-1.67,28.66
32980,0,0,0,1.7,148.9,175.6,1023.7,-12.24,24.98,-1.32,28.66
33000,73.28,22.86,10.33,6.29,27.6,147.5,1019.9,1.52,24.25,-0.74,28.2
33020,72.27,30.82,5.69,2.11,21.1,81.8,954.5,17.79,20.2,1.11,28.22
33040,51.56,39.52,12.54,5.06,39.2,76.5,898.8,28.19,20.15,1.39,28.58
33060,37.01,51.71,27.89,0.21,105.7,100.1,948.8,41.84,13.87,7.02,28.95
33080,19.41,56.04,43.09,0,15.7,52.0,859.6,56.23,15.16,5.41,29.53
33100,13.63,52.69,50.1,0,132.2,62.5,829.6,62.36,9.2,2.05,29.22
33120,1.07,50.28,57.79,0,61.7,78.8,779.7,72.64,-1.64,3.95,30.04
33140,3.36,33.05,71.19,1.03,122.4,8.1,796.8,70.9,3.39,0.7,29.67
33160,1.78,31.36,83.91,5.48,102.5,-35.8,844.9,74.7,1.65,-0.31,30.49
33180,0,18.92,78.75,7.76,-7.4,-49.2,803.0,66.1,4.19,-0.55,30.47
33200,1.06,10.36,78.75,17.4,146.3,-126.4,819.6,57.3,-13.44,-7.34,30.7
33220,0,6.2,70.19,30.28,111.8,-133.7,830.1,54.73,-17.98,-3.01,31.23
33240,0,3.62,61.06,39.64,101.0,8.0,836.0,38.59,-10.5,-5.7,30.86
33260,0,3.91,43.84,57.14,67.0,-29.0,908.7,29.43,-13.72,-3.29,30.83
33280,2.62,1.76,34.95,58.85,88.7,-173.4,969.2,15.51,-26.94,-1.73,31.09
33300,3.18,0,21.89,62.7,16.3,-179.1,978.1,-1.7,-17.61,3.12,30.76
33320,0,0,14.44,57.01,17.6,-199.6,969.3,-15.91,-24.0,1.29,31.12
33340,0,0,11.71,54.18,52.9,-139.5,1044.0,-30.81,-25.18,5.29,30.89
33360,4.69,2.4,4.01,39.71,-94.5,-134.9,991.6,-43.89,-12.82,6.25,30.96
33380,2.6,2.19,6.29,23.59,-10.2,-75.5,999.0,-54.93,-14.94,4.99,30.78
33400,0,3.5,0,22.39,-78.3,-70.2,976.8,-60.96,-0.25,4.41,30.2
33420,2.24,4.46,4.12,9.3,-73.6,-100.0,1005.2,-66.85,-5.94,3.39,30.23
33440,3.5,2.76,0,5.99,-77.1,52.4,986.6,-66.89,-12.2,2.66,30.14
33460,0,0.31,3.4,7.98,-50.5,22.8,991.3,-71.05,3.28,-2.35,29.93
33480,0.81,0.48,0,1.66,-132.6,109.6,993.2,-67.19,6.49,-3.44,30.05
33500,0.76,1.72,5.46,1.49,-34.4,28.9,966.9,-61.55,12.23,-5.57,29.57
33520,0,2.7,2.76,0,-81.8,133.7,1017.6,-54.79,12.79,-6.73,29.9
33540,2.7,0,0,2.62,-119.8,87.1,1073.3,-35.97,25.51,-6.7,29.03
33560,2.6,0,0.42,0,-16.9,121.9,916.9,-23.48,16.74,-6.1,28.13
33580,1.87,0.12,0,0,-18.1,153.9,1018.6,-7.58,16.78,-2.04,28.63
33600,80.87,26.27,3.14,3.18,-25.6,111.4,991.5,5.35,21.17,-3.0,27.95
33620,67.78,29.67,5.94,2.12,7.5,152.7,926.5,12.62,15.88,3.45,28.12
33640,55.13,41.61,13.57,3.24,77.1,70.0,880.1,26.99,12.7,4.98,28.79
33660,37.22,48.7,23.97,0,42.4,152.1,833.2,39.93,10.93,1.71,28.64
33680,18.03,50.46,31.4,0,57.2,51.9,854.6,55.76,4.24,7.94,29.0
33700,14.01,54.09,48.98,0,152.5,42.7,888.8,60.09,1.33,6.29,29.56
33720,11.58,44.41,59.03,1.46,110.5,-37.5,787.8,69.89,8.62,-1.72,29.76
33740,0,40.67,67.51,7.15,85.1,-10.4,793.6,72.93,-4.33,-2.6,30.08
33760,0,25.2,74.66,4.64,32.5,-51.1,783.7,75.62,3.17,-5.94,30.14
33780,5.54,17.72,79.02,8.02,42.1,-13.9,799.9,66.65,-12.3,-5.2,30.58
33800,0.63,10.56,82.05,16.74,120.3,18.8,792.7,62.87,-12.62,-4.5,30.23
33820,3.31,5.94,74.12,28.15,56.0,-62.2,837.9,59.82,-11.79,-1.88,30.63
33840,0,1.62,58.87,44.0,55.2,-68.5,924.6,42.48,-17.57,-1.31,30.86
33860,0.62,0,46.17,50.86,79.8,-119.9,887.6,27.11,-21.34,-3.68,31.17
33880,0.02,0.1,37.91,61.24,94.9,-63.9,955.9,9.23,-17.92,-3.54,31.34
33900,4.56,2.99,25.38,66.8,-8.3,-151.8,1026.6,4.93,-22.7,-6.04,30.83
33920,0,0,20.18,55.99,32.5,-166.2,1068.6,-17.41,-31.6,-0.16,30.74
33940,2.86,4.83,10.48,49.63,-64.0,-99.5,1028.9,-25.94,-14.52,5.57,30.85
33960,1.53,1.09,0,36.75,-113.5,-50.3,989.8,-45.46,-27.86,4.57,30.88
33980,0,0,2.47,24.26,-130.4,-132.2,1014.8,-53.24,-21.78,4.63,30.77
34000,0,1.44,3.35,14.51,-128.5,23.4,1025.9,-61.36,-9.82,6.04,30.88
34020,0,2.07,0,8.59,-68.4,-18.2,990.5,-61.22,-11.66,5.86,30.36
34040,0,0,0,0,-102.3,-19.2,1029.9,-72.43,-9.59,-1.36,30.53
34060,0,0.71,4.25,3.93,-137.4,98.4,1026.0,-63.91,-2.69,-3.92,29.98
34080,0,0,4.5,0,-138.6,4.9,992.3,-66.84,-6.84,0.5,29.41
34100,5.13,1.6,0,0,-105.8,33.0,1039.0,-62.75,9.56,-4.52,29.76
34120,0,0,0.68,1.4,-63.1,94.9,1019.4,-52.9,18.76,-6.61,29.21
34140,0,0.91,5.53,0,-56.9,26.3,980.5,-39.77,11.43,-4.47,28.75
34160,1.33,0,1.24,5.2,-27.4,152.1,1033.1,-25.75,6.03,-6.41,28.63
34180,0,0,0,1.15,-13.0,173.8,1024.4,-11.61,22.12,-2.37,28.58
34200,75.08,18.76,4.3,0,-7.2,182.6,1017.2,-2.71,16.46,1.34,27.74
34220,64.0,31.63,11.13,0,-46.3,199.7,944.5,10.18,20.07,0.83,28.44
34240,60.85,41.97,19.47,0.85,14.6,272.0,943.0,29.54,11.63,2.0,28.84
34260,36.93,49.87,22.77,0,41.5,214.5,790.1,42.27,14.42,6.46,28.78
34280,17.7,58.2,38.32,0.68,157.6,87.0,855.7,46.56,14.25,5.14,28.89
34300,17.02,55.55,47.56,0,40.3,27.3,819.3,58.05,2.19,7.74,29.93
34320,3.5,49.17,60.65,3.01,157.7,39.3,781.2,72.47,4.99,3.43,29.59
34340,2.71,42.51,78.6,0.75,133.1,41.5,788.5,70.42,-10.58,1.0,29.91
34360,0,29.46,73.98,8.16,136.5,41.6,779.3,72.51,2.08,-0.23,30.16
34380,0.57,19.62,82.24,10.95,81.4,-39.8,834.9,71.37,-14.04,-1.37,30.4
34400,1.44,13.15,72.68,23.15,88.4,-92.8,806.8,59.04,-8.0,-4.58,30.74
34420,0.6,14.36,72.4,27.23,44.3,-89.9,845.3,50.68,-12.09,-5.36,30.67
34440,0,8.27,58.69,36.98,40.5,-111.5,898.9,40.12,-14.16,-4.65,30.91
34460,3.08,0,45.64,49.73,64.2,-119.5,889.7,29.08,-22.62,-3.35,30.86
34480,4.28,0,36.14,60.56,127.1,-169.3,950.1,15.9,-19.57,-4.93,30.81
34500,0.49,0,16.87,62.54,-2.4,-107.9,1042.0,1.26,-16.05,-2.09,30.84
34520,0,0,8.97,58.89,-78.1,-102.1,1003.0,-14.09,-27.49,1.78,30.76
34540,0,0,7.95,48.46,7.4,-11.8,952.6,-30.98,-12.29,2.93,30.99
34560,0,0,4.37,42.04,-46.2,-119.5,1001.0,-40.0,-16.2,3.04,30.74
34580,0,1.82,2.24,26.94,-66.0,-141.7,1032.7,-49.7,-17.3,5.14,30.74
34600,0,6.48,0.98,20.16,-111.0,-98.6,1000.6,-62.48,-11.74,4.07,30.86
34620,0,5.29,0,9.53,-126.1,-142.2,935.1,-67.72,-2.89,5.14,30.41
34640,0,0,1.34,0.93,-88.9,-0.1,996.8,-72.61,-11.3,2.28,30.09
34660,0,1.79,0,2.54,-36.2,43.4,985.3,-65.85,-3.28,0.28,30.04
34680,2.12,2.81,0,0.52,-126.1,135.3,1009.0,-66.18,8.16,-5.65,29.77
34700,1.48,2.21,0.32,3.0,-160.0,95.3,979.8,-60.38,7.44,-2.76,29.51
34720,1.58,1.01,5.84,5.7,-41.6,23.4,1044.6,-49.78,19.27,-4.89,29.39
34740,0.84,2.4,0,0,-133.2,115.5,913.6,-44.31,16.8,-4.28,28.76
34760,0,0,0,1.65,-113.1,87.0,1010.1,-21.48,12.23,-6.65,28.98
34780,0.29,0,1.53,3.52,-12.3,195.2,1024.7,-11.42,23.77,-0.44,28.41
34800,75.42,19.04,13.15,4.01,-52.4,185.4,993.6,-5.97,24.99,-0.41,27.81
34820,71.48,33.97,6.24,3.22,-71.0,81.4,961.7,15.96,13.29,0.8,28.51
34840,53.05,44.77,12.32,3.46,-9.1,109.2,925.7,25.14,16.65,1.99,28.81
34860,36.46,44.86,25.09,0,4.9,126.2,899.7,38.64,18.56,6.66,28.89
34880,22.68,54.39,37.83,2.88,96.6,63.7,865.8,49.52,17.77,5.88,29.64
34900,10.19,55.51,47.29,0,79.0,70.0,843.9,62.48,14.1,2.23,29.34
34920,0.8,48.02,56.96,0.01,152.9,83.5,811.4,71.74,5.75,1.4,29.99
34940,2.69,39.12,70.9,1.85,62.7,-25.6,806.5,66.27,0.53,-0.22,29.9
34960,0,23.5,79.98,6.12,35.1,-53.6,819.0,74.03,-4.35,0.29,30.15
34980,2.99,22.43,82.4,16.48,93.2,-86.7,786.5,70.07,-1.04,-2.3,30.28
35000,2.18,9.89,73.51,14.35,48.2,-47.1,820.3,59.38,-15.11,-7.53,30.53
35020,0,7.53,71.22,28.77,48.8,-107.8,846.9,52.97,-19.28,-6.78,30.92
35040,2.42,4.06,58.54,44.83,87.6,-140.9,908.1,36.12,-14.84,-7.6,30.65
35060,0,3.29,39.45,47.37,76.2,-125.9,965.0,28.9,-22.53,-5.37,30.82
35080,0.92,1.53,32.22,62.45,22.3,-186.6,924.5,13.0,-19.82,0.05,31.18
35100,0,2.79,27.79,60.98,4.0,-159.8,985.5,-0.17,-21.65,-2.56,31.08
35120,1.27,0,14.51,59.99,-34.5,-212.0,1024.7,-13.5,-25.2,2.79,30.8
35140,0,0,9.77,53.23,-78.9,-26.6,1037.5,-26.84,-14.64,4.76,30.37
35160,3.27,0,11.19,39.76,-86.3,-71.1,983.1,-45.97,-21.89,6.13,30.85
35180,0.1,2.45,6.16,27.12,-32.8,-167.8,950.9,-52.68,-19.3,7.01,30.62
35200,1.61,0,0,18.93,-68.3,-150.7,1047.3,-63.63,-4.1,0.43,30.84
35220,0.05,0.55,0,9.69,-73.5,-41.8,992.5,-63.64,-1.28,3.12,30.2
35240,0.64,4.79,0,2.66,-127.6,-2.3,955.6,-72.03,-8.55,1.53,30.22
35260,1.93,2.13,2.88,2.61,-149.2,-16.1,1074.2,-69.12,-7.05,1.57,30.14
35280,0,4.49,4.25,0.53,-119.8,55.9,1053.7,-66.91,2.3,-1.68,29.78
35300,0,0.01,0,0,-91.9,111.6,1056.6,-62.12,-2.07,-3.62,29.54
35320,0,0,0.4,0,-80.7,85.7,957.4,-49.94,11.4,-4.55,29.3
35340,0.17,0,0,0,-146.4,137.0,977.1,-38.08,14.46,-4.18,28.99
35360,0,0,0,2.68,-48.0,163.2,1013.7,-25.87,24.06,-2.62,28.48
35380,0,0,0,0,-50.5,159.4,1012.6,-18.71,21.18,-5.93,28.14
35400,72.83,18.5,5.97,0.41,-48.5,221.0,1016.4,3.48,20.29,-1.14,27.94
35420,69.86,28.96,7.41,3.83,57.2,70.0,939.0,15.2,12.19,2.07,28.21
35440,58.1,37.21,16.53,0,47.7,147.2,930.7,28.95,18.68,3.19,28.4
35460,37.02,48.09,26.16,0,104.8,193.9,883.0,41.97,16.51,2.5,28.59
35480,19.63,53.99,32.18,0.02,137.4,139.1,822.9,47.22,12.85,7.54,29.44
35500,4.86,54.35,43.88,3.87,41.5,-26.3,786.3,61.44,6.25,4.22,29.89
35520,4.83,48.32,67.34,0,133.1,80.1,765.3,62.54,5.26,2.44,29.61
35540,0,36.68,69.42,3.55,125.5,20.4,823.0,65.24,-2.83,1.11,29.91
35560,0,31.86,77.86,5.67,74.3,-35.8,775.7,70.47,-6.27,-3.83,30.25
35580,4.2,23.01,78.96,10.72,146.9,-8.7,788.1,67.99,-5.89,-4.53,30.54
35600,0,11.58,74.42,15.56,97.4,-68.5,806.7,68.06,-18.49,-5.92,30.37
35620,0.6,6.23,69.8,29.06,136.8,-133.1,851.7,50.57,-10.76,-4.68,30.64
35640,0,0,52.28,40.93,83.6,-109.6,914.6,37.98,-14.6,-3.31,31.08
35660,0,0,43.57,51.75,54.4,-101.4,952.4,30.91,-14.63,-8.95,30.7
35680,0.84,2.38,37.8,51.98,-10.2,-157.9,945.0,14.84,-20.24,-0.84,31.01
35700,1.41,0,23.12,65.5,-28.6,-185.3,1054.6,0.45,-18.84,1.79,31.15
35720,2.12,0,17.42,56.89,-19.5,-242.8,1022.5,-15.41,-12.06,1.17,30.96
35740,0,0,7.63,50.59,-3.0,-114.3,1036.3,-24.06,-19.96,2.87,30.93
35760,7.19,0,4.22,41.3,50.9,-191.5,1015.5,-42.98,-18.75,9.69,30.98
35780,4.29,0,3.95,30.31,-107.9,-163.7,1006.3,-52.18,-15.51,5.2,30.75
35800,0,1.57,3.57,15.0,-52.1,-1.7,973.1,-63.98,-15.89,6.03,30.19
35820,4.23,4.02,0,11.65,-63.0,-116.4,950.8,-60.91,-6.75,5.14,30.23
35840,0,3.59,0,9.58,-135.0,5.5,990.2,-69.59,-7.06,3.98,30.3
35860,0,0,0,1.82,-100.1,78.4,974.6,-70.16,13.74,-2.69,30.02
35880,2.53,0,0,6.48,-30.0,135.0,994.1,-68.17,-5.09,-4.03,29.78
35900,0,0,0.55,1.6,-62.6,84.7,995.3,-63.01,10.41,-3.59,29.47
35920,2.31,1.25,0,0.54,-35.8,28.1,1021.5,-48.12,17.7,-6.32,29.16
35940,0.51,0,3.11,0.62,-17.0,132.7,1014.8,-37.87,20.98,-5.76,28.54
35960,0,3.19,0,0,-65.5,221.4,951.7,-23.92,17.12,-0.35,28.74
35980,0,2.52,0.84,6.22,9.5,92.6,1008.9,-18.17,17.5,-2.7,28.67
36000,77.8,20.28,4.39,1.59,-15.0,158.7,1053.2,-5.64,24.85,-0.5,28.09
36020,75.5,31.68,7.0,0,92.7,170.8,934.4,14.22,27.5,6.45,28.44
36040,56.6,45.14,15.89,0,48.6,146.5,930.9,30.72,22.78,2.68,28.24
36060,35.91,52.88,29.38,0.63,89.7,181.2,859.6,38.53,13.68,4.72,28.9
36080,18.59,57.66,33.79,0,57.4,-23.8,887.8,57.6,16.56,4.99,29.17
36100,7.09,45.51,46.73,0,88.1,35.6,882.4,55.74,8.23,6.11,29.56
36120,8.95,56.53,55.22,3.58,95.1,-10.7,845.9,70.8,17.16,3.44,29.85
36140,0,37.13,75.2,4.91,105.3,80.9,857.9,72.1,6.46,-2.02,29.82
36160,2.84,31.07,76.85,3.02,57.5,-108.1,819.1,69.21,-6.34,-2.36,30.17
36180,0,19.81,80.5,11.88,122.1,-98.7,862.8,64.98,-6.59,-5.37,30.28
36200,0.14,13.37,78.46,17.09,76.0,-65.2,813.8,59.73,-6.99,-1.34,30.74
36220,0.68,2.83,64.79,26.33,94.3,-80.7,870.4,56.05,-4.25,-5.27,30.67
36240,0,0.3,62.14,41.54,62.8,-137.3,891.3,44.64,-11.25,-5.22,30.56
36260,0.6,6.43,50.83,54.74,137.1,-164.9,948.8,27.57,-8.74,-3.42,30.77
36280,0,4.92,36.1,60.36,20.4,-102.6,904.2,13.02,-21.0,0.21,31.12
36300,0,4.11,21.24,59.95,36.2,-171.7,950.5,-3.92,-15.12,-1.05,31.18
36320,1.57,2.82,12.96,57.96,16.8,-106.8,1047.4,-13.07,-27.03,-1.57,31.04
36340,3.77,0,8.32,53.36,-34.3,-45.4,958.7,-28.98,-24.76,5.9,31.11
36360,3.23,1.76,6.16,38.4,-6.8,-163.8,1016.2,-42.78,-7.15,2.4,30.89
36380,0,0,6.95,26.28,-128.5,-108.9,988.5,-51.16,-5.25,5.39,30.83
36400,0,3.02,0,14.02,-217.2,-62.9,993.0,-54.89,-17.68,0.33,30.79
36420,0,0.58,0.89,8.33,-61.7,-9.3,986.1,-59.86,-4.87,1.9,30.8
36440,0,0.06,4.08,7.79,-159.0,32.3,1012.5,-69.57,-8.06,-1.09,30.31
36460,3.18,0,1.46,2.14,-158.9,-73.9,1052.0,-68.35,3.48,-0.01,29.81
36480,0,7.34,3.84,3.73,-191.7,43.5,1035.4,-64.42,-0.69,-5.69,29.9
36500,0,0,1.49,5.94,-51.1,102.1,974.1,-59.42,8.91,-3.74,29.68
36520,0,0,5.27,3.42,-44.0,28.8,1008.1,-50.77,27.56,-2.17,29.62
36540,4.13,0,4.11,0,-127.7,124.9,973.6,-39.13,9.06,-1.93,29.19
36560,0,0,0,0,25.5,180.3,987.8,-27.88,7.91,-4.28,28.32
36580,5.28,0,5.48,0.43,42.2,158.2,956.2,-20.84,20.27,2.31,28.72
36600,74.9,17.64,6.88,2.11,75.3,121.7,985.1,5.1,24.71,0.34,28.05
36620,63.16,33.08,9.11,0,28.9,242.5,961.7,16.32,22.03,0.08,28.22
36640,55.64,42.49,10.17,7.37,31.5,243.0,946.7,30.66,16.12,6.2,28.56
36660,37.04,47.26,26.29,0.74,0.7,165.5,917.7,37.49,19.2,7.38,28.92
36680,21.08,51.52,35.48,0.22,95.7,140.6,849.9,50.29,3.21,4.28,28.9
36700,9.25,49.57,47.19,2.76,183.5,40.0,842.0,62.61,14.88,6.41,29.51
36720,2.2,55.1,57.65,0.03,3.2,9.3,820.3,69.89,3.99,0.87,29.43
36740,5.0,35.14,65.71,6.36,84.6,-56.8,780.0,69.14,1.27,-1.0,30.06
36760,0,30.9,78.8,7.92,115.6,2.6,781.2,67.53,-0.38,0.24,30.3
36780,4.37,19.15,75.96,14.66,113.5,-28.8,793.4,68.34,0.72,-5.31,30.36
36800,0.65,9.95,75.05,19.68,109.6,-88.2,787.5,60.42,-10.23,-1.16,30.81
36820,2.82,4.95,69.04,28.56,113.4,-160.1,915.6,52.2,-3.04,-3.21,30.95
36840,0,6.85,56.97,34.9,65.2,-38.9,910.0,39.61,-16.25,-6.7,30.74
36860,0,0.05,47.24,51.33,5.2,-166.8,973.5,30.06,-17.94,-8.05,30.89
36880,0,1.7,34.51,55.61,49.1,-122.3,976.5,13.52,-23.65,-2.71,31.27
36900,3.64,0,19.71,58.53,-45.4,-153.7,998.1,0.73,-21.14,-2.35,31.02
36920,0,0,13.64,60.33,-86.4,-76.6,975.3,-13.45,-18.24,1.58,30.76
36940,0.24,0,12.73,48.57,-80.0,-150.2,1014.8,-29.59,-14.96,3.39,30.61
36960,3.74,0,4.6,39.89,-43.0,-101.7,1005.4,-37.97,-12.64,3.98,30.67
36980,1.49,1.41,0,34.17,-110.8,-93.8,985.1,-52.53,-5.89,1.89,30.8
37000,0.02,1.54,0,22.88,-65.0,-16.7,1024.4,-54.97,-17.99,7.34,30.81
37020,2.84,1.95,0,10.87,-78.7,-89.0,967.1,-69.58,-17.61,3.87,30.51
37040,0.08,0,0,11.38,-196.2,14.1,1006.9,-71.17,3.66,0.05,30.25
37060,7.07,0,0,7.9,-49.9,12.1,1041.2,-65.01,-7.84,-0.21,29.79
37080,0.71,8.2,0,0,-116.1,83.8,1016.4,-66.2,10.21,0.85,29.94
37100,0,0,0,0,-187.7,87.0,1005.4,-57.22,16.5,0.73,29.44
37120,0,1.4,2.73,2.92,-95.4,151.1,1053.2,-53.96,12.19,-2.01,29.61
37140,0,3.09,0,0,0.5,168.4,990.9,-40.22,10.25,-5.11,29.3
37160,0,0.82,4.28,0,32.3,95.7,996.3,-28.64,14.72,-3.12,29.01
37180,0.64,3.2,0,0,29.2,88.6,975.0,-16.99,6.87,1.37,28.23
37200,74.98,19.09,6.86,0,-17.5,118.5,1024.2,-3.72,26.7,-2.41,28.28
37220,71.23,31.53,3.3,1.11,37.3,227.3,964.6,17.22,18.55,0.6,28.39
37240,52.35,47.91,11.72,0.4,15.4,107.1,916.9,26.6,18.84,3.82,28.68
37260,41.34,47.5,24.58,0,10.6,201.3,830.4,45.37,22.19,3.24,28.79
37280,18.41,58.75,34.82,0,111.8,178.4,823.0,48.56,15.25,1.84,29.53
37300,8.21,53.63,52.31,1.21,142.1,77.8,866.4,64.11,3.91,1.88,29.46
37320,3.74,43.38,60.33,1.66,-46.0,14.1,799.3,60.33,8.04,-1.37,29.7
37340,0.35,45.77,67.47,2.45,171.5,-3.7,755.8,71.79,8.78,-1.26,30.05
37360,1.62,27.6,75.86,10.94,175.9,11.3,806.6,69.27,-0.02,-1.43,30.48
37380,3.14,18.3,79.49,11.02,61.5,-113.6,825.5,69.93,-4.23,-0.62,30.27
37400,0.94,8.98,72.41,19.9,176.0,44.1,841.1,61.32,-11.42,-6.56,30.18
37420,0,7.92,68.35,28.28,35.1,-94.1,860.7,51.64,-20.17,-3.94,30.94
37440,0,6.81,65.58,42.47,3.2,-78.6,901.5,34.53,-25.33,-8.41,30.74
37460,0,3.93,45.09,51.27,-24.1,-83.8,906.3,28.31,-10.79,-2.49,31.01
37480,0.37,2.23,31.05,62.55,-40.3,-212.1,968.6,14.41,-15.23,-4.34,31.06
37500,2.77,0.48,23.45,65.07,-13.4,-145.6,972.8,1.73,-19.44,0.75,31.03
37520,1.97,1.69,13.51,61.42,-69.3,-55.7,991.8,-12.8,-19.68,2.61,30.54
37540,0.82,0,13.44,50.07,19.9,-121.3,992.8,-30.86,-23.15,1.18,31.16
37560,0,2.58,2.93,37.4,-26.5,-139.5,980.2,-42.18,-17.31,4.37,30.9
37580,1.88,0,7.7,30.39,-12.3,-130.6,1013.9,-52.8,-11.96,7.8,30.62
37600,3.41,1.18,0.13,15.22,-133.4,-160.1,1002.9,-64.99,-9.06,4.55,30.76
37620,5.69,0,1.23,9.42,-162.0,-23.0,1003.9,-71.3,-15.52,4.08,30.25
37640,1.65,1.49,1.05,5.21,-79.6,43.0,986.6,-75.23,5.65,5.43,30.14
37660,0,7.08,0,2.14,-137.4,6.0,1055.5,-69.05,3.27,-3.71,29.58
37680,2.45,0,2.38,0.63,-139.4,50.5,1010.3,-67.28,2.32,-7.97,29.42
37700,0,5.37,0,0,-155.8,152.3,998.7,-62.63,1.2,-3.01,29.18
37720,0,0,0,1.23,-126.7,45.6,1023.1,-50.12,11.13,-3.67,29.08
37740,1.59,4.27,0,0,-84.1,99.2,965.7,-42.84,15.98,-2.34,28.91
37760,0,0,0,0,16.4,75.5,1000.4,-32.95,19.84,-2.2,28.76
37780,0,2.84,4.05,0,-63.1,94.2,1023.9,-12.37,17.03,-3.69,28.29
37800,73.88,15.98,2.6,0.4,-26.6,148.7,977.1,-3.14,13.85,-1.1,27.7
37820,67.4,31.32,15.19,2.8,26.9,108.9,950.4,14.84,15.38,2.58,28.24
37840,54.95,39.98,15.59,0,96.3,166.9,919.5,22.14,16.38,5.35,28.67
37860,37.91,48.21,25.97,0,96.8,133.4,918.4,41.17,17.8,5.12,29.1
37880,22.29,58.63,32.11,0,45.0,154.4,816.2,54.24,8.56,1.87,29.24
37900,7.48,57.34,49.14,1.71,22.0,79.2,832.8,58.23,12.47,3.93,29.53
37920,3.96,46.35,61.89,2.82,118.8,-45.3,770.5,68.23,9.76,3.88,29.93
37940,1.56,38.86,69.54,4.17,-6.0,81.9,819.7,68.22,-0.91,3.02,30.12
37960,0,28.89,72.98,1.94,154.5,-3.3,771.2,64.97,-2.68,3.57,30.09
37980,3.42,11.38,83.45,14.52,135.6,-70.6,782.0,70.01,-7.84,-3.96,30.69
38000,2.82,15.58,77.79,20.04,27.8,-61.6,794.2,54.88,-18.73,-4.3,30.73
38020,1.05,6.31,64.52,22.34,27.5,-135.0,868.6,55.0,-18.16,-6.7,30.85
38040,0,0.73,61.43,39.94,49.2,-92.4,851.9,42.52,-12.14,-3.39,31.22
38060,0,0,49.05,53.16,121.6,-88.6,914.9,29.22,-21.7,-3.65,30.91
38080,0,0.86,33.44,61.1,52.0,-136.2,953.1,13.2,-21.86,-2.71,30.86
38100,0,0,22.36,61.63,-41.5,-102.2,931.7,-4.17,-22.5,1.22,31.19
38120,0,0,15.64,67.29,17.7,-138.8,1012.4,-14.05,-14.94,2.59,30.73
38140,0,0,4.21,45.0,-78.7,-177.4,1017.5,-26.36,-14.76,4.73,31.12
38160,0,5.87,0.49,43.25,-69.2,-106.4,934.9,-41.11,-11.22,2.61,30.77
38180,0,0,1.97,23.94,-32.1,-150.6,974.3,-53.97,-9.41,5.19,30.79
38200,4.16,0,0,18.78,-47.2,-118.8,1005.9,-54.26,-19.83,5.32,30.55
38220,0,1.48,0.54,9.78,-117.5,-71.4,963.5,-65.69,-0.86,1.09,29.99
38240,0,0,4.95,7.27,-77.9,62.2,1035.9,-68.65,-2.62,0.74,30.1
38260,0,0.09,0,0.94,-170.2,13.4,1015.2,-72.53,7.89,-3.42,29.8
38280,0,5.7,0,1.29,-52.2,105.7,1041.4,-64.32,13.34,-3.63,29.74
38300,0.08,1.85,1.08,0.94,-25.5,92.2,963.9,-64.44,10.86,-4.55,29.3
38320,0,0.3,0,0,-60.3,118.9,1030.7,-54.69,21.69,-7.27,28.98
38340,0.27,0,0,2.4,-72.5,62.0,1024.1,-42.02,18.44,-3.97,29.21
38360,2.3,1.52,0,0,-133.3,107.7,956.3,-25.14,16.64,-4.27,28.59
38380,0,0,0,3.11,-78.4,89.1,958.8,-14.11,23.55,-3.36,28.2
38400,75.75,19.64,7.31,0,-35.0,134.5,961.9,-1.89,12.39,-0.32,28.19
38420,69.17,31.58,9.02,0,34.2,148.2,1017.5,7.55,16.52,0.12,28.24
38440,49.85,37.65,11.3,0,53.4,131.7,949.0,26.88,16.48,6.37,28.68
38460,40.0,44.14,24.01,5.5,85.0,113.2,924.8,42.64,13.63,6.84,29.23
38480,21.64,55.15,36.72,0.39,45.8,80.3,801.0,49.37,19.25,2.52,29.15
38500,6.73,51.05,45.45,1.82,110.1,75.1,793.1,61.19,5.0,2.86,29.46
38520,4.66,46.63,62.12,0,141.9,154.8,778.3,63.29,11.59,3.75,29.64
38540,0,36.49,68.95,0,175.9,62.2,732.0,68.24,3.36,4.61,30.19
38560,3.53,23.34,76.47,0.35,121.7,-51.8,810.4,69.57,0.89,-6.91,30.28
38580,0,19.81,76.45,8.47,74.9,-58.1,830.5,69.16,-7.96,-0.84,30.38
38600,3.01,17.08,78.33,17.08,85.3,-51.1,836.6,62.35,-8.79,-3.86,30.49
38620,0,4.47,66.74,23.62,99.7,-41.9,867.3,51.22,-11.26,-3.41,30.99
38640,0,4.15,60.78,36.93,63.8,-188.7,901.8,43.15,-11.12,-5.12,30.73
38660,2.11,0,50.73,52.74,55.1,-165.4,908.9,24.5,-20.89,-4.06,31.0
38680,0,0,29.1,59.52,72.7,-131.0,930.9,15.83,-22.22,0.34,30.81
38700,1.66,0,25.95,63.69,128.9,-147.7,1045.9,2.67,-15.05,-0.35,30.73
38720,0,0,15.44,57.89,-53.3,-159.2,996.9,-15.37,-22.89,-3.83,31.17
38740,0,0,8.13,52.77,-141.7,-108.7,1022.9,-21.36,-25.14,1.58,31.25
38760,0,0,13.83,39.17,-104.0,-123.2,969.5,-34.85,-17.34,2.65,30.67
38780,0.06,0.97,4.23,32.59,-44.1,-39.5,993.5,-54.23,-11.18,7.0,30.95
38800,2.08,2.66,5.12,14.63,-159.4,-157.1,1024.7,-63.88,-14.8,8.15,30.61
38820,0.73,0,0,9.22,-93.0,-86.4,1033.4,-68.21,-6.59,7.26,30.34
38840,0,0,1.84,5.06,-199.3,-38.1,985.8,-70.95,-4.39,3.04,30.43
38860,0,0,3.56,4.72,-141.0,-15.5,962.3,-69.1,-1.73,-0.0,29.68
38880,2.99,0,0,3.22,-74.2,24.6,975.1,-63.21,4.2,-1.0,29.95
38900,1.33,0,0.91,1.93,-91.0,51.4,1064.2,-63.5,11.84,-2.76,29.66
38920,0.97,0,0,4.87,-0.2,76.4,969.7,-60.74,13.29,-3.28,29.08
38940,0,1.0,0,3.84,-10.3,113.6,988.1,-40.1,11.82,-3.92,28.88
38960,3.79,0.76,0,0.71,-90.9,176.1,1012.5,-23.79,18.87,-3.95,28.57
38980,0,0,6.42,0,-28.5,167.7,1014.9,-15.16,15.28,-0.09,28.63
39000,76.02,22.88,5.44,0.41,-57.3,233.6,1008.4,5.77,13.4,1.87,28.07
39020,72.43,35.75,4.74,0,-5.1,163.6,990.7,10.31,10.81,0.95,27.99
39040,55.33,38.31,15.98,2.08,36.0,175.9,897.4,31.9,13.3,4.92,28.55
39060,34.47,54.55,24.53,1.15,65.7,100.5,919.5,31.53,15.42,5.42,29.0
39080,18.57,52.82,38.45,0,104.3,101.0,856.2,53.82,5.69,4.36,29.16
39100,7.75,54.73,50.38,0,52.9,70.3,822.8,64.36,9.4,2.0,29.31
39120,9.73,48.4,60.26,7.05,28.2,43.0,843.2,64.6,5.15,3.31,29.97
39140,1.56,36.54,69.4,4.46,157.9,66.0,776.4,66.03,3.46,0.27,29.61
39160,0,32.49,81.68,9.31,54.2,6.2,792.2,73.76,5.36,0.15,30.4
39180,0,20.23,80.86,6.54,96.5,-30.4,777.4,66.52,-3.26,-2.24,30.27
39200,4.67,13.0,78.73,21.84,166.3,52.6,820.5,59.22,-8.07,-5.31,30.63
39220,0,6.79,68.45,28.26,61.6,-108.8,844.0,51.27,-12.22,-6.11,30.84
39240,0,4.48,51.19,41.34,59.9,-61.5,921.7,38.38,-7.83,-4.79,31.1
39260,2.41,0,49.26,46.8,13.0,-183.0,893.2,24.5,-23.97,-3.5,30.91
39280,0.76,0,35.96,60.95,53.4,-208.6,924.6,11.4,-15.75,-1.47,31.08
39300,1.07,0.3,22.91,63.41,20.0,-149.9,1029.6,3.93,-9.65,2.5,30.84
39320,1.88,0,16.1,61.43,36.9,-159.8,1012.6,-16.77,-29.42,2.51,31.47
39340,4.19,0,11.73,43.36,-93.0,-163.8,1003.9,-32.27,-17.56,4.44,30.6
39360,0.42,0,2.74,39.27,-73.2,-168.5,952.5,-47.02,-17.73,3.9,30.93
39380,0,0,2.2,26.4,-103.5,-47.7,980.9,-50.93,-19.18,5.07,30.86
39400,0,0.47,4.18,18.17,-7.2,-98.0,993.8,-66.85,-8.25,4.43,30.31
39420,2.1,0,3.58,12.7,-44.0,23.4,947.7,-62.06,-13.75,0.59,30.29
39440,0,0,4.22,5.59,-120.3,-59.1,1004.4,-65.46,-7.53,4.21,30.45
39460,2.15,0,0.36,1.37,-100.0,90.8,1026.7,-65.15,5.82,-2.89,30.39
39480,0.24,0.99,0.63,2.02,-185.1,29.8,1039.1,-63.05,4.54,-3.46,29.94
39500,0,2.68,0,0.33,-124.0,47.1,990.6,-58.94,9.64,-4.3,29.5
39520,2.22,0,1.01,9.25,-50.3,140.9,1007.7,-56.47,12.25,-4.14,29.53
39540,1.82,0,1.28,0,92.8,119.8,992.7,-37.99,13.49,-4.0,28.89
39560,0,0,3.42,1.16,22.0,121.1,963.8,-30.23,32.49,1.08,28.96
39580,2.27,0.91,0,0,-116.6,239.5,1005.6,-12.25,13.69,-2.85,28.46
39600,69.65,23.39,2.97,0.63,8.3,110.0,992.1,0.16,19.54,0.86,28.01
39620,71.29,28.45,5.68,0,38.2,263.0,945.6,14.38,18.93,2.98,28.39
39640,55.76,44.74,14.51,0,16.9,123.1,868.9,27.64,24.94,7.02,28.81
39660,38.79,57.23,21.75,0,55.2,113.2,882.4,43.98,14.7,7.68,28.98
39680,21.92,54.12,32.77,0,34.4,58.6,865.3,54.89,8.31,4.8,29.36
39700,12.96,51.45,45.34,0,121.5,49.6,831.7,61.86,8.27,0.95,29.54
39720,3.76,49.54,65.44,0,91.7,-11.0,828.0,64.8,3.31,-3.33,29.5
39740,2.3,35.12,75.61,0,155.4,14.2,817.1,69.44,1.08,-0.33,30.27
39760,1.04,30.88,75.04,8.03,104.5,20.7,773.6,69.37,2.26,-0.1,30.61
39780,0.73,15.88,82.52,5.46,154.0,-82.8,843.9,65.62,-9.09,-3.48,30.55
39800,1.2,12.53,73.96,12.86,154.5,-124.8,822.0,54.76,-13.21,-2.71,30.71
39820,0,13.01,64.51,29.94,50.8,-25.2,797.5,50.88,-11.41,-3.96,30.99
39840,0,7.44,59.66,36.81,86.6,-124.9,885.7,39.95,-22.23,-3.41,30.87
39860,3.26,0,45.61,49.44,-11.8,-171.1,910.3,31.02,-21.27,-5.89,31.52
39880,9.53,4.02,31.05,63.04,-61.7,-151.4,954.4,12.28,-16.19,-0.94,30.62
39900,0,0,19.87,59.36,52.5,-191.9,1012.4,0.97,-30.4,1.25,31.26
39920,0,1.8,9.87,63.95,27.1,-224.7,1038.6,-13.39,-15.99,5.21,31.46
39940,0.02,2.61,13.11,50.91,20.4,-140.9,1043.3,-25.67,-29.61,2.03,31.12
39960,0,4.02,0,34.37,-117.2,-122.4,999.7,-40.56,-12.16,-0.32,30.75
39980,1.45,0,3.8,28.01,-11.7,-108.0,1079.7,-52.74,-12.23,4.61,30.71
40000,0,0,4.51,15.39,-65.1,-77.6,1020.8,-60.5,1.63,3.6,30.45
40020,3.48,2.36,3.16,16.11,-108.7,-29.7,1016.6,-69.81,-2.57,1.38,30.41
40040,0.76,0.82,0.98,8.35,-59.1,3.0,979.6,-69.57,1.02,-2.24,30.54
40060,0,0,4.72,8.29,-114.1,109.1,1024.0,-65.56,0.71,-1.8,29.96
40080,1.85,1.22,1.59,0,-76.5,104.8,996.6,-71.57,6.16,-3.07,29.39
40100,0,0,0,1.34,-22.6,26.6,996.2,-63.97,13.12,-5.99,29.96
40120,5.19,0,3.25,0,-50.2,32.8,999.2,-49.03,14.32,-1.35,29.18
40140,0,2.62,0,0,-75.5,109.3,1035.8,-44.84,17.12,-4.6,28.73
40160,0,4.11,2.22,0,-55.2,172.7,1002.2,-26.65,23.3,-2.83,28.73
40180,3.03,2.68,0,1.91,50.9,143.4,1005.5,-12.07,18.03,-2.22,28.22
40200,77.04,16.14,7.72,0,11.5,101.9,1044.8,1.98,23.73,-2.08,28.19
40220,68.77,36.24,9.14,8.18,91.7,157.6,946.8,12.54,19.02,0.83,28.57
40240,56.56,39.35,11.7,2.2,56.3,184.7,935.2,33.23,4.16,4.26,28.57
40260,41.5,46.23,23.75,0,-6.5,127.9,896.0,41.01,21.58,4.31,28.96
40280,17.76,51.16,29.22,0,36.3,109.8,921.0,49.42,18.31,7.22,29.39
40300,11.0,51.5,46.26,1.33,84.1,-22.4,770.9,62.7,16.59,8.3,29.39
40320,2.53,51.08,59.0,1.19,1.8,43.7,841.4,69.45,11.08,3.02,29.91
40340,0,39.28,71.46,12.34,6.3,-51.6,782.6,73.74,6.3,-0.14,30.06
40360,3.76,24.75,76.37,9.09,99.5,-8.2,808.3,68.1,-0.16,-0.57,29.98
40380,1.64,20.53,77.03,12.78,79.2,-63.7,768.7,65.82,-8.24,-0.01,30.58
40400,0.8,9.43,74.97,20.74,86.4,-15.9,853.7,54.2,-7.22,-6.87,30.6
40420,0,8.72,69.72,31.01,99.5,-88.0,832.7,53.16,-15.01,0.73,30.64
40440,0,1.16,58.53,33.8,157.8,-147.2,937.2,40.55,-18.94,-7.53,30.7
40460,2.07,6.98,46.47,50.2,86.8,-119.4,904.6,26.51,-15.05,0.6,30.92
40480,0.04,0,33.01,60.35,102.2,-192.0,979.4,13.15,-20.78,-3.49,30.95
40500,0,0,24.66,66.93,43.7,-112.4,1036.0,0.95,-23.52,2.15,31.34
40520,3.13,0,14.42,60.22,-5.2,-146.8,974.4,-13.35,-28.99,0.15,31.09
40540,0.7,0.23,4.81,47.99,-43.9,-131.1,956.3,-25.25,-21.14,5.2,30.84
40560,0,0.79,10.17,37.43,-96.3,-192.9,1026.3,-40.98,-17.91,3.06,30.57
40580,0,5.42,2.47,29.46,-134.8,-53.0,999.1,-49.08,-12.05,8.52,30.83
40600,0,0.61,0.44,18.08,-62.3,-16.9,988.6,-62.22,-9.4,4.13,30.47
40620,0,0,2.82,18.86,-170.4,-70.0,1056.4,-73.34,-16.25,5.43,30.47
40640,0,0,0,2.5,-80.0,3.6,1004.4,-70.39,2.36,-0.48,30.22
40660,5.04,1.0,4.58,10.64,-116.9,80.5,956.4,-70.73,4.72,-0.54,30.04
40680,0,0,0.64,3.68,-104.8,-9.7,1072.4,-66.3,4.81,-6.23,29.74
40700,0,2.8,5.92,0,-99.0,7.7,1018.4,-54.86,9.33,-6.13,29.35
40720,0,0,0,1.34,-90.9,159.2,990.8,-51.6,14.29,-1.92,29.22
40740,0.27,3.92,0.06,1.23,-63.4,110.9,1017.6,-42.11,12.77,-3.66,29.04
40760,0,0,4.73,1.25,-28.9,179.9,1062.6,-28.78,21.13,-3.14,28.59
40780,1.37,0,0,6.36,-3.3,137.4,963.5,-13.04,29.43,-3.82,28.47
40800,73.15,19.76,4.94,3.12,104.6,243.7,1032.2,1.37,27.65,-1.55,28.53
40820,67.76,27.85,9.58,0,41.5,116.5,955.7,13.96,19.76,4.07,28.14
40840,57.11,42.21,12.73,0,66.1,158.1,895.1,23.85,21.46,1.53,28.46
40860,29.14,51.83,29.67,0,134.1,174.6,894.5,41.51,10.83,4.63,28.46
40880,21.71,49.38,30.81,0,55.0,102.0,862.0,51.58,10.86,2.52,29.1
40900,14.38,58.1,49.94,0,126.3,155.9,861.7,63.28,-1.8,2.72,29.27
40920,1.51,52.41,64.1,0.78,37.9,105.6,817.9,63.39,3.93,0.79,29.9
40940,1.1,39.42,69.18,1.23,125.4,-13.1,754.6,73.6,-4.96,2.66,30.1
40960,2.33,27.87,71.46,1.26,55.6,30.6,749.9,69.58,4.38,-1.51,30.33
40980,0,25.77,78.92,15.39,43.5,-85.1,759.4,63.89,5.51,-5.81,30.33
41000,4.79,17.42,75.69,18.74,75.8,-21.0,886.3,60.7,-9.54,-4.75,30.6
41020,2.54,12.69,74.3,24.73,109.2,-136.7,863.7,50.99,-17.19,-4.91,30.49
41040,0,3.41,58.49,37.26,59.4,-179.9,888.4,43.23,-21.12,-9.62,30.91
41060,0,12.2,45.71,51.02,12.8,-4.0,915.3,29.25,-27.67,-2.44,30.88
41080,0,4.21,33.33,56.99,8.6,-133.0,944.9,12.03,-17.09,1.24,31.23
41100,0.61,1.34,20.22,58.09,18.7,-173.7,967.3,2.4,-20.35,-1.54,30.99
41120,5.67,0,18.48,60.78,-46.5,-152.2,1012.6,-9.74,-17.0,1.77,30.53
41140,0.8,3.72,6.18,57.04,-63.9,-227.2,1018.9,-26.49,-21.11,5.47,31.09
41160,0,0,2.65,36.31,-116.3,-43.1,986.0,-42.04,-23.03,4.26,30.93
41180,3.34,5.24,5.31,21.95,-62.5,-72.4,951.4,-56.96,-6.34,4.51,30.57
41200,0,0,2.79,19.81,-92.9,-43.8,990.1,-63.46,-11.18,4.31,30.59
41220,0.82,0,3.53,7.3,-22.9,-43.7,985.3,-65.02,-14.03,1.74,30.34
41240,0,1.19,0.46,8.41,-73.9,-120.4,997.1,-68.68,-6.74,1.77,30.18
41260,0,0,0.99,4.5,-117.6,-72.4,961.3,-66.46,4.91,-2.87,30.21
41280,0,5.6,2.14,0.94,-108.2,60.0,1045.7,-67.26,3.08,-6.91,29.7
41300,3.01,1.12,0,1.13,-167.9,58.7,1000.7,-53.66,11.23,-5.13,29.64
41320,5.79,0.41,0,7.08,-107.3,47.4,945.6,-50.32,18.5,-6.08,29.09
41340,0,0,4.73,0,-18.0,165.3,966.2,-44.52,14.4,-5.7,29.05
41360,2.7,0,0,6.64,-86.0,232.3,1009.9,-29.58,9.64,-2.1,28.66
41380,1.56,1.06,0,0,-17.8,158.8,1017.7,-14.67,18.5,-1.3,28.1
41400,74.93,23.71,7.04,0,12.1,87.1,999.2,-0.55,21.82,-4.96,28.2
41420,72.5,28.76,11.45,0.2,-29.6,221.6,973.0,9.41,16.6,0.49,28.94
41440,56.57,38.43,16.82,1.29,6.3,121.0,907.8,27.94,21.43,3.51,28.28
41460,37.88,45.28,23.41,0.22,137.4,136.7,869.6,37.47,21.71,5.59,29.0
41480,24.14,54.03,34.16,0,62.6,48.6,890.0,53.42,7.49,8.19,29.28
41500,12.17,53.78,46.66,0,145.4,-20.8,773.7,54.98,12.7,0.5,29.61
41520,6.66,45.01,62.19,0.08,141.0,27.2,813.4,60.76,0.32,5.0,29.69
41540,0,35.01,66.51,2.76,104.7,-2.6,848.9,73.36,2.75,-1.67,30.36
41560,0,29.63,80.85,2.84,150.5,-39.6,840.9,72.21,2.91,-2.47,30.1
41580,0,24.28,89.59,0.43,90.3,-0.2,807.2,67.64,-8.21,-3.78,30.37
41600,0.15,7.64,76.47,21.16,54.6,-114.6,868.6,63.49,-9.6,-2.35,30.67
41620,0,12.27,69.88,32.25,16.0,-128.9,869.6,52.58,-14.35,-5.23,30.85
41640,0,1.58,55.21,39.22,61.3,-154.6,897.3,41.03,-15.41,-6.63,30.78
41660,2.1,6.83,48.35,51.88,4.5,-150.8,906.9,28.63,-20.35,-0.2,30.7
41680,3.61,0,33.63,57.77,47.6,-202.1,950.8,20.23,-18.9,-1.0,30.81
41700,2.91,3.65,27.62,61.06,-19.8,-140.6,1016.2,-3.12,-21.17,1.28,31.13
41720,0,0,11.99,59.87,78.4,-106.8,974.6,-14.27,-22.76,1.64,30.96
41740,0,1.27,11.43,50.95,-110.1,-91.3,987.8,-31.65,-14.97,2.94,31.02
41760,2.01,1.83,3.93,37.75,-130.3,-128.3,951.7,-47.3,-18.97,4.79,30.61
41780,0,5.72,0,29.96,-35.8,-139.2,1007.5,-50.7,-11.4,5.66,31.04
41800,0.38,1.84,2.05,12.04,-24.0,-41.4,1002.7,-66.22,-19.15,5.52,30.69
41820,0,0,0,7.8,-92.0,-60.3,988.9,-64.41,-2.96,4.55,30.26
41840,0.01,1.69,1.1,7.33,-144.2,11.2,1025.9,-70.56,-6.28,-0.35,30.62
41860,0,0.46,0,3.86,-194.6,54.8,990.6,-69.75,6.19,-0.08,29.93
41880,1.57,0,0,0.57,-78.0,16.0,967.2,-67.68,3.09,-6.2,29.75
41900,1.28,0,0.81,0.79,-103.5,7.6,957.6,-61.16,2.61,-3.53,29.42
41920,2.9,0.58,0.36,0,-71.7,50.2,970.5,-55.63,16.28,-3.22,29.38
41940,3.62,0,0.89,1.38,-86.8,113.8,971.0,-43.61,18.13,-3.3,28.94
41960,0,1.22,1.78,2.89,15.2,106.1,1003.8,-29.86,16.81,-4.82,28.92
41980,0,0,0,0,91.2,130.7,1069.2,-13.46,18.82,0.21,28.59
42000,73.29,20.03,4.54,0,6.0,172.0,1023.2,2.14,20.41,-1.14,27.92
42020,68.24,34.2,13.06,0,26.6,67.5,977.9,11.56,22.16,-1.06,28.4
42040,54.36,41.76,13.95,3.8,45.4,172.0,919.9,23.75,24.59,4.57,28.49
42060,35.57,45.02,23.08,0,97.2,115.4,869.2,41.75,6.72,2.5,28.97
42080,24.68,56.17,31.11,1.01,34.8,150.9,886.3,55.15,11.19,3.34,29.21
42100,11.25,61.75,46.79,0,144.0,29.3,757.8,59.77,12.47,4.32,29.49
42120,2.43,50.47,60.44,0,84.5,-25.6,778.4,68.02,8.94,3.74,29.91
42140,0,38.69,70.93,5.71,-0.3,27.1,818.1,73.17,-1.15,0.23,29.75
42160,0.18,31.08,74.55,7.25,21.7,5.1,804.7,68.32,-5.95,2.47,30.29
42180,2.09,22.49,80.55,15.76,52.9,-6.3,801.7,69.29,-2.09,-2.83,30.59
42200,4.22,13.01,80.04,15.71,153.0,12.3,801.4,63.51,-8.26,-2.79,30.53
42220,3.36,5.16,68.33,28.55,59.0,-117.9,837.5,51.32,-15.18,-1.4,30.45
42240,2.99,0,60.18,38.68,137.5,-65.5,955.1,45.92,-20.24,-6.1,31.0
42260,0,0,43.37,52.88,39.6,-143.9,889.1,29.42,-8.76,-5.95,31.08
42280,0,0,32.81,57.19,-10.1,-157.1,986.6,15.65,-17.37,-4.13,31.03
42300,0,0,24.36,66.93,61.1,-200.4,1007.1,0.76,-12.37,-0.65,30.95
42320,0,2.55,14.11,54.96,3.4,-122.9,1011.3,-16.58,-16.84,1.25,30.63
42340,0.8,5.68,8.67,54.14,-112.1,-99.2,963.2,-34.19,-17.96,1.8,30.81
42360,0.68,0,1.1,39.85,-65.1,-203.6,982.6,-43.0,-14.68,5.28,30.51
42380,0,2.71,0.5,33.59,-39.6,-219.3,1009.6,-56.71,-18.59,3.8,31.07
42400,0,2.16,5.25,17.75,-118.2,-120.7,1031.3,-63.02,-4.49,5.33,30.26
42420,4.55,0,0.98,11.98,-127.9,-89.6,1020.6,-71.22,-7.84,5.07,30.53
42440,0,2.84,0,4.42,-109.6,-29.2,973.6,-68.09,-6.51,-3.56,30.09
42460,1.44,0,0,0.43,-58.4,-45.8,1078.0,-72.04,-5.58,-1.52,29.88
42480,0,5.24,0,5.89,-101.3,13.1,977.5,-63.71,3.2,-4.8,29.8
42500,1.31,0,0,2.67,-130.1,36.9,956.0,-65.48,6.14,0.81,29.2
42520,0,0,0,9.17,-0.1,138.4,961.1,-50.32,14.09,-6.22,29.15
42540,0.29,0,1.55,0,-164.2,105.0,1041.5,-45.43,12.75,-7.63,29.0
42560,0,0,2.42,0,-5.9,117.1,1025.2,-26.69,26.31,-7.36,28.81
42580,2.16,1.43,0,0,40.8,184.5,1017.0,-13.87,15.1,-2.65,28.5
42600,82.78,21.88,10.69,0,20.5,62.2,981.0,-1.95,19.82,-4.06,28.3
42620,72.08,31.1,12.94,0.02,-34.0,114.1,951.3,17.24,25.56,4.29,27.92
42640,52.19,39.38,16.3,8.06,61.2,151.5,906.7,27.97,28.72,4.72,28.45
42660,33.37,50.71,25.51,0,-28.0,79.5,846.8,40.64,11.02,4.86,28.73
42680,27.61,54.82,33.58,0,49.7,46.5,881.6,48.17,9.18,0.86,29.24
42700,15.24,58.1,48.39,0,62.6,129.1,827.5,56.41,4.96,3.32,29.7
42720,8.44,49.61,54.42,1.6,37.6,43.8,793.3,66.45,9.39,8.02,29.96
42740,4.88,43.26,71.95,0,145.2,25.1,820.9,69.37,2.45,0.72,30.18
42760,3.48,36.61,79.23,6.28,86.4,43.0,786.3,72.02,-6.47,-0.33,30.32
42780,0,19.9,83.48,10.06,113.5,39.6,842.9,65.68,-0.95,-1.3,30.39
42800,1.83,15.3,75.93,21.14,58.9,-129.2,812.6,57.77,-7.11,-6.41,30.71
42820,2.15,4.3,63.3,25.95,-35.3,-55.9,889.2,51.91,-14.49,-3.5,31.19
42840,1.45,6.27,60.94,37.96,20.3,-166.7,877.3,45.38,-20.31,-5.52,30.53
42860,0.09,2.58,48.1,51.1,-78.7,-87.1,933.9,30.94,-25.35,-2.03,31.21
42880,3.34,0,29.6,60.51,87.1,-142.3,912.5,11.74,-14.68,-3.99,31.08
42900,0,0,22.09,60.75,-42.0,-123.6,1024.5,-3.3,-15.84,-2.31,31.02
42920,0,1.71,13.49,56.98,-99.3,-149.9,997.9,-14.51,-29.97,2.27,31.13
42940,0,6.34,10.13,53.4,-94.4,-126.4,1024.5,-22.97,-11.43,5.57,30.78
42960,5.91,0,5.8,40.93,-72.4,-137.8,1028.6,-44.62,-15.52,0.71,31.21
42980,0,0,0.62,28.03,-38.3,-184.4,1017.5,-45.08,-12.53,5.2,30.92
43000,0,4.3,3.59,17.32,-122.3,-70.2,1013.9,-62.02,-8.21,6.12,30.57
43020,0,7.13,0,9.55,-92.6,-44.3,961.4,-66.62,-1.54,2.08,30.82
43040,0.15,2.99,0.72,4.43,-214.7,-7.1,993.0,-72.88,0.6,1.47,30.13
43060,1.75,0,0,1.6,-44.4,-15.6,999.5,-66.88,2.9,-1.28,29.81
43080,0,0,4.78,0,-50.1,135.9,1011.1,-65.38,11.75,-4.14,29.69
43100,3.21,0,1.77,0,-137.3,79.2,1004.8,-63.96,9.13,-2.91,29.21
43120,0,0,0,1.33,-173.1,62.6,967.6,-49.72,15.84,-4.43,28.59
43140,0,0,0.01,0.74,-105.1,206.4,1004.5,-40.86,25.55,-7.17,28.96
43160,1.53,5.18,0.6,1.22,-63.2,95.5,977.5,-27.92,11.38,-2.9,28.59
43180,2.46,1.95,5.28,0,-97.1,135.2,1017.0,-18.48,24.77,-4.29,28.53
43200,73.86,16.16,3.7,1.18,30.1,108.3,976.3,-0.7,24.61,0.69,27.91
43220,68.25,29.02,6.06,1.3,84.1,69.7,924.2,14.7,11.95,-2.26,28.35
43240,52.57,40.98,18.76,0.13,52.9,218.9,895.8,28.53,16.68,1.37,28.91
43260,35.4,49.09,26.27,1.07,39.6,80.7,841.7,40.58,20.12,3.3,29.16
43280,25.9,55.3,37.09,4.93,70.4,-25.1,858.0,45.16,5.61,3.46,29.23
43300,10.23,50.11,45.44,0,86.0,43.8,833.6,59.37,19.72,3.95,29.57
43320,4.11,51.35,68.0,7.36,85.2,147.8,837.1,69.29,7.36,3.85,29.5
43340,0,41.95,68.65,1.73,43.2,51.3,834.8,73.27,-2.26,3.43,30.06
43360,0,32.87,77.91,4.18,149.9,-1.6,768.7,71.75,-6.14,-3.77,30.28
43380,0,18.04,79.75,16.21,147.3,-131.1,778.7,64.53,-6.84,0.14,30.01
43400,0.12,15.1,75.51,19.52,49.7,-48.1,853.7,56.56,-1.79,-4.97,30.55
43420,0,3.93,71.19,29.39,24.7,-135.6,872.0,49.15,-7.18,-2.3,30.62
43440,0.49,3.58,57.75,40.81,53.2,-81.9,862.5,38.7,-16.72,-0.38,31.0
43460,0.9,4.72,49.41,49.54,-30.8,-217.4,886.0,28.66,-16.78,-4.1,30.99
43480,0.32,4.37,31.02,53.58,-46.5,-155.1,1016.4,14.56,-16.91,-2.19,31.03
43500,0.03,4.29,29.1,59.26,13.6,-123.2,980.0,0.89,-19.28,1.44,31.14
43520,3.67,0,14.25,65.48,-40.4,-133.2,1012.9,-21.73,-17.08,0.84,31.11
43540,0.41,2.24,11.58,45.89,-17.9,-158.4,988.7,-23.96,-26.75,4.35,31.07
43560,0,2.98,4.44,40.05,-133.1,-143.8,989.2,-45.91,-24.67,8.68,30.8
43580,0,0,6.27,27.51,-109.5,-105.8,967.2,-56.47,-15.38,5.74,30.86
43600,2.54,0,3.26,16.51,-207.3,-136.2,997.7,-61.96,-9.87,5.78,30.58
43620,2.26,2.91,0,9.28,-145.2,-57.8,969.5,-71.42,-4.86,2.25,30.54
43640,0,0,0.16,0.29,-186.6,38.8,1012.4,-71.74,-1.16,2.16,29.97
43660,2.88,1.13,2.97,3.4,-103.5,25.9,966.9,-69.59,5.71,-2.35,30.29
43680,2.89,0.82,0.5,2.3,-173.1,7.1,982.9,-72.41,0.81,-4.13,29.51
43700,2.59,1.82,0,1.78,-114.6,110.6,1048.5,-58.66,9.47,-6.86,29.68
43720,0.91,2.33,1.8,0.34,-80.5,83.5,1054.5,-55.66,11.48,-3.89,28.92
43740,0,0,0,0,-89.0,135.9,987.9,-44.17,16.17,-7.37,28.64
43760,0,4.8,3.62,1.01,-37.3,139.2,995.5,-30.31,12.08,-0.24,28.5
43780,1.83,0,0,0,20.8,180.1,989.2,-16.74,10.8,-3.87,28.55
43800,77.21,18.95,4.14,3.41,-13.8,97.2,1040.9,2.1,19.49,2.74,27.81
43820,68.72,31.93,3.42,5.01,9.5,122.6,989.6,13.92,16.05,0.34,28.44
43840,57.92,42.61,13.12,0,20.3,51.8,988.8,28.31,14.96,6.57,28.8
43860,36.55,44.18,25.65,0,1.3,147.1,851.8,40.38,26.58,6.02,28.9
43880,23.91,56.0,33.15,2.36,160.8,43.4,860.3,50.78,19.62,4.11,29.11
43900,17.91,54.07,43.95,1.91,105.1,100.4,851.4,61.62,12.86,7.47,29.56
43920,4.19,52.69,57.95,0,110.2,-4.4,789.8,67.29,13.06,0.69,29.93
43940,2.36,37.33,66.85,2.68,173.5,39.6,831.2,73.83,-2.28,2.47,29.87
43960,0,33.27,81.05,5.23,71.0,12.6,824.6,69.61,-8.12,2.11,29.99
43980,0,18.52,85.66,8.32,71.0,-21.8,824.6,69.42,-6.83,-4.54,30.18
44000,0,10.34,77.72,11.81,119.8,-47.6,793.5,61.18,-15.25,-3.66,30.55
44020,2.1,2.72,71.01,27.49,2.6,-41.5,800.4,58.99,-23.04,-4.25,30.63
44040,0,6.98,56.59,38.62,39.3,-71.2,877.8,47.09,-23.34,-7.41,30.53
44060,2.29,0.76,46.26,48.95,-11.5,-142.0,915.7,33.31,-26.96,-6.14,30.64
44080,1.95,0,32.92,49.93,37.7,-79.0,926.4,17.78,-17.66,-2.1,31.2
44100,3.13,3.53,22.22,57.66,-1.4,-159.2,957.9,5.99,-12.03,-2.59,31.01
44120,5.8,3.97,7.73,56.87,34.0,-98.9,1020.9,-17.06,-18.87,0.0,30.97
44140,0,0,13.5,53.37,-78.8,-87.2,1015.4,-24.21,-16.12,3.82,31.15
44160,0,0.53,7.14,44.45,-143.3,-126.6,985.5,-41.27,-9.62,5.45,31.13
44180,1.54,0,3.21,27.68,-14.6,69.8,948.2,-56.36,-17.14,5.53,30.71
44200,0,5.03,1.78,19.25,-64.7,-76.6,968.5,-53.67,-18.37,8.19,30.71
44220,4.8,0,0.78,6.76,-99.5,-26.4,1002.2,-68.4,-4.25,5.26,30.68
44240,0,0,0,6.1,-79.0,11.1,947.8,-72.03,-7.07,1.15,30.46
44260,4.32,0,3.25,4.0,-94.1,-9.9,942.9,-67.11,1.15,-1.62,30.14
44280,0,0,0,2.83,-105.6,135.4,1008.4,-65.95,6.32,-2.71,29.17
44300,0,0,0,0,-118.4,79.4,994.4,-62.57,9.25,-3.59,29.55
44320,4.72,0,0.29,0.09,-97.7,24.5,1006.3,-55.68,12.11,-6.5,29.22
44340,3.53,6.62,0,4.07,-16.4,213.8,963.2,-46.64,12.58,-5.57,29.17
44360,0,0,1.15,2.95,-72.8,121.2,1050.5,-34.2,27.26,-1.69,28.87
44380,0,0,0,1.99,16.6,110.5,1000.4,-18.51,31.7,-1.63,27.92
44400,77.35,24.74,8.89,0.45,12.7,116.8,1018.7,-1.83,23.7,1.14,28.49
44420,67.4,26.43,7.7,2.89,81.9,210.6,957.3,17.84,14.44,0.21,28.58
44440,57.71,43.41,19.33,3.21,68.3,84.5,909.7,27.82,20.95,2.23,28.74
44460,39.91,49.99,21.61,0,92.1,105.6,902.9,39.88,11.53,5.18,29.08
44480,21.82,50.85,33.97,0,91.4,116.0,841.4,55.79,6.23,7.64,29.15
44500,7.14,56.98,46.71,0,75.7,8.0,852.3,62.74,11.47,5.19,29.44
44520,1.24,52.44,56.42,0.24,136.7,26.1,817.2,60.1,2.6,4.7,29.61
44540,2.11,41.31,70.62,3.98,108.4,39.2,789.7,69.37,2.63,1.85,29.79
44560,1.0,23.46,75.41,0,133.8,-100.3,733.8,73.8,-5.44,-1.8,30.46
44580,2.94,24.99,81.41,11.55,110.1,-71.8,834.9,61.31,-8.48,-0.43,30.51
44600,3.35,14.88,79.53,19.73,102.1,-27.4,814.5,61.76,-11.2,-5.9,30.66
44620,0,4.6,71.32,26.94,74.8,-182.4,875.9,53.86,-12.31,-6.32,30.94
44640,3.32,3.4,63.82,39.29,123.2,-94.9,929.5,40.36,-24.8,-7.46,30.92
44660,0,0,51.02,56.37,0.0,-221.1,912.4,32.32,-19.29,-5.13,31.14
44680,0,4.54,37.42,58.77,45.6,-204.3,906.3,17.44,-16.81,-3.48,31.21
44700,3.61,0,23.4,63.96,14.5,-139.7,955.8,-2.58,-24.58,-0.78,30.95
44720,0,0,11.91,59.56,-33.8,-100.6,993.2,-15.36,-21.49,3.8,31.27
44740,0,0,11.62,46.75,-50.0,-166.7,991.7,-32.95,-19.96,2.58,30.82
44760,3.32,3.75,12.33,38.42,-103.2,-69.0,942.7,-39.57,-20.77,1.6,30.65
44780,0,0,0,31.37,-79.8,-66.9,1016.3,-52.96,-21.96,4.1,30.75
44800,0,2.84,0,18.91,-105.2,-64.4,961.1,-61.19,3.88,5.28,30.53
44820,1.18,1.29,0,9.22,-175.1,-8.0,971.0,-69.87,-8.16,3.24,30.17
44840,1.81,0,0,7.51,-100.3,-37.1,969.4,-73.31,11.62,1.26,30.28
44860,0,0,1.95,0.82,-62.7,-54.4,969.0,-67.41,3.68,-3.01,30.02
44880,0,0,2.28,2.1,-93.1,-2.8,1038.4,-66.84,7.86,-1.55,29.77
44900,0,0,3.61,0.93,-93.1,72.2,988.2,-64.24,9.3,-9.62,29.35
44920,0,3.38,0,0,-53.9,114.7,957.7,-50.03,14.99,-4.59,28.9
44940,0.52,2.45,0,0,-34.9,122.1,944.9,-45.5,24.42,-6.47,28.66
44960,5.44,0,0,0,-60.9,183.0,972.3,-25.02,21.43,-1.78,28.92
44980,1.48,1.95,0.71,0,4.8,135.0,986.0,-9.63,20.13,-5.71,28.49
45000,76.25,25.94,2.1,0,-5.9,130.3,977.5,-4.32,19.12,1.08,28.05
45020,70.41,31.44,14.35,0,1.1,166.9,1009.0,14.64,23.07,4.85,28.4
45040,54.05,42.73,12.16,3.36,33.4,232.1,974.1,25.09,13.7,8.85,28.84
45060,42.28,52.58,25.96,1.39,99.2,155.0,854.8,35.02,15.73,8.12,29.09
45080,19.25,55.26,35.18,0,100.7,102.7,840.0,53.49,7.03,5.14,29.32
45100,15.34,51.04,42.31,2.67,62.5,94.2,827.1,70.09,10.23,7.03,29.58
45120,3.12,51.45,57.05,0,137.1,72.5,782.0,66.79,5.3,-0.6,29.66
45140,2.97,40.08,72.25,0.8,172.3,85.5,778.4,72.12,6.93,1.94,30.1
45160,4.21,29.73,77.95,3.56,27.2,-43.9,832.1,75.09,1.11,0.09,30.08
45180,0,22.66,77.71,11.16,155.3,-82.8,868.4,68.43,-5.51,-2.0,30.3
45200,0.11,8.05,74.99,14.31,110.2,-94.5,860.3,59.85,-14.21,-2.79,30.13
45220,0,8.05,69.35,24.16,107.3,-172.0,859.6,52.32,-11.54,-3.18,30.58
45240,2.34,0.87,61.87,40.12,35.9,-119.1,826.1,43.12,-11.72,-1.33,31.21
45260,0,0.67,41.7,46.54,14.5,-166.2,948.3,29.61,-18.15,-0.4,30.57
45280,0,1.26,37.47,57.99,-58.9,-175.3,980.5,16.98,-17.75,1.64,30.91
45300,0,0,23.34,63.07,32.8,-92.8,1009.3,0.34,-24.02,5.23,30.88
45320,0.99,0,14.27,59.15,-9.3,-223.1,1017.0,-13.88,-27.16,0.23,30.95
45340,0,0,6.12,54.02,-16.6,-71.7,987.7,-29.95,-26.98,4.81,30.8
45360,0,0,5.55,40.74,55.4,-79.4,941.6,-40.35,-22.18,2.53,30.97
45380,6.81,0.21,3.21,25.98,-70.3,-188.6,950.6,-50.76,-20.01,6.34,30.85
45400,0,0,1.21,17.92,-62.9,52.7,1002.4,-63.95,-5.59,3.07,30.22
45420,0.73,0,3.47,9.14,-153.8,-29.3,979.5,-65.77,-8.36,6.55,30.59
45440,1.43,0.92,2.64,5.18,-176.7,-47.6,1037.3,-69.87,-1.04,2.08,30.23
45460,4.03,2.21,2.08,0,-80.3,85.2,997.4,-67.54,4.02,-4.11,30.15
45480,0,0,0,2.83,-146.2,35.9,990.8,-66.88,7.09,-3.75,29.71
45500,2.39,0,1.82,0.64,-96.6,98.9,1027.1,-58.24,4.7,-4.83,29.65
45520,0,5.21,8.19,1.55,-142.7,127.0,998.9,-50.96,0.69,-5.6,29.16
45540,1.36,0,0,0,1.2,159.7,1004.0,-41.11,18.85,-3.68,28.67
45560,0,0.15,5.45,0,-87.8,159.5,1027.1,-25.32,18.24,-4.06,28.66
45580,0,0.32,0,0,14.5,121.9,1023.1,-18.88,24.0,0.78,28.2
45600,74.24,22.44,10.27,0,-16.9,150.3,1057.7,0.3,16.95,3.5,27.8
45620,67.54,28.53,6.01,1.44,54.2,215.1,952.2,14.86,9.01,-0.74,28.15
45640,59.44,43.09,18.47,1.1,-8.9,140.2,892.6,27.9,16.95,3.26,28.42
45660,26.95,50.4,23.47,0,18.8,195.6,863.9,39.67,12.58,4.58,29.13
45680,19.59,54.93,35.76,0,60.3,194.7,870.8,54.82,15.36,5.6,29.07
45700,11.56,48.72,43.22,0,90.5,59.4,826.9,63.83,5.9,4.92,29.35
45720,5.88,45.54,59.5,2.77,72.4,88.9,849.3,63.02,7.68,3.1,29.47
45740,0.78,46.28,73.9,0,95.2,20.4,808.1,71.38,4.51,2.22,29.6
45760,3.06,25.19,77.56,2.17,83.8,-19.4,838.5,73.82,-2.39,-0.74,30.31
45780,0,21.54,84.03,17.32,112.5,-15.3,802.4,69.76,-9.99,-6.19,30.24
45800,0.45,15.09,76.61,20.69,147.8,-50.8,840.4,61.64,-1.69,-7.19,30.45
45820,0,7.07,63.83,21.8,128.5,-147.7,855.8,49.46,-11.47,-5.5,30.52
45840,4.52,2.93,60.56,35.62,92.4,-168.7,919.5,40.13,-1.84,-4.5,30.97
45860,1.49,7.87,40.94,51.57,-11.5,-159.5,909.7,21.55,-18.75,-3.41,31.03
45880,4.78,0.61,31.04,56.79,40.7,-155.2,916.4,11.99,-18.07,-3.02,30.69
45900,0.42,5.87,18.92,60.82,8.3,-131.6,994.6,0.66,-19.7,1.57,30.83
45920,0,1.21,16.14,56.48,-45.9,-257.0,959.1,-17.66,-18.12,3.44,30.97
45940,0,0.46,7.44,53.76,-87.4,-196.2,997.8,-35.08,-23.8,6.15,30.86
45960,0,0,6.62,38.75,-96.1,-145.4,975.5,-38.82,-20.59,9.06,30.78
45980,0,0.19,2.89,23.48,-68.5,-158.9,1009.8,-53.79,-16.11,4.68,30.21
46000,5.82,1.92,0,16.65,-48.2,-90.4,1078.3,-59.58,-8.85,4.72,30.73
46020,1.8,0,0,6.31,-69.3,-65.3,1024.4,-66.7,-5.15,4.55,30.31
46040,0,0,5.53,6.46,-110.9,-36.9,998.8,-73.25,-2.09,0.3,30.34
46060,2.61,0,3.26,4.27,-79.3,112.7,959.3,-72.08,-2.59,1.25,29.86
46080,0.77,0,0,1.34,-1.6,-33.7,1050.7,-64.23,5.65,-2.01,29.82
46100,0,3.41,0,3.51,-84.0,99.7,988.0,-62.85,9.74,-2.87,29.98
46120,0.1,0,0.14,1.12,-63.9,128.5,1023.8,-52.22,16.16,-6.09,28.85
46140,2.32,0,0,1.93,-89.4,217.8,979.7,-40.53,11.74,-8.85,28.52
46160,0,0,0,1.57,42.8,72.7,972.2,-26.35,23.28,-2.42,29.12
46180,2.37,2.27,1.32,0,41.2,201.0,1016.6,-12.43,12.42,-3.48,28.5
46200,74.48,14.44,3.2,0,36.0,162.2,1034.3,-2.65,21.5,0.67,28.28
46220,64.96,31.19,11.15,0,6.1,148.2,980.5,10.25,15.49,-1.66,28.36
46240,54.72,44.23,12.14,3.76,51.3,151.5,914.0,25.89,16.72,-1.26,28.55
46260,41.87,54.62,21.07,2.89,34.4,122.2,919.9,41.42,18.18,7.4,29.06
46280,22.58,53.75,36.69,2.55,100.3,56.1,880.6,51.59,12.57,3.18,29.06
46300,9.5,57.52,51.69,2.51,201.4,32.9,806.7,61.71,5.32,1.18,29.55
46320,1.27,54.73,56.24,1.39,81.8,68.5,826.6,61.84,15.16,3.28,29.77
46340,0,41.99,70.32,3.9,127.5,46.4,859.7,66.63,-6.33,2.01,30.2
46360,0,26.01,83.22,9.77,80.7,33.1,822.1,68.67,-12.03,1.18,30.78
46380,0,24.07,81.48,11.02,74.4,-39.2,761.3,67.45,-4.07,-5.33,30.15
46400,3.63,13.2,73.9,19.66,121.5,-88.5,789.5,59.62,-5.15,-5.78,30.43
46420,0,3.71,66.96,29.2,118.6,-89.6,879.5,52.0,-18.43,-4.99,30.72
46440,0,4.92,60.94,41.67,37.8,-89.8,892.6,39.0,-18.45,-7.5,31.15
46460,0,2.1,48.4,52.54,79.1,-104.0,922.9,30.08,-29.69,-3.01,30.98
46480,0,0,32.6,54.83,-43.0,-209.3,975.8,19.58,-24.98,-0.93,30.87
46500,0,0,21.39,64.4,71.2,-126.9,1032.5,-0.01,-26.58,2.21,30.84
46520,0,0,13.55,54.16,-37.4,-160.9,1048.3,-12.67,-19.69,-0.57,30.68
46540,3.09,0,13.77,51.52,-76.9,-220.2,976.0,-29.61,-14.45,1.09,30.91
46560,3.46,0.36,3.71,44.12,-71.3,-129.6,1013.4,-42.51,-10.25,1.4,31.03
46580,0,1.34,0,26.45,-67.7,-37.8,985.9,-54.32,-17.74,4.22,30.8
46600,0,4.81,0.2,13.23,-162.3,-7.0,1067.3,-60.39,-8.74,6.37,30.5
46620,0,0,5.25,10.54,-141.6,-12.6,1028.9,-69.75,-10.99,1.84,30.6
46640,0.01,0,2.5,5.66,-101.5,-13.1,1039.6,-73.73,4.96,-4.21,30.37
46660,0,4.05,0,0,-51.6,89.7,1026.6,-70.67,4.65,-1.42,29.97
46680,0,0,2.94,0,-189.8,97.4,1018.5,-65.53,-0.58,0.46,29.85
46700,0.82,2.94,0,0,17.9,91.0,999.1,-62.12,13.13,-3.54,29.41
46720,1.2,0,0.52,4.05,-29.2,70.9,1036.8,-47.71,7.0,-6.09,29.42
46740,0,1.57,0,0,-62.5,159.6,938.6,-39.0,9.5,-5.86,29.02
46760,5.22,0,2.18,3.04,-77.2,160.9,986.3,-30.49,19.68,-6.27,28.67
46780,0,0,3.2,0,49.0,269.3,1004.8,-12.91,26.38,-4.39,28.26
46800,75.7,20.93,7.09,0,32.5,251.3,1027.1,-2.29,15.62,-3.02,28.16
46820,72.67,31.67,12.64,1.97,4.5,298.5,969.1,11.2,22.48,-1.66,28.51
46840,56.21,41.24,14.43,1.37,64.1,156.2,970.2,28.98,9.09,4.82,28.88
46860,37.28,48.58,26.88,2.85,44.4,85.4,918.5,41.32,26.45,8.77,28.97
46880,23.42,54.02,35.86,0,129.4,134.7,846.4,50.75,11.19,8.83,29.14
46900,12.89,45.04,42.91,0,77.9,31.6,812.0,60.97,2.58,5.09,29.33
46920,6.86,48.24,62.0,3.7,38.2,-3.1,842.9,63.63,15.24,4.37,29.99
46940,0,46.32,68.6,5.63,57.4,-76.3,852.3,64.54,7.79,0.24,29.96
46960,2.25,32.54,79.96,0.26,40.7,9.4,764.1,71.87,-11.36,-3.12,30.43
46980,0,17.72,78.55,7.74,102.1,-81.4,858.2,62.31,-7.49,-0.7,30.51
47000,5.28,14.23,79.21,14.89,70.9,-133.9,878.0,62.47,-1.64,-1.15,30.75
47020,4.11,9.39,70.68,27.32,28.4,-112.1,840.4,51.44,-11.8,-4.17,30.83
47040,0.28,7.29,56.67,38.9,177.6,-175.1,862.7,35.73,-9.57,-5.57,30.66
47060,2.72,2.33,45.34,51.07,38.5,-101.9,905.2,26.79,-27.21,-2.56,30.61
47080,0.58,3.85,32.45,56.12,80.5,-184.3,977.2,19.47,-17.1,-2.22,30.68
47100,0,0,25.31,65.24,2.3,-103.0,1018.6,-1.85,-21.51,1.45,31.25
47120,0,7.05,13.52,62.05,27.7,-194.2,1028.6,-8.69,-24.3,2.49,31.1
47140,0,2.64,10.88,54.92,-38.1,-221.3,1026.9,-26.94,-25.7,3.52,30.76
47160,0.24,0.78,8.4,41.32,-136.2,-129.9,995.8,-50.91,-21.81,4.55,30.92
47180,0,0,7.88,26.32,-54.7,39.2,977.2,-53.64,-13.64,3.57,30.78
47200,0,0.82,0.17,19.35,-28.0,-94.9,1030.9,-62.44,-13.66,5.11,30.56
47220,0,2.19,3.12,7.3,-66.0,48.5,999.0,-68.56,-7.92,2.67,30.44
47240,0,0,4.3,6.78,-89.6,20.0,932.3,-70.63,-2.01,2.9,30.06
47260,2.98,0,0,6.57,-68.4,46.4,1019.9,-69.27,1.94,-0.89,29.98
47280,0,0,0,3.85,-78.0,57.4,955.9,-65.91,8.32,-0.15,29.64
47300,0,3.4,0,0,-112.5,27.0,934.9,-61.71,20.55,-4.52,29.69
47320,0.55,0.73,1.3,4.47,-9.3,214.3,993.0,-55.35,8.18,-6.95,29.02
47340,0.27,0,0.99,0,-82.1,73.4,1011.5,-44.98,11.04,-3.24,28.73
47360,3.49,0,2.15,3.22,-30.7,70.5,1027.4,-22.03,15.58,-7.33,28.4
47380,1.74,0,0.41,0,-41.8,159.2,1010.5,-16.89,20.74,-1.49,28.5
47400,77.51,20.04,0,0,-17.4,105.9,1083.3,-0.87,23.7,0.04,28.16
47420,71.72,27.12,12.83,0,-24.7,120.9,933.1,14.98,21.07,0.55,28.2
47440,51.06,42.18,15.54,0.38,117.7,179.9,923.3,30.3,24.63,4.75,28.7
47460,37.2,46.39,21.54,0,80.3,125.1,849.1,45.14,18.78,1.04,28.91
47480,23.7,54.96,33.38,0,117.4,152.4,861.0,50.61,14.21,3.96,29.26
47500,8.49,51.93,50.41,0.09,23.8,69.2,844.6,60.18,11.65,2.59,29.88
47520,2.96,44.18,60.21,1.64,59.7,106.3,839.1,64.28,3.41,4.14,30.07
47540,4.12,43.71,69.96,0.12,188.6,-10.8,815.4,73.71,5.09,1.65,30.27
47560,2.23,28.51,72.32,3.46,97.8,-16.1,788.1,64.49,-2.52,1.19,30.14
47580,0,19.64,79.5,14.63,108.8,-1.5,837.6,62.73,-3.93,-3.17,30.14
47600,0,8.9,78.59,17.14,56.4,-87.4,823.5,63.41,-4.93,-3.66,30.68
47620,0,4.51,69.59,28.97,157.9,-96.1,847.6,50.67,-19.06,-9.08,30.71
47640,0,4.63,57.01,39.63,47.0,-192.3,863.1,40.93,-23.48,-6.85,30.73
47660,0,0.18,44.62,49.62,43.4,-132.5,898.8,29.3,-19.2,-6.08,31.05
47680,1.18,0,36.9,60.15,102.8,-129.9,963.0,18.0,-21.55,-3.79,30.69
47700,0,0.5,18.5,64.5,-10.4,-64.5,989.4,0.86,-24.49,0.19,30.88
47720,1.84,0,13.52,59.75,-63.6,-193.4,985.6,-13.58,-14.18,4.35,30.89
47740,0,0.2,12.46,55.98,-43.1,-140.6,994.4,-33.86,-16.54,4.15,30.79
47760,2.1,4.15,4.09,39.8,-78.5,-104.7,931.3,-43.5,-13.04,4.51,30.79
47780,0,1.91,0,28.08,-99.9,-99.5,965.5,-50.42,-12.09,7.7,30.76
47800,2.8,0,0,19.24,-173.9,-73.6,1032.0,-61.55,-9.19,3.1,30.8
47820,0,0,0,8.96,-115.2,40.2,1029.4,-69.57,-3.19,2.91,30.36
47840,0,4.88,0,5.9,-100.3,72.1,970.5,-69.26,-2.48,-0.66,29.93
47860,0,0,0.88,2.46,-91.8,80.2,1008.3,-68.43,6.61,-1.77,30.24
47880,2.09,0,0,0.69,-91.0,-33.2,1033.7,-63.25,5.45,-4.81,29.5
47900,0,0,1.23,1.04,7.5,13.1,952.5,-55.96,11.82,-4.09,29.4
47920,0,2.54,0,4.53,-106.2,72.3,952.9,-48.62,16.43,-6.06,29.05
47940,0.85,1.96,0,0,-47.6,187.4,990.6,-35.36,19.39,-6.42,28.77
47960,1.27,0,0,0,-40.1,127.6,976.6,-25.67,20.66,-9.59,28.54
47980,0,0.08,0.07,0,-42.4,105.1,964.2,-18.42,12.02,-0.53,27.98
48000,72.09,21.43,9.4,4.03,50.4,83.8,1022.6,-1.0,18.36,4.08,28.25
48020,68.84,32.18,12.64,0,13.4,119.6,937.7,14.57,20.51,2.06,28.35
48040,54.64,41.52,15.09,1.1,55.4,240.5,976.4,33.8,15.71,3.5,28.27
48060,35.29,50.39,26.85,2.6,-81.4,140.4,917.8,40.63,21.23,6.83,28.91
48080,22.84,58.09,41.66,1.49,33.5,136.5,892.9,55.55,16.16,4.21,29.23
48100,12.08,54.53,48.82,2.55,19.0,164.1,812.0,57.89,14.34,1.94,29.19
48120,6.83,49.73,60.47,1.25,107.0,134.6,734.7,64.86,3.07,1.61,29.64
48140,3.16,43.24,67.79,5.06,43.5,8.9,799.9,75.47,-0.4,1.55,29.88
48160,0,31.61,82.18,7.32,151.5,10.0,796.8,66.5,0.44,-0.37,30.34
48180,3.07,22.48,74.74,5.2,69.6,35.8,753.9,60.64,6.14,-6.99,30.57
48200,0,15.23,77.26,18.86,165.0,-54.9,817.3,64.63,-7.82,-3.3,30.76
48220,0.9,7.48,66.59,29.74,106.5,-113.6,846.2,48.5,-12.05,-4.58,30.8
48240,0,8.15,59.17,41.59,-17.9,-71.1,894.4,37.6,-12.98,-4.37,30.56
48260,1.72,1.96,49.59,48.48,83.8,-128.3,908.7,27.89,-14.31,-2.48,30.94
48280,2.92,0,35.06,57.94,-6.1,-191.9,941.6,14.7,-17.67,-3.83,30.77
48300,0,1.81,19.73,56.77,-72.9,-172.9,972.8,-1.42,-16.44,-1.66,31.09
48320,0,0,17.57,58.9,-91.6,-69.1,986.3,-13.2,-24.19,-1.89,31.31
48340,0,0,10.49,50.88,-61.4,-108.9,982.4,-26.92,-11.97,4.95,30.97
48360,0.01,0,0,35.97,-54.5,-144.5,990.6,-41.89,-20.33,5.59,31.1
48380,1.51,1.23,0,29.4,-120.2,-66.6,1009.6,-51.03,-20.55,2.33,30.31
48400,0,0.25,3.69,21.15,-67.5,-28.9,977.2,-61.61,-17.86,3.32,30.69
48420,0,0,0.38,6.24,-88.6,28.9,1003.8,-64.83,-1.73,2.41,30.29
48440,2.26,2.34,4.59,8.49,-150.5,53.0,978.1,-71.26,0.24,2.19,30.48
48460,0,5.37,3.23,1.4,-141.0,-44.1,981.0,-68.88,-6.13,-3.06,29.7
48480,0,0,0,3.53,-6.5,38.5,1064.7,-66.43,-5.74,-1.92,30.01
48500,4.88,0,0,2.68,-86.6,55.5,1003.5,-57.05,13.22,-3.98,29.19
48520,0.22,0,0,0,-120.1,144.1,1001.7,-54.42,1.28,-6.26,28.79
48540,0,1.46,0.15,0.86,-36.4,124.7,997.7,-43.04,19.99,-5.44,28.91
48560,0,0,0,0,-130.4,146.8,951.7,-26.89,23.56,-2.13,29.01
48580,0.3,0,4.53,2.54,138.8,72.2,1013.9,-11.5,24.08,-3.44,28.34
48600,69.05,21.33,8.31,1.56,-123.0,62.4,964.1,-1.68,23.77,0.19,27.88
48620,69.52,29.37,13.83,3.33,94.3,139.9,922.6,14.75,18.03,0.08,28.38
48640,53.37,40.71,20.77,0,-21.9,202.7,910.1,23.58,19.48,1.61,28.5
48660,37.31,46.59,22.54,5.91,109.2,182.8,862.0,41.25,19.03,3.41,28.86
48680,16.66,56.57,36.97,4.79,35.0,112.5,856.4,49.3,16.94,5.55,29.24
48700,6.79,54.92,47.06,0,142.8,90.1,834.5,58.36,7.05,5.09,29.29
48720,9.09,48.64,59.53,1.77,151.0,75.6,869.0,66.22,4.18,7.34,29.56
48740,3.39,37.86,72.05,0,253.9,-25.9,769.8,63.74,5.85,2.16,29.93
48760,0,31.59,80.25,0,71.5,2.4,754.7,73.88,-10.11,-1.23,30.75
48780,1.74,21.37,83.7,7.82,127.0,-53.3,797.1,62.94,-10.3,-4.07,30.42
48800,0,11.56,74.65,20.17,-9.7,-11.9,821.7,56.46,-15.32,-6.07,30.6
48820,0,5.35,69.24,23.3,80.4,-97.8,832.6,48.47,-15.56,-2.64,31.0
48840,0,1.51,49.89,35.1,58.1,-90.7,908.8,46.13,-14.74,-1.44,30.57
48860,0,0,48.64,50.04,92.5,-102.1,929.3,25.29,-16.42,-5.84,30.76
48880,0,0.63,29.61,56.73,-26.4,-184.1,978.1,14.5,-16.4,-1.76,31.3
48900,0,0,21.06,60.6,-81.7,-191.7,1019.1,3.71,-13.94,-1.08,31.02
48920,0,0,19.22,63.0,-29.8,-106.0,1008.2,-8.28,-22.23,4.02,31.15
48940,1.54,0,9.29,53.95,-8.1,-64.2,989.7,-25.46,-19.89,2.02,30.73
48960,2.46,0,12.36,39.31,-63.5,-181.4,999.7,-39.02,-10.93,3.22,30.74
48980,2.19,0,0.64,31.06,-117.7,-176.7,981.8,-48.66,-6.18,5.34,30.7
49000,0,0.47,2.96,20.49,-56.4,-0.7,988.9,-62.93,-10.0,7.03,30.42
49020,0,3.81,0,11.75,-84.3,-53.1,1009.8,-69.41,-0.49,2.73,30.53
49040,1.08,0,0,5.49,-163.9,-54.9,957.7,-67.67,-7.94,1.81,30.19
49060,6.65,2.13,0,0.84,-18.1,90.1,1018.9,-69.6,4.27,0.38,30.22
49080,5.38,0,1.89,2.46,-29.0,22.2,1046.2,-65.11,9.52,-3.3,29.62
49100,1.52,2.18,0,5.51,-120.1,41.8,984.2,-59.12,8.61,-3.87,29.55
49120,0,0,0,0,-137.5,24.8,1003.7,-57.1,9.85,-6.82,28.94
49140,3.86,5.63,3.17,0,-140.5,132.2,1014.2,-34.15,12.22,-5.5,28.69
49160,5.78,1.81,0,2.67,-46.5,149.5,1007.2,-26.91,25.77,-3.55,28.64
49180,0,0.73,0.48,0.35,-53.9,89.7,980.9,-7.76,18.62,-0.44,28.78
49200,73.82,19.79,7.47,0,-0.0,104.7,925.6,2.34,14.46,0.58,27.88
49220,69.62,29.47,12.81,0.71,-5.6,128.1,916.1,15.32,19.81,2.15,28.44
49240,52.16,37.06,16.87,0,-20.1,85.1,990.7,26.77,17.15,2.26,28.82
49260,34.01,52.44,24.58,0.79,109.6,103.8,834.2,36.65,19.31,7.47,28.98
49280,22.07,55.49,33.92,0,6.0,67.2,794.7,55.25,15.79,4.15,29.03
49300,14.94,53.53,51.23,0,-18.0,126.5,808.4,58.39,9.51,6.53,29.63
49320,7.32,48.18,63.1,5.74,164.2,44.7,783.1,64.66,1.4,4.16,29.78
49340,1.09,39.88,71.81,3.33,81.1,-57.4,794.8,71.24,4.49,2.74,30.06
49360,0,32.59,80.27,13.38,129.6,83.2,784.2,71.78,-1.22,0.31,30.27
49380,0,15.57,76.9,12.53,59.7,-164.9,812.6,69.74,-6.34,-2.14,30.16
49400,0,10.14,75.5,18.03,25.9,34.1,823.2,63.03,-6.34,-2.61,30.83
49420,1.35,4.44,70.38,29.82,107.6,-139.6,848.4,55.59,-18.03,-6.65,30.32
49440,5.7,2.81,58.89,41.25,57.6,-176.4,821.0,40.81,-14.25,-4.2,30.95
49460,0.66,10.34,51.58,54.36,-34.8,-103.7,907.7,29.05,-15.72,-3.69,31.11
49480,0,0,31.09,59.55,67.5,-38.3,975.4,14.11,-26.56,-1.32,31.33
49500,0.98,2.48,17.74,57.5,-110.7,-191.1,980.4,-1.4,-23.18,-1.01,30.81
49520,3.06,0,10.58,56.47,12.0,-223.8,1017.2,-10.69,-17.42,0.11,31.15
49540,2.87,0.9,6.74,47.42,-61.9,-99.5,1014.7,-29.96,-11.72,6.13,30.9
49560,3.48,0.91,0.84,40.3,-138.8,-171.1,1022.3,-41.33,-17.26,9.6,31.0
49580,0,0,9.73,22.51,-86.3,-118.1,982.7,-52.21,-19.31,4.72,30.7
49600,0,0,0,18.43,-96.5,-119.1,1050.4,-54.18,-7.1,4.9,30.51
49620,0,0,0,10.91,-65.6,2.6,1036.0,-65.4,7.62,0.66,30.61
49640,3.59,0,0,0,-146.5,-29.0,991.9,-71.17,9.28,1.68,30.37
49660,1.48,4.2,0,5.34,-190.1,68.6,1012.6,-77.34,0.32,-1.57,30.49
49680,5.39,6.54,0.4,7.01,-150.3,56.5,985.9,-72.72,4.45,-1.49,29.71
49700,0,4.81,0,0.8,-86.1,-4.9,980.7,-58.3,18.85,-5.01,29.73
49720,2.87,0,5.74,2.41,-61.8,42.0,1004.4,-57.52,10.19,-2.15,29.26
49740,2.87,3.19,0,2.16,-126.5,92.5,1025.4,-39.74,16.15,-4.53,28.75
49760,0,0,0.35,0,-94.2,169.6,993.9,-29.66,9.28,-3.56,28.32
49780,0,0,0,0.79,-51.7,58.5,1006.3,-14.77,19.71,-2.26,28.27
49800,74.38,18.48,5.53,2.8,-100.2,145.8,1026.8,2.91,21.74,-1.83,27.68
49820,68.35,27.01,14.9,3.03,-61.8,100.5,918.7,19.84,15.64,2.33,28.5
49840,57.94,44.08,14.51,0,-72.7,121.7,965.5,30.1,16.56,0.41,28.9
49860,33.11,53.52,23.18,0.66,54.1,29.1,916.9,39.92,13.16,7.68,28.98
49880,23.56,58.15,37.48,0,107.9,76.4,896.0,53.84,15.48,5.76,29.23
49900,8.6,57.1,46.24,0,84.2,98.7,877.4,55.42,3.66,6.81,29.38
49920,12.01,49.32,55.58,0,143.8,40.4,881.7,69.54,8.43,4.1,29.41
49940,0.15,36.16,71.41,0.85,112.1,30.2,806.5,64.07,10.09,1.73,29.82
49960,2.29,30.05,77.01,1.06,66.2,-46.9,765.7,72.89,9.28,-0.08,30.23
49980,0,18.2,77.01,14.77,-25.9,-12.7,782.0,61.99,-2.7,-3.14,30.38
50000,0,10.34,79.79,20.88,112.2,-52.8,848.9,57.16,-12.16,-5.63,30.14
50020,0,2.71,71.03,31.11,80.5,-8.7,848.4,49.51,-14.44,-2.64,30.8
50040,0,9.25,59.99,39.62,-18.7,-121.4,892.4,39.84,-10.41,-1.45,30.51
50060,2.55,3.28,50.85,53.83,60.7,-120.5,883.8,31.08,-15.14,-5.49,31.03
50080,4.78,0,38.67,56.42,-5.4,-128.2,1013.1,17.53,-15.13,-1.15,30.95
50100,0,0,22.55,56.68,21.6,-199.9,971.0,-2.74,-19.24,-0.25,30.7
50120,0,0,11.14,59.44,-84.7,-133.6,1009.8,-22.24,-19.43,1.58,30.73
50140,0,0,9.08,46.82,-23.8,-151.1,1034.6,-34.68,-15.01,2.67,30.67
50160,6.84,0,2.66,41.33,-6.5,-138.0,921.0,-37.89,-9.32,8.72,30.87
50180,3.98,0,1.81,30.67,-145.2,-134.2,979.7,-57.41,-6.25,2.59,30.72
50200,5.42,5.95,1.76,16.16,-132.3,-86.7,995.5,-58.11,-9.27,6.09,30.77
50220,0,0,0,8.95,-72.0,-71.1,1015.9,-70.93,-4.29,2.9,30.29
50240,0.11,2.95,0,7.09,-67.2,-61.2,1035.7,-66.48,-6.7,2.59,30.44
50260,7.35,0.93,0.29,6.91,-127.5,50.6,984.2,-69.08,3.59,-1.99,30.15
50280,1.29,0,0,3.22,-150.6,90.3,968.1,-63.92,-4.33,-3.39,29.82
50300,0.01,0,6.99,0,-130.2,48.3,1010.4,-61.08,9.39,-3.19,29.37
50320,0,4.74,4.33,0,3.1,117.9,1022.9,-55.03,14.37,-2.52,29.15
50340,0,1.12,0,0,-63.9,111.5,944.8,-45.65,13.18,-5.0,28.76
50360,0,3.33,2.85,1.67,-34.7,217.8,992.3,-26.3,20.6,-8.19,28.67
50380,0,0,0,0,52.3,136.6,975.2,-7.74,18.47,-2.02,28.32
50400,73.49,19.21,1.04,0.59,6.4,222.3,990.7,9.0,22.45,2.99,27.85
50420,70.31,31.02,8.2,0,33.9,175.0,968.7,12.1,23.78,0.09,28.7
50440,57.9,44.92,12.42,4.87,121.2,158.2,905.7,31.26,22.78,5.46,28.49
50460,37.59,49.5,22.99,0.26,45.2,81.8,918.9,47.27,7.17,0.24,29.04
50480,20.33,52.65,36.91,0,71.1,117.5,816.9,48.91,11.95,5.04,29.34
50500,16.51,52.21,47.03,4.79,142.5,114.1,815.5,56.9,3.85,3.16,29.45
50520,3.34,50.7,59.3,1.37,84.1,42.5,876.1,63.65,1.72,6.37,29.81
50540,1.66,44.21,70.33,2.9,43.4,-23.5,801.2,70.07,2.74,1.94,29.92
50560,1.63,27.17,79.84,4.04,30.8,35.1,788.6,70.54,-4.82,-1.25,30.47
50580,1.07,23.41,85.11,12.04,81.2,1.5,823.7,66.86,-16.73,-3.03,30.57
50600,2.73,17.66,73.52,18.78,138.2,-25.2,854.3,63.9,-13.23,-6.91,30.61
50620,2.77,3.38,71.15,23.99,59.7,-11.5,834.2,48.71,-11.24,-6.17,30.95
50640,0,0.52,54.78,41.3,20.4,-129.3,904.2,42.42,-18.44,-4.36,30.73
50660,4.72,0,48.36,47.45,66.6,-170.1,937.5,35.99,-20.73,-1.91,30.82
50680,5.82,1.76,38.24,62.6,56.8,-156.9,972.0,15.98,-24.37,-1.87,31.03
50700,2.09,2.55,17.36,65.82,22.1,-150.3,1000.3,0.22,-14.98,-3.56,30.8
50720,0.95,5.31,15.3,59.38,-26.9,-65.5,953.3,-13.91,-21.97,-0.16,30.97
50740,0.64,3.26,11.05,53.2,-0.3,-99.9,961.2,-24.77,-12.62,1.98,30.83
50760,2.09,1.02,3.87,37.59,-40.6,-74.1,972.7,-37.35,-9.87,4.83,31.13
50780,0,1.73,1.65,25.9,-44.6,-10.4,1008.1,-54.56,-20.59,0.81,30.98
50800,0,0,0,24.63,-92.4,-124.1,983.3,-54.88,-7.2,7.22,30.73
50820,0,5.71,2.55,5.97,-93.7,-67.5,988.9,-70.07,-3.07,4.53,30.64
50840,0,0,0,11.36,-110.9,-19.3,1028.8,-71.22,5.95,2.2,30.36
50860,1.57,2.68,7.08,4.49,-80.6,54.5,1013.4,-66.55,-2.6,1.8,29.9
50880,0,2.88,0,2.74,-173.7,102.8,1000.6,-68.45,0.29,-2.56,29.92
50900,0,5.79,2.31,0,-106.2,98.1,981.6,-58.47,8.94,-5.17,29.6
50920,2.62,0.36,2.1,1.88,-111.8,60.3,1049.9,-49.59,15.94,-4.64,29.16
50940,0,0,2.99,0,41.2,99.2,1023.8,-43.83,17.26,-4.41,29.41
50960,0,0,0,0,-225.9,173.5,1039.0,-25.13,15.91,-0.44,28.8
50980,0,0,1.06,5.61,-69.9,100.6,1032.3,-8.83,16.35,-2.44,28.43
51000,73.11,23.34,7.54,2.18,-41.2,120.8,975.4,-0.45,24.8,-2.75,27.95
51020,72.47,29.28,8.49,0,103.7,177.4,986.4,14.16,16.4,0.95,28.42
51040,50.93,47.53,14.09,0,112.1,125.0,914.7,29.33,16.73,1.19,28.91
51060,39.01,51.83,19.15,0,78.1,206.8,889.5,44.85,19.63,4.29,28.66
51080,24.09,53.33,38.53,1.24,20.9,67.7,842.1,43.56,11.83,4.33,29.13
51100,7.73,54.88,44.57,0,93.7,38.0,844.9,56.82,12.96,4.42,29.54
51120,0.7,49.34,52.56,0,138.3,19.5,813.8,70.81,8.63,0.01,30.09
51140,0,39.45,71.41,1.02,125.6,38.4,769.2,72.56,2.46,4.66,30.33
51160,0,28.95,82.17,3.74,121.3,-9.7,765.8,65.42,4.64,-0.69,29.99
51180,0,14.9,76.12,15.14,117.8,-30.3,822.2,63.6,-8.27,-5.12,30.36
51200,0,9.26,77.73,21.12,85.0,6.0,813.0,58.72,-19.77,-1.86,30.47
51220,0.13,7.25,66.36,33.3,68.4,-130.6,866.9,48.86,-14.16,-5.15,30.63
51240,0,0.86,59.87,38.74,-20.4,-95.2,869.0,40.48,-20.97,-4.9,31.04
51260,3.29,0,37.22,48.52,26.6,-166.5,931.4,23.8,-11.64,-5.58,30.62
51280,3.37,0,35.1,54.86,18.4,-206.6,963.5,18.51,-18.91,-1.51,31.13
51300,2.38,0,25.48,60.85,-59.2,-107.3,986.6,0.53,-15.41,4.31,31.05
51320,0,3.21,9.52,55.43,3.5,-133.3,980.1,-13.72,-24.35,3.02,30.89
51340,0,0,11.65,54.59,-66.5,-117.2,972.4,-30.37,-21.68,4.09,31.05
51360,5.91,2.95,0.04,33.42,-13.6,-73.9,1006.1,-44.4,-11.18,2.71,30.78
51380,0,0.69,2.85,24.83,-143.8,-141.1,984.2,-52.05,-10.69,1.76,30.75
51400,0,7.87,0,15.65,-90.0,6.2,1018.8,-57.3,-8.47,6.18,30.87
51420,2.37,3.3,2.2,6.74,-124.3,-7.6,966.7,-69.42,-12.56,3.94,30.09
51440,2.37,2.99,0,6.44,-224.1,-14.2,1030.7,-67.48,-6.77,1.32,29.94
51460,0.2,2.72,0,0,-150.2,-79.9,1081.4,-65.39,0.79,-1.29,29.69
51480,0,0,1.48,0,-46.2,98.0,1019.2,-66.18,12.85,-3.15,29.5
51500,0.88,0,0,3.02,-82.1,26.0,1009.9,-60.34,7.57,-4.74,29.63
51520,0,0,3.84,0,-129.4,50.7,1003.2,-51.43,16.11,-5.71,29.1
51540,0,4.7,0,0,-105.3,124.0,966.1,-36.62,15.44,-4.33,29.42
51560,4.58,0,0,0,-17.3,58.7,976.5,-30.28,24.05,-5.47,28.73
51580,0.58,0,0,7.08,54.7,213.5,995.2,-9.18,20.36,-1.53,28.64
51600,73.07,19.33,5.95,0,37.4,150.6,974.1,-2.05,8.96,1.47,28.22
51620,66.17,34.28,9.14,0,16.2,116.0,986.2,18.86,14.72,4.38,28.32
51640,53.92,39.1,8.87,0,13.7,122.3,878.8,24.44,15.62,3.44,28.83
51660,39.34,48.72,20.88,1.27,106.3,146.2,878.3,46.1,18.19,2.7,28.98
51680,20.49,55.0,40.93,2.09,37.0,123.2,857.4,57.63,7.26,4.21,29.27
51700,13.42,52.6,45.04,0,27.2,4.4,807.2,60.93,21.34,1.83,29.48
51720,4.12,46.69,58.78,7.0,136.9,23.9,772.6,65.03,-1.9,-3.96,29.9
51740,0,48.0,71.94,3.89,144.7,-8.8,759.9,66.49,-2.17,-0.05,30.13
51760,0,26.08,79.17,4.37,110.3,-53.3,747.5,72.84,6.15,-1.95,30.21
51780,0,22.39,78.58,10.61,31.5,-51.0,764.3,70.27,-1.1,-3.25,30.7
51800,0,20.45,72.82,16.46,83.2,-109.9,821.8,58.88,-10.91,-7.14,30.45
51820,0,4.01,72.17,30.36,45.6,-161.5,848.2,48.76,-5.38,-1.1,30.53
51840,2.87,2.8,60.62,40.51,68.6,-89.7,892.2,36.66,-29.66,-7.33,30.97
51860,1.28,1.61,49.49,51.13,-6.4,-126.5,871.7,27.32,-27.05,-2.52,31.11
51880,0,0.73,32.9,59.67,18.8,-100.9,960.9,18.66,-18.55,0.69,30.96
51900,0,0,25.09,66.57,-50.7,-141.6,935.6,-0.75,-15.08,1.79,30.93
51920,0,3.24,17.85,61.81,50.2,-134.2,997.9,-21.47,-20.01,3.62,31.04
51940,0,0,8.56,48.67,-69.9,-34.3,1027.9,-23.97,-14.68,1.68,30.95
51960,1.41,1.49,6.91,38.44,-90.3,-141.1,1040.8,-45.36,-15.01,7.53,30.83
51980,4.06,0,10.62,31.61,-3.9,-141.5,994.8,-54.18,-7.41,2.69,30.62
52000,0,0.62,1.17,15.51,-91.0,-25.3,1015.3,-65.1,-7.03,6.07,30.75
52020,1.29,0,0,9.98,-113.4,-43.3,997.4,-66.57,3.03,1.82,30.55
52040,0,0,2.15,7.81,-37.2,74.1,1018.4,-70.79,-1.46,-0.28,30.21
52060,0.22,4.83,0,2.07,-54.5,27.5,996.1,-69.78,4.45,0.79,29.74
52080,0,2.19,2.87,1.1,-113.3,66.8,998.8,-65.34,2.77,-3.94,29.68
52100,0,4.67,3.01,4.39,-127.0,-7.0,975.5,-62.04,4.39,-2.29,29.24
52120,1.94,0,0,0.33,-26.2,128.7,992.3,-46.79,15.24,-6.98,29.22
52140,5.65,0,1.86,0.39,-27.4,92.2,1018.2,-37.17,14.5,-10.74,29.12
52160,1.09,0,0,0,13.2,219.3,959.0,-28.02,24.55,-2.64,28.81
52180,0,0,0,0.91,-78.5,118.8,989.6,-17.14,21.34,-3.05,28.11
52200,77.52,14.91,3.25,0,-2.0,174.6,963.8,-5.5,16.98,1.12,28.1
52220,70.71,25.93,9.72,0,141.5,201.7,957.9,13.84,18.25,3.56,28.7
52240,56.87,39.97,15.76,0,59.7,26.0,877.4,23.93,12.88,1.71,28.29
52260,36.22,46.0,29.12,0,132.5,108.1,850.2,41.07,11.51,7.2,29.08
52280,22.52,58.47,36.75,3.36,26.0,28.9,809.1,54.99,8.52,4.41,29.25
52300,10.41,54.27,47.98,2.66,5.0,96.5,807.2,58.31,11.39,5.5,29.84
52320,10.22,49.07,55.3,0,70.1,-17.0,840.7,68.8,5.88,7.28,29.93
52340,2.68,38.62,66.01,2.05,103.8,79.1,803.6,70.38,10.16,3.7,29.94
52360,0,32.12,82.12,8.27,65.9,-30.8,793.0,67.98,-4.65,-1.24,30.2
52380,3.33,16.6,80.57,10.18,142.2,-86.2,795.0,71.44,-4.91,-5.22,30.58
52400,0,12.46,80.8,21.85,132.1,-75.2,808.0,68.83,-10.59,-5.46,30.65
52420,0,10.67,65.85,30.34,21.6,-90.7,809.5,52.04,-13.66,-0.64,30.9
52440,1.31,1.7,55.74,45.14,61.2,-168.4,874.7,42.11,-20.5,-5.02,30.72
52460,0,2.91,46.54,49.26,79.8,-120.2,892.0,25.81,-22.44,-5.49,30.92
52480,4.57,0,36.99,61.04,84.6,-107.5,926.5,15.44,-18.88,-0.81,31.18
52500,0,2.78,23.14,63.75,6.8,-165.9,1018.9,2.69,-18.77,-0.11,31.03
52520,2.09,0,16.24,60.99,47.9,-149.5,1008.8,-9.76,-21.7,3.96,31.06
52540,0,0.35,12.21,48.98,12.9,-133.7,970.8,-28.82,-20.68,4.35,31.13
52560,0,1.38,1.72,40.32,-58.8,-101.7,1011.0,-42.44,-8.85,6.08,30.72
52580,0,0.26,2.7,33.48,-86.1,-89.7,973.6,-51.07,-12.57,3.63,30.74
52600,0,6.98,0,13.1,-103.3,-23.0,970.0,-61.45,-16.16,1.64,30.71
52620,0,4.08,0,7.45,-120.7,-96.4,1022.4,-61.93,6.18,1.01,30.83
52640,0,2.8,3.24,3.48,-87.9,-75.0,983.7,-67.43,-3.75,1.93,30.42
52660,0,2.84,4.79,1.05,-56.2,-22.8,1008.6,-66.38,2.01,-2.76,30.02
52680,0,0,2.88,2.63,-151.6,26.7,939.1,-62.96,3.34,-3.51,29.93
52700,2.73,0,0,1.32,-140.5,123.5,997.3,-59.58,5.22,-8.86,29.79
52720,0,0,1.87,0,45.6,178.9,1001.6,-61.4,16.03,-3.98,29.19
52740,0,2.78,0,0,11.0,202.8,1049.3,-48.92,19.58,-3.11,29.02
52760,4.6,0.53,0,2.49,-124.7,230.0,1034.3,-32.81,24.84,-6.1,28.34
52780,0,0,0,0,-2.4,238.3,1029.8,-13.66,23.24,-2.75,28.71
52800,77.48,24.2,5.47,0,16.7,135.6,1025.5,3.2,22.7,-0.55,28.38
52820,68.11,29.57,1.12,3.47,86.0,133.9,1018.2,10.56,17.75,1.26,28.25
52840,57.16,37.24,18.14,1.4,-30.4,122.4,922.4,30.38,20.34,1.16,28.69
52860,35.95,48.3,22.39,1.95,71.1,70.7,886.8,43.15,8.25,2.83,28.87
52880,16.79,55.83,37.85,1.43,111.8,55.1,887.9,57.4,17.6,3.51,28.64
52900,19.12,57.87,49.29,3.52,99.3,136.3,823.7,57.72,8.56,3.15,29.35
52920,9.9,47.77,61.41,5.48,66.4,35.8,825.7,69.45,-1.22,4.68,29.5
52940,0.99,39.32,68.01,3.76,26.3,-18.0,810.7,68.27,-3.38,2.47,29.97
52960,0.89,27.78,80.21,5.61,5.9,35.2,832.5,63.5,2.96,-3.64,29.94
52980,0,19.18,76.31,12.28,126.4,-9.6,839.8,67.75,2.18,-2.99,30.43
53000,1.6,14.5,77.74,21.55,-16.0,-137.5,781.5,63.64,-10.31,-1.82,30.48
53020,1.79,1.82,65.78,29.87,81.1,-90.3,826.6,53.87,-13.4,-2.56,30.51
53040,0,0.21,51.98,40.96,62.3,-117.1,855.0,46.0,-23.52,-4.94,30.49
53060,4.21,1.91,47.2,50.86,2.2,-135.8,897.0,29.11,-25.3,-1.63,31.29
53080,0,5.35,35.98,57.56,57.4,-145.9,893.6,14.33,-22.61,-2.18,30.74
53100,2.24,0.44,26.89,63.31,23.1,-110.6,1051.1,-0.93,-25.32,0.14,30.72
53120,1.97,5.14,15.65,53.93,103.5,-111.1,986.0,-21.68,-22.98,2.9,30.89
53140,0.03,2.76,7.56,50.96,-106.5,-112.2,984.3,-24.66,-17.3,5.84,30.58
53160,0,1.08,5.55,41.72,-28.6,-149.3,1007.3,-43.27,-19.91,5.69,30.69
53180,5.13,0,1.78,29.93,-126.6,-124.2,993.3,-55.29,-11.1,6.2,30.67
53200,0,0,0,21.75,-113.6,-56.3,1059.5,-57.25,3.72,1.1,30.79
53220,0,0.52,0.77,13.16,-170.2,-12.6,979.6,-69.83,-6.56,4.97,30.23
53240,0,0.04,2.1,9.1,-90.8,-79.6,1023.4,-73.89,-6.26,-0.59,29.97
53260,0,0,0,2.53,-166.3,85.0,1046.6,-67.43,-2.27,-1.91,29.96
53280,4.35,0,3.56,0,-96.9,45.6,981.5,-64.69,9.36,-3.53,29.79
53300,0,0,0,5.26,30.7,147.7,1013.2,-61.45,2.51,-4.42,29.54
53320,1.92,0,0,3.58,-170.4,39.4,996.6,-51.93,16.22,-4.95,29.29
53340,1.24,0,0,0,-117.6,111.3,1003.6,-42.0,18.11,-4.08,29.14
53360,0.32,0.94,0.8,0,-107.9,142.7,1056.2,-29.31,18.47,-3.44,28.64
53380,0,0,0,4.85,9.5,30.5,1005.6,-14.39,22.54,0.5,28.23
53400,73.37,20.05,3.88,4.92,23.6,171.8,997.6,1.51,21.07,-0.71,27.9
53420,68.93,32.76,7.06,0,-66.3,158.5,970.7,14.54,14.45,2.71,28.35
53440,56.83,40.83,12.32,2.54,52.8,239.2,957.8,24.8,8.53,7.19,28.6
53460,43.77,50.19,28.4,4.72,45.5,210.9,891.1,36.09,16.65,3.01,29.14
53480,18.98,50.17,37.71,0,109.3,82.1,901.4,56.15,16.78,2.44,28.65
53500,10.54,58.34,48.77,0,-16.0,106.3,805.7,61.76,2.45,4.65,29.69
53520,7.44,45.93,61.18,0,93.6,10.8,821.7,68.75,2.53,0.27,30.1
53540,2.7,40.18,72.7,2.05,131.3,76.7,831.4,71.29,2.91,0.24,30.0
53560,5.67,31.67,85.68,4.18,95.6,-65.3,871.8,71.71,-2.67,-2.45,30.25
53580,0,14.48,82.39,9.17,35.2,-148.8,805.3,68.74,-6.84,0.26,30.21
53600,0,10.65,75.38,18.29,151.2,-104.0,771.1,63.73,-9.38,-3.62,30.74
53620,0,5.45,69.36,28.84,50.0,-74.3,844.4,51.25,-10.61,-5.35,30.9
53640,0,8.22,64.45,40.32,119.7,-91.6,903.6,38.96,-10.25,-0.58,30.93
53660,0,2.44,46.37,53.34,8.2,-61.1,958.7,22.91,-19.65,-2.22,31.14
53680,0.13,0.51,33.94,62.63,49.9,-177.6,951.7,14.41,-22.13,-1.21,30.54
53700,0.53,0,22.42,60.91,-3.3,-90.8,1006.2,-4.9,-21.9,-3.6,30.81
53720,1.37,0,23.02,64.07,-14.2,-220.2,1025.9,-11.37,-19.85,3.21,31.2
53740,0,0,10.19,46.67,40.1,-95.4,1016.5,-30.4,-23.97,-0.77,31.12
53760,0,2.93,5.78,39.7,-161.8,-101.5,1008.1,-38.5,-12.82,4.87,30.76
53780,1.64,0,1.89,28.56,8.0,-149.2,998.4,-54.48,-22.58,7.53,30.83
53800,0,0,1.04,14.61,-34.5,-1.3,970.4,-63.16,-8.92,4.01,30.43
53820,0,0,3.12,7.76,-54.1,33.3,993.9,-66.99,-1.63,3.16,30.72
53840,1.89,0,0,3.21,-114.3,85.8,984.1,-67.22,0.97,1.69,30.08
53860,0,1.74,0,2.03,-65.4,21.6,1003.7,-72.67,4.72,2.28,30.08
53880,0.36,2.01,1.04,0,-17.6,41.5,1015.2,-70.84,6.27,-1.75,29.7
53900,0.72,0.99,1.67,4.03,-6.7,132.0,973.4,-60.59,6.21,-1.84,29.35
53920,0,0,0.99,1.11,0.2,106.0,956.4,-54.81,20.2,-2.84,28.74
53940,3.46,0,4.22,2.29,10.9,135.1,1016.2,-41.0,9.4,-4.97,28.97
53960,3.44,0,0,0,9.8,185.4,982.1,-26.96,28.13,-6.25,28.49
53980,1.79,0,0,0.69,26.1,136.4,979.5,-11.73,19.67,-2.03,28.39
54000,77.8,22.43,11.49,4.51,14.8,133.2,980.1,-1.63,18.18,-0.31,27.9
54020,71.23,29.42,8.98,1.13,9.9,79.3,977.4,10.81,25.88,0.46,28.36
54040,56.96,42.25,11.89,3.71,31.9,168.5,982.7,26.95,17.74,4.95,28.35
54060,40.29,46.65,21.03,2.03,-13.7,66.6,924.0,38.83,16.7,7.17,28.74
54080,17.95,50.82,38.55,0,157.1,93.4,886.5,55.8,17.19,5.78,29.21
54100,5.1,59.83,49.3,1.68,56.4,12.9,826.9,60.39,7.51,8.46,29.57
54120,2.58,56.1,54.53,0.59,120.1,13.4,794.1,60.4,1.47,6.83,29.96
54140,0,40.85,71.39,1.68,102.9,113.5,819.7,68.06,-5.32,1.81,30.12
54160,0,28.95,81.34,3.85,137.8,-58.6,781.4,69.26,2.1,-1.93,30.7
54180,3.18,15.77,78.81,11.33,62.3,-126.0,768.2,63.92,-2.78,-0.87,30.13
54200,2.58,14.9,73.88,19.22,71.7,-44.5,789.2,58.43,-12.16,-6.17,30.52
54220,0,9.93,64.78,24.6,68.9,-98.2,808.1,54.33,-15.46,-6.53,30.75
54240,0,2.74,58.69,41.81,158.5,-105.5,840.8,46.15,-25.42,-5.47,31.04
54260,0,7.54,37.11,55.21,95.6,-146.3,933.9,24.49,-8.01,-7.31,31.19
54280,1.63,0,36.39,53.25,26.2,-203.2,938.2,11.7,-22.69,-4.06,30.56
54300,1.42,0,16.93,63.33,-30.9,-99.1,970.6,1.94,-21.27,0.71,30.77
54320,4.8,0,17.68,59.55,-9.0,-189.7,1064.5,-16.62,-12.6,1.32,30.73
54340,2.22,1.42,9.19,48.57,-34.5,-87.8,1024.1,-29.21,-18.99,6.65,30.69
54360,0,1.37,3.98,36.08,3.4,-82.3,955.0,-39.18,-13.59,5.84,30.83
54380,0,0,3.25,27.4,-25.9,-146.8,1005.1,-51.86,-13.4,2.77,30.81
54400,0,0,1.85,18.71,-69.2,-105.0,989.5,-57.93,-8.51,4.26,30.73
54420,0,2.72,2.93,5.82,-13.9,-104.9,971.3,-65.99,3.79,0.91,30.32
54440,0,0.53,0,6.58,-69.4,-11.5,987.6,-70.03,1.69,-2.97,30.21
54460,8.22,0,0,0,-57.9,-38.8,965.7,-69.66,0.42,-3.1,30.28
54480,2.76,0,0,0.3,-59.5,133.0,975.1,-69.76,9.18,-5.24,29.95
54500,0,5.91,1.77,4.68,-0.8,163.4,991.8,-57.22,2.01,-8.56,29.37
54520,2.2,0,2.83,0,-173.2,161.0,965.2,-53.25,9.32,0.68,29.61
54540,0,0,0,0,-57.0,80.5,1022.7,-43.14,18.32,-1.65,28.78
54560,10.06,0,0,0.59,4.4,142.0,1011.9,-25.35,27.27,-4.96,28.64
54580,0,0,3.21,0.14,-74.5,133.7,1039.5,-19.83,21.34,-5.25,28.28
54600,70.91,16.84,4.5,0,-110.8,179.4,999.2,1.27,16.29,1.58,28.28
54620,71.93,37.76,16.44,0,28.9,121.0,947.9,19.44,24.04,0.37,28.35
54640,53.97,43.33,11.55,0,-38.6,98.3,940.4,28.02,5.83,2.97,28.8
54660,38.92,46.01,22.87,1.41,59.6,75.1,863.7,48.07,17.21,4.23,28.98
54680,22.05,55.97,30.35,1.92,34.3,102.0,814.4,51.62,4.45,6.23,29.26
54700,12.66,53.57,44.21,0,59.7,122.7,841.6,59.4,18.1,4.66,29.5
54720,0.56,43.53,61.25,0,100.5,73.4,829.2,68.36,2.2,4.23,29.89
54740,2.59,40.76,68.95,3.2,136.3,123.9,813.4,69.2,1.36,0.58,30.26
54760,0,35.82,78.74,3.33,44.4,-50.2,776.8,65.06,-3.86,1.48,30.05
54780,1.66,24.91,80.87,9.02,110.0,-85.2,801.7,59.42,3.04,-1.86,30.35
54800,0,13.39,75.26,22.22,106.8,-75.8,830.2,58.85,-11.41,-6.3,30.52
54820,5.61,6.23,71.1,32.49,65.4,-59.8,826.3,46.46,-11.74,-3.65,30.71
54840,0,1.92,59.48,36.95,104.4,-115.4,875.4,38.74,-3.01,-3.99,30.78
54860,0,3.27,50.03,54.13,124.7,-136.9,873.6,28.95,-13.87,-3.19,30.73
54880,0,2.71,35.0,59.84,2.2,-79.2,909.8,19.39,-17.01,-3.11,30.53
54900,0,1.07,21.79,61.65,24.1,-187.5,1020.9,2.82,-22.16,2.19,31.04
54920,1.79,1.59,17.72,61.08,-70.4,-192.9,994.1,-9.02,-18.28,3.29,30.99
54940,0,0,2.74,50.46,-112.4,-207.1,1063.4,-31.43,-22.15,3.79,31.09
54960,0,3.47,2.34,40.9,-31.1,-72.1,981.9,-37.41,-20.41,6.37,31.14
54980,0,0,0,23.39,-139.8,-81.0,1011.7,-47.56,-6.57,7.53,30.83
55000,0,3.67,5.45,15.64,-96.6,-38.8,962.3,-59.88,-11.59,6.18,30.64
55020,1.84,1.36,0,11.09,-22.7,-150.1,1013.3,-68.17,-7.78,5.62,30.37
55040,0,0,0,8.22,-122.7,-18.8,1026.0,-68.0,-3.98,1.77,30.39
55060,0,1.28,0,5.41,-91.2,172.3,1018.7,-71.19,6.35,-2.36,29.87
55080,4.53,0,0,0,-93.0,-76.3,994.6,-66.29,4.97,-7.28,30.08
55100,0,4.01,0,1.33,-151.6,103.6,992.9,-61.33,8.07,-5.09,29.15
55120,0,4.09,0,0.62,-177.7,124.3,955.0,-52.15,24.96,-7.63,29.18
55140,3.87,0,0,0,-85.2,69.5,1019.9,-38.77,17.04,-2.26,29.22
55160,0,0,0,0,12.9,224.2,994.5,-30.52,18.84,-1.48,28.6
55180,0,1.79,0,0,-106.2,123.3,1011.8,-22.55,20.08,0.3,28.25
55200,76.09,19.21,0,1.23,-32.9,88.4,1001.0,-0.02,26.42,0.48,27.47
55220,71.87,29.85,6.29,2.68,58.4,160.5,924.7,10.96,21.5,3.89,27.79
55240,54.8,44.71,12.57,0,86.1,172.2,925.5,27.65,10.67,2.08,28.5
55260,33.72,52.01,28.97,0,97.5,105.8,866.1,42.85,8.71,3.25,29.15
55280,19.57,51.6,33.43,2.42,30.8,31.4,877.5,54.36,11.79,4.79,29.1
55300,12.42,53.4,46.3,3.09,100.3,82.2,801.7,63.97,15.16,2.88,29.66
55320,7.36,55.94,59.05,0,57.4,24.8,874.7,66.85,4.77,4.58,29.75
55340,2.97,37.84,70.56,0.77,73.8,-59.7,806.5,69.1,1.65,-1.3,30.07
55360,1.31,30.32,74.6,4.08,117.3,-8.8,815.5,69.31,3.03,0.35,30.09
55380,0.13,18.17,85.65,10.21,133.7,18.7,784.5,68.47,-9.07,-5.64,30.3
55400,0,14.2,77.42,20.34,190.1,-114.9,831.5,56.02,-11.02,-6.81,30.38
55420,3.84,6.83,64.07,24.34,63.3,-75.0,867.8,49.42,-8.68,-2.12,30.92
55440,0,2.72,60.51,34.22,26.0,-122.8,829.2,42.85,-18.98,-3.49,30.68
55460,0,0,46.48,55.35,42.2,-59.2,896.1,29.4,-16.44,-1.62,31.0
55480,1.35,2.47,29.29,61.19,29.2,-193.6,939.2,12.48,-24.51,-1.38,30.86
55500,0,0,29.81,59.82,-97.4,-116.8,996.7,-4.9,-30.29,1.2,30.95
55520,3.33,0.05,16.24,62.84,10.8,-203.1,1003.3,-15.78,-22.62,1.31,31.1
55540,0,2.57,7.14,50.34,-4.0,-109.6,1011.8,-29.79,-8.91,2.34,30.72
55560,4.05,0,5.18,39.9,-72.2,-150.1,1047.5,-42.89,-18.56,3.17,31.02
55580,0,4.56,11.15,29.8,24.5,-104.1,1030.2,-51.29,-13.14,4.73,30.64
55600,6.04,3.97,0,19.57,-64.5,-101.8,963.0,-58.81,-15.04,2.52,30.61
55620,2.6,0,0,11.25,-90.4,49.3,1022.3,-69.54,-11.86,1.9,30.31
55640,0,0,0.32,7.14,-123.8,2.4,974.6,-75.17,-1.53,-0.8,30.17
55660,0,2.03,0,7.14,-105.8,-13.4,1020.9,-75.03,-5.47,1.87,30.11
55680,4.22,4.05,0.18,2.69,-75.0,121.3,997.9,-65.63,4.77,-5.39,29.75
55700,1.03,5.77,0.81,1.93,-102.9,26.2,1062.8,-56.62,12.71,-4.06,29.26
55720,0,2.16,4.48,0,-76.1,106.8,962.3,-54.79,19.54,-5.24,29.27
55740,0,0,0,2.99,26.1,113.1,981.0,-43.86,14.45,-2.78,28.98
55760,1.4,1.18,0,0.93,-39.0,113.7,1014.1,-26.75,19.16,-4.2,29.02
55780,2.4,0.47,0.37,0,19.8,132.7,1031.2,-13.54,23.97,-3.92,28.28
55800,71.74,18.76,3.57,0.73,-74.4,125.3,1011.1,-5.82,24.39,1.46,28.25
55820,68.13,38.84,9.01,3.52,-2.5,48.2,921.7,13.58,32.53,3.54,28.25
55840,57.98,40.18,14.54,3.51,-2.1,171.6,940.0,27.1,21.09,1.81,28.34
55860,37.64,47.67,19.86,0.14,125.0,146.9,907.1,41.11,15.93,4.51,29.29
55880,23.8,44.29,40.91,3.11,78.0,103.7,884.8,55.6,11.62,5.08,29.19
55900,6.04,54.25,42.05,1.85,103.0,40.9,820.3,60.49,10.14,2.44,29.57
55920,7.82,51.14,62.92,0,117.3,31.2,782.8,64.65,-0.26,2.84,29.73
55940,6.41,35.64,73.1,6.49,49.9,5.4,796.8,68.59,-1.1,3.93,29.91
55960,0,31.9,74.25,8.68,7.2,-11.0,758.1,70.82,-13.06,1.86,30.08
55980,0,24.67,80.95,15.42,133.3,-37.0,780.9,62.74,-0.84,-2.7,30.23
56000,0,18.49,75.33,13.9,96.3,-101.5,877.6,57.76,-2.97,-6.8,30.96
56020,0,4.97,67.89,26.35,134.0,-75.3,833.7,55.0,-21.74,-9.88,30.74
56040,0,5.54,63.85,39.54,105.7,-95.4,877.2,41.73,-12.04,-5.22,31.15
56060,2.66,3.46,49.08,48.74,43.3,-103.1,984.8,25.95,-18.24,-7.05,30.84
56080,0,0,27.06,64.22,120.2,-267.9,969.1,12.59,-18.46,-1.77,30.79
56100,2.33,2.32,19.17,64.98,74.9,-92.0,963.6,6.69,-17.54,-2.16,30.85
56120,0.67,2.03,13.59,60.18,-70.3,-148.1,958.4,-22.1,-19.35,1.33,30.61
56140,0.87,0,7.15,51.14,-15.1,-153.8,994.0,-32.41,-24.13,2.86,31.13
56160,2.39,1.15,8.69,46.22,18.0,-139.9,970.1,-39.65,-7.65,4.23,30.88
56180,0,0,7.53,29.24,-110.5,-125.1,989.6,-50.09,-0.54,9.74,30.68
56200,0.75,0,0.58,17.66,-73.7,-9.2,989.8,-59.66,-20.1,7.62,30.72
56220,0,0,0,14.11,-36.2,-121.2,1025.0,-69.7,-7.34,1.4,30.51
56240,0,0,0.62,4.98,-117.4,-6.3,1028.0,-67.4,-0.65,-1.23,30.31
56260,5.31,0.26,0,1.25,-118.4,-50.3,1022.9,-70.96,2.29,-0.75,30.01
56280,3.91,0,3.61,4.9,-199.7,6.7,993.7,-67.89,4.59,-1.5,29.6
56300,0,0,0,0,-120.6,119.1,982.0,-60.39,12.17,-5.28,29.63
56320,0,1.71,0,0.23,-37.6,113.8,1009.7,-54.64,10.21,-3.35,29.48
56340,1.99,3.49,0.27,0,-58.2,206.9,1027.5,-37.92,17.93,-3.44,28.82
56360,0,0,0,3.64,-91.6,130.9,1084.1,-30.89,24.5,-5.69,28.4
56380,0,3.71,3.62,0,14.5,190.9,990.2,-10.86,21.87,-2.23,28.27
56400,70.95,12.46,5.44,1.27,-30.1,121.3,999.7,-3.36,4.77,0.17,28.06
56420,69.69,30.18,3.21,0.6,-22.3,118.5,966.6,17.43,17.3,1.18,28.03
56440,48.63,45.46,15.52,1.03,46.0,188.2,915.4,28.39,21.66,2.33,28.43
56460,36.29,46.76,22.85,0,59.1,68.0,899.7,39.43,9.8,6.55,28.73
56480,14.65,54.0,32.95,0.15,128.7,84.2,862.3,53.92,17.23,6.35,29.26
56500,10.96,50.5,44.83,0,186.0,48.3,840.2,60.42,6.25,5.77,29.41
56520,6.89,52.26,60.14,2.72,89.7,29.9,829.3,67.65,1.51,4.22,29.87
56540,3.31,43.68,74.68,0.89,101.0,93.9,806.1,70.22,5.85,1.32,29.99
56560,1.89,33.82,78.46,3.26,138.3,-82.7,776.1,71.83,9.39,0.91,30.28
56580,0,23.66,87.27,14.59,50.8,-155.2,814.1,66.04,7.29,-2.64,30.26
56600,0.52,12.54,76.63,15.68,139.1,-95.7,861.8,64.74,-13.49,-4.82,30.74
56620,0,9.26,66.42,29.04,120.1,-174.0,810.2,55.08,-11.62,-6.59,31.11
56640,0,5.62,59.72,41.48,59.2,-213.3,875.1,42.89,-15.41,-2.86,31.0
56660,1.5,0,44.52,48.43,130.2,-174.4,940.7,28.37,-15.17,-1.58,30.99
56680,0,10.58,36.46,57.74,-37.4,-156.6,937.5,17.45,-13.62,-2.7,30.88
56700,3.17,0,22.99,60.68,21.1,-78.3,970.0,9.91,-18.61,-0.26,30.95
56720,0.5,0,16.12,61.78,-47.2,-210.9,1040.5,-17.21,-17.76,1.01,30.85
56740,5.91,0,9.59,44.99,-62.6,-131.0,1022.8,-30.15,-13.48,4.02,31.0
56760,0,0,5.8,44.3,0.4,-52.8,945.8,-42.07,-18.8,3.83,30.65
56780,0,0,5.21,26.62,-136.2,-32.5,1008.5,-51.67,-19.54,4.69,30.87
56800,1.75,0,5.06,16.83,-120.7,-16.9,985.6,-63.93,-8.35,4.65,30.86
56820,1.74,1.8,5.19,10.87,-3.2,-80.7,924.7,-59.94,-2.08,5.36,30.26
56840,0,0,0,0,-143.9,-51.0,992.4,-74.16,1.55,-0.25,30.65
56860,0,1.33,0,0,-80.4,19.7,1004.3,-63.84,6.17,0.1,29.89
56880,1.47,0,0,2.9,-90.8,-58.2,956.6,-70.63,17.21,0.29,29.89
56900,0,0,0,3.24,-19.1,136.7,968.8,-57.05,8.65,-6.75,29.34
56920,0,1.08,0,0,-154.4,100.4,1013.9,-51.97,9.1,-5.26,29.5
56940,0,0,2.4,0,-10.1,34.9,1028.5,-38.04,15.12,-4.94,28.75
56960,0.87,0,4.95,0,29.6,110.5,1019.3,-31.23,7.05,-4.19,28.51
56980,1.31,2.51,0,0,-111.3,204.2,1000.0,-20.86,15.01,-4.06,28.34
57000,77.05,23.74,9.15,0,73.9,132.8,1048.3,-1.6,14.57,-1.05,27.81
57020,70.24,30.69,11.78,0,-10.9,141.2,1015.5,11.14,16.25,0.92,28.37
57040,52.4,42.15,13.54,2.56,49.6,173.2,966.0,30.96,17.67,3.33,28.64
57060,41.31,45.98,21.64,2.3,-59.2,122.1,901.6,37.14,17.87,3.81,28.77
57080,15.86,55.4,32.9,0,86.7,48.5,829.9,55.69,13.84,4.64,29.51
57100,11.4,55.27,43.67,0,52.9,59.0,836.7,63.76,21.44,4.71,29.83
57120,6.27,51.88,61.16,0.69,51.8,60.6,808.0,62.2,7.29,1.53,29.89
57140,0.91,36.6,71.63,2.07,91.6,28.9,809.2,72.74,5.14,3.3,30.27
57160,3.43,25.26,76.31,7.8,210.8,-5.5,777.1,73.46,2.8,-0.21,30.31
57180,0.8,18.86,82.54,11.61,182.8,-47.6,795.3,67.22,4.1,-3.89,30.46
57200,1.06,15.01,74.08,14.75,170.8,-8.3,830.4,58.62,-10.43,-6.09,30.74
57220,4.71,9.99,67.64,28.2,43.5,-80.2,878.4,51.63,-7.95,-4.9,30.87
57240,0,3.68,55.08,36.94,9.6,-133.6,907.7,46.05,-14.98,-6.13,30.94
57260,0,0,47.38,54.22,111.6,-180.9,891.1,26.85,-22.49,-1.0,30.93
57280,1.61,0.69,32.95,64.1,99.7,-167.8,948.5,15.16,-20.29,-3.23,30.65
57300,0,0,26.0,61.51,-33.7,-172.9,984.9,1.3,-30.29,-3.96,30.64
57320,1.77,2.98,18.11,51.7,-35.9,-151.7,947.8,-13.73,-23.85,4.0,30.78
57340,0.27,0,8.5,54.37,-110.4,-104.7,972.2,-25.16,-11.48,1.16,30.62
57360,2.67,0,2.18,37.77,-24.2,-107.9,1009.9,-39.78,-15.47,5.45,31.23
57380,0,0,0,25.96,11.7,-93.3,1013.6,-54.57,-17.49,1.46,30.78
57400,2.69,0,4.57,13.55,-127.8,28.4,995.0,-61.53,-1.11,3.13,30.74
57420,0,0,0,1.42,-121.8,-94.3,993.7,-67.37,-3.0,2.16,30.43
57440,0,4.81,0,6.57,-75.1,-99.3,1004.8,-69.98,-4.49,2.49,30.43
57460,0,0,0,3.24,-66.0,72.2,1014.2,-71.29,-0.45,-2.44,30.09
57480,0,0,0,5.0,-80.1,109.4,1002.8,-70.69,5.26,-2.49,30.06
57500,0,1.57,0,0,-181.6,164.3,1042.4,-61.31,13.07,-2.59,29.57
57520,4.71,0,2.4,4.16,-29.5,122.0,1006.3,-52.3,19.44,-5.51,29.22
57540,1.73,0,0,0,-101.6,39.3,952.4,-34.05,16.12,-2.78,29.21
57560,0,0,1.39,0,-58.3,173.3,983.3,-24.91,16.02,-1.36,28.56
57580,0,0,0,0,-63.5,179.9,989.0,-13.01,24.41,-5.97,28.69
57600,70.53,26.71,5.71,0,-67.3,79.5,958.0,-1.8,24.27,2.88,28.0
57620,68.69,23.68,9.3,0,6.7,167.9,955.4,11.31,13.8,1.86,28.44
57640,55.48,40.56,17.44,0,52.2,229.7,956.6,29.24,30.35,3.63,28.82
57660,41.76,44.83,24.67,0,94.8,130.3,865.4,44.28,16.41,3.7,29.2
57680,21.75,51.79,34.08,2.91,-11.5,173.9,849.8,51.02,16.37,5.16,29.32
57700,10.61,57.93,41.49,6.16,146.5,55.9,837.9,63.08,13.12,6.29,29.35
57720,9.05,47.31,62.79,3.77,103.8,-36.7,832.9,72.3,9.28,3.74,29.82
57740,0.71,40.06,67.8,1.21,83.1,58.5,756.3,64.16,0.85,-2.64,29.92
57760,0,30.98,75.73,1.72,36.8,-41.7,804.9,68.65,-5.18,-4.87,30.38
57780,2.07,22.28,82.53,5.56,97.2,-101.1,819.0,66.76,-5.42,-1.83,30.74
57800,0,12.48,72.86,15.32,90.2,-96.5,823.5,58.72,-6.84,-6.93,30.85
57820,4.25,12.2,69.21,28.3,68.9,-126.4,904.2,46.14,-11.93,-7.67,30.99
57840,8.19,4.79,55.17,42.47,57.5,-93.2,832.2,45.77,-15.32,-4.73,30.98
57860,7.0,0.35,46.35,47.48,-10.3,-166.9,889.6,27.81,-20.92,-4.8,30.63
57880,2.3,0,31.87,62.6,-10.4,-114.9,949.7,18.7,-23.91,-3.91,31.35
57900,2.45,0,29.25,63.49,-3.9,-126.9,1032.8,-0.44,-20.76,-2.97,30.88
57920,4.29,4.37,11.96,50.55,-64.6,-164.3,1010.7,-14.87,-18.4,2.7,30.66
57940,2.7,0,13.95,48.12,41.2,-224.7,1019.6,-23.01,-14.35,6.13,30.94
57960,1.98,0.63,6.04,42.86,-26.4,5.9,969.0,-44.99,-22.95,3.57,30.98
57980,0,1.63,2.8,25.18,-6.2,-74.2,963.6,-49.65,-16.61,3.69,30.62
58000,3.96,0,0.43,20.85,-87.3,-103.7,964.5,-57.78,-3.97,2.37,30.43
58020,0,0,1.16,9.49,-121.9,6.8,958.8,-66.92,-7.94,5.18,30.39
58040,0,2.35,0,5.21,-171.0,-6.7,986.0,-72.35,-7.01,1.55,30.24
58060,0,0,1.7,1.62,-19.5,-37.0,1010.1,-73.2,5.05,-0.17,30.22
58080,0,0.1,0,0.38,-104.0,59.3,979.8,-66.47,1.92,-6.03,29.6
58100,1.09,1.2,0,0,-147.4,46.7,981.9,-61.81,7.39,-1.59,29.56
58120,1.16,0,0.8,5.8,-118.6,148.7,947.8,-55.05,12.42,-8.26,29.44
58140,3.67,2.07,0,3.18,-82.2,152.8,1005.9,-39.6,10.25,-1.84,28.71
58160,0.82,0.09,2.97,1.58,-57.8,133.2,989.2,-33.25,20.4,-4.32,28.47
58180,1.7,0,0,0,31.5,87.0,978.7,-14.6,15.09,-1.87,28.3
58200,71.92,23.77,8.12,0,-10.3,206.7,1017.9,-3.93,14.16,-3.3,28.0
58220,65.61,30.17,6.24,0,31.1,179.8,921.9,18.67,12.68,4.04,28.28
58240,49.62,43.29,12.82,1.63,66.1,218.0,958.3,28.63,17.35,1.39,28.54
58260,41.42,52.12,21.7,0,74.6,145.7,913.5,37.93,15.42,5.23,28.82
58280,19.73,54.27,36.4,0,127.0,136.9,824.1,55.66,20.58,7.4,29.3
58300,7.27,52.75,43.82,0,74.1,42.4,873.2,53.78,6.82,3.95,29.29
58320,5.57,48.81,61.59,2.53,62.3,71.1,782.1,59.34,6.58,-0.97,29.68
58340,6.83,35.87,68.91,0.32,257.8,74.3,751.1,66.04,1.89,1.75,29.9
58360,5.07,34.99,75.99,3.98,198.2,-38.3,802.4,69.71,3.19,-2.63,30.19
58380,2.55,22.24,81.82,5.32,70.1,-80.6,807.1,71.2,-10.47,0.35,30.26
58400,0,13.49,75.95,20.35,164.9,-110.7,838.2,55.02,-13.32,-2.74,30.83
58420,0,2.94,66.68,29.97,87.8,-142.6,846.1,54.85,-10.07,-3.43,30.71
58440,0,1.87,55.88,35.12,84.8,-136.8,954.0,43.36,-18.19,-7.59,31.17
58460,1.99,2.58,45.31,47.77,68.8,-254.3,956.4,29.99,-14.04,-3.2,31.02
58480,0,0.56,29.11,58.25,10.6,-78.4,926.6,8.64,-21.86,3.71,30.75
58500,0,3.39,23.68,65.87,-59.3,-144.5,981.2,-1.5,-24.71,2.52,31.01
58520,0.44,0,13.79,56.61,-33.5,-91.4,956.6,-9.66,-17.92,1.55,31.16
58540,0,0,7.96,51.39,-47.5,-142.0,1038.4,-28.09,-19.02,4.93,31.06
58560,0.97,3.8,7.07,45.78,-93.4,-186.6,1018.3,-38.86,-18.58,3.4,30.91
58580,0,4.41,5.61,23.95,-96.9,-165.4,1002.0,-51.75,-13.94,6.4,30.78
58600,0.47,0,0.15,18.78,15.6,-29.3,1019.8,-58.36,-9.56,3.81,30.76
58620,0,2.15,8.6,11.49,-151.8,-30.4,974.6,-70.13,-8.45,7.99,30.7
58640,2.65,0,2.46,0.2,-116.0,-28.8,999.5,-68.26,-2.02,1.48,30.15
58660,0,2.96,0,0,-157.1,58.0,992.6,-70.88,2.68,-1.07,29.92
58680,0.01,0,0,0,-162.5,40.1,1021.1,-59.23,6.36,-1.45,29.61
58700,4.48,0.55,5.42,2.47,-120.2,85.3,929.9,-54.58,13.98,-4.28,29.56
58720,0,0,0,1.52,-70.1,79.7,1019.9,-52.64,17.12,-2.71,29.14
58740,3.0,0,1.09,0.36,-81.2,117.5,971.2,-43.08,13.62,-3.54,28.82
58760,4.52,2.73,2.55,0,59.1,108.0,983.0,-29.08,21.45,-5.06,29.11
58780,0,1.83,0,2.25,113.5,102.2,990.7,-12.16,23.27,-5.48,28.45
58800,73.66,22.51,4.82,3.88,60.1,149.2,1027.8,3.84,18.63,4.02,27.7
58820,68.98,31.44,9.64,0,61.0,90.7,921.8,16.33,26.16,7.07,28.2
58840,56.41,41.75,18.48,1.42,40.2,94.1,939.4,23.37,20.83,4.6,28.55
58860,32.57,49.24,23.51,0,97.7,104.1,833.3,39.83,22.72,5.94,28.62
58880,16.84,52.14,32.89,7.74,73.6,97.1,907.5,47.32,4.08,6.82,29.1
58900,10.0,53.59,50.99,5.3,118.4,97.1,772.8,59.21,12.98,2.22,29.28
58920,1.45,52.31,57.03,6.13,154.6,-46.5,736.7,68.34,7.72,4.94,29.7
58940,1.62,37.72,72.72,6.07,66.0,19.5,821.9,74.81,6.65,2.12,30.12
58960,0,28.91,83.09,5.91,95.5,-59.3,784.2,70.07,-2.43,1.03,30.41
58980,3.38,18.15,74.6,14.09,139.7,-62.3,803.4,64.1,-5.26,-4.52,30.49
59000,5.19,6.45,79.76,17.95,67.4,-135.7,794.8,57.01,-10.56,-3.35,30.28
59020,0,9.89,67.99,30.66,30.4,-90.7,802.1,55.3,-17.67,-4.8,30.36
59040,2.94,7.1,61.88,46.46,16.7,-145.4,893.6,41.79,-14.09,-4.55,31.2
59060,0.56,2.43,44.54,57.38,2.6,-129.0,959.6,25.5,-19.2,-4.93,30.97
59080,2.0,1.9,34.96,62.46,-148.6,-203.4,947.3,6.96,-23.62,-2.6,31.02
59100,0,0,20.76,61.26,35.6,-236.8,1012.8,-3.43,-22.81,3.63,31.39
59120,0,0,17.68,58.59,-4.5,-72.1,1004.1,-18.72,-25.28,0.3,30.85
59140,0,0.17,14.5,49.37,-85.5,-201.7,960.5,-30.03,-20.25,3.33,30.54
59160,0,0,4.36,34.53,-51.1,-235.4,982.4,-47.28,-15.84,4.68,30.9
59180,0,0,0,31.45,-110.4,-87.1,1028.4,-55.86,-12.3,6.95,30.85
59200,1.18,1.67,0.91,14.4,-50.3,-101.1,983.6,-61.85,-10.41,3.5,30.34
59220,2.37,0.81,0,14.59,-21.2,-29.0,959.1,-65.89,-7.92,1.46,30.32
59240,1.45,2.71,0,0,-176.2,3.6,1033.4,-67.86,1.02,-2.03,30.17
59260,0,3.4,0,6.77,-99.3,17.6,967.5,-71.36,-1.86,1.39,29.81
59280,6.0,0,5.02,0,-41.8,45.8,1045.9,-74.24,10.12,-3.75,29.89
59300,3.36,4.85,2.71,0,-98.2,54.5,1014.7,-65.08,3.25,-5.49,29.61
59320,0.47,0,0,0.18,-75.7,171.5,1005.9,-50.15,7.97,-3.76,29.15
59340,4.54,0.55,5.9,0,-85.9,78.1,973.6,-42.33,9.25,-8.19,29.46
59360,0.38,2.37,4.34,3.44,-68.8,149.4,974.1,-30.42,24.01,-1.87,28.66
59380,4.79,1.28,0,0,-49.4,170.4,1052.2,-16.25,19.6,-1.36,28.29
59400,78.7,20.12,3.91,5.53,-24.0,86.2,1030.3,3.84,18.45,1.98,27.57
59420,69.65,30.88,11.7,3.12,-10.1,176.1,998.0,14.14,22.64,3.35,28.43
59440,56.9,42.7,17.25,0.71,50.6,44.9,950.5,30.77,17.22,2.6,28.57
59460,34.15,50.47,21.6,0.24,127.9,51.2,925.1,41.43,14.03,6.8,28.86
59480,18.78,57.33,32.7,0,-30.0,58.6,879.3,50.28,18.43,6.24,29.05
59500,12.86,50.39,47.6,0,74.3,78.2,805.6,61.37,14.54,3.72,29.49
59520,5.79,40.92,61.57,4.21,107.9,25.6,869.8,65.27,-2.23,2.98,29.69
59540,0,38.02,66.93,0.99,129.7,62.8,783.0,73.5,-5.49,3.14,29.89
59560,2.93,28.78,78.78,10.4,27.1,-6.8,754.9,67.57,-9.0,-2.03,30.23
59580,1.15,15.3,81.45,11.44,142.0,-50.3,783.4,64.08,-2.84,-4.67,30.29
59600,0,8.86,79.53,17.46,76.3,-21.3,871.2,58.38,-4.02,-2.56,30.5
59620,0,9.87,64.49,30.25,43.0,-130.0,908.0,52.5,-5.12,-6.32,30.34
59640,0,5.66,61.01,41.72,21.1,-104.9,905.8,44.66,-11.44,-1.46,30.56
59660,0,0,44.29,52.64,2.0,-128.2,863.3,31.05,-20.8,-4.24,30.89
59680,0,7.99,39.18,58.35,-20.0,-225.5,959.0,14.94,-22.5,0.32,31.18
59700,0,0,22.47,57.85,56.8,-139.4,1002.1,0.35,-18.59,-3.46,31.04
59720,1.05,0,12.15,62.44,31.6,-158.3,1059.4,-14.63,-18.13,3.94,31.12
59740,0,0,9.83,51.13,-18.5,-154.9,1061.4,-23.03,-14.48,7.09,30.88
59760,0,2.31,4.65,36.88,-139.0,-158.7,1023.6,-45.87,-22.16,1.78,30.81
59780,0,0,2.37,30.31,-73.4,-121.8,1026.7,-51.74,-19.42,7.68,30.8
59800,2.38,0.76,1.59,22.19,-121.8,-80.6,991.2,-63.34,-16.22,4.57,30.56
59820,2.35,2.18,0,8.76,-165.3,-5.7,959.4,-67.75,-11.45,3.49,30.64
59840,0,6.41,0,0.59,-66.8,19.7,999.4,-70.73,-0.27,-1.64,29.76
59860,0,0,0.09,4.25,-157.2,-49.0,985.9,-68.3,-1.8,-1.52,30.02
59880,0.43,1.44,0,0,-81.2,52.3,988.9,-64.12,12.71,0.09,29.44
59900,0,0.32,0.15,2.72,-73.1,101.9,1029.1,-61.65,3.52,-4.43,29.38
59920,0.15,3.75,1.56,2.99,-52.4,136.2,1019.5,-53.3,9.97,-4.5,29.33
59940,1.23,1.24,0.24,0,-69.1,120.7,977.4,-45.34,19.3,-2.6,28.5
59960,0,0,0,2.1,1.4,119.7,971.2,-27.45,5.29,-3.35,28.31
59980,0.62,0.71,0,0,17.4,124.3,1008.5,-10.5,16.65,-5.17,28.2
